# 3ds Max Wavefront OBJ Exporter v0.99 - (c)2007 guruware
# File Created: 12.04.2026 00:56:12

mtllib japan_lamp.mtl

#
# object legs
#

v  -0.7770 0.3536 0.5365
v  -0.6301 0.3536 0.4100
v  -0.6328 0.3536 0.3921
v  -0.7673 0.3536 0.5732
v  -0.6127 0.3536 0.4425
v  -0.6228 0.3536 0.4284
v  -0.6978 0.3536 0.6469
v  -0.5530 0.3536 0.5023
v  -0.7745 0.3536 0.5546
v  -0.6837 0.3536 0.6569
v  -0.5389 0.3536 0.5123
v  -0.5204 0.3536 0.5196
v  -0.6470 0.3536 0.6665
v  -0.5025 0.3536 0.5223
v  -0.6651 0.3536 0.6640
v  0.4696 0.3536 0.6665
v  0.3431 0.3536 0.5196
v  0.3252 0.3536 0.5223
v  0.5063 0.3536 0.6569
v  0.3756 0.3536 0.5023
v  0.3615 0.3536 0.5123
v  0.4354 0.3536 0.4425
v  0.5205 0.3536 0.6469
v  0.5801 0.3536 0.5874
v  0.4877 0.3536 0.6640
v  0.5900 0.3536 0.5732
v  0.4454 0.3536 0.4284
v  0.4527 0.3536 0.4100
v  0.5996 0.3536 0.5365
v  0.4554 0.3536 0.3921
v  0.5972 0.3536 0.5546
v  -0.6470 0.3536 -0.7101
v  -0.5204 0.3536 -0.5632
v  -0.5025 0.3536 -0.5659
v  -0.6837 0.3536 -0.7005
v  -0.5530 0.3536 -0.5459
v  -0.5389 0.3536 -0.5559
v  -0.6127 0.3536 -0.4861
v  -0.6978 0.3536 -0.6905
v  -0.7574 0.3536 -0.6310
v  -0.6651 0.3536 -0.7076
v  -0.7673 0.3536 -0.6168
v  -0.6228 0.3536 -0.4720
v  -0.6301 0.3536 -0.4535
v  -0.7770 0.3536 -0.5801
v  -0.6328 0.3536 -0.4357
v  -0.7745 0.3536 -0.5982
v  0.5996 0.3536 -0.5801
v  0.4527 0.3536 -0.4535
v  0.4554 0.3536 -0.4357
v  0.5900 0.3536 -0.6168
v  0.4354 0.3536 -0.4861
v  0.4454 0.3536 -0.4720
v  0.5205 0.3536 -0.6905
v  0.3756 0.3536 -0.5459
v  0.5972 0.3536 -0.5982
v  0.5063 0.3536 -0.7005
v  0.3615 0.3536 -0.5559
v  0.3431 0.3536 -0.5632
v  0.4696 0.3536 -0.7101
v  0.3252 0.3536 -0.5659
v  0.4877 0.3536 -0.7076
v  -0.7770 -0.0401 0.5365
v  -0.6301 -0.0401 0.4100
v  -0.7745 -0.0401 0.5546
v  -0.7673 -0.0401 0.5732
v  -0.6127 -0.0401 0.4425
v  -0.7574 -0.0401 0.5874
v  -0.6978 -0.0401 0.6469
v  -0.5530 -0.0401 0.5023
v  -0.6228 -0.0401 0.4284
v  -0.6837 -0.0401 0.6569
v  -0.5389 -0.0401 0.5123
v  -0.6470 -0.0401 0.6665
v  -0.5204 -0.0401 0.5196
v  -0.5025 -0.0401 0.5223
v  -0.6651 -0.0401 0.6640
v  0.4696 -0.0401 0.6665
v  0.3431 -0.0401 0.5196
v  0.4877 -0.0401 0.6640
v  0.5063 -0.0401 0.6569
v  0.3756 -0.0401 0.5023
v  0.5205 -0.0401 0.6469
v  0.4354 -0.0401 0.4425
v  0.3615 -0.0401 0.5123
v  0.5900 -0.0401 0.5732
v  0.4454 -0.0401 0.4284
v  0.5996 -0.0401 0.5365
v  0.4527 -0.0401 0.4100
v  0.4554 -0.0401 0.3921
v  0.5972 -0.0401 0.5546
v  -0.6470 -0.0401 -0.7101
v  -0.5204 -0.0401 -0.5632
v  -0.6651 -0.0401 -0.7076
v  -0.6837 -0.0401 -0.7005
v  -0.5530 -0.0401 -0.5459
v  -0.6978 -0.0401 -0.6905
v  -0.6127 -0.0401 -0.4861
v  -0.5389 -0.0401 -0.5559
v  -0.7673 -0.0401 -0.6168
v  -0.6228 -0.0401 -0.4720
v  -0.7770 -0.0401 -0.5801
v  -0.6301 -0.0401 -0.4535
v  -0.6328 -0.0401 -0.4357
v  -0.7745 -0.0401 -0.5982
v  0.5996 -0.0401 -0.5801
v  0.4527 -0.0401 -0.4535
v  0.5972 -0.0401 -0.5982
v  0.5900 -0.0401 -0.6168
v  0.4354 -0.0401 -0.4861
v  0.5801 -0.0401 -0.6310
v  0.5205 -0.0401 -0.6905
v  0.3756 -0.0401 -0.5459
v  0.4454 -0.0401 -0.4720
v  0.5063 -0.0401 -0.7005
v  0.3615 -0.0401 -0.5559
v  0.4696 -0.0401 -0.7101
v  0.3431 -0.0401 -0.5632
v  0.3252 -0.0401 -0.5659
v  0.4877 -0.0401 -0.7076
v  0.5801 0.3536 -0.6310
v  -0.7574 0.3536 0.5874
v  -0.6328 -0.0401 0.3921
v  0.5801 -0.0401 0.5874
v  -0.7574 -0.0401 -0.6310
v  0.3252 -0.0401 0.5223
v  -0.5025 -0.0401 -0.5659
v  0.4554 -0.0401 -0.4357
# 128 vertices

vn -0.0000 1.0000 -0.0000
vn -0.0000 -1.0000 -0.0000
vn -0.4623 -0.0000 -0.8867
vn -0.6858 -0.0000 -0.7277
vn -0.6859 -0.0000 -0.7277
vn -0.8824 -0.0000 0.4705
vn -0.9640 -0.0000 0.2658
vn 0.2533 -0.0000 -0.9674
vn -0.6570 -0.0000 -0.7539
vn -0.6571 0.0001 -0.7538
vn -0.7269 -0.0000 0.6867
vn -0.8824 -0.0000 0.4704
vn 0.4623 -0.0000 -0.8867
vn -0.1485 -0.0000 0.9889
vn -0.2658 -0.0000 0.9640
vn 0.6858 -0.0000 -0.7277
vn -0.4705 -0.0000 0.8824
vn -0.4704 -0.0000 0.8824
vn 0.7539 -0.0000 0.6570
vn 0.9674 -0.0000 -0.2534
vn -0.6867 -0.0000 0.7269
vn -0.6868 -0.0000 0.7269
vn 0.8867 -0.0000 -0.4623
vn 0.6868 -0.0000 -0.7269
vn 0.7269 -0.0000 -0.6867
vn 0.7277 -0.0000 -0.6858
vn 0.7277 -0.0000 -0.6859
vn -0.7269 -0.0000 -0.6867
vn -0.6868 -0.0000 -0.7269
vn -0.7277 -0.0000 0.6859
vn -0.6859 -0.0000 0.7277
vn -0.6858 -0.0000 0.7277
vn 0.7269 -0.0000 0.6867
vn 0.6868 -0.0000 0.7269
vn 0.9640 -0.0000 -0.2658
vn 0.9889 -0.0000 -0.1485
vn 0.6859 -0.0000 0.7277
vn 0.7277 -0.0000 0.6859
vn 0.7277 -0.0000 0.6858
vn 0.8824 -0.0000 -0.4705
vn -0.7277 -0.0000 -0.6859
vn -0.7277 -0.0000 -0.6858
vn -0.2533 -0.0000 0.9674
vn 0.6570 -0.0000 0.7539
vn 0.6571 0.0001 0.7538
vn 0.8824 -0.0000 -0.4704
vn 0.6859 -0.0000 -0.7277
vn -0.4623 -0.0000 0.8867
vn 0.1485 -0.0000 -0.9889
vn 0.2658 -0.0000 -0.9640
vn 0.7065 -0.0000 0.7077
vn 0.4705 -0.0000 -0.8824
vn 0.4704 -0.0000 -0.8824
vn -0.7077 -0.0000 -0.7065
vn -0.7538 -0.0000 -0.6571
vn -0.7539 -0.0000 -0.6570
vn -0.9674 -0.0000 0.2534
vn 0.6867 -0.0000 -0.7269
vn -0.7065 -0.0000 0.7077
vn -0.6571 -0.0002 0.7538
vn -0.6570 -0.0000 0.7539
vn -0.8867 -0.0000 0.4623
vn -0.2657 -0.0000 -0.9641
vn -0.1485 -0.0000 -0.9889
vn 0.7538 -0.0000 -0.6571
vn 0.7077 -0.0000 -0.7065
vn -0.7277 -0.0000 0.6858
vn -0.4704 -0.0000 -0.8824
vn -0.2658 -0.0000 -0.9640
vn 0.7065 -0.0000 -0.7077
vn 0.6571 -0.0002 -0.7538
vn 0.6570 -0.0000 -0.7539
vn 0.9674 -0.0000 0.2534
vn 0.7539 -0.0000 -0.6570
vn -0.7538 -0.0000 0.6571
vn -0.7077 -0.0000 0.7065
vn 0.8867 -0.0000 0.4623
vn -0.9889 -0.0000 -0.1485
vn -0.9640 -0.0000 -0.2658
vn -0.7065 -0.0000 -0.7077
vn -0.8824 -0.0000 -0.4705
vn -0.8824 -0.0000 -0.4704
vn 0.7077 -0.0000 0.7065
vn 0.7538 -0.0000 0.6571
vn 0.2533 -0.0000 0.9674
vn 0.4623 -0.0000 0.8867
vn 0.2657 -0.0000 0.9641
vn 0.1485 -0.0000 0.9889
vn 0.6858 -0.0000 0.7277
vn 0.4704 -0.0000 0.8824
vn 0.2658 -0.0000 0.9640
vn -0.9674 -0.0000 -0.2534
vn -0.7539 -0.0000 0.6570
vn -0.8867 -0.0000 -0.4623
vn 0.9889 -0.0000 0.1485
vn 0.9640 -0.0000 0.2658
vn 0.8824 -0.0000 0.4705
vn 0.8824 -0.0000 0.4704
vn -0.2533 -0.0000 -0.9674
vn -0.9889 -0.0000 0.1485
# 100 vertex normals

vt 0.8955 0.9560 0.0000
vt 0.8962 0.9659 0.0000
vt 0.8955 0.9664 0.0000
vt 0.8971 0.9551 0.0000
vt 0.8980 0.9653 0.0000
vt 0.8971 0.9655 0.0000
vt 0.9023 0.9549 0.0000
vt 0.9023 0.9653 0.0000
vt 0.8962 0.9555 0.0000
vt 0.9031 0.9551 0.0000
vt 0.9032 0.9655 0.0000
vt 0.9041 0.9659 0.0000
vt 0.9048 0.9560 0.0000
vt 0.9048 0.9664 0.0000
vt 0.9041 0.9555 0.0000
vt 0.9642 0.4302 0.0000
vt 0.9649 0.4400 0.0000
vt 0.9642 0.4406 0.0000
vt 0.9658 0.4292 0.0000
vt 0.9667 0.4395 0.0000
vt 0.9658 0.4396 0.0000
vt 0.9710 0.4395 0.0000
vt 0.9667 0.4291 0.0000
vt 0.9710 0.4291 0.0000
vt 0.9649 0.4296 0.0000
vt 0.9718 0.4292 0.0000
vt 0.9718 0.4396 0.0000
vt 0.9728 0.4400 0.0000
vt 0.9735 0.4302 0.0000
vt 0.9735 0.4406 0.0000
vt 0.9728 0.4296 0.0000
vt 0.9711 0.5058 0.0000
vt 0.9704 0.4959 0.0000
vt 0.9711 0.4954 0.0000
vt 0.9695 0.5067 0.0000
vt 0.9686 0.4965 0.0000
vt 0.9695 0.4963 0.0000
vt 0.9643 0.4965 0.0000
vt 0.9686 0.5069 0.0000
vt 0.9643 0.5069 0.0000
vt 0.9704 0.5063 0.0000
vt 0.9635 0.5067 0.0000
vt 0.9635 0.4963 0.0000
vt 0.9625 0.4959 0.0000
vt 0.9618 0.5058 0.0000
vt 0.9618 0.4954 0.0000
vt 0.9625 0.5063 0.0000
vt 0.9711 0.7379 0.0000
vt 0.9704 0.7281 0.0000
vt 0.9711 0.7275 0.0000
vt 0.9695 0.7389 0.0000
vt 0.9686 0.7286 0.0000
vt 0.9695 0.7285 0.0000
vt 0.9643 0.7390 0.0000
vt 0.9643 0.7286 0.0000
vt 0.9704 0.7384 0.0000
vt 0.9635 0.7389 0.0000
vt 0.9635 0.7285 0.0000
vt 0.9625 0.7281 0.0000
vt 0.9618 0.7379 0.0000
vt 0.9618 0.7275 0.0000
vt 0.9625 0.7384 0.0000
vt 0.9711 0.5676 0.0000
vt 0.9704 0.5774 0.0000
vt 0.9704 0.5670 0.0000
vt 0.9695 0.5666 0.0000
vt 0.9686 0.5769 0.0000
vt 0.9686 0.5665 0.0000
vt 0.9643 0.5665 0.0000
vt 0.9643 0.5769 0.0000
vt 0.9695 0.5770 0.0000
vt 0.9635 0.5666 0.0000
vt 0.9635 0.5770 0.0000
vt 0.9618 0.5676 0.0000
vt 0.9625 0.5774 0.0000
vt 0.9618 0.5779 0.0000
vt 0.9625 0.5670 0.0000
vt 0.8102 0.9724 0.0000
vt 0.8109 0.9626 0.0000
vt 0.8109 0.9729 0.0000
vt 0.8119 0.9734 0.0000
vt 0.8127 0.9631 0.0000
vt 0.8127 0.9735 0.0000
vt 0.8170 0.9631 0.0000
vt 0.8119 0.9630 0.0000
vt 0.8179 0.9734 0.0000
vt 0.8179 0.9630 0.0000
vt 0.8195 0.9724 0.0000
vt 0.8188 0.9626 0.0000
vt 0.8195 0.9620 0.0000
vt 0.8188 0.9729 0.0000
vt 0.9642 0.6100 0.0000
vt 0.9649 0.6002 0.0000
vt 0.9649 0.6105 0.0000
vt 0.9658 0.6110 0.0000
vt 0.9667 0.6007 0.0000
vt 0.9667 0.6111 0.0000
vt 0.9710 0.6007 0.0000
vt 0.9658 0.6006 0.0000
vt 0.9718 0.6110 0.0000
vt 0.9718 0.6006 0.0000
vt 0.9735 0.6100 0.0000
vt 0.9728 0.6002 0.0000
vt 0.9735 0.5996 0.0000
vt 0.9728 0.6105 0.0000
vt 0.8386 0.9724 0.0000
vt 0.8394 0.9626 0.0000
vt 0.8394 0.9729 0.0000
vt 0.8403 0.9734 0.0000
vt 0.8411 0.9631 0.0000
vt 0.8412 0.9735 0.0000
vt 0.8454 0.9735 0.0000
vt 0.8454 0.9631 0.0000
vt 0.8403 0.9630 0.0000
vt 0.8463 0.9734 0.0000
vt 0.8463 0.9630 0.0000
vt 0.8480 0.9724 0.0000
vt 0.8472 0.9626 0.0000
vt 0.8480 0.9620 0.0000
vt 0.8472 0.9729 0.0000
vt 0.2286 0.3643 0.0000
vt 0.2086 0.3634 0.0000
vt 0.2286 0.3634 0.0000
vt 0.9692 0.1611 0.0000
vt 0.9702 0.1411 0.0000
vt 0.9702 0.1611 0.0000
vt 0.1162 0.3630 0.0000
vt 0.1362 0.3639 0.0000
vt 0.1162 0.3639 0.0000
vt 0.9683 0.1611 0.0000
vt 0.9692 0.1411 0.0000
vt 0.1162 0.3619 0.0000
vt 0.1362 0.3630 0.0000
vt 0.9612 0.1611 0.0000
vt 0.9622 0.1411 0.0000
vt 0.9622 0.1611 0.0000
vt 0.1162 0.3611 0.0000
vt 0.1362 0.3619 0.0000
vt 0.9632 0.1411 0.0000
vt 0.9632 0.1611 0.0000
vt 0.1162 0.3540 0.0000
vt 0.1362 0.3549 0.0000
vt 0.1162 0.3549 0.0000
vt 0.9640 0.1411 0.0000
vt 0.9640 0.1611 0.0000
vt 0.1362 0.3559 0.0000
vt 0.1162 0.3559 0.0000
vt 0.6538 0.9546 0.0000
vt 0.6580 0.9346 0.0000
vt 0.6580 0.9546 0.0000
vt 0.1362 0.3568 0.0000
vt 0.1162 0.3568 0.0000
vt 0.9546 0.9711 0.0000
vt 0.9589 0.9512 0.0000
vt 0.9589 0.9711 0.0000
vt 0.3045 0.0441 0.0000
vt 0.3245 0.0484 0.0000
vt 0.3045 0.0484 0.0000
vt 0.9617 0.2203 0.0000
vt 0.9660 0.2003 0.0000
vt 0.9660 0.2203 0.0000
vt 0.6599 0.9546 0.0000
vt 0.6608 0.9346 0.0000
vt 0.6608 0.9546 0.0000
vt 0.3732 0.1507 0.0000
vt 0.3932 0.1550 0.0000
vt 0.3732 0.1550 0.0000
vt 0.9683 0.1411 0.0000
vt 0.6589 0.9546 0.0000
vt 0.6599 0.9346 0.0000
vt 0.2086 0.3592 0.0000
vt 0.2286 0.3592 0.0000
vt 0.3045 0.0503 0.0000
vt 0.3245 0.0512 0.0000
vt 0.3045 0.0512 0.0000
vt 0.6589 0.9346 0.0000
vt 0.1362 0.3611 0.0000
vt 0.3045 0.0493 0.0000
vt 0.3245 0.0503 0.0000
vt 0.6509 0.9546 0.0000
vt 0.6519 0.9346 0.0000
vt 0.6519 0.9546 0.0000
vt 0.3245 0.0616 0.0000
vt 0.3045 0.0616 0.0000
vt 0.3245 0.0493 0.0000
vt 0.6529 0.9346 0.0000
vt 0.6529 0.9546 0.0000
vt 0.3045 0.0310 0.0000
vt 0.3245 0.0413 0.0000
vt 0.3045 0.0413 0.0000
vt 0.3245 0.0422 0.0000
vt 0.3045 0.0422 0.0000
vt 0.6538 0.9346 0.0000
vt 0.3732 0.1375 0.0000
vt 0.3932 0.1479 0.0000
vt 0.3732 0.1479 0.0000
vt 0.3245 0.0433 0.0000
vt 0.3045 0.0433 0.0000
vt 0.9607 0.9711 0.0000
vt 0.9617 0.9512 0.0000
vt 0.9617 0.9711 0.0000
vt 0.3732 0.1578 0.0000
vt 0.3932 0.1682 0.0000
vt 0.3732 0.1682 0.0000
vt 0.3245 0.0441 0.0000
vt 0.9597 0.9711 0.0000
vt 0.9607 0.9512 0.0000
vt 0.2286 0.3766 0.0000
vt 0.2086 0.3663 0.0000
vt 0.2286 0.3663 0.0000
vt 0.3732 0.1569 0.0000
vt 0.3932 0.1578 0.0000
vt 0.9597 0.9512 0.0000
vt 0.2286 0.3563 0.0000
vt 0.2086 0.3460 0.0000
vt 0.2286 0.3460 0.0000
vt 0.3732 0.1559 0.0000
vt 0.3932 0.1569 0.0000
vt 0.9518 0.9711 0.0000
vt 0.9527 0.9512 0.0000
vt 0.9527 0.9711 0.0000
vt 0.1362 0.3742 0.0000
vt 0.1162 0.3742 0.0000
vt 0.3932 0.1559 0.0000
vt 0.9537 0.9512 0.0000
vt 0.9537 0.9711 0.0000
vt 0.1162 0.3436 0.0000
vt 0.1362 0.3540 0.0000
vt 0.3932 0.1488 0.0000
vt 0.3732 0.1488 0.0000
vt 0.9546 0.9512 0.0000
vt 0.3932 0.1498 0.0000
vt 0.3732 0.1498 0.0000
vt 0.9679 0.2203 0.0000
vt 0.9688 0.2003 0.0000
vt 0.9688 0.2203 0.0000
vt 0.3932 0.1507 0.0000
vt 0.9668 0.2203 0.0000
vt 0.9679 0.2003 0.0000
vt 0.2286 0.3573 0.0000
vt 0.2086 0.3563 0.0000
vt 0.9668 0.2003 0.0000
vt 0.2286 0.3583 0.0000
vt 0.2086 0.3573 0.0000
vt 0.9589 0.2203 0.0000
vt 0.9598 0.2003 0.0000
vt 0.9598 0.2203 0.0000
vt 0.2086 0.3583 0.0000
vt 0.9608 0.2003 0.0000
vt 0.9608 0.2203 0.0000
vt 0.2086 0.3653 0.0000
vt 0.2286 0.3653 0.0000
vt 0.9617 0.2003 0.0000
vt 0.2086 0.3643 0.0000
vt 0.9711 0.1411 0.0000
vt 0.9711 0.1611 0.0000
vt 0.8980 0.9549 0.0000
vt 0.9686 0.7390 0.0000
vt 0.9711 0.5779 0.0000
vt 0.8102 0.9620 0.0000
vt 0.8170 0.9735 0.0000
vt 0.9642 0.5996 0.0000
vt 0.9710 0.6111 0.0000
vt 0.8386 0.9620 0.0000
vt 0.9612 0.1411 0.0000
vt 0.6509 0.9346 0.0000
vt 0.3245 0.0310 0.0000
vt 0.3932 0.1375 0.0000
vt 0.2086 0.3766 0.0000
vt 0.9518 0.9512 0.0000
vt 0.1362 0.3436 0.0000
vt 0.9589 0.2003 0.0000
# 272 texture coords

o legs
g legs
usemtl Material__26
s 1
f 1/1/1 2/2/1 3/3/1 
f 4/4/1 5/5/1 6/6/1 
f 5/5/1 7/7/1 8/8/1 
f 9/9/1 6/6/1 2/2/1 
f 8/8/1 10/10/1 11/11/1 
f 12/12/1 13/13/1 14/14/1 
f 11/11/1 15/15/1 12/12/1 
f 16/16/1 17/17/1 18/18/1 
f 19/19/1 20/20/1 21/21/1 
f 22/22/1 23/23/1 24/24/1 
f 25/25/1 21/21/1 17/17/1 
f 22/22/1 26/26/1 27/27/1 
f 28/28/1 29/29/1 30/30/1 
f 27/27/1 31/31/1 28/28/1 
f 32/32/1 33/33/1 34/34/1 
f 35/35/1 36/36/1 37/37/1 
f 38/38/1 39/39/1 40/40/1 
f 41/41/1 37/37/1 33/33/1 
f 38/38/1 42/42/1 43/43/1 
f 44/44/1 45/45/1 46/46/1 
f 43/43/1 47/47/1 44/44/1 
f 48/48/1 49/49/1 50/50/1 
f 51/51/1 52/52/1 53/53/1 
f 52/52/1 54/54/1 55/55/1 
f 56/56/1 53/53/1 49/49/1 
f 55/55/1 57/57/1 58/58/1 
f 59/59/1 60/60/1 61/61/1 
f 58/58/1 62/62/1 59/59/1 
f 63/63/2 64/64/2 65/65/2 
f 66/66/2 67/67/2 68/68/2 
f 69/69/2 67/67/2 70/70/2 
f 65/65/2 71/71/2 66/66/2 
f 72/72/2 70/70/2 73/73/2 
f 74/74/2 75/75/2 76/76/2 
f 77/77/2 73/73/2 75/75/2 
f 78/78/2 79/79/2 80/80/2 
f 81/81/2 82/82/2 83/83/2 
f 84/84/2 83/83/2 82/82/2 
f 80/80/2 85/85/2 81/81/2 
f 86/86/2 84/84/2 87/87/2 
f 88/88/2 89/89/2 90/90/2 
f 91/91/2 87/87/2 89/89/2 
f 92/92/2 93/93/2 94/94/2 
f 95/95/2 96/96/2 97/97/2 
f 98/98/2 97/97/2 96/96/2 
f 94/94/2 99/99/2 95/95/2 
f 100/100/2 98/98/2 101/101/2 
f 102/102/2 103/103/2 104/104/2 
f 105/105/2 101/101/2 103/103/2 
f 106/106/2 107/107/2 108/108/2 
f 109/109/2 110/110/2 111/111/2 
f 112/112/2 110/110/2 113/113/2 
f 108/108/2 114/114/2 109/109/2 
f 115/115/2 113/113/2 116/116/2 
f 117/117/2 118/118/2 119/119/2 
f 120/120/2 116/116/2 118/118/2 
f 35/121/3 97/122/4 39/123/5 
f 53/124/6 107/125/7 49/126/7 
f 62/127/8 117/128/9 60/129/10 
f 52/130/11 114/131/12 53/124/6 
f 57/132/13 120/133/8 62/127/8 
f 61/134/14 118/135/15 59/136/15 
f 54/137/16 115/138/13 57/132/13 
f 59/136/15 116/139/17 58/140/18 
f 48/141/19 108/142/20 56/143/20 
f 58/140/18 113/144/21 55/145/22 
f 56/143/20 109/146/23 51/147/23 
f 8/148/24 67/149/25 5/150/25 
f 51/147/23 111/151/26 121/152/27 
f 22/153/28 82/154/29 20/155/29 
f 122/156/30 69/157/31 7/158/32 
f 38/159/33 96/160/34 36/161/34 
f 2/162/35 123/163/36 3/164/36 
f 23/165/37 124/166/38 24/167/39 
f 55/145/22 110/168/11 52/130/11 
f 6/169/40 64/170/35 2/162/35 
f 39/123/5 125/171/41 40/172/42 
f 15/173/43 74/174/44 13/175/45 
f 5/150/25 71/176/46 6/169/40 
f 121/152/27 112/177/47 54/137/16 
f 10/178/48 77/179/43 15/173/43 
f 14/180/49 75/181/50 12/182/50 
f 13/175/45 76/183/51 14/184/51 
f 7/158/32 72/185/48 10/178/48 
f 12/182/50 73/186/52 11/187/53 
f 3/188/54 63/189/55 1/190/56 
f 1/190/56 65/191/57 9/192/57 
f 11/187/53 70/193/58 8/148/24 
f 18/194/59 78/195/60 16/196/61 
f 9/192/57 66/197/62 4/198/62 
f 17/199/63 126/200/64 18/201/64 
f 29/202/65 90/203/66 30/204/66 
f 4/198/62 68/205/67 122/156/30 
f 21/206/68 79/207/69 17/199/63 
f 34/208/70 92/209/71 32/210/72 
f 31/211/73 88/212/74 29/202/65 
f 20/155/29 85/213/68 21/206/68 
f 45/214/75 104/215/76 46/216/76 
f 26/217/77 91/218/73 31/211/73 
f 30/219/78 89/220/79 28/221/79 
f 60/129/10 119/222/80 61/223/80 
f 24/167/39 86/224/77 26/217/77 
f 28/221/79 87/225/81 27/226/82 
f 50/227/83 106/228/84 48/141/19 
f 16/196/61 80/229/85 25/230/85 
f 27/226/82 84/231/28 22/153/28 
f 25/230/85 81/232/86 19/233/86 
f 33/234/87 127/235/88 34/236/88 
f 19/233/86 83/237/89 23/165/37 
f 37/238/90 93/239/91 33/234/87 
f 47/240/92 102/241/93 45/214/75 
f 36/161/34 99/242/90 37/238/90 
f 42/243/94 105/244/92 47/240/92 
f 46/245/95 103/246/96 44/247/96 
f 40/172/42 100/248/94 42/243/94 
f 44/247/96 101/249/97 43/250/98 
f 32/210/72 94/251/99 41/252/99 
f 43/250/98 98/253/33 38/159/33 
f 41/252/99 95/254/3 35/121/3 
f 49/126/7 128/255/100 50/256/100 
f 1/1/1 9/9/1 2/2/1 
f 4/4/1 122/257/1 5/5/1 
f 5/5/1 122/257/1 7/7/1 
f 9/9/1 4/4/1 6/6/1 
f 8/8/1 7/7/1 10/10/1 
f 12/12/1 15/15/1 13/13/1 
f 11/11/1 10/10/1 15/15/1 
f 16/16/1 25/25/1 17/17/1 
f 19/19/1 23/23/1 20/20/1 
f 22/22/1 20/20/1 23/23/1 
f 25/25/1 19/19/1 21/21/1 
f 22/22/1 24/24/1 26/26/1 
f 28/28/1 31/31/1 29/29/1 
f 27/27/1 26/26/1 31/31/1 
f 32/32/1 41/41/1 33/33/1 
f 35/35/1 39/39/1 36/36/1 
f 38/38/1 36/36/1 39/39/1 
f 41/41/1 35/35/1 37/37/1 
f 38/38/1 40/40/1 42/42/1 
f 44/44/1 47/47/1 45/45/1 
f 43/43/1 42/42/1 47/47/1 
f 48/48/1 56/56/1 49/49/1 
f 51/51/1 121/258/1 52/52/1 
f 52/52/1 121/258/1 54/54/1 
f 56/56/1 51/51/1 53/53/1 
f 55/55/1 54/54/1 57/57/1 
f 59/59/1 62/62/1 60/60/1 
f 58/58/1 57/57/1 62/62/1 
f 63/63/2 123/259/2 64/64/2 
f 66/66/2 71/71/2 67/67/2 
f 69/69/2 68/68/2 67/67/2 
f 65/65/2 64/64/2 71/71/2 
f 72/72/2 69/69/2 70/70/2 
f 74/74/2 77/77/2 75/75/2 
f 77/77/2 72/72/2 73/73/2 
f 78/78/2 126/260/2 79/79/2 
f 81/81/2 85/85/2 82/82/2 
f 84/84/2 124/261/2 83/83/2 
f 80/80/2 79/79/2 85/85/2 
f 86/86/2 124/261/2 84/84/2 
f 88/88/2 91/91/2 89/89/2 
f 91/91/2 86/86/2 87/87/2 
f 92/92/2 127/262/2 93/93/2 
f 95/95/2 99/99/2 96/96/2 
f 98/98/2 125/263/2 97/97/2 
f 94/94/2 93/93/2 99/99/2 
f 100/100/2 125/263/2 98/98/2 
f 102/102/2 105/105/2 103/103/2 
f 105/105/2 100/100/2 101/101/2 
f 106/106/2 128/264/2 107/107/2 
f 109/109/2 114/114/2 110/110/2 
f 112/112/2 111/111/2 110/110/2 
f 108/108/2 107/107/2 114/114/2 
f 115/115/2 112/112/2 113/113/2 
f 117/117/2 120/120/2 118/118/2 
f 120/120/2 115/115/2 116/116/2 
f 35/121/3 95/254/3 97/122/4 
f 53/124/6 114/131/12 107/125/7 
f 62/127/8 120/133/8 117/128/9 
f 52/130/11 110/168/11 114/131/12 
f 57/132/13 115/138/13 120/133/8 
f 61/134/14 119/265/14 118/135/15 
f 54/137/16 112/177/47 115/138/13 
f 59/136/15 118/135/15 116/139/17 
f 48/141/19 106/228/84 108/142/20 
f 58/140/18 116/139/17 113/144/21 
f 56/143/20 108/142/20 109/146/23 
f 8/148/24 70/193/58 67/149/25 
f 51/147/23 109/146/23 111/151/26 
f 22/153/28 84/231/28 82/154/29 
f 122/156/30 68/205/67 69/157/31 
f 38/159/33 98/253/33 96/160/34 
f 2/162/35 64/170/35 123/163/36 
f 23/165/37 83/237/89 124/166/38 
f 55/145/22 113/144/21 110/168/11 
f 6/169/40 71/176/46 64/170/35 
f 39/123/5 97/122/4 125/171/41 
f 15/173/43 77/179/43 74/174/44 
f 5/150/25 67/149/25 71/176/46 
f 121/152/27 111/151/26 112/177/47 
f 10/178/48 72/185/48 77/179/43 
f 14/180/49 76/266/49 75/181/50 
f 13/175/45 74/174/44 76/183/51 
f 7/158/32 69/157/31 72/185/48 
f 12/182/50 75/181/50 73/186/52 
f 3/188/54 123/267/54 63/189/55 
f 1/190/56 63/189/55 65/191/57 
f 11/187/53 73/186/52 70/193/58 
f 18/194/59 126/268/59 78/195/60 
f 9/192/57 65/191/57 66/197/62 
f 17/199/63 79/207/69 126/200/64 
f 29/202/65 88/212/74 90/203/66 
f 4/198/62 66/197/62 68/205/67 
f 21/206/68 85/213/68 79/207/69 
f 34/208/70 127/269/70 92/209/71 
f 31/211/73 91/218/73 88/212/74 
f 20/155/29 82/154/29 85/213/68 
f 45/214/75 102/241/93 104/215/76 
f 26/217/77 86/224/77 91/218/73 
f 30/219/78 90/270/78 89/220/79 
f 60/129/10 117/128/9 119/222/80 
f 24/167/39 124/166/38 86/224/77 
f 28/221/79 89/220/79 87/225/81 
f 50/227/83 128/271/83 106/228/84 
f 16/196/61 78/195/60 80/229/85 
f 27/226/82 87/225/81 84/231/28 
f 25/230/85 80/229/85 81/232/86 
f 33/234/87 93/239/91 127/235/88 
f 19/233/86 81/232/86 83/237/89 
f 37/238/90 99/242/90 93/239/91 
f 47/240/92 105/244/92 102/241/93 
f 36/161/34 96/160/34 99/242/90 
f 42/243/94 100/248/94 105/244/92 
f 46/245/95 104/272/95 103/246/96 
f 40/172/42 125/171/41 100/248/94 
f 44/247/96 103/246/96 101/249/97 
f 32/210/72 92/209/71 94/251/99 
f 43/250/98 101/249/97 98/253/33 
f 41/252/99 94/251/99 95/254/3 
f 49/126/7 107/125/7 128/255/100 
# 0 polygons - 240 triangles

#
# object lines
#

v  0.1634 6.5621 0.6323
v  0.1629 6.5641 0.6323
v  0.1514 6.5414 0.6323
v  0.5654 6.0668 0.1980
v  0.5654 6.0673 0.1954
v  0.5654 6.0789 0.2183
v  0.1311 6.0910 0.6323
v  0.1285 6.0905 0.6323
v  0.1514 6.0789 0.6323
v  -0.3084 6.0668 0.6323
v  -0.3059 6.0673 0.6323
v  -0.3288 6.0789 0.6323
v  -0.7428 6.0910 0.1980
v  -0.7428 6.0905 0.1954
v  -0.7428 6.0789 0.2183
v  0.1514 6.5414 -0.6759
v  0.1669 6.5568 -0.6759
v  0.1705 6.5543 -0.6759
v  -0.3059 6.5298 -0.6759
v  -0.3099 6.5286 -0.6759
v  -0.3288 6.5414 -0.6759
v  0.5654 6.5535 -0.2415
v  0.5654 6.5530 -0.2390
v  0.5654 6.5414 -0.2619
v  -0.7428 6.5293 -0.2415
v  -0.7428 6.5298 -0.2390
v  -0.7428 6.5414 -0.2619
v  -0.7428 6.5535 0.1980
v  -0.7428 6.5530 0.1954
v  -0.7428 6.5414 0.2183
v  0.5654 6.5293 0.1980
v  0.5654 6.5298 0.1954
v  0.5654 6.5414 0.2183
v  -0.3084 6.5293 0.6323
v  -0.3059 6.5298 0.6323
v  -0.3288 6.5414 0.6323
v  0.1399 7.0039 0.6323
v  0.1371 6.5930 0.6293
v  0.1399 6.5930 0.6323
v  0.1399 6.4899 0.6323
v  0.1372 6.1305 0.6293
v  0.1399 6.1305 0.6323
v  0.1629 6.1305 0.6323
v  0.1657 6.4899 0.6293
v  0.1629 6.4899 0.6323
v  0.1629 7.0039 0.6323
v  0.1657 6.5930 0.6293
v  0.1657 7.0039 0.6293
v  0.1629 5.8382 0.6323
v  0.1657 6.0274 0.6293
v  0.1629 6.0274 0.6323
v  0.1399 5.8382 0.6323
v  0.1371 6.0274 0.6293
v  0.1371 5.8382 0.6293
v  -0.7428 6.4899 0.2068
v  -0.7398 6.1305 0.2040
v  -0.7428 6.1305 0.2068
v  -0.7428 5.8382 0.2068
v  -0.7398 6.0274 0.2040
v  -0.7398 5.8382 0.2040
v  -0.7428 5.8382 0.2298
v  -0.7398 6.0274 0.2326
v  -0.7428 6.0274 0.2298
v  -0.7428 6.1305 0.2298
v  -0.7398 6.4899 0.2325
v  -0.7428 6.4899 0.2298
v  -0.7428 6.5930 0.2298
v  -0.7398 7.0039 0.2326
v  -0.7428 7.0039 0.2298
v  -0.7428 7.0039 0.2068
v  -0.7398 6.5930 0.2040
v  -0.7428 6.5930 0.2068
v  0.1399 6.5930 -0.6759
v  0.1371 6.7822 -0.6729
v  0.1399 6.7822 -0.6759
v  0.1399 6.1305 -0.6759
v  0.1372 6.4899 -0.6729
v  0.1399 6.4899 -0.6759
v  0.1629 6.4899 -0.6759
v  0.1657 6.1305 -0.6729
v  0.1629 6.1305 -0.6759
v  0.1629 6.7822 -0.6759
v  0.1657 6.5930 -0.6729
v  0.1629 6.5930 -0.6759
v  -0.3403 6.4899 0.6323
v  -0.3430 6.1305 0.6293
v  -0.3403 6.1305 0.6323
v  -0.3173 6.1305 0.6323
v  -0.3145 6.4899 0.6293
v  -0.3173 6.4899 0.6323
v  -0.3173 6.7822 0.6323
v  -0.3145 6.5930 0.6293
v  -0.3145 6.7822 0.6293
v  -0.3403 6.7822 0.6323
v  -0.3430 6.5930 0.6293
v  -0.3403 6.5930 0.6323
v  -0.3173 5.6164 0.6323
v  -0.3145 6.0274 0.6293
v  -0.3173 6.0274 0.6323
v  -0.3403 5.6164 0.6323
v  -0.3430 6.0274 0.6293
v  -0.3430 5.6164 0.6293
v  0.5654 6.1305 0.2068
v  0.5625 6.4899 0.2040
v  0.5654 6.4899 0.2068
v  0.5654 6.4899 0.2298
v  0.5625 6.1305 0.2325
v  0.5654 6.1305 0.2298
v  0.5654 6.7822 0.2068
v  0.5625 6.5930 0.2040
v  0.5625 6.7822 0.2040
v  0.5654 6.7822 0.2298
v  0.5625 6.5930 0.2326
v  0.5654 6.5930 0.2298
v  0.5654 5.6164 0.2298
v  0.5625 6.0274 0.2326
v  0.5625 5.6164 0.2326
v  0.5654 5.6164 0.2068
v  0.5625 6.0274 0.2040
v  0.5654 6.0274 0.2068
v  0.1629 5.6164 -0.6759
v  0.1657 6.0274 -0.6729
v  0.1657 5.6164 -0.6729
v  0.1399 5.6164 -0.6759
v  0.1371 6.0274 -0.6729
v  0.1399 6.0274 -0.6759
v  -0.7428 6.1305 -0.2504
v  -0.7398 6.4899 -0.2476
v  -0.7428 6.4899 -0.2504
v  -0.7428 5.6164 -0.2504
v  -0.7398 6.0274 -0.2476
v  -0.7428 6.0274 -0.2504
v  -0.7428 6.0274 -0.2734
v  -0.7398 5.6164 -0.2762
v  -0.7428 5.6164 -0.2734
v  -0.7428 6.4899 -0.2734
v  -0.7398 6.1305 -0.2761
v  -0.7428 6.1305 -0.2734
v  -0.7428 6.7822 -0.2734
v  -0.7398 6.5930 -0.2762
v  -0.7428 6.5930 -0.2734
v  -0.7428 6.5930 -0.2504
v  -0.7398 6.7822 -0.2476
v  -0.7428 6.7822 -0.2504
v  -0.3403 6.1305 -0.6759
v  -0.3430 6.4899 -0.6729
v  -0.3403 6.4899 -0.6759
v  -0.3173 6.4899 -0.6759
v  -0.3145 6.1305 -0.6729
v  -0.3173 6.1305 -0.6759
v  -0.3173 7.0039 -0.6759
v  -0.3145 6.5930 -0.6729
v  -0.3173 6.5930 -0.6759
v  -0.3403 7.0039 -0.6759
v  -0.3430 6.5930 -0.6729
v  -0.3430 7.0039 -0.6729
v  -0.3173 5.8382 -0.6759
v  -0.3145 6.0274 -0.6729
v  -0.3145 5.8382 -0.6729
v  -0.3403 5.8382 -0.6759
v  -0.3430 6.0274 -0.6729
v  -0.3403 6.0274 -0.6759
v  0.5654 6.4899 -0.2504
v  0.5625 6.1305 -0.2476
v  0.5654 6.1305 -0.2504
v  0.5654 6.1305 -0.2734
v  0.5625 6.4899 -0.2761
v  0.5654 6.4899 -0.2734
v  0.5654 7.0039 -0.2504
v  0.5625 6.5930 -0.2476
v  0.5654 6.5930 -0.2504
v  0.5654 7.0039 -0.2734
v  0.5625 6.5930 -0.2762
v  0.5625 7.0039 -0.2762
v  0.5654 5.8382 -0.2734
v  0.5625 6.0274 -0.2762
v  0.5654 6.0274 -0.2734
v  0.5654 5.8382 -0.2504
v  0.5625 6.0274 -0.2476
v  0.5625 5.8382 -0.2476
v  0.1363 6.5626 0.6293
v  0.1399 6.5641 0.6323
v  0.1371 6.5669 0.6293
v  0.1360 6.5568 0.6323
v  0.1395 6.5621 0.6323
v  0.1302 6.5565 0.6293
v  0.1338 6.5589 0.6293
v  0.1285 6.5530 0.6323
v  0.1311 6.5535 0.6323
v  0.1726 6.5565 0.6293
v  0.1743 6.5530 0.6323
v  0.1769 6.5557 0.6293
v  0.1669 6.5568 0.6323
v  0.1719 6.5534 0.6323
v  0.1666 6.5626 0.6293
v  0.1690 6.5590 0.6293
v  0.1666 6.5203 0.6293
v  0.1630 6.5187 0.6323
v  0.1657 6.5160 0.6293
v  0.1669 6.5260 0.6323
v  0.1634 6.5209 0.6323
v  0.1726 6.5264 0.6293
v  0.1690 6.5239 0.6293
v  0.1743 6.5299 0.6323
v  0.1719 6.5294 0.6323
v  0.1302 6.5264 0.6293
v  0.1285 6.5298 0.6323
v  0.1259 6.5272 0.6293
v  0.1360 6.5261 0.6323
v  0.1311 6.5293 0.6323
v  0.1363 6.5203 0.6293
v  0.1338 6.5239 0.6293
v  0.1399 6.5187 0.6323
v  0.1394 6.5209 0.6323
v  0.5625 6.0639 0.2395
v  0.5654 6.0674 0.2411
v  0.5625 6.0647 0.2438
v  0.5654 6.0635 0.2337
v  0.5654 6.0669 0.2388
v  0.5625 6.0578 0.2334
v  0.5625 6.0614 0.2358
v  0.5654 6.0562 0.2298
v  0.5654 6.0583 0.2302
v  0.5625 6.0578 0.2032
v  0.5654 6.0562 0.2068
v  0.5625 6.0535 0.2040
v  0.5654 6.0635 0.2029
v  0.5654 6.0583 0.2064
v  0.5625 6.0639 0.1971
v  0.5625 6.0614 0.2008
v  0.5625 6.0940 0.1971
v  0.5654 6.0905 0.1954
v  0.5625 6.0932 0.1928
v  0.5654 6.0943 0.2029
v  0.5654 6.0910 0.1980
v  0.5625 6.1001 0.2032
v  0.5625 6.0964 0.2008
v  0.5654 6.1017 0.2068
v  0.5654 6.0995 0.2063
v  0.5625 6.1001 0.2334
v  0.5654 6.1017 0.2298
v  0.5625 6.1044 0.2325
v  0.5654 6.0943 0.2337
v  0.5654 6.0995 0.2303
v  0.5625 6.0940 0.2395
v  0.5625 6.0965 0.2358
v  0.5654 6.0905 0.2411
v  0.5654 6.0909 0.2388
v  0.5625 6.0940 -0.2831
v  0.5654 6.0905 -0.2847
v  0.5625 6.0932 -0.2874
v  0.5654 6.0943 -0.2773
v  0.5654 6.0909 -0.2824
v  0.5625 6.1001 -0.2770
v  0.5625 6.0965 -0.2794
v  0.5654 6.1017 -0.2734
v  0.5654 6.0995 -0.2738
v  0.5625 6.1001 -0.2468
v  0.5654 6.1017 -0.2504
v  0.5625 6.1044 -0.2476
v  0.5654 6.0943 -0.2465
v  0.5654 6.0995 -0.2499
v  0.5625 6.0940 -0.2407
v  0.5625 6.0964 -0.2444
v  0.5654 6.0905 -0.2390
v  0.5654 6.0910 -0.2416
v  0.5625 6.0639 -0.2407
v  0.5654 6.0673 -0.2390
v  0.5625 6.0647 -0.2364
v  0.5654 6.0635 -0.2465
v  0.5654 6.0668 -0.2416
v  0.5625 6.0578 -0.2468
v  0.5625 6.0614 -0.2443
v  0.5654 6.0562 -0.2504
v  0.5654 6.0583 -0.2500
v  0.5625 6.0578 -0.2770
v  0.5654 6.0562 -0.2734
v  0.5625 6.0535 -0.2761
v  0.5654 6.0635 -0.2773
v  0.5654 6.0583 -0.2738
v  0.5625 6.0639 -0.2831
v  0.5625 6.0614 -0.2794
v  0.5654 6.0674 -0.2847
v  0.5654 6.0669 -0.2824
v  0.1726 6.0940 0.6293
v  0.1742 6.0905 0.6323
v  0.1769 6.0932 0.6293
v  0.1668 6.0943 0.6323
v  0.1719 6.0909 0.6323
v  0.1665 6.1001 0.6293
v  0.1690 6.0965 0.6293
v  0.1629 6.1017 0.6323
v  0.1634 6.0995 0.6323
v  0.1363 6.1001 0.6293
v  0.1399 6.1017 0.6323
v  0.1372 6.1044 0.6293
v  0.1360 6.0943 0.6323
v  0.1394 6.0995 0.6323
v  0.1302 6.0940 0.6293
v  0.1339 6.0964 0.6293
v  0.1302 6.0639 0.6293
v  0.1285 6.0673 0.6323
v  0.1259 6.0647 0.6293
v  0.1360 6.0635 0.6323
v  0.1311 6.0668 0.6323
v  0.1363 6.0578 0.6293
v  0.1339 6.0614 0.6293
v  0.1399 6.0562 0.6323
v  0.1395 6.0583 0.6323
v  0.1665 6.0578 0.6293
v  0.1629 6.0562 0.6323
v  0.1657 6.0535 0.6293
v  0.1668 6.0635 0.6323
v  0.1634 6.0583 0.6323
v  0.1726 6.0639 0.6293
v  0.1690 6.0614 0.6293
v  0.1742 6.0674 0.6323
v  0.1719 6.0669 0.6323
v  -0.3499 6.0639 0.6293
v  -0.3516 6.0674 0.6323
v  -0.3542 6.0647 0.6293
v  -0.3442 6.0635 0.6323
v  -0.3493 6.0669 0.6323
v  -0.3439 6.0578 0.6293
v  -0.3463 6.0614 0.6293
v  -0.3403 6.0562 0.6323
v  -0.3407 6.0583 0.6323
v  -0.3137 6.0578 0.6293
v  -0.3173 6.0562 0.6323
v  -0.3145 6.0535 0.6293
v  -0.3133 6.0635 0.6323
v  -0.3168 6.0583 0.6323
v  -0.3076 6.0639 0.6293
v  -0.3112 6.0614 0.6293
v  -0.3076 6.0940 0.6293
v  -0.3059 6.0905 0.6323
v  -0.3033 6.0932 0.6293
v  -0.3134 6.0943 0.6323
v  -0.3084 6.0910 0.6323
v  -0.3137 6.1001 0.6293
v  -0.3112 6.0964 0.6293
v  -0.3173 6.1017 0.6323
v  -0.3168 6.0995 0.6323
v  -0.3439 6.1001 0.6293
v  -0.3403 6.1017 0.6323
v  -0.3430 6.1044 0.6293
v  -0.3442 6.0943 0.6323
v  -0.3407 6.0995 0.6323
v  -0.3499 6.0940 0.6293
v  -0.3463 6.0965 0.6293
v  -0.3516 6.0905 0.6323
v  -0.3493 6.0909 0.6323
v  -0.7398 6.0940 0.2395
v  -0.7428 6.0905 0.2411
v  -0.7398 6.0932 0.2438
v  -0.7428 6.0943 0.2337
v  -0.7428 6.0909 0.2388
v  -0.7398 6.1001 0.2334
v  -0.7398 6.0965 0.2358
v  -0.7428 6.1017 0.2298
v  -0.7428 6.0995 0.2303
v  -0.7398 6.1001 0.2032
v  -0.7428 6.1017 0.2068
v  -0.7398 6.1044 0.2040
v  -0.7428 6.0943 0.2029
v  -0.7428 6.0995 0.2063
v  -0.7398 6.0940 0.1971
v  -0.7398 6.0964 0.2007
v  -0.7398 6.0639 0.1971
v  -0.7428 6.0673 0.1954
v  -0.7398 6.0647 0.1928
v  -0.7428 6.0635 0.2029
v  -0.7428 6.0668 0.1980
v  -0.7398 6.0578 0.2032
v  -0.7398 6.0614 0.2007
v  -0.7428 6.0562 0.2068
v  -0.7428 6.0583 0.2064
v  -0.7398 6.0578 0.2334
v  -0.7428 6.0562 0.2298
v  -0.7398 6.0535 0.2326
v  -0.7428 6.0635 0.2337
v  -0.7428 6.0583 0.2302
v  -0.7398 6.0639 0.2395
v  -0.7398 6.0614 0.2358
v  -0.7428 6.0674 0.2411
v  -0.7428 6.0669 0.2388
v  -0.7398 6.0639 -0.2831
v  -0.7428 6.0674 -0.2847
v  -0.7398 6.0647 -0.2874
v  -0.7428 6.0635 -0.2773
v  -0.7428 6.0669 -0.2824
v  -0.7398 6.0578 -0.2770
v  -0.7398 6.0614 -0.2794
v  -0.7428 6.0562 -0.2734
v  -0.7428 6.0583 -0.2738
v  -0.7398 6.0578 -0.2468
v  -0.7428 6.0562 -0.2504
v  -0.7398 6.0535 -0.2476
v  -0.7428 6.0635 -0.2465
v  -0.7428 6.0583 -0.2500
v  -0.7398 6.0639 -0.2407
v  -0.7398 6.0614 -0.2443
v  -0.7428 6.0673 -0.2390
v  -0.7428 6.0668 -0.2415
v  -0.7398 6.0940 -0.2407
v  -0.7428 6.0905 -0.2390
v  -0.7398 6.0932 -0.2364
v  -0.7428 6.0943 -0.2465
v  -0.7428 6.0910 -0.2415
v  -0.7398 6.1001 -0.2468
v  -0.7398 6.0964 -0.2443
v  -0.7428 6.1017 -0.2504
v  -0.7428 6.0995 -0.2499
v  -0.7398 6.1001 -0.2770
v  -0.7428 6.1017 -0.2734
v  -0.7398 6.1044 -0.2761
v  -0.7428 6.0943 -0.2773
v  -0.7428 6.0995 -0.2739
v  -0.7398 6.0940 -0.2831
v  -0.7398 6.0965 -0.2794
v  -0.7428 6.0905 -0.2847
v  -0.7428 6.0909 -0.2824
v  0.1726 6.0639 -0.6729
v  0.1742 6.0674 -0.6759
v  0.1769 6.0647 -0.6729
v  0.1690 6.0614 -0.6729
v  0.1697 6.0662 -0.6759
v  0.1639 6.0598 -0.6759
v  0.1668 6.0635 -0.6759
v  0.1665 6.0578 -0.6729
v  0.1629 6.0548 -0.6759
v  0.1363 6.0578 -0.6729
v  0.1399 6.0548 -0.6759
v  0.1372 6.0535 -0.6729
v  0.1339 6.0614 -0.6729
v  0.1386 6.0598 -0.6759
v  0.1325 6.0667 -0.6759
v  0.1360 6.0635 -0.6759
v  0.1302 6.0639 -0.6729
v  0.1285 6.0673 -0.6759
v  0.1302 6.0940 -0.6729
v  0.1285 6.0905 -0.6759
v  0.1259 6.0932 -0.6729
v  0.1339 6.0964 -0.6729
v  0.1322 6.0915 -0.6759
v  0.1389 6.0983 -0.6759
v  0.1360 6.0943 -0.6759
v  0.1363 6.1001 -0.6729
v  0.1399 6.1041 -0.6759
v  0.1665 6.1001 -0.6729
v  0.1629 6.1041 -0.6759
v  0.1657 6.1044 -0.6729
v  0.1690 6.0965 -0.6729
v  0.1640 6.0986 -0.6759
v  0.1702 6.0915 -0.6759
v  0.1668 6.0943 -0.6759
v  0.1726 6.0940 -0.6729
v  0.1742 6.0905 -0.6759
v  -0.3499 6.0940 -0.6729
v  -0.3516 6.0905 -0.6759
v  -0.3542 6.0932 -0.6729
v  -0.3463 6.0965 -0.6729
v  -0.3476 6.0919 -0.6759
v  -0.3414 6.0969 -0.6759
v  -0.3442 6.0943 -0.6759
v  -0.3439 6.1001 -0.6729
v  -0.3403 6.1017 -0.6759
v  -0.3137 6.1001 -0.6729
v  -0.3173 6.1017 -0.6759
v  -0.3145 6.1044 -0.6729
v  -0.3112 6.0964 -0.6729
v  -0.3162 6.0977 -0.6759
v  -0.3107 6.0918 -0.6759
v  -0.3134 6.0943 -0.6759
v  -0.3076 6.0940 -0.6729
v  -0.3059 6.0905 -0.6759
v  -0.3076 6.0639 -0.6729
v  -0.3059 6.0673 -0.6759
v  -0.3033 6.0647 -0.6729
v  -0.3112 6.0614 -0.6729
v  -0.3099 6.0663 -0.6759
v  -0.3158 6.0600 -0.6759
v  -0.3133 6.0635 -0.6759
v  -0.3137 6.0578 -0.6729
v  -0.3173 6.0562 -0.6759
v  -0.3439 6.0578 -0.6729
v  -0.3403 6.0562 -0.6759
v  -0.3430 6.0535 -0.6729
v  -0.3463 6.0614 -0.6729
v  -0.3413 6.0602 -0.6759
v  -0.3474 6.0666 -0.6759
v  -0.3437 6.0639 -0.6759
v  -0.3499 6.0639 -0.6729
v  -0.3516 6.0674 -0.6759
v  0.1726 6.5264 -0.6729
v  0.1743 6.5299 -0.6759
v  0.1769 6.5272 -0.6729
v  0.1690 6.5239 -0.6729
v  0.1703 6.5292 -0.6759
v  0.1641 6.5224 -0.6759
v  0.1669 6.5260 -0.6759
v  0.1666 6.5203 -0.6729
v  0.1630 6.5172 -0.6759
v  0.1363 6.5203 -0.6729
v  0.1399 6.5172 -0.6759
v  0.1371 6.5160 -0.6729
v  0.1338 6.5239 -0.6729
v  0.1390 6.5229 -0.6759
v  0.1327 6.5287 -0.6759
v  0.1360 6.5261 -0.6759
v  0.1302 6.5264 -0.6729
v  0.1285 6.5298 -0.6759
v  0.1302 6.5565 -0.6729
v  0.1285 6.5530 -0.6759
v  0.1259 6.5557 -0.6729
v  0.1360 6.5568 -0.6759
v  0.1311 6.5535 -0.6759
v  0.1338 6.5589 -0.6729
v  0.1388 6.5604 -0.6759
v  0.1363 6.5626 -0.6729
v  0.1399 6.5641 -0.6759
v  0.1666 6.5626 -0.6729
v  0.1629 6.5641 -0.6759
v  0.1657 6.5669 -0.6729
v  0.1690 6.5590 -0.6729
v  0.1643 6.5604 -0.6759
v  0.1726 6.5565 -0.6729
v  0.1743 6.5530 -0.6759
v  -0.3500 6.5565 -0.6729
v  -0.3516 6.5530 -0.6759
v  -0.3543 6.5557 -0.6729
v  -0.3463 6.5590 -0.6729
v  -0.3477 6.5544 -0.6759
v  -0.3412 6.5606 -0.6759
v  -0.3442 6.5568 -0.6759
v  -0.3439 6.5626 -0.6729
v  -0.3403 6.5641 -0.6759
v  -0.3136 6.5626 -0.6729
v  -0.3172 6.5641 -0.6759
v  -0.3145 6.5669 -0.6729
v  -0.3112 6.5589 -0.6729
v  -0.3163 6.5606 -0.6759
v  -0.3099 6.5542 -0.6759
v  -0.3133 6.5568 -0.6759
v  -0.3075 6.5565 -0.6729
v  -0.3059 6.5530 -0.6759
v  -0.3076 6.5264 -0.6729
v  -0.3032 6.5272 -0.6729
v  -0.3112 6.5239 -0.6729
v  -0.3161 6.5227 -0.6759
v  -0.3133 6.5261 -0.6759
v  -0.3136 6.5203 -0.6729
v  -0.3172 6.5187 -0.6759
v  -0.3439 6.5203 -0.6729
v  -0.3403 6.5187 -0.6759
v  -0.3430 6.5160 -0.6729
v  -0.3463 6.5239 -0.6729
v  -0.3416 6.5224 -0.6759
v  -0.3475 6.5288 -0.6759
v  -0.3442 6.5260 -0.6759
v  -0.3500 6.5264 -0.6729
v  -0.3516 6.5299 -0.6759
v  0.5625 6.5565 -0.2831
v  0.5654 6.5530 -0.2847
v  0.5625 6.5557 -0.2874
v  0.5654 6.5568 -0.2773
v  0.5654 6.5534 -0.2824
v  0.5625 6.5626 -0.2770
v  0.5625 6.5590 -0.2795
v  0.5654 6.5641 -0.2734
v  0.5654 6.5621 -0.2738
v  0.5625 6.5626 -0.2468
v  0.5654 6.5641 -0.2504
v  0.5625 6.5669 -0.2476
v  0.5654 6.5568 -0.2464
v  0.5654 6.5621 -0.2499
v  0.5625 6.5565 -0.2407
v  0.5625 6.5589 -0.2443
v  0.5625 6.5264 -0.2407
v  0.5654 6.5298 -0.2390
v  0.5625 6.5272 -0.2364
v  0.5654 6.5261 -0.2464
v  0.5654 6.5293 -0.2415
v  0.5625 6.5203 -0.2468
v  0.5625 6.5239 -0.2443
v  0.5654 6.5187 -0.2504
v  0.5654 6.5209 -0.2499
v  0.5625 6.5203 -0.2770
v  0.5654 6.5187 -0.2734
v  0.5625 6.5160 -0.2762
v  0.5654 6.5260 -0.2773
v  0.5654 6.5209 -0.2739
v  0.5625 6.5264 -0.2831
v  0.5625 6.5239 -0.2794
v  0.5654 6.5299 -0.2847
v  0.5654 6.5294 -0.2824
v  -0.7398 6.5264 -0.2831
v  -0.7428 6.5299 -0.2847
v  -0.7398 6.5272 -0.2874
v  -0.7428 6.5260 -0.2773
v  -0.7428 6.5294 -0.2824
v  -0.7398 6.5203 -0.2770
v  -0.7398 6.5239 -0.2795
v  -0.7428 6.5187 -0.2734
v  -0.7428 6.5209 -0.2739
v  -0.7398 6.5203 -0.2468
v  -0.7428 6.5187 -0.2503
v  -0.7398 6.5160 -0.2476
v  -0.7428 6.5261 -0.2464
v  -0.7428 6.5209 -0.2499
v  -0.7398 6.5264 -0.2407
v  -0.7398 6.5239 -0.2443
v  -0.7398 6.5565 -0.2407
v  -0.7428 6.5530 -0.2390
v  -0.7398 6.5557 -0.2364
v  -0.7428 6.5568 -0.2464
v  -0.7428 6.5535 -0.2415
v  -0.7398 6.5626 -0.2468
v  -0.7398 6.5589 -0.2443
v  -0.7428 6.5641 -0.2504
v  -0.7428 6.5621 -0.2499
v  -0.7398 6.5626 -0.2770
v  -0.7428 6.5641 -0.2734
v  -0.7398 6.5669 -0.2762
v  -0.7428 6.5568 -0.2773
v  -0.7428 6.5621 -0.2738
v  -0.7398 6.5565 -0.2831
v  -0.7398 6.5590 -0.2795
v  -0.7428 6.5530 -0.2847
v  -0.7428 6.5534 -0.2824
v  -0.7398 6.5565 0.2395
v  -0.7428 6.5530 0.2411
v  -0.7398 6.5557 0.2438
v  -0.7428 6.5568 0.2337
v  -0.7428 6.5534 0.2388
v  -0.7398 6.5626 0.2334
v  -0.7398 6.5590 0.2358
v  -0.7428 6.5641 0.2298
v  -0.7428 6.5621 0.2302
v  -0.7398 6.5626 0.2032
v  -0.7428 6.5641 0.2068
v  -0.7398 6.5669 0.2040
v  -0.7428 6.5568 0.2029
v  -0.7428 6.5621 0.2064
v  -0.7398 6.5565 0.1971
v  -0.7398 6.5589 0.2007
v  -0.7398 6.5264 0.1971
v  -0.7428 6.5298 0.1954
v  -0.7398 6.5272 0.1928
v  -0.7428 6.5261 0.2029
v  -0.7428 6.5293 0.1980
v  -0.7398 6.5203 0.2032
v  -0.7398 6.5239 0.2007
v  -0.7428 6.5187 0.2068
v  -0.7428 6.5209 0.2063
v  -0.7398 6.5203 0.2334
v  -0.7428 6.5187 0.2298
v  -0.7398 6.5160 0.2325
v  -0.7428 6.5260 0.2337
v  -0.7428 6.5209 0.2303
v  -0.7398 6.5264 0.2395
v  -0.7398 6.5239 0.2358
v  -0.7428 6.5299 0.2411
v  -0.7428 6.5294 0.2388
v  0.5625 6.5264 0.2395
v  0.5654 6.5299 0.2411
v  0.5625 6.5272 0.2438
v  0.5654 6.5260 0.2337
v  0.5654 6.5294 0.2388
v  0.5625 6.5203 0.2334
v  0.5625 6.5239 0.2358
v  0.5654 6.5187 0.2298
v  0.5654 6.5209 0.2303
v  0.5625 6.5203 0.2032
v  0.5654 6.5187 0.2068
v  0.5625 6.5160 0.2040
v  0.5654 6.5261 0.2029
v  0.5654 6.5209 0.2063
v  0.5625 6.5264 0.1971
v  0.5625 6.5239 0.2008
v  0.5625 6.5565 0.1971
v  0.5654 6.5530 0.1954
v  0.5625 6.5557 0.1928
v  0.5654 6.5568 0.2029
v  0.5654 6.5535 0.1980
v  0.5625 6.5626 0.2032
v  0.5625 6.5589 0.2008
v  0.5654 6.5641 0.2068
v  0.5654 6.5621 0.2064
v  0.5625 6.5626 0.2334
v  0.5654 6.5641 0.2298
v  0.5625 6.5669 0.2325
v  0.5654 6.5568 0.2337
v  0.5654 6.5621 0.2302
v  0.5625 6.5565 0.2395
v  0.5625 6.5590 0.2358
v  0.5654 6.5530 0.2411
v  0.5654 6.5534 0.2388
v  -0.3500 6.5264 0.6293
v  -0.3516 6.5299 0.6323
v  -0.3543 6.5272 0.6293
v  -0.3442 6.5260 0.6323
v  -0.3493 6.5294 0.6323
v  -0.3439 6.5203 0.6293
v  -0.3463 6.5239 0.6293
v  -0.3403 6.5187 0.6323
v  -0.3407 6.5209 0.6323
v  -0.3136 6.5203 0.6293
v  -0.3172 6.5187 0.6323
v  -0.3145 6.5160 0.6293
v  -0.3133 6.5261 0.6323
v  -0.3168 6.5209 0.6323
v  -0.3076 6.5264 0.6293
v  -0.3112 6.5239 0.6293
v  -0.3075 6.5565 0.6293
v  -0.3059 6.5530 0.6323
v  -0.3032 6.5557 0.6293
v  -0.3133 6.5568 0.6323
v  -0.3084 6.5535 0.6323
v  -0.3136 6.5626 0.6293
v  -0.3112 6.5589 0.6293
v  -0.3172 6.5641 0.6323
v  -0.3168 6.5621 0.6323
v  -0.3439 6.5626 0.6293
v  -0.3403 6.5641 0.6323
v  -0.3430 6.5669 0.6293
v  -0.3442 6.5568 0.6323
v  -0.3407 6.5621 0.6323
v  -0.3500 6.5565 0.6293
v  -0.3463 6.5590 0.6293
v  -0.3516 6.5530 0.6323
v  -0.3493 6.5534 0.6323
v  0.1657 6.5669 0.6293
v  0.1629 6.5930 0.6323
v  -0.3032 6.5272 0.6293
v  0.1259 6.5557 0.6293
v  0.3915 6.5530 0.6323
v  0.3915 6.5557 0.6293
v  0.1769 6.5272 0.6293
v  0.3915 6.5299 0.6323
v  0.1371 6.5160 0.6293
v  0.5654 6.0674 0.4584
v  0.5625 6.0932 0.2438
v  0.5654 6.0905 0.4584
v  0.5625 6.0535 0.2325
v  0.5654 6.0274 0.2298
v  0.5625 6.0932 -0.2364
v  0.5625 6.1044 0.2040
v  0.5654 6.0905 -0.5020
v  0.5625 6.0647 -0.2874
v  0.5654 6.0674 -0.5020
v  0.5625 6.1044 -0.2761
v  0.5625 6.0535 -0.2476
v  0.5654 6.0274 -0.2504
v  0.3915 6.0905 0.6323
v  0.1769 6.0647 0.6293
v  0.3915 6.0674 0.6323
v  0.1657 6.1044 0.6293
v  -0.3033 6.0647 0.6293
v  0.1259 6.0932 0.6293
v  0.1372 6.0535 0.6293
v  0.1399 6.0274 0.6323
v  -0.5689 6.0674 0.6323
v  -0.3542 6.0932 0.6293
v  -0.5689 6.0905 0.6323
v  -0.3430 6.0535 0.6293
v  -0.3403 6.0274 0.6323
v  -0.3145 6.1044 0.6293
v  -0.7428 6.0905 0.4584
v  -0.7398 6.0647 0.2438
v  -0.7428 6.0674 0.4584
v  -0.7398 6.1044 0.2325
v  -0.7398 6.0647 -0.2364
v  -0.7398 6.0535 0.2040
v  -0.7428 6.0274 0.2068
v  -0.7428 6.0674 -0.5020
v  -0.7398 6.0932 -0.2874
v  -0.7428 6.0905 -0.5020
v  -0.7398 6.0535 -0.2762
v  -0.7398 6.1044 -0.2476
v  0.3915 6.0674 -0.6759
v  0.1769 6.0932 -0.6729
v  0.3915 6.0905 -0.6759
v  0.1657 6.0535 -0.6729
v  0.1629 6.0274 -0.6759
v  -0.3033 6.0932 -0.6729
v  0.1372 6.1044 -0.6729
v  -0.5689 6.0905 -0.6759
v  -0.3542 6.0647 -0.6729
v  -0.5689 6.0674 -0.6759
v  -0.3430 6.1044 -0.6729
v  -0.3145 6.0535 -0.6729
v  -0.3173 6.0274 -0.6759
v  0.3915 6.5299 -0.6759
v  0.1769 6.5557 -0.6729
v  0.3915 6.5530 -0.6759
v  0.1657 6.5160 -0.6729
v  0.1259 6.5272 -0.6729
v  -0.3032 6.5557 -0.6729
v  0.1371 6.5669 -0.6729
v  -0.5689 6.5530 -0.6759
v  -0.3543 6.5272 -0.6729
v  -0.5689 6.5299 -0.6759
v  -0.3430 6.5669 -0.6729
v  -0.3403 6.5930 -0.6759
v  -0.3145 6.5160 -0.6729
v  0.5654 6.5530 -0.5020
v  0.5625 6.5272 -0.2874
v  0.5654 6.5299 -0.5020
v  0.5625 6.5669 -0.2762
v  0.5654 6.5930 -0.2734
v  0.5625 6.5557 -0.2364
v  0.5625 6.5272 0.1928
v  0.5625 6.5160 -0.2476
v  -0.7428 6.5299 -0.5020
v  -0.7398 6.5557 -0.2874
v  -0.7428 6.5530 -0.5020
v  -0.7398 6.5160 -0.2762
v  -0.7398 6.5557 0.1928
v  -0.7398 6.5669 -0.2476
v  -0.7428 6.5530 0.4584
v  -0.7398 6.5272 0.2438
v  -0.7428 6.5299 0.4584
v  -0.7398 6.5669 0.2326
v  -0.7398 6.5160 0.2040
v  0.5654 6.5299 0.4584
v  0.5625 6.5557 0.2438
v  0.5654 6.5530 0.4584
v  0.5625 6.5160 0.2325
v  0.5625 6.5669 0.2040
v  0.5654 6.5930 0.2068
v  -0.5689 6.5299 0.6323
v  -0.3543 6.5557 0.6293
v  -0.5689 6.5530 0.6323
v  -0.3430 6.5160 0.6293
v  -0.3145 6.5669 0.6293
v  -0.3173 6.5930 0.6323
v  0.1371 7.0039 0.6132
v  0.1371 7.0039 0.6293
v  0.1657 6.5930 0.6132
v  0.5464 6.7822 0.2326
v  0.5625 6.7822 0.2326
v  0.5464 6.5930 0.2040
v  -0.7237 7.0039 0.2040
v  -0.7398 7.0039 0.2040
v  -0.7237 6.5930 0.2326
v  -0.7398 6.5930 0.2326
v  0.1657 6.0274 -0.6568
v  0.1371 5.6164 -0.6568
v  0.1371 5.6164 -0.6729
v  -0.7237 5.6164 -0.2476
v  -0.7398 5.6164 -0.2476
v  -0.7237 6.0274 -0.2762
v  -0.7398 6.0274 -0.2762
v  0.5464 6.5557 -0.5020
v  0.5625 6.5557 -0.5020
v  0.5464 6.5272 -0.2874
v  0.5625 6.5272 -0.5020
v  0.5654 6.0789 -0.2619
v  0.5464 6.0932 -0.5020
v  0.5625 6.0932 -0.5020
v  0.5464 6.0647 -0.2874
v  0.5625 6.0647 -0.5020
v  0.3915 6.5272 -0.6568
v  0.3915 6.5272 -0.6729
v  0.1769 6.5557 -0.6568
v  0.3915 6.5557 -0.6729
v  0.1514 6.0789 -0.6759
v  0.3915 6.0647 -0.6568
v  0.3915 6.0647 -0.6729
v  0.1769 6.0932 -0.6568
v  0.3915 6.0932 -0.6729
v  0.3915 6.0932 0.6132
v  0.3915 6.0932 0.6293
v  0.1769 6.0647 0.6132
v  0.3915 6.0647 0.6293
v  0.3915 6.5557 0.6132
v  0.1769 6.5272 0.6132
v  0.3915 6.5272 0.6293
v  0.5464 6.5272 0.4584
v  0.5625 6.5272 0.4584
v  0.5464 6.5557 0.2438
v  0.5625 6.5557 0.4584
v  0.5464 6.0647 0.4584
v  0.5625 6.0647 0.4584
v  0.5464 6.0932 0.2438
v  0.5625 6.0932 0.4584
v  -0.5689 6.0647 0.6132
v  -0.5689 6.0647 0.6293
v  -0.3542 6.0932 0.6132
v  -0.5689 6.0932 0.6293
v  -0.5689 6.5272 0.6132
v  -0.5689 6.5272 0.6293
v  -0.3543 6.5557 0.6132
v  -0.5689 6.5557 0.6293
v  -0.7237 6.5557 0.4584
v  -0.7398 6.5557 0.4584
v  -0.7237 6.5272 0.2438
v  -0.7398 6.5272 0.4584
v  -0.7237 6.0932 0.4584
v  -0.7398 6.0932 0.4584
v  -0.7237 6.0647 0.2438
v  -0.7398 6.0647 0.4584
v  -0.3145 6.5930 0.6132
v  -0.3430 6.7822 0.6132
v  -0.3430 6.7822 0.6293
v  -0.7428 6.0789 -0.2619
v  -0.7237 6.0647 -0.5020
v  -0.7398 6.0647 -0.5020
v  -0.7237 6.0932 -0.2874
v  -0.7398 6.0932 -0.5020
v  0.1371 6.0274 0.6132
v  0.1657 5.8382 0.6132
v  0.1657 5.8382 0.6293
v  -0.3285 6.0801 -0.6759
v  -0.5689 6.0932 -0.6568
v  -0.5689 6.0932 -0.6729
v  -0.3542 6.0647 -0.6568
v  -0.5689 6.0647 -0.6729
v  -0.7237 6.5272 -0.5020
v  -0.7398 6.5272 -0.5020
v  -0.7237 6.5557 -0.2874
v  -0.7398 6.5557 -0.5020
v  -0.7237 6.0274 0.2040
v  -0.7237 5.8382 0.2326
v  -0.7398 5.8382 0.2326
v  0.5464 6.0274 -0.2476
v  0.5464 5.8382 -0.2762
v  0.5625 5.8382 -0.2762
v  -0.5689 6.5557 -0.6568
v  -0.5689 6.5557 -0.6729
v  -0.3543 6.5272 -0.6568
v  -0.5689 6.5272 -0.6729
v  -0.3430 6.5930 -0.6568
v  -0.3145 7.0039 -0.6568
v  -0.3145 7.0039 -0.6729
v  -0.3430 6.0274 0.6132
v  -0.3145 5.6164 0.6132
v  -0.3145 5.6164 0.6293
v  0.5464 5.6164 0.2040
v  0.5625 5.6164 0.2040
v  0.5464 6.0274 0.2326
v  -0.3145 6.0274 -0.6568
v  -0.3430 5.8382 -0.6568
v  -0.3430 5.8382 -0.6729
v  0.5464 6.5930 -0.2762
v  0.5464 7.0039 -0.2476
v  0.5625 7.0039 -0.2476
v  -0.7237 6.7822 -0.2762
v  -0.7398 6.7822 -0.2762
v  0.1657 6.7822 -0.6568
v  0.1657 6.7822 -0.6729
v  0.1371 6.5930 -0.6568
v  0.1371 6.5930 -0.6729
v  -0.7237 6.5930 -0.2476
v  -0.7398 6.5930 -0.2476
v  0.5464 6.5669 0.2040
v  0.1657 6.0274 0.6132
v  0.1657 6.1305 0.6132
v  0.1657 6.1305 0.6293
v  0.1657 6.1044 0.6132
v  0.1372 6.4899 0.6132
v  0.1372 6.4899 0.6293
v  0.1372 6.1305 0.6132
v  0.1372 6.0535 0.6132
v  0.1371 6.5930 0.6132
v  0.1371 6.5160 0.6132
v  0.1657 6.4899 0.6132
v  0.1657 6.5669 0.6132
v  -0.7237 6.4899 0.2040
v  -0.7398 6.4899 0.2040
v  -0.7237 6.1305 0.2040
v  -0.7237 6.0535 0.2040
v  -0.7237 6.0274 0.2326
v  -0.7237 6.1305 0.2325
v  -0.7398 6.1305 0.2325
v  -0.7237 6.1044 0.2325
v  -0.7237 6.4899 0.2325
v  -0.7237 6.5669 0.2326
v  -0.7237 6.5930 0.2040
v  -0.7237 6.5160 0.2040
v  0.1372 6.1305 -0.6568
v  0.1372 6.1305 -0.6729
v  0.1372 6.4899 -0.6568
v  0.1657 6.4899 -0.6568
v  0.1657 6.4899 -0.6729
v  0.1657 6.5160 -0.6568
v  0.1657 6.5930 -0.6568
v  0.1371 6.5669 -0.6568
v  -0.7237 6.4899 -0.2761
v  -0.7398 6.4899 -0.2761
v  -0.7237 6.1305 -0.2761
v  -0.7237 6.1305 -0.2476
v  -0.7398 6.1305 -0.2476
v  -0.7237 6.1044 -0.2476
v  -0.7237 6.0535 -0.2762
v  0.1657 6.0535 -0.6568
v  0.1657 6.1305 -0.6568
v  0.1371 6.0274 -0.6568
v  0.1372 6.1044 -0.6568
v  -0.7237 6.4899 -0.2476
v  -0.7237 6.5160 -0.2762
v  -0.3145 6.5669 0.6132
v  -0.7237 6.0274 -0.2476
v  -0.7237 6.5930 -0.2762
v  -0.7237 6.5669 -0.2476
v  0.5464 6.0274 -0.2762
v  -0.3430 6.5930 0.6132
v  -0.3430 6.4899 0.6132
v  -0.3430 6.4899 0.6293
v  -0.3430 6.5160 0.6132
v  -0.3145 6.1305 0.6132
v  -0.3145 6.1305 0.6293
v  -0.3145 6.4899 0.6132
v  0.5464 6.1305 0.2040
v  0.5625 6.1305 0.2040
v  0.5464 6.4899 0.2040
v  0.5464 6.4899 0.2325
v  0.5625 6.4899 0.2325
v  0.5464 6.5160 0.2325
v  0.5464 6.1305 0.2325
v  0.5464 6.1044 0.2040
v  -0.3145 6.4899 -0.6568
v  -0.3145 6.4899 -0.6729
v  -0.3145 6.1305 -0.6568
v  -0.3145 6.5160 -0.6568
v  0.5464 6.1305 -0.2761
v  0.5625 6.1305 -0.2761
v  0.5464 6.1044 -0.2761
v  0.5464 6.4899 -0.2476
v  0.5625 6.4899 -0.2476
v  0.5464 6.1305 -0.2476
v  0.5464 6.4899 -0.2761
v  -0.3430 6.1305 -0.6568
v  -0.3430 6.1305 -0.6729
v  -0.3430 6.4899 -0.6568
v  -0.3430 6.1305 0.6132
v  -0.3145 6.1044 0.6132
v  -0.3145 6.0274 0.6132
v  -0.3430 6.0535 0.6132
v  0.5464 6.0535 0.2325
v  0.5464 6.0274 0.2040
v  0.5464 6.5930 0.2326
v  -0.3430 6.1044 -0.6568
v  -0.3145 6.0535 -0.6568
v  -0.3430 6.5669 -0.6568
v  0.5464 6.5160 -0.2476
v  -0.3145 6.5930 -0.6568
v  -0.3430 6.0274 -0.6568
v  0.5464 6.5669 -0.2762
v  0.5464 6.0535 -0.2476
v  0.5464 6.5930 -0.2476
v  0.1371 6.5669 0.6132
v  0.1363 6.5626 0.6132
v  0.1302 6.5565 0.6132
v  0.1259 6.5557 0.6132
v  0.1338 6.5589 0.6132
v  0.1769 6.5557 0.6132
v  0.1726 6.5565 0.6132
v  0.1666 6.5626 0.6132
v  0.1690 6.5590 0.6132
v  0.1657 6.5160 0.6132
v  0.1666 6.5203 0.6132
v  0.1726 6.5264 0.6132
v  0.1690 6.5239 0.6132
v  0.1259 6.5272 0.6132
v  -0.3032 6.5272 0.6132
v  0.1363 6.5203 0.6132
v  0.1302 6.5264 0.6132
v  0.1338 6.5239 0.6132
v  0.5464 6.0647 0.2438
v  0.5464 6.0639 0.2395
v  0.5464 6.0578 0.2334
v  0.5464 6.0614 0.2358
v  0.5464 6.0535 0.2040
v  0.5464 6.0578 0.2032
v  0.5625 6.0647 0.1928
v  0.5464 6.0639 0.1971
v  0.5464 6.0647 0.1928
v  0.5464 6.0614 0.2008
v  0.5464 6.0932 0.1928
v  0.5464 6.0940 0.1971
v  0.5464 6.0932 -0.2364
v  0.5464 6.1001 0.2032
v  0.5464 6.0964 0.2008
v  0.5464 6.1044 0.2325
v  0.5464 6.1001 0.2334
v  0.5464 6.0940 0.2395
v  0.5464 6.0965 0.2358
v  0.5464 6.0932 -0.2874
v  0.5464 6.0940 -0.2831
v  0.5464 6.1001 -0.2770
v  0.5464 6.0965 -0.2794
v  0.5464 6.1044 -0.2476
v  0.5464 6.0940 -0.2407
v  0.5464 6.1001 -0.2468
v  0.5464 6.0964 -0.2444
v  0.5464 6.0647 -0.2364
v  0.5464 6.0578 -0.2468
v  0.5464 6.0639 -0.2407
v  0.5464 6.0614 -0.2443
v  0.5464 6.0535 -0.2761
v  0.5464 6.0578 -0.2770
v  0.5464 6.0639 -0.2831
v  0.5464 6.0614 -0.2794
v  0.1769 6.0932 0.6132
v  0.1726 6.0940 0.6132
v  0.1665 6.1001 0.6132
v  0.1690 6.0965 0.6132
v  0.1372 6.1044 0.6132
v  0.1302 6.0940 0.6132
v  0.1259 6.0932 0.6132
v  0.1363 6.1001 0.6132
v  0.1339 6.0964 0.6132
v  0.1259 6.0647 0.6132
v  0.1302 6.0639 0.6132
v  -0.3033 6.0647 0.6132
v  0.1363 6.0578 0.6132
v  0.1339 6.0614 0.6132
v  0.1657 6.0535 0.6132
v  0.1665 6.0578 0.6132
v  0.1726 6.0639 0.6132
v  0.1690 6.0614 0.6132
v  -0.3542 6.0647 0.6132
v  -0.3499 6.0639 0.6132
v  -0.3439 6.0578 0.6132
v  -0.3463 6.0614 0.6132
v  -0.3145 6.0535 0.6132
v  -0.3076 6.0639 0.6132
v  -0.3137 6.0578 0.6132
v  -0.3112 6.0614 0.6132
v  -0.3033 6.0932 0.6132
v  -0.3076 6.0940 0.6132
v  -0.3137 6.1001 0.6132
v  -0.3112 6.0964 0.6132
v  -0.3430 6.1044 0.6132
v  -0.3499 6.0940 0.6132
v  -0.3439 6.1001 0.6132
v  -0.3463 6.0965 0.6132
v  -0.7237 6.0932 0.2438
v  -0.7237 6.0940 0.2395
v  -0.7237 6.1001 0.2334
v  -0.7237 6.0965 0.2358
v  -0.7237 6.1044 0.2040
v  -0.7237 6.0940 0.1971
v  -0.7398 6.0932 0.1928
v  -0.7237 6.0932 0.1928
v  -0.7237 6.1001 0.2032
v  -0.7237 6.0964 0.2007
v  -0.7237 6.0647 0.1928
v  -0.7237 6.0647 -0.2364
v  -0.7237 6.0578 0.2032
v  -0.7237 6.0639 0.1971
v  -0.7237 6.0614 0.2007
v  -0.7237 6.0535 0.2326
v  -0.7237 6.0639 0.2395
v  -0.7237 6.0578 0.2334
v  -0.7237 6.0614 0.2358
v  -0.7237 6.0647 -0.2874
v  -0.7237 6.0639 -0.2831
v  -0.7237 6.0578 -0.2770
v  -0.7237 6.0614 -0.2794
v  -0.7237 6.0535 -0.2476
v  -0.7237 6.0578 -0.2468
v  -0.7237 6.0639 -0.2407
v  -0.7237 6.0614 -0.2443
v  -0.7237 6.0932 -0.2364
v  -0.7237 6.0940 -0.2407
v  -0.7237 6.1001 -0.2468
v  -0.7237 6.0964 -0.2443
v  -0.7237 6.1044 -0.2761
v  -0.7237 6.0940 -0.2831
v  -0.7237 6.1001 -0.2770
v  -0.7237 6.0965 -0.2794
v  0.1769 6.0647 -0.6568
v  0.1665 6.0578 -0.6568
v  0.1726 6.0639 -0.6568
v  0.1690 6.0614 -0.6568
v  0.1372 6.0535 -0.6568
v  0.1363 6.0578 -0.6568
v  0.1259 6.0647 -0.6729
v  0.1302 6.0639 -0.6568
v  0.1259 6.0647 -0.6568
v  0.1339 6.0614 -0.6568
v  0.1259 6.0932 -0.6568
v  -0.3033 6.0932 -0.6568
v  0.1363 6.1001 -0.6568
v  0.1302 6.0940 -0.6568
v  0.1339 6.0964 -0.6568
v  0.1657 6.1044 -0.6568
v  0.1665 6.1001 -0.6568
v  0.1726 6.0940 -0.6568
v  0.1690 6.0965 -0.6568
v  -0.3542 6.0932 -0.6568
v  -0.3439 6.1001 -0.6568
v  -0.3499 6.0940 -0.6568
v  -0.3463 6.0965 -0.6568
v  -0.3145 6.1044 -0.6568
v  -0.3137 6.1001 -0.6568
v  -0.3076 6.0940 -0.6568
v  -0.3112 6.0964 -0.6568
v  -0.3033 6.0647 -0.6568
v  -0.3137 6.0578 -0.6568
v  -0.3076 6.0639 -0.6568
v  -0.3112 6.0614 -0.6568
v  -0.3430 6.0535 -0.6568
v  -0.3439 6.0578 -0.6568
v  -0.3499 6.0639 -0.6568
v  -0.3463 6.0614 -0.6568
v  0.1769 6.5272 -0.6568
v  0.1666 6.5203 -0.6568
v  0.1726 6.5264 -0.6568
v  0.1690 6.5239 -0.6568
v  0.1371 6.5160 -0.6568
v  0.1363 6.5203 -0.6568
v  0.1302 6.5264 -0.6568
v  0.1259 6.5272 -0.6568
v  0.1338 6.5239 -0.6568
v  0.1259 6.5557 -0.6568
v  -0.3032 6.5557 -0.6568
v  0.1363 6.5626 -0.6568
v  0.1302 6.5565 -0.6568
v  0.1338 6.5589 -0.6568
v  0.1657 6.5669 -0.6568
v  0.1666 6.5626 -0.6568
v  0.1726 6.5565 -0.6568
v  0.1690 6.5590 -0.6568
v  -0.3543 6.5557 -0.6568
v  -0.3439 6.5626 -0.6568
v  -0.3500 6.5565 -0.6568
v  -0.3463 6.5590 -0.6568
v  -0.3145 6.5669 -0.6568
v  -0.3136 6.5626 -0.6568
v  -0.3075 6.5565 -0.6568
v  -0.3112 6.5589 -0.6568
v  -0.3032 6.5272 -0.6568
v  -0.3136 6.5203 -0.6568
v  -0.3076 6.5264 -0.6568
v  -0.3112 6.5239 -0.6568
v  -0.3430 6.5160 -0.6568
v  -0.3439 6.5203 -0.6568
v  -0.3500 6.5264 -0.6568
v  -0.3463 6.5239 -0.6568
v  0.5464 6.5557 -0.2874
v  0.5464 6.5565 -0.2831
v  0.5464 6.5626 -0.2770
v  0.5464 6.5590 -0.2795
v  0.5464 6.5669 -0.2476
v  0.5464 6.5626 -0.2468
v  0.5464 6.5565 -0.2407
v  0.5464 6.5557 -0.2364
v  0.5464 6.5589 -0.2443
v  0.5464 6.5272 -0.2364
v  0.5464 6.5272 0.1928
v  0.5464 6.5203 -0.2468
v  0.5464 6.5264 -0.2407
v  0.5464 6.5239 -0.2443
v  0.5464 6.5160 -0.2762
v  0.5464 6.5203 -0.2770
v  0.5464 6.5264 -0.2831
v  0.5464 6.5239 -0.2794
v  -0.7237 6.5272 -0.2874
v  -0.7237 6.5203 -0.2770
v  -0.7237 6.5264 -0.2831
v  -0.7237 6.5239 -0.2795
v  -0.7237 6.5160 -0.2476
v  -0.7237 6.5264 -0.2407
v  -0.7398 6.5272 -0.2364
v  -0.7237 6.5272 -0.2364
v  -0.7237 6.5203 -0.2468
v  -0.7237 6.5239 -0.2443
v  -0.7237 6.5557 -0.2364
v  -0.7237 6.5557 0.1928
v  -0.7237 6.5626 -0.2468
v  -0.7237 6.5565 -0.2407
v  -0.7237 6.5589 -0.2443
v  -0.7237 6.5669 -0.2762
v  -0.7237 6.5626 -0.2770
v  -0.7237 6.5565 -0.2831
v  -0.7237 6.5590 -0.2795
v  -0.7237 6.5557 0.2438
v  -0.7237 6.5626 0.2334
v  -0.7237 6.5565 0.2395
v  -0.7237 6.5590 0.2358
v  -0.7237 6.5669 0.2040
v  -0.7237 6.5626 0.2032
v  -0.7237 6.5565 0.1971
v  -0.7237 6.5589 0.2007
v  -0.7237 6.5272 0.1928
v  -0.7237 6.5264 0.1971
v  -0.7237 6.5203 0.2032
v  -0.7237 6.5239 0.2007
v  -0.7237 6.5160 0.2325
v  -0.7237 6.5203 0.2334
v  -0.7237 6.5264 0.2395
v  -0.7237 6.5239 0.2358
v  0.5464 6.5272 0.2438
v  0.5464 6.5264 0.2395
v  0.5464 6.5203 0.2334
v  0.5464 6.5239 0.2358
v  0.5464 6.5160 0.2040
v  0.5464 6.5203 0.2032
v  0.5464 6.5264 0.1971
v  0.5464 6.5239 0.2008
v  0.5464 6.5557 0.1928
v  0.5464 6.5626 0.2032
v  0.5464 6.5565 0.1971
v  0.5464 6.5589 0.2008
v  0.5464 6.5669 0.2325
v  0.5464 6.5626 0.2334
v  0.5464 6.5565 0.2395
v  0.5464 6.5590 0.2358
v  -0.3543 6.5272 0.6132
v  -0.3439 6.5203 0.6132
v  -0.3500 6.5264 0.6132
v  -0.3463 6.5239 0.6132
v  -0.3145 6.5160 0.6132
v  -0.3136 6.5203 0.6132
v  -0.3076 6.5264 0.6132
v  -0.3112 6.5239 0.6132
v  -0.3032 6.5557 0.6132
v  -0.3136 6.5626 0.6132
v  -0.3075 6.5565 0.6132
v  -0.3112 6.5589 0.6132
v  -0.3430 6.5669 0.6132
v  -0.3439 6.5626 0.6132
v  -0.3500 6.5565 0.6132
v  -0.3463 6.5590 0.6132
v  0.1323 7.5215 0.6275
v  0.1370 10.1791 0.6323
v  0.1323 10.1791 0.6275
v  0.1705 10.1791 0.6275
v  0.1658 7.5215 0.6323
v  0.1705 7.5215 0.6275
v  -0.3096 5.0989 0.6275
v  -0.3144 0.5362 0.6323
v  -0.3096 0.5362 0.6275
v  -0.3479 0.5362 0.6275
v  -0.3431 5.0989 0.6323
v  -0.3479 5.0989 0.6275
v  -0.7380 10.1791 0.2374
v  -0.7428 7.5215 0.2327
v  -0.7380 7.5215 0.2374
v  -0.7380 7.5215 0.1992
v  -0.7428 10.1791 0.2039
v  -0.7380 10.1791 0.1992
v  -0.7380 0.5362 -0.2810
v  -0.7428 5.0989 -0.2763
v  -0.7380 5.0989 -0.2810
v  -0.7380 5.0989 -0.2428
v  -0.7428 0.5362 -0.2475
v  -0.7380 0.5362 -0.2428
v  0.1323 5.0989 -0.6711
v  0.1370 0.5362 -0.6759
v  0.1323 0.5362 -0.6711
v  0.1705 0.5362 -0.6711
v  0.1658 5.0989 -0.6759
v  0.1705 5.0989 -0.6711
v  -0.3096 7.5215 -0.6711
v  -0.3144 10.1791 -0.6759
v  -0.3096 10.1791 -0.6711
v  -0.3479 10.1791 -0.6711
v  -0.3431 7.5215 -0.6759
v  -0.3479 7.5215 -0.6711
v  0.5607 10.1791 -0.2810
v  0.5654 7.5215 -0.2763
v  0.5607 7.5215 -0.2810
v  0.5607 7.5215 -0.2428
v  0.5654 10.1791 -0.2475
v  0.5607 10.1791 -0.2428
v  0.5607 0.5362 0.2374
v  0.5654 5.0989 0.2327
v  0.5607 5.0989 0.2374
v  0.5607 5.0989 0.1992
v  0.5654 0.5362 0.2039
v  0.5607 0.5362 0.1992
v  0.1658 10.1791 0.6323
v  0.1370 7.5215 0.6323
v  0.1323 7.5215 0.6132
v  0.1323 10.1791 0.6132
v  0.1705 10.1791 0.6132
v  0.1705 7.5215 0.6132
v  -0.3144 5.0989 0.6323
v  -0.3431 0.5362 0.6323
v  -0.3479 0.5362 0.6132
v  -0.3479 5.0989 0.6132
v  -0.3096 5.0989 0.6132
v  -0.3096 0.5362 0.6132
v  -0.7428 7.5215 0.2039
v  -0.7428 10.1791 0.2327
v  -0.7237 10.1791 0.2374
v  -0.7237 7.5215 0.2374
v  -0.7237 7.5215 0.1992
v  -0.7237 10.1791 0.1992
v  -0.7428 0.5362 -0.2763
v  -0.7428 5.0989 -0.2475
v  -0.7237 5.0989 -0.2428
v  -0.7237 0.5362 -0.2428
v  -0.7237 0.5362 -0.2810
v  -0.7237 5.0989 -0.2810
v  0.1370 5.0989 -0.6759
v  0.1658 0.5362 -0.6759
v  0.1705 0.5362 -0.6568
v  0.1705 5.0989 -0.6568
v  0.1323 5.0989 -0.6568
v  0.1323 0.5362 -0.6568
v  -0.3431 10.1791 -0.6759
v  -0.3144 7.5215 -0.6759
v  -0.3096 7.5215 -0.6568
v  -0.3096 10.1791 -0.6568
v  -0.3479 10.1791 -0.6568
v  -0.3479 7.5215 -0.6568
v  0.5654 7.5215 -0.2475
v  0.5654 10.1791 -0.2763
v  0.5464 10.1791 -0.2810
v  0.5464 7.5215 -0.2810
v  0.5464 7.5215 -0.2428
v  0.5464 10.1791 -0.2428
v  0.5654 0.5362 0.2327
v  0.5654 5.0989 0.2039
v  0.5464 5.0989 0.1992
v  0.5464 0.5362 0.1992
v  0.5464 0.5362 0.2374
v  0.5464 5.0989 0.2374
v  0.5464 6.0647 -0.5020
v  0.3915 6.0932 -0.6568
v  0.1657 7.0039 0.6132
v  0.5464 6.7822 0.2040
v  -0.7237 7.0039 0.2326
v  0.1657 5.6164 -0.6568
v  -0.7237 5.6164 -0.2762
v  0.5464 6.5272 -0.5020
v  0.3915 6.5557 -0.6568
v  0.3915 6.0647 0.6132
v  0.3915 6.5272 0.6132
v  0.5464 6.5557 0.4584
v  0.5464 6.0932 0.4584
v  -0.5689 6.0932 0.6132
v  -0.5689 6.5557 0.6132
v  -0.7237 6.5272 0.4584
v  -0.7237 6.0647 0.4584
v  -0.3145 6.7822 0.6132
v  -0.7237 6.0932 -0.5020
v  0.1371 5.8382 0.6132
v  -0.5689 6.0647 -0.6568
v  -0.7237 6.5557 -0.5020
v  -0.7237 5.8382 0.2040
v  0.5464 5.8382 -0.2476
v  -0.5689 6.5272 -0.6568
v  -0.3430 7.0039 -0.6568
v  -0.3430 5.6164 0.6132
v  0.5464 5.6164 0.2326
v  -0.3145 5.8382 -0.6568
v  0.5464 7.0039 -0.2762
v  -0.7237 6.7822 -0.2476
v  0.1371 6.7822 -0.6568
# 1456 vertices

vn -0.0000 -0.0000 1.0000
vn 1.0000 -0.0000 -0.0000
vn -1.0000 -0.0000 -0.0000
vn -0.0000 -0.0000 -1.0000
vn -0.7271 -0.0000 0.6865
vn -0.7275 -0.0000 0.6861
vn -0.7274 -0.0000 0.6862
vn -0.7314 0.0002 0.6820
vn -0.7313 -0.0000 0.6820
vn -0.7314 -0.0000 0.6819
vn 0.7314 -0.0000 0.6819
vn 0.7314 -0.0003 0.6820
vn 0.7314 -0.0003 0.6819
vn 0.7272 -0.0000 0.6865
vn 0.7273 -0.0000 0.6863
vn 0.7272 -0.0000 0.6864
vn 0.7271 -0.0000 0.6865
vn 0.7276 0.0003 0.6860
vn -0.7276 0.0003 0.6860
vn -0.7272 -0.0000 0.6864
vn -0.6819 -0.0000 -0.7314
vn -0.6820 -0.0000 -0.7314
vn -0.6865 -0.0000 -0.7271
vn -0.6860 0.0003 -0.7276
vn -0.6864 -0.0000 -0.7272
vn -0.6865 -0.0000 0.7271
vn -0.6860 0.0003 0.7276
vn -0.6863 -0.0000 0.7273
vn -0.6819 -0.0000 0.7315
vn -0.6820 -0.0000 0.7314
vn -0.6864 -0.0000 0.7272
vn -0.6863 -0.0001 -0.7274
vn -0.7276 -0.0000 -0.6860
vn -0.7271 -0.0000 -0.6865
vn -0.7273 -0.0000 -0.6863
vn -0.7314 -0.0000 -0.6819
vn -0.7316 -0.0002 -0.6818
vn -0.7314 -0.0003 -0.6819
vn 0.7316 -0.0000 -0.6818
vn 0.7314 -0.0000 -0.6820
vn 0.7315 -0.0000 -0.6819
vn 0.7272 -0.0000 -0.6865
vn 0.7275 -0.0000 -0.6861
vn 0.7274 -0.0000 -0.6862
vn -0.7314 -0.0003 0.6819
vn -0.7314 -0.0000 0.6820
vn 0.7313 -0.0003 0.6820
vn 0.7275 -0.0000 0.6861
vn -0.7277 -0.0000 0.6859
vn 0.7274 0.0001 0.6862
vn 0.7274 0.0001 0.6863
vn -0.7273 0.0001 0.6863
vn 0.6817 0.0001 -0.7317
vn 0.6820 -0.0000 -0.7314
vn 0.6819 -0.0000 -0.7314
vn 0.6819 -0.0000 0.7315
vn 0.6820 -0.0000 0.7314
vn 0.6815 0.0001 0.7318
vn 0.6866 -0.0000 -0.7270
vn 0.6863 0.0001 -0.7274
vn 0.6865 -0.0000 -0.7271
vn 0.6864 -0.0000 0.7272
vn 0.6860 -0.0003 0.7276
vn 0.6862 -0.0001 0.7274
vn 0.6865 -0.0000 0.7271
vn 0.6863 -0.0000 0.7273
vn 0.6862 0.0001 -0.7274
vn 0.6859 0.0003 -0.7277
vn 0.7276 0.0003 -0.6860
vn 0.7271 -0.0000 -0.6865
vn -0.7272 -0.0000 -0.6865
vn -0.7274 0.0001 -0.6863
vn -0.6816 0.0001 0.7318
vn -0.6820 -0.0003 0.7313
vn -0.6819 -0.0003 0.7314
vn -0.6864 -0.0001 0.7272
vn -0.6863 0.0001 0.7274
vn -0.6819 -0.0003 -0.7314
vn -0.6865 -0.0000 -0.7272
vn -0.6861 -0.0000 -0.7276
vn -0.6859 -0.0000 -0.7277
vn -0.6862 -0.0000 0.7274
vn -0.6866 -0.0000 0.7271
vn -0.6864 -0.0000 0.7273
vn -0.7314 -0.0003 -0.6820
vn 0.7314 -0.0003 -0.6819
vn 0.7313 -0.0000 -0.6820
vn 0.7314 -0.0000 -0.6819
vn 0.7271 -0.0000 -0.6866
vn 0.7277 -0.0000 -0.6859
vn -0.7276 -0.0000 -0.6861
vn -0.7272 -0.0000 -0.6864
vn 0.7276 0.0003 -0.6861
vn -0.7273 -0.0000 -0.6864
vn -0.7276 0.0003 -0.6860
vn -0.7274 0.0001 -0.6862
vn 0.6819 -0.0003 0.7314
vn 0.6820 -0.0000 0.7313
vn 0.6819 -0.0000 0.7314
vn 0.6820 -0.0003 -0.7314
vn 0.6819 -0.0003 -0.7314
vn 0.6866 -0.0000 0.7271
vn 0.6864 -0.0000 -0.7272
vn 0.6864 -0.0000 -0.7273
vn 0.6860 0.0003 -0.7276
vn 0.6862 -0.0000 -0.7274
vn 0.6861 0.0003 0.7276
vn -0.6260 0.2778 0.7286
vn -0.7218 0.0153 0.6919
vn -0.7217 0.0153 0.6920
vn -0.4970 0.4932 0.7140
vn -0.6422 0.2854 0.7115
vn -0.2726 0.6365 0.7215
vn -0.4969 0.4932 0.7140
vn -0.0013 0.7462 0.6658
vn -0.2385 0.6724 0.7007
vn 0.2752 0.6312 0.7252
vn 0.0022 0.7368 0.6761
vn 0.0023 0.7368 0.6761
vn 0.4959 0.4944 0.7139
vn 0.2905 0.6458 0.7061
vn 0.6261 0.2778 0.7286
vn 0.4959 0.4943 0.7140
vn 0.7218 0.0153 0.6920
vn 0.6420 0.2854 0.7116
vn 0.6279 -0.2772 0.7272
vn 0.7253 -0.0161 0.6883
vn 0.7252 -0.0161 0.6883
vn 0.4952 -0.4951 0.7139
vn 0.6435 -0.2878 0.7093
vn 0.2751 -0.6313 0.7251
vn 0.4953 -0.4950 0.7139
vn 0.0022 -0.7368 0.6761
vn 0.2338 -0.6686 0.7059
vn -0.2726 -0.6365 0.7215
vn -0.0013 -0.7462 0.6657
vn -0.0012 -0.7462 0.6657
vn -0.4964 -0.4939 0.7139
vn -0.2959 -0.6491 0.7008
vn -0.6279 -0.2772 0.7273
vn -0.4965 -0.4938 0.7139
vn -0.7252 -0.0161 0.6883
vn -0.6660 -0.2317 0.7091
vn 0.7252 -0.6312 0.2752
vn 0.6761 -0.7368 0.0023
vn 0.6762 -0.7368 0.0022
vn 0.7139 -0.4940 0.4962
vn 0.7061 -0.6457 0.2908
vn 0.7287 -0.2774 0.6262
vn 0.7139 -0.4939 0.4964
vn 0.6920 -0.0147 0.7218
vn 0.7113 -0.2289 0.6645
vn 0.7286 -0.2774 -0.6262
vn 0.6920 -0.0148 -0.7217
vn 0.6919 -0.0147 -0.7218
vn 0.7140 -0.4930 -0.4972
vn 0.7117 -0.2850 -0.6421
vn 0.7215 -0.6364 -0.2727
vn 0.7139 -0.4931 -0.4972
vn 0.6658 -0.7462 -0.0013
vn 0.7009 -0.6490 -0.2960
vn 0.7215 0.6365 -0.2726
vn 0.6658 0.7462 -0.0013
vn 0.6658 0.7462 -0.0012
vn 0.7139 0.4936 -0.4967
vn 0.7007 0.6492 -0.2959
vn 0.7273 0.2768 -0.6280
vn 0.7140 0.4936 -0.4966
vn 0.6883 0.0156 -0.7253
vn 0.7091 0.2312 -0.6661
vn 0.7273 0.2768 0.6281
vn 0.6882 0.0156 0.7253
vn 0.6883 0.0155 0.7252
vn 0.7139 0.4947 0.4955
vn 0.7092 0.2875 0.6437
vn 0.7252 0.6312 0.2751
vn 0.7139 0.4948 0.4955
vn 0.6762 0.7367 0.0023
vn 0.7058 0.6686 0.2339
vn 0.7252 0.6312 -0.2751
vn 0.6761 0.7368 -0.0023
vn 0.6761 0.7368 -0.0022
vn 0.7139 0.4945 -0.4957
vn 0.7060 0.6458 -0.2907
vn 0.7273 0.2768 -0.6281
vn 0.6882 0.0156 -0.7253
vn 0.7090 0.2312 -0.6662
vn 0.7273 0.2768 0.6280
vn 0.6883 0.0155 0.7253
vn 0.7139 0.4936 0.4967
vn 0.7093 0.2875 0.6436
vn 0.7215 0.6365 0.2726
vn 0.7140 0.4936 0.4966
vn 0.6659 0.7461 0.0013
vn 0.7006 0.6725 0.2386
vn 0.7215 -0.6364 0.2727
vn 0.6658 -0.7461 0.0012
vn 0.7140 -0.4930 0.4972
vn 0.7009 -0.6490 0.2960
vn 0.7286 -0.2774 0.6262
vn 0.7139 -0.4931 0.4972
vn 0.6920 -0.0147 0.7217
vn 0.7114 -0.2289 0.6645
vn 0.7139 -0.4939 -0.4963
vn 0.7116 -0.2849 -0.6422
vn 0.7252 -0.6312 -0.2752
vn 0.7139 -0.4940 -0.4963
vn 0.6762 -0.7368 -0.0023
vn 0.7059 -0.6686 -0.2340
vn 0.2751 0.6312 0.7252
vn 0.4956 0.4946 0.7139
vn 0.2907 0.6457 0.7060
vn 0.6281 0.2768 0.7273
vn 0.4955 0.4947 0.7139
vn 0.7253 0.0156 0.6883
vn 0.6661 0.2312 0.7091
vn -0.6281 0.2768 0.7273
vn -0.7253 0.0155 0.6883
vn -0.4967 0.4936 0.7139
vn -0.6436 0.2875 0.7093
vn -0.4966 0.4937 0.7139
vn -0.0012 0.7462 0.6658
vn -0.2959 0.6491 0.7008
vn -0.2727 -0.6365 0.7215
vn -0.0013 -0.7462 0.6658
vn -0.4972 -0.4931 0.7139
vn -0.6262 -0.2774 0.7286
vn -0.4973 -0.4930 0.7139
vn -0.7218 -0.0148 0.6920
vn -0.6645 -0.2290 0.7113
vn 0.6262 -0.2774 0.7286
vn 0.7218 -0.0148 0.6920
vn 0.7218 -0.0148 0.6919
vn 0.4963 -0.4939 0.7140
vn 0.6422 -0.2850 0.7116
vn 0.2752 -0.6312 0.7252
vn 0.4962 -0.4940 0.7140
vn 0.0023 -0.7368 0.6761
vn 0.2340 -0.6686 0.7059
vn -0.2752 -0.6312 0.7252
vn -0.0023 -0.7368 0.6761
vn -0.0022 -0.7368 0.6761
vn -0.4962 -0.4940 0.7139
vn -0.2907 -0.6457 0.7061
vn -0.4963 -0.4939 0.7139
vn -0.7218 -0.0147 0.6920
vn -0.6645 -0.2289 0.7113
vn 0.7218 -0.0147 0.6919
vn 0.4972 -0.4931 0.7139
vn 0.2727 -0.6365 0.7215
vn 0.0012 -0.7462 0.6658
vn 0.2959 -0.6491 0.7008
vn 0.2726 0.6365 0.7215
vn 0.0012 0.7462 0.6658
vn 0.0012 0.7462 0.6657
vn 0.4966 0.4937 0.7139
vn 0.2959 0.6491 0.7008
vn 0.4965 0.4937 0.7139
vn 0.7253 0.0155 0.6883
vn 0.6662 0.2312 0.7090
vn -0.7253 0.0156 0.6883
vn -0.4956 0.4947 0.7139
vn -0.2751 0.6312 0.7252
vn -0.4954 0.4949 0.7139
vn -0.0023 0.7368 0.6761
vn -0.2340 0.6686 0.7058
vn -0.7252 0.6312 0.2751
vn -0.6761 0.7368 0.0023
vn -0.6761 0.7368 0.0022
vn -0.7139 0.4951 0.4951
vn -0.7061 0.6457 0.2906
vn -0.7273 0.2768 0.6281
vn -0.7139 0.4946 0.4956
vn -0.6882 0.0156 0.7253
vn -0.7090 0.2312 0.6662
vn -0.7273 0.2767 -0.6280
vn -0.6883 0.0156 -0.7253
vn -0.6883 0.0155 -0.7253
vn -0.7139 0.4936 -0.4966
vn -0.7093 0.2875 -0.6436
vn -0.7215 0.6365 -0.2726
vn -0.7140 0.4936 -0.4966
vn -0.6656 0.7463 -0.0013
vn -0.7007 0.6491 -0.2959
vn -0.7215 -0.6365 -0.2727
vn -0.6656 -0.7463 -0.0013
vn -0.6656 -0.7463 -0.0012
vn -0.7139 -0.4931 -0.4972
vn -0.7008 -0.6490 -0.2960
vn -0.7286 -0.2774 -0.6262
vn -0.6919 -0.0148 -0.7218
vn -0.7113 -0.2290 -0.6646
vn -0.7286 -0.2774 0.6262
vn -0.6919 -0.0148 0.7218
vn -0.7140 -0.4940 0.4963
vn -0.7116 -0.2850 0.6422
vn -0.7252 -0.6312 0.2752
vn -0.7140 -0.4940 0.4962
vn -0.6761 -0.7368 0.0023
vn -0.7058 -0.6686 0.2340
vn -0.7252 -0.6312 -0.2752
vn -0.6762 -0.7368 -0.0023
vn -0.6761 -0.7368 -0.0022
vn -0.7140 -0.4940 -0.4962
vn -0.7060 -0.6457 -0.2908
vn -0.7140 -0.4941 -0.4961
vn -0.6920 -0.0148 -0.7218
vn -0.7114 -0.2290 -0.6645
vn -0.6920 -0.0148 0.7218
vn -0.7139 -0.4931 0.4971
vn -0.7215 -0.6365 0.2727
vn -0.7139 -0.4931 0.4972
vn -0.6657 -0.7462 0.0012
vn -0.7007 -0.6724 0.2386
vn -0.7215 0.6365 0.2726
vn -0.6657 0.7462 0.0013
vn -0.6657 0.7462 0.0012
vn -0.7139 0.4937 0.4966
vn -0.7007 0.6491 0.2959
vn -0.7140 0.4936 0.4966
vn -0.6883 0.0155 0.7253
vn -0.7091 0.2312 0.6661
vn -0.7273 0.2768 -0.6281
vn -0.6882 0.0156 -0.7253
vn -0.6883 0.0155 -0.7252
vn -0.7139 0.4946 -0.4956
vn -0.7093 0.2875 -0.6437
vn -0.7252 0.6312 -0.2751
vn -0.7139 0.4949 -0.4954
vn -0.6761 0.7368 -0.0023
vn -0.7059 0.6686 -0.2339
vn 0.2529 -0.6119 -0.7495
vn 0.0035 -0.7366 -0.6763
vn 0.0034 -0.7366 -0.6763
vn 0.4760 -0.4496 -0.7558
vn 0.3688 -0.6062 -0.7047
vn 0.6556 -0.2570 -0.7100
vn 0.5159 -0.4610 -0.7221
vn 0.6350 -0.2529 -0.7299
vn 0.7239 -0.0209 -0.6896
vn -0.6558 -0.2554 -0.7105
vn -0.7257 -0.0245 -0.6875
vn -0.4931 -0.4469 -0.7464
vn -0.6525 -0.3188 -0.6875
vn -0.2486 -0.6528 -0.7156
vn -0.4857 -0.5002 -0.7169
vn -0.2449 -0.6046 -0.7580
vn -0.0014 -0.7460 -0.6659
vn -0.2619 0.6305 -0.7307
vn -0.0016 0.7461 -0.6658
vn -0.0016 0.7462 -0.6658
vn -0.4834 0.4771 -0.7340
vn -0.3321 0.6331 -0.6992
vn -0.6673 0.2566 -0.6992
vn -0.5231 0.4769 -0.7063
vn -0.6550 0.2490 -0.7134
vn -0.7302 0.0220 -0.6829
vn 0.6615 0.2511 -0.7066
vn 0.7304 0.0220 -0.6827
vn 0.7308 0.0221 -0.6823
vn 0.4943 0.4606 -0.7372
vn 0.6629 0.3012 -0.6855
vn 0.2656 0.6456 -0.7160
vn 0.4870 0.5095 -0.7094
vn 0.2574 0.6168 -0.7438
vn 0.0032 0.7366 -0.6763
vn -0.2689 0.6421 -0.7179
vn -0.0039 0.7368 -0.6761
vn -0.0039 0.7369 -0.6760
vn -0.4308 0.4931 -0.7558
vn -0.3361 0.6377 -0.6931
vn -0.6319 0.2700 -0.7265
vn -0.4885 0.4849 -0.7254
vn -0.5973 0.2475 -0.7629
vn -0.7234 0.0230 -0.6900
vn 0.6144 0.2596 -0.7450
vn 0.7244 0.0223 -0.6891
vn 0.7244 0.0222 -0.6891
vn 0.4679 0.4544 -0.7580
vn 0.6186 0.3447 -0.7061
vn 0.2786 0.6411 -0.7151
vn 0.4708 0.5009 -0.7262
vn 0.2537 0.6238 -0.7393
vn 0.0019 0.7461 -0.6658
vn 0.2588 -0.6279 -0.7340
vn 0.0017 -0.7461 -0.6658
vn 0.4890 -0.4683 -0.7360
vn 0.3442 -0.6266 -0.6992
vn 0.6420 -0.2826 -0.7127
vn 0.5267 -0.4721 -0.7069
vn 0.6342 -0.2715 -0.7240
vn 0.7220 -0.0259 -0.6914
vn -0.6000 -0.2249 -0.7677
vn -0.7206 -0.0213 -0.6930
vn -0.7207 -0.0212 -0.6929
vn -0.4503 -0.4400 -0.7769
vn -0.6086 -0.3136 -0.7289
vn -0.2314 -0.6373 -0.7351
vn -0.4502 -0.4401 -0.7769
vn -0.2164 -0.5921 -0.7762
vn -0.0028 -0.7365 -0.6765
vn 0.2539 -0.6127 -0.7484
vn 0.0027 -0.7365 -0.6764
vn 0.4882 -0.4643 -0.7389
vn 0.3255 -0.6014 -0.7297
vn 0.6590 -0.2757 -0.6998
vn 0.5259 -0.4556 -0.7182
vn 0.6466 -0.2597 -0.7173
vn 0.7284 -0.0237 -0.6848
vn -0.6261 -0.2455 -0.7401
vn -0.7262 -0.0208 -0.6872
vn -0.7262 -0.0208 -0.6871
vn -0.4604 -0.4837 -0.7444
vn -0.6020 -0.3316 -0.7264
vn -0.2906 -0.6433 -0.7083
vn -0.4511 -0.5220 -0.7239
vn -0.2632 -0.6351 -0.7263
vn -0.0019 -0.7461 -0.6658
vn -0.2726 0.6365 -0.7215
vn -0.0013 0.7462 -0.6658
vn -0.0012 0.7462 -0.6657
vn -0.4720 0.5036 -0.7236
vn -0.2959 0.6490 -0.7009
vn -0.4720 0.5037 -0.7236
vn -0.6390 0.2801 -0.7164
vn -0.6206 0.2671 -0.7372
vn -0.7211 0.0222 -0.6925
vn 0.6299 0.2739 -0.7268
vn 0.7217 0.0251 -0.6917
vn 0.7218 0.0250 -0.6917
vn 0.4858 0.4951 -0.7203
vn 0.6200 0.3431 -0.7056
vn 0.3083 0.6595 -0.6855
vn 0.5241 0.4871 -0.6986
vn 0.2762 0.6416 -0.7156
vn 0.0038 0.7368 -0.6761
vn -0.2693 0.6436 -0.7164
vn -0.0039 0.7368 -0.6760
vn -0.0040 0.7369 -0.6760
vn -0.4676 0.4929 -0.7338
vn -0.3335 0.6396 -0.6926
vn -0.6450 0.2596 -0.7188
vn -0.5137 0.4860 -0.7070
vn -0.6128 0.2622 -0.7455
vn -0.7209 0.0207 -0.6927
vn 0.6123 0.2620 -0.7459
vn 0.7209 0.0205 -0.6927
vn 0.4709 0.4752 -0.7433
vn 0.6225 0.3313 -0.7090
vn 0.2734 0.6504 -0.7087
vn 0.4730 0.5169 -0.7135
vn 0.2614 0.6329 -0.7287
vn 0.0018 0.7461 -0.6658
vn 0.2642 -0.6380 -0.7233
vn 0.0019 -0.7462 -0.6658
vn 0.0018 -0.7462 -0.6657
vn 0.4677 -0.4806 -0.7418
vn 0.2999 -0.6539 -0.6946
vn 0.6419 -0.2709 -0.7174
vn 0.5119 -0.4787 -0.7133
vn 0.6182 -0.2623 -0.7410
vn 0.7245 -0.0238 -0.6888
vn -0.6326 -0.2710 -0.7255
vn -0.7253 -0.0255 -0.6880
vn -0.7253 -0.0254 -0.6880
vn -0.4870 -0.4585 -0.7434
vn -0.6330 -0.3321 -0.6993
vn -0.2674 -0.6436 -0.7171
vn -0.4821 -0.5066 -0.7148
vn -0.2559 -0.6153 -0.7456
vn -0.0032 -0.7366 -0.6763
vn 0.7252 0.6312 -0.2752
vn 0.6760 0.7369 -0.0022
vn 0.7139 0.4942 -0.4961
vn 0.7061 0.6457 -0.2907
vn 0.7286 0.2778 -0.6260
vn 0.7140 0.4942 -0.4961
vn 0.6919 0.0154 -0.7218
vn 0.7111 0.2294 -0.6646
vn 0.7286 0.2778 0.6261
vn 0.6920 0.0154 0.7217
vn 0.6919 0.0153 0.7218
vn 0.7140 0.4932 0.4969
vn 0.7117 0.2854 0.6419
vn 0.7215 0.6364 0.2726
vn 0.6657 0.7462 0.0013
vn 0.7008 0.6490 0.2959
vn 0.7215 -0.6365 0.2726
vn 0.6659 -0.7460 0.0013
vn 0.6659 -0.7460 0.0012
vn 0.7139 -0.4938 0.4964
vn 0.7008 -0.6491 0.2958
vn 0.7272 -0.2772 0.6279
vn 0.6884 -0.0161 0.7252
vn 0.7092 -0.2317 0.6658
vn 0.7273 -0.2772 -0.6279
vn 0.6884 -0.0161 -0.7252
vn 0.6882 -0.0161 -0.7253
vn 0.7139 -0.4948 -0.4954
vn 0.7095 -0.2879 -0.6432
vn 0.7252 -0.6312 -0.2751
vn 0.7139 -0.4950 -0.4953
vn 0.6760 -0.7369 -0.0023
vn 0.7059 -0.6686 -0.2339
vn -0.7251 -0.6313 -0.2751
vn -0.6761 -0.7368 -0.0023
vn -0.7139 -0.4951 -0.4952
vn -0.7060 -0.6458 -0.2906
vn -0.7272 -0.2772 -0.6279
vn -0.7138 -0.4949 -0.4955
vn -0.6883 -0.0161 -0.7252
vn -0.7091 -0.2316 -0.6659
vn -0.7272 -0.2772 0.6279
vn -0.6883 -0.0161 0.7253
vn -0.6883 -0.0160 0.7253
vn -0.7139 -0.4939 0.4964
vn -0.7093 -0.2879 0.6434
vn -0.7215 -0.6365 0.2726
vn -0.7139 -0.4938 0.4964
vn -0.6658 -0.7462 0.0012
vn -0.7008 -0.6491 0.2958
vn -0.7216 0.6364 0.2726
vn -0.7140 0.4932 0.4970
vn -0.7009 0.6490 0.2959
vn -0.7286 0.2778 0.6261
vn -0.6920 0.0153 0.7217
vn -0.7114 0.2294 0.6643
vn -0.7286 0.2778 -0.6261
vn -0.6919 0.0154 -0.7218
vn -0.6920 0.0153 -0.7218
vn -0.7139 0.4943 -0.4959
vn -0.7114 0.2854 -0.6422
vn -0.7252 0.6312 -0.2752
vn -0.7140 0.4943 -0.4959
vn -0.6760 0.7369 -0.0023
vn -0.7058 0.6686 -0.2340
vn -0.7252 0.6311 0.2753
vn -0.6760 0.7369 0.0023
vn -0.6760 0.7369 0.0022
vn -0.7140 0.4940 0.4962
vn -0.7061 0.6457 0.2907
vn -0.7287 0.2774 0.6262
vn -0.6919 0.0148 0.7218
vn -0.7113 0.2289 0.6645
vn -0.7286 0.2774 -0.6262
vn -0.6919 0.0148 -0.7218
vn -0.7139 0.4930 -0.4972
vn -0.7115 0.2850 -0.6423
vn -0.7216 0.6364 -0.2727
vn -0.7140 0.4931 -0.4971
vn -0.6657 0.7462 -0.0013
vn -0.7009 0.6490 -0.2960
vn -0.7215 -0.6364 -0.2726
vn -0.6657 -0.7462 -0.0013
vn -0.6657 -0.7463 -0.0012
vn -0.7140 -0.4936 -0.4966
vn -0.7009 -0.6490 -0.2959
vn -0.7273 -0.2767 -0.6280
vn -0.7139 -0.4936 -0.4967
vn -0.6884 -0.0156 -0.7252
vn -0.7092 -0.2312 -0.6660
vn -0.7273 -0.2768 0.6280
vn -0.6882 -0.0155 0.7253
vn -0.6883 -0.0156 0.7253
vn -0.7139 -0.4945 0.4957
vn -0.7093 -0.2875 0.6436
vn -0.7139 -0.4946 0.4958
vn -0.6760 -0.7369 0.0023
vn -0.7059 -0.6685 0.2340
vn 0.6760 -0.7369 0.0023
vn 0.6760 -0.7369 0.0022
vn 0.7139 -0.4945 0.4957
vn 0.7061 -0.6457 0.2907
vn 0.7273 -0.2768 0.6280
vn 0.7139 -0.4946 0.4958
vn 0.6882 -0.0155 0.7253
vn 0.7091 -0.2312 0.6661
vn 0.7273 -0.2767 -0.6280
vn 0.6883 -0.0156 -0.7252
vn 0.6883 -0.0155 -0.7253
vn 0.7140 -0.4936 -0.4966
vn 0.7095 -0.2875 -0.6434
vn 0.7215 -0.6365 -0.2726
vn 0.7139 -0.4936 -0.4967
vn 0.6659 -0.7461 -0.0012
vn 0.7009 -0.6490 -0.2959
vn 0.7215 0.6364 -0.2727
vn 0.6657 0.7462 -0.0013
vn 0.6657 0.7462 -0.0012
vn 0.7139 0.4931 -0.4972
vn 0.7009 0.6489 -0.2961
vn 0.7286 0.2774 -0.6263
vn 0.6919 0.0147 -0.7218
vn 0.7112 0.2289 -0.6646
vn 0.7286 0.2774 0.6262
vn 0.6919 0.0147 0.7219
vn 0.6919 0.0147 0.7218
vn 0.7140 0.4940 0.4962
vn 0.7115 0.2850 0.6423
vn 0.7252 0.6311 0.2752
vn 0.7140 0.4939 0.4963
vn 0.6760 0.7369 0.0023
vn 0.7059 0.6685 0.2340
vn -0.2751 -0.6313 0.7251
vn -0.4954 -0.4949 0.7139
vn -0.2904 -0.6458 0.7061
vn -0.4953 -0.4949 0.7139
vn -0.7253 -0.0162 0.6883
vn -0.6661 -0.2317 0.7090
vn 0.6279 -0.2772 0.7273
vn 0.4965 -0.4938 0.7139
vn 0.6435 -0.2879 0.7092
vn 0.2726 -0.6365 0.7215
vn 0.4964 -0.4939 0.7139
vn 0.0013 -0.7462 0.6658
vn 0.0013 0.7462 0.6658
vn 0.4969 0.4933 0.7140
vn 0.2959 0.6490 0.7009
vn 0.6260 0.2778 0.7286
vn 0.4970 0.4932 0.7140
vn 0.7218 0.0153 0.6919
vn 0.6645 0.2294 0.7112
vn -0.6261 0.2778 0.7286
vn -0.7217 0.0154 0.6920
vn -0.4960 0.4943 0.7139
vn -0.6420 0.2854 0.7116
vn -0.2752 0.6312 0.7252
vn -0.4959 0.4943 0.7140
vn -0.0022 0.7368 0.6762
vn -0.2337 0.6686 0.7059
vn 0.0012 -0.7462 0.6657
vn -0.0012 0.7462 0.6657
vn -0.0000 0.7378 0.6751
vn -0.0000 0.7378 0.6750
vn -0.0000 -0.7378 0.6750
vn 0.6749 -0.7379 -0.0000
vn 0.6762 0.7367 0.0022
vn 0.6752 0.7377 -0.0000
vn 0.6919 -0.0147 0.7218
vn 0.6862 0.0001 0.7274
vn 0.6659 0.7460 0.0012
vn 0.6883 0.0155 -0.7253
vn 0.6751 0.7377 -0.0000
vn 0.6761 -0.7368 -0.0022
vn 0.6883 0.0155 -0.7252
vn 0.6859 0.0003 0.7277
vn -0.0000 0.7379 0.6750
vn 0.7252 0.0156 0.6883
vn -0.7218 -0.0148 0.6919
vn -0.0022 0.7368 0.6761
vn -0.7218 -0.0147 0.6919
vn -0.7274 0.0001 0.6862
vn 0.7252 0.0155 0.6883
vn -0.6750 0.7378 -0.0000
vn -0.6761 -0.7368 0.0022
vn -0.6750 -0.7378 -0.0000
vn -0.6658 -0.7461 0.0012
vn -0.6862 -0.0000 -0.7274
vn -0.6749 -0.7379 -0.0000
vn -0.6760 0.7369 -0.0022
vn -0.0000 -0.7377 -0.6751
vn -0.0000 0.7379 -0.6750
vn -0.7299 0.0220 -0.6832
vn -0.0000 0.7378 -0.6750
vn -0.0028 -0.7365 -0.6764
vn -0.0000 -0.7378 -0.6750
vn 0.7220 -0.0258 -0.6914
vn 0.7277 0.0003 -0.6859
vn 0.0038 0.7369 -0.6760
vn -0.0000 0.7378 -0.6751
vn -0.0017 -0.7462 -0.6658
vn 0.0017 0.7462 -0.6657
vn -0.7211 0.0221 -0.6925
vn -0.0033 -0.7366 -0.6763
vn -0.0000 -0.7379 -0.6749
vn -0.7210 0.0207 -0.6926
vn -0.7277 -0.0000 -0.6859
vn 0.7245 -0.0237 -0.6889
vn 0.6749 0.7379 -0.0000
vn 0.6760 -0.7369 -0.0022
vn 0.6747 -0.7381 -0.0000
vn 0.6920 0.0153 -0.7217
vn 0.6657 0.7462 0.0012
vn 0.6658 -0.7461 -0.0012
vn 0.6882 -0.0161 0.7253
vn -0.6751 -0.7377 -0.0000
vn -0.6883 -0.0161 -0.7253
vn -0.6657 0.7462 -0.0012
vn -0.6919 0.0153 0.7218
vn -0.6749 0.7379 -0.0000
vn -0.6759 -0.7370 0.0022
vn -0.6747 -0.7381 -0.0000
vn -0.6883 -0.0155 -0.7253
vn 0.6759 0.7370 0.0022
vn 0.6750 0.7378 -0.0000
vn 0.6883 -0.0156 0.7252
vn 0.6861 -0.0001 -0.7275
vn 0.7217 0.0153 0.6920
vn 0.7276 -0.0000 0.6859
vn -0.0000 1.0000 -0.0000
vn -0.0001 1.0000 -0.0000
vn -0.0000 -0.0004 1.0000
vn -0.0000 -0.0004 -1.0000
vn 1.0000 -0.0001 -0.0000
vn -0.0000 -1.0000 -0.0000
vn -0.0003 -1.0000 -0.0000
vn -0.0001 -1.0000 -0.0000
vn -1.0000 0.0004 -0.0000
vn -0.0000 0.0004 1.0000
vn -0.0000 -0.0001 -1.0000
vn -0.0000 -1.0000 -0.0039
vn -0.0000 -1.0000 0.0001
vn -0.0000 1.0000 0.0001
vn -0.0000 1.0000 -0.0039
vn 0.0001 -1.0000 -0.0039
vn -0.0000 -1.0000 -0.0040
vn 0.0040 1.0000 -0.0000
vn 0.0039 1.0000 -0.0000
vn 0.0039 -1.0000 -0.0000
vn 0.0039 -1.0000 0.0001
vn 0.0040 -1.0000 -0.0000
vn -0.0000 -1.0000 -0.0001
vn -0.0000 -1.0000 0.0039
vn -0.0000 1.0000 0.0039
vn -0.0000 1.0000 -0.0001
vn -0.0000 1.0000 0.0040
vn 0.0001 -1.0000 -0.0000
vn -0.0039 -1.0000 -0.0001
vn -0.0039 1.0000 -0.0000
vn -0.0040 1.0000 -0.0000
vn -0.0039 -1.0000 -0.0000
vn 0.0001 1.0000 -0.0000
vn -0.0000 -1.0000 0.0040
vn -0.0000 1.0000 -0.0040
vn 0.0002 -1.0000 -0.0000
vn 1.0000 0.0004 -0.0000
vn -0.0000 0.0004 -1.0000
vn -0.0040 -1.0000 -0.0000
vn 0.0003 -1.0000 -0.0000
vn -0.0002 -1.0000 -0.0000
vn -0.0000 0.0274 -0.9996
vn -0.0000 0.0273 -0.9996
vn 0.9996 -0.0274 -0.0000
vn 1.0000 -0.0004 -0.0000
vn 0.9996 0.0282 -0.0000
vn 0.9996 0.0281 -0.0000
vn -1.0000 0.0001 -0.0000
vn -0.9996 0.0282 -0.0000
vn -0.9996 -0.0274 -0.0000
vn -0.9996 -0.0289 -0.0000
vn 0.9996 -0.0289 -0.0000
vn -0.0000 0.0281 -0.9996
vn -0.0000 -0.0274 -0.9996
vn -0.0000 -0.0274 0.9996
vn -0.0000 0.0282 0.9996
vn -0.0000 -0.0282 0.9996
vn -0.0000 0.0274 0.9996
vn -0.0000 -0.0282 -0.9996
vn -0.0000 -0.0281 -0.9996
vn -0.9996 0.0281 -0.0000
vn -0.0000 0.0282 -0.9996
vn -0.0000 0.0281 0.9996
vn -0.0000 -0.0289 0.9996
vn -0.0000 -0.0289 -0.9996
vn -0.0000 -0.0273 -0.9996
vn -1.0000 -0.0001 -0.0000
vn -0.9996 -0.0290 -0.0000
vn 1.0000 0.0001 -0.0000
vn 0.9996 -0.0290 -0.0000
vn -0.0000 0.0001 -1.0000
vn -0.0000 -0.0001 1.0000
vn -0.0000 -0.0290 -0.9996
vn -0.9996 -0.0273 -0.0000
vn -0.0000 -0.0273 0.9996
vn 0.9996 -0.0273 -0.0000
vn -0.9239 0.3827 -0.0000
vn -0.0020 1.0000 -0.0000
vn -0.3828 0.9238 -0.0000
vn -0.0022 1.0000 0.0001
vn 0.0022 1.0000 -0.0001
vn -0.7071 0.7071 -0.0000
vn -0.3827 0.9239 -0.0000
vn 0.3826 0.9239 -0.0000
vn 0.9239 0.3827 -0.0000
vn 0.7071 0.7071 -0.0000
vn 0.9239 0.3826 -0.0000
vn 0.9236 -0.3833 -0.0000
vn 0.9237 -0.3832 -0.0000
vn 0.3825 -0.9240 -0.0000
vn 0.7068 -0.7074 -0.0000
vn 0.3826 -0.9239 -0.0000
vn -0.0020 -1.0000 -0.0000
vn -0.3827 -0.9239 -0.0000
vn -0.0021 -1.0000 0.0001
vn 0.0021 -1.0000 -0.0000
vn 0.0020 -1.0000 -0.0000
vn -0.9236 -0.3833 -0.0000
vn -0.3826 -0.9239 -0.0000
vn -0.7069 -0.7073 -0.0000
vn -0.0000 -0.9238 0.3828
vn -0.0000 -0.9239 0.3828
vn -0.0000 -0.3821 0.9241
vn -0.0000 -0.7068 0.7074
vn -0.0000 -0.3821 -0.9241
vn -0.0000 -1.0000 -0.0021
vn -0.0000 -0.9238 -0.3828
vn -0.0000 -1.0000 0.0021
vn -0.0000 -0.7068 -0.7074
vn -0.0000 0.9239 -0.3827
vn -0.0000 1.0000 -0.0020
vn -0.0000 1.0000 0.0020
vn -0.0000 0.3827 -0.9239
vn -0.0000 0.7071 -0.7071
vn -0.0000 0.3827 0.9239
vn -0.0000 0.9239 0.3826
vn -0.0000 0.7071 0.7071
vn -0.0000 0.9239 -0.3826
vn -0.0000 0.9239 0.3827
vn -0.0000 -1.0000 0.0020
vn 0.7071 0.7072 -0.0000
vn -0.0021 1.0000 -0.0000
vn 0.0021 1.0000 -0.0000
vn -0.0021 -1.0000 -0.0000
vn -0.3829 -0.9238 -0.0000
vn -0.9241 -0.3821 -0.0000
vn -0.7073 -0.7069 -0.0000
vn -0.7074 -0.7068 -0.0000
vn 0.9241 -0.3821 -0.0000
vn 0.3827 -0.9239 -0.0000
vn 0.7074 -0.7068 -0.0000
vn 0.7073 -0.7069 -0.0000
vn 0.3828 -0.9238 -0.0000
vn -0.3828 -0.9238 -0.0000
vn -0.7074 -0.7069 -0.0000
vn 0.3829 -0.9238 -0.0000
vn 0.9241 -0.3820 -0.0000
vn 0.3827 0.9239 -0.0000
vn -0.3826 0.9239 -0.0000
vn -0.7071 0.7072 -0.0000
vn -0.0000 -1.0000 -0.0020
vn -0.0000 -0.9239 0.3827
vn -0.0000 -0.7069 0.7074
vn -0.0000 -0.9239 -0.3827
vn -0.0000 -0.7069 -0.7074
vn 0.3828 -0.9239 -0.0000
vn 0.7074 -0.7069 -0.0000
vn 0.0020 1.0000 -0.0000
vn -0.9239 0.3826 -0.0000
vn 0.3828 0.9238 -0.0000
vn 0.7069 -0.7074 -0.0000
vn -0.9236 -0.3834 -0.0000
vn -0.3825 -0.9240 -0.0000
vn -0.7068 -0.7074 -0.0000
vn -0.0000 1.0000 0.0021
vn -0.0000 0.9238 0.3828
vn -0.0000 1.0000 -0.0021
vn 0.0001 -1.0000 -0.0021
vn -0.0000 -0.3833 0.9236
vn -0.0000 -0.9239 0.3826
vn -0.0000 -0.7073 0.7069
vn -0.0000 -0.7074 0.7069
vn -0.0000 -0.3833 -0.9236
vn -0.0000 -0.9240 -0.3825
vn -0.0000 -0.7074 -0.7068
vn -0.0000 -0.9239 -0.3825
vn -0.0000 -0.3832 -0.9236
vn -0.0000 0.3821 0.9241
vn -0.0000 0.7069 0.7074
vn -0.0000 0.3821 -0.9241
vn -0.0000 0.9238 -0.3829
vn -0.0000 0.7068 -0.7074
vn -0.0000 -0.3827 -0.9239
vn -0.0000 -0.7071 -0.7071
vn -0.0000 -0.3827 0.9239
vn -0.0000 -0.7071 0.7071
vn -0.0000 0.0273 0.9996
vn -0.0000 0.7068 0.7074
vn -0.7071 -0.0000 0.7071
vn 0.7071 -0.0000 0.7071
vn -0.7071 -0.0000 -0.7071
vn 0.7071 -0.0000 -0.7071
vn 0.0004 -1.0000 -0.0000
vn -0.0004 -1.0000 -0.0000
vn -0.7271 -0.0000 0.6866
vn -0.7315 0.0002 0.6819
vn 0.7314 -0.0000 0.6820
vn -0.6816 -0.0001 -0.7317
vn -0.6865 -0.0000 0.7272
vn -0.6866 -0.0000 -0.7270
vn -0.7275 -0.0000 -0.6861
vn -0.7313 -0.0000 -0.6820
vn 0.7313 -0.0000 0.6820
vn 0.7268 -0.0000 0.6869
vn -0.6820 -0.0000 0.7313
vn -0.6818 -0.0002 -0.7316
vn -0.6861 -0.0000 0.7275
vn -0.7314 -0.0000 -0.6820
vn 0.7313 -0.0003 -0.6820
vn 0.6820 0.0002 0.7314
vn 0.6657 -0.7462 -0.0012
vn -0.6655 0.7464 -0.0012
vn -0.0013 -0.7461 -0.6659
vn -0.0000 -0.7378 0.6751
vn -0.6751 0.7377 -0.0000
vn 0.6750 0.7379 -0.0000
vn 0.6748 -0.7380 -0.0000
vn -0.6751 0.7378 -0.0000
# 907 vertex normals

vt 0.3425 0.1355 0.0000
vt 0.3426 0.1356 0.0000
vt 0.3415 0.1348 0.0000
vt 0.6229 0.2850 0.0000
vt 0.6230 0.2849 0.0000
vt 0.6222 0.2860 0.0000
vt 0.3309 0.1145 0.0000
vt 0.3308 0.1145 0.0000
vt 0.3316 0.1135 0.0000
vt 0.3101 0.1226 0.0000
vt 0.3103 0.1226 0.0000
vt 0.3094 0.1236 0.0000
vt 0.1977 0.6307 0.0000
vt 0.1975 0.6307 0.0000
vt 0.1983 0.6296 0.0000
vt 0.1074 0.6614 0.0000
vt 0.1070 0.6624 0.0000
vt 0.1068 0.6624 0.0000
vt 0.1281 0.6509 0.0000
vt 0.1282 0.6508 0.0000
vt 0.1294 0.6509 0.0000
vt 0.6534 0.2981 0.0000
vt 0.6533 0.2982 0.0000
vt 0.6541 0.2971 0.0000
vt 0.1898 0.6608 0.0000
vt 0.1900 0.6608 0.0000
vt 0.1892 0.6619 0.0000
vt 0.2096 0.6507 0.0000
vt 0.2094 0.6508 0.0000
vt 0.2102 0.6497 0.0000
vt 0.6327 0.3063 0.0000
vt 0.6329 0.3062 0.0000
vt 0.6320 0.3073 0.0000
vt 0.3201 0.1440 0.0000
vt 0.3203 0.1439 0.0000
vt 0.3194 0.1450 0.0000
vt 0.3506 0.1560 0.0000
vt 0.3419 0.1375 0.0000
vt 0.3421 0.1374 0.0000
vt 0.3399 0.1326 0.0000
vt 0.3320 0.1162 0.0000
vt 0.3322 0.1162 0.0000
vt 0.3333 0.1157 0.0000
vt 0.3411 0.1320 0.0000
vt 0.3409 0.1321 0.0000
vt 0.3516 0.1556 0.0000
vt 0.3433 0.1368 0.0000
vt 0.3518 0.1555 0.0000
vt 0.3270 0.1022 0.0000
vt 0.3312 0.1107 0.0000
vt 0.3310 0.1108 0.0000
vt 0.3260 0.1027 0.0000
vt 0.3298 0.1114 0.0000
vt 0.3258 0.1028 0.0000
vt 0.2083 0.6477 0.0000
vt 0.1989 0.6323 0.0000
vt 0.1991 0.6322 0.0000
vt 0.1916 0.6196 0.0000
vt 0.1963 0.6277 0.0000
vt 0.1915 0.6197 0.0000
vt 0.1926 0.6190 0.0000
vt 0.1976 0.6269 0.0000
vt 0.1974 0.6270 0.0000
vt 0.2001 0.6316 0.0000
vt 0.2095 0.6470 0.0000
vt 0.2093 0.6471 0.0000
vt 0.2118 0.6521 0.0000
vt 0.2166 0.6723 0.0000
vt 0.2164 0.6724 0.0000
vt 0.2153 0.6726 0.0000
vt 0.2105 0.6525 0.0000
vt 0.2107 0.6524 0.0000
vt 0.1091 0.6635 0.0000
vt 0.1134 0.6720 0.0000
vt 0.1132 0.6721 0.0000
vt 0.0992 0.6421 0.0000
vt 0.1070 0.6586 0.0000
vt 0.1068 0.6587 0.0000
vt 0.1057 0.6592 0.0000
vt 0.0979 0.6427 0.0000
vt 0.0981 0.6426 0.0000
vt 0.1121 0.6726 0.0000
vt 0.1078 0.6641 0.0000
vt 0.1080 0.6640 0.0000
vt 0.3178 0.1428 0.0000
vt 0.3099 0.1264 0.0000
vt 0.3100 0.1263 0.0000
vt 0.3111 0.1258 0.0000
vt 0.3190 0.1422 0.0000
vt 0.3188 0.1423 0.0000
vt 0.3251 0.1558 0.0000
vt 0.3212 0.1471 0.0000
vt 0.3253 0.1557 0.0000
vt 0.3241 0.1562 0.0000
vt 0.3198 0.1477 0.0000
vt 0.3200 0.1477 0.0000
vt 0.3004 0.1022 0.0000
vt 0.3090 0.1209 0.0000
vt 0.3088 0.1210 0.0000
vt 0.2994 0.1027 0.0000
vt 0.3076 0.1215 0.0000
vt 0.2992 0.1028 0.0000
vt 0.6239 0.2882 0.0000
vt 0.6316 0.3045 0.0000
vt 0.6314 0.3046 0.0000
vt 0.6304 0.3051 0.0000
vt 0.6226 0.2888 0.0000
vt 0.6228 0.2887 0.0000
vt 0.6377 0.3180 0.0000
vt 0.6338 0.3094 0.0000
vt 0.6379 0.3179 0.0000
vt 0.6366 0.3185 0.0000
vt 0.6324 0.3100 0.0000
vt 0.6326 0.3100 0.0000
vt 0.6120 0.2650 0.0000
vt 0.6204 0.2839 0.0000
vt 0.6118 0.2651 0.0000
vt 0.6131 0.2646 0.0000
vt 0.6218 0.2832 0.0000
vt 0.6216 0.2833 0.0000
vt 0.0872 0.6190 0.0000
vt 0.0957 0.6379 0.0000
vt 0.0871 0.6191 0.0000
vt 0.0883 0.6186 0.0000
vt 0.0971 0.6372 0.0000
vt 0.0969 0.6373 0.0000
vt 0.1792 0.6437 0.0000
vt 0.1886 0.6592 0.0000
vt 0.1884 0.6593 0.0000
vt 0.1664 0.6215 0.0000
vt 0.1767 0.6391 0.0000
vt 0.1765 0.6392 0.0000
vt 0.1755 0.6397 0.0000
vt 0.1652 0.6221 0.0000
vt 0.1654 0.6220 0.0000
vt 0.1874 0.6599 0.0000
vt 0.1780 0.6444 0.0000
vt 0.1782 0.6443 0.0000
vt 0.1949 0.6726 0.0000
vt 0.1899 0.6646 0.0000
vt 0.1901 0.6645 0.0000
vt 0.1911 0.6639 0.0000
vt 0.1961 0.6719 0.0000
vt 0.1959 0.6720 0.0000
vt 0.1212 0.6319 0.0000
vt 0.1290 0.6482 0.0000
vt 0.1288 0.6483 0.0000
vt 0.1278 0.6488 0.0000
vt 0.1199 0.6324 0.0000
vt 0.1201 0.6324 0.0000
vt 0.1386 0.6724 0.0000
vt 0.1299 0.6537 0.0000
vt 0.1300 0.6536 0.0000
vt 0.1397 0.6720 0.0000
vt 0.1313 0.6530 0.0000
vt 0.1399 0.6719 0.0000
vt 0.1139 0.6190 0.0000
vt 0.1177 0.6276 0.0000
vt 0.1137 0.6191 0.0000
vt 0.1149 0.6186 0.0000
vt 0.1191 0.6270 0.0000
vt 0.1189 0.6271 0.0000
vt 0.6525 0.2949 0.0000
vt 0.6447 0.2784 0.0000
vt 0.6449 0.2783 0.0000
vt 0.6460 0.2779 0.0000
vt 0.6537 0.2943 0.0000
vt 0.6535 0.2944 0.0000
vt 0.6631 0.3185 0.0000
vt 0.6545 0.2998 0.0000
vt 0.6547 0.2998 0.0000
vt 0.6642 0.3180 0.0000
vt 0.6559 0.2992 0.0000
vt 0.6644 0.3179 0.0000
vt 0.6397 0.2644 0.0000
vt 0.6439 0.2729 0.0000
vt 0.6437 0.2730 0.0000
vt 0.6386 0.2649 0.0000
vt 0.6425 0.2736 0.0000
vt 0.6384 0.2650 0.0000
vt 0.3412 0.1361 0.0000
vt 0.3415 0.1361 0.0000
vt 0.3414 0.1363 0.0000
vt 0.3411 0.1358 0.0000
vt 0.3414 0.1360 0.0000
vt 0.3408 0.1360 0.0000
vt 0.3410 0.1360 0.0000
vt 0.3407 0.1358 0.0000
vt 0.3408 0.1358 0.0000
vt 0.3429 0.1350 0.0000
vt 0.3429 0.1348 0.0000
vt 0.3431 0.1349 0.0000
vt 0.3426 0.1351 0.0000
vt 0.3428 0.1349 0.0000
vt 0.3428 0.1354 0.0000
vt 0.3428 0.1352 0.0000
vt 0.3418 0.1334 0.0000
vt 0.3416 0.1334 0.0000
vt 0.3417 0.1332 0.0000
vt 0.3419 0.1337 0.0000
vt 0.3416 0.1335 0.0000
vt 0.3422 0.1335 0.0000
vt 0.3420 0.1335 0.0000
vt 0.3424 0.1337 0.0000
vt 0.3422 0.1337 0.0000
vt 0.3401 0.1345 0.0000
vt 0.3402 0.1347 0.0000
vt 0.3399 0.1346 0.0000
vt 0.3404 0.1344 0.0000
vt 0.3403 0.1346 0.0000
vt 0.3403 0.1341 0.0000
vt 0.3402 0.1343 0.0000
vt 0.3405 0.1339 0.0000
vt 0.3405 0.1340 0.0000
vt 0.6208 0.2857 0.0000
vt 0.6208 0.2860 0.0000
vt 0.6206 0.2858 0.0000
vt 0.6211 0.2856 0.0000
vt 0.6209 0.2859 0.0000
vt 0.6209 0.2853 0.0000
vt 0.6209 0.2855 0.0000
vt 0.6211 0.2852 0.0000
vt 0.6212 0.2853 0.0000
vt 0.6225 0.2846 0.0000
vt 0.6222 0.2846 0.0000
vt 0.6224 0.2844 0.0000
vt 0.6226 0.2849 0.0000
vt 0.6223 0.2847 0.0000
vt 0.6229 0.2847 0.0000
vt 0.6227 0.2847 0.0000
vt 0.6236 0.2863 0.0000
vt 0.6236 0.2860 0.0000
vt 0.6238 0.2861 0.0000
vt 0.6233 0.2864 0.0000
vt 0.6234 0.2861 0.0000
vt 0.6234 0.2867 0.0000
vt 0.6235 0.2865 0.0000
vt 0.6233 0.2868 0.0000
vt 0.6232 0.2867 0.0000
vt 0.6219 0.2874 0.0000
vt 0.6222 0.2873 0.0000
vt 0.6220 0.2876 0.0000
vt 0.6218 0.2871 0.0000
vt 0.6221 0.2873 0.0000
vt 0.6215 0.2873 0.0000
vt 0.6217 0.2873 0.0000
vt 0.6213 0.2871 0.0000
vt 0.6215 0.2870 0.0000
vt 0.6457 0.2760 0.0000
vt 0.6457 0.2757 0.0000
vt 0.6459 0.2758 0.0000
vt 0.6454 0.2761 0.0000
vt 0.6456 0.2758 0.0000
vt 0.6456 0.2764 0.0000
vt 0.6456 0.2761 0.0000
vt 0.6454 0.2765 0.0000
vt 0.6454 0.2764 0.0000
vt 0.6440 0.2771 0.0000
vt 0.6443 0.2770 0.0000
vt 0.6442 0.2772 0.0000
vt 0.6439 0.2768 0.0000
vt 0.6442 0.2769 0.0000
vt 0.6436 0.2769 0.0000
vt 0.6439 0.2770 0.0000
vt 0.6435 0.2767 0.0000
vt 0.6436 0.2767 0.0000
vt 0.6429 0.2754 0.0000
vt 0.6430 0.2756 0.0000
vt 0.6428 0.2755 0.0000
vt 0.6433 0.2753 0.0000
vt 0.6431 0.2756 0.0000
vt 0.6431 0.2750 0.0000
vt 0.6430 0.2752 0.0000
vt 0.6433 0.2748 0.0000
vt 0.6433 0.2749 0.0000
vt 0.6446 0.2743 0.0000
vt 0.6444 0.2743 0.0000
vt 0.6445 0.2741 0.0000
vt 0.6447 0.2746 0.0000
vt 0.6444 0.2744 0.0000
vt 0.6450 0.2744 0.0000
vt 0.6448 0.2744 0.0000
vt 0.6452 0.2746 0.0000
vt 0.6451 0.2746 0.0000
vt 0.3331 0.1138 0.0000
vt 0.3330 0.1135 0.0000
vt 0.3332 0.1136 0.0000
vt 0.3327 0.1139 0.0000
vt 0.3329 0.1136 0.0000
vt 0.3329 0.1142 0.0000
vt 0.3329 0.1140 0.0000
vt 0.3327 0.1143 0.0000
vt 0.3327 0.1142 0.0000
vt 0.3314 0.1149 0.0000
vt 0.3316 0.1148 0.0000
vt 0.3315 0.1151 0.0000
vt 0.3312 0.1146 0.0000
vt 0.3315 0.1147 0.0000
vt 0.3310 0.1147 0.0000
vt 0.3312 0.1148 0.0000
vt 0.3302 0.1132 0.0000
vt 0.3303 0.1134 0.0000
vt 0.3301 0.1133 0.0000
vt 0.3306 0.1131 0.0000
vt 0.3304 0.1134 0.0000
vt 0.3304 0.1128 0.0000
vt 0.3304 0.1130 0.0000
vt 0.3306 0.1126 0.0000
vt 0.3306 0.1127 0.0000
vt 0.3319 0.1121 0.0000
vt 0.3317 0.1121 0.0000
vt 0.3318 0.1119 0.0000
vt 0.3320 0.1124 0.0000
vt 0.3318 0.1122 0.0000
vt 0.3323 0.1122 0.0000
vt 0.3321 0.1122 0.0000
vt 0.3325 0.1124 0.0000
vt 0.3324 0.1124 0.0000
vt 0.3080 0.1233 0.0000
vt 0.3081 0.1236 0.0000
vt 0.3079 0.1235 0.0000
vt 0.3083 0.1232 0.0000
vt 0.3082 0.1235 0.0000
vt 0.3082 0.1229 0.0000
vt 0.3081 0.1232 0.0000
vt 0.3084 0.1228 0.0000
vt 0.3084 0.1229 0.0000
vt 0.3097 0.1222 0.0000
vt 0.3095 0.1223 0.0000
vt 0.3096 0.1221 0.0000
vt 0.3098 0.1226 0.0000
vt 0.3095 0.1224 0.0000
vt 0.3101 0.1224 0.0000
vt 0.3099 0.1223 0.0000
vt 0.3108 0.1239 0.0000
vt 0.3108 0.1237 0.0000
vt 0.3110 0.1238 0.0000
vt 0.3105 0.1240 0.0000
vt 0.3107 0.1238 0.0000
vt 0.3107 0.1243 0.0000
vt 0.3107 0.1241 0.0000
vt 0.3105 0.1245 0.0000
vt 0.3105 0.1244 0.0000
vt 0.3091 0.1250 0.0000
vt 0.3094 0.1250 0.0000
vt 0.3093 0.1252 0.0000
vt 0.3090 0.1247 0.0000
vt 0.3093 0.1249 0.0000
vt 0.3087 0.1249 0.0000
vt 0.3089 0.1249 0.0000
vt 0.3086 0.1247 0.0000
vt 0.3087 0.1247 0.0000
vt 0.1997 0.6298 0.0000
vt 0.1996 0.6295 0.0000
vt 0.1998 0.6296 0.0000
vt 0.1994 0.6299 0.0000
vt 0.1995 0.6296 0.0000
vt 0.1996 0.6302 0.0000
vt 0.1996 0.6300 0.0000
vt 0.1994 0.6303 0.0000
vt 0.1994 0.6302 0.0000
vt 0.1981 0.6310 0.0000
vt 0.1984 0.6310 0.0000
vt 0.1983 0.6312 0.0000
vt 0.1980 0.6307 0.0000
vt 0.1983 0.6309 0.0000
vt 0.1977 0.6309 0.0000
vt 0.1979 0.6309 0.0000
vt 0.1969 0.6295 0.0000
vt 0.1969 0.6297 0.0000
vt 0.1967 0.6296 0.0000
vt 0.1972 0.6293 0.0000
vt 0.1970 0.6296 0.0000
vt 0.1970 0.6291 0.0000
vt 0.1970 0.6293 0.0000
vt 0.1972 0.6289 0.0000
vt 0.1972 0.6290 0.0000
vt 0.1984 0.6282 0.0000
vt 0.1982 0.6283 0.0000
vt 0.1983 0.6281 0.0000
vt 0.1986 0.6285 0.0000
vt 0.1983 0.6284 0.0000
vt 0.1988 0.6283 0.0000
vt 0.1986 0.6283 0.0000
vt 0.1990 0.6285 0.0000
vt 0.1989 0.6285 0.0000
vt 0.1759 0.6416 0.0000
vt 0.1760 0.6418 0.0000
vt 0.1758 0.6417 0.0000
vt 0.1762 0.6415 0.0000
vt 0.1761 0.6418 0.0000
vt 0.1760 0.6412 0.0000
vt 0.1760 0.6414 0.0000
vt 0.1762 0.6410 0.0000
vt 0.1763 0.6411 0.0000
vt 0.1775 0.6403 0.0000
vt 0.1773 0.6404 0.0000
vt 0.1774 0.6402 0.0000
vt 0.1776 0.6407 0.0000
vt 0.1773 0.6405 0.0000
vt 0.1779 0.6405 0.0000
vt 0.1777 0.6404 0.0000
vt 0.1781 0.6406 0.0000
vt 0.1780 0.6407 0.0000
vt 0.1787 0.6419 0.0000
vt 0.1787 0.6417 0.0000
vt 0.1789 0.6418 0.0000
vt 0.1784 0.6420 0.0000
vt 0.1786 0.6418 0.0000
vt 0.1786 0.6423 0.0000
vt 0.1786 0.6421 0.0000
vt 0.1785 0.6425 0.0000
vt 0.1784 0.6424 0.0000
vt 0.1772 0.6432 0.0000
vt 0.1774 0.6431 0.0000
vt 0.1773 0.6433 0.0000
vt 0.1770 0.6429 0.0000
vt 0.1773 0.6430 0.0000
vt 0.1768 0.6431 0.0000
vt 0.1770 0.6431 0.0000
vt 0.1766 0.6429 0.0000
vt 0.1767 0.6428 0.0000
vt 0.0961 0.6397 0.0000
vt 0.0962 0.6399 0.0000
vt 0.0960 0.6398 0.0000
vt 0.0962 0.6395 0.0000
vt 0.0964 0.6398 0.0000
vt 0.0965 0.6393 0.0000
vt 0.0964 0.6396 0.0000
vt 0.0963 0.6393 0.0000
vt 0.0964 0.6391 0.0000
vt 0.0978 0.6386 0.0000
vt 0.0975 0.6385 0.0000
vt 0.0977 0.6384 0.0000
vt 0.0980 0.6387 0.0000
vt 0.0977 0.6388 0.0000
vt 0.0982 0.6389 0.0000
vt 0.0979 0.6389 0.0000
vt 0.0982 0.6387 0.0000
vt 0.0984 0.6389 0.0000
vt 0.0989 0.6402 0.0000
vt 0.0989 0.6400 0.0000
vt 0.0991 0.6401 0.0000
vt 0.0988 0.6404 0.0000
vt 0.0987 0.6401 0.0000
vt 0.0985 0.6406 0.0000
vt 0.0986 0.6403 0.0000
vt 0.0988 0.6406 0.0000
vt 0.0986 0.6409 0.0000
vt 0.0972 0.6413 0.0000
vt 0.0975 0.6414 0.0000
vt 0.0974 0.6415 0.0000
vt 0.0971 0.6412 0.0000
vt 0.0974 0.6412 0.0000
vt 0.0969 0.6410 0.0000
vt 0.0971 0.6410 0.0000
vt 0.0968 0.6412 0.0000
vt 0.0967 0.6410 0.0000
vt 0.1209 0.6300 0.0000
vt 0.1209 0.6297 0.0000
vt 0.1211 0.6299 0.0000
vt 0.1208 0.6302 0.0000
vt 0.1207 0.6299 0.0000
vt 0.1205 0.6303 0.0000
vt 0.1206 0.6301 0.0000
vt 0.1208 0.6304 0.0000
vt 0.1206 0.6305 0.0000
vt 0.1192 0.6311 0.0000
vt 0.1195 0.6310 0.0000
vt 0.1194 0.6313 0.0000
vt 0.1190 0.6310 0.0000
vt 0.1193 0.6309 0.0000
vt 0.1189 0.6307 0.0000
vt 0.1191 0.6308 0.0000
vt 0.1188 0.6309 0.0000
vt 0.1187 0.6308 0.0000
vt 0.1181 0.6294 0.0000
vt 0.1182 0.6297 0.0000
vt 0.1180 0.6295 0.0000
vt 0.1182 0.6292 0.0000
vt 0.1183 0.6295 0.0000
vt 0.1185 0.6291 0.0000
vt 0.1184 0.6293 0.0000
vt 0.1183 0.6290 0.0000
vt 0.1185 0.6289 0.0000
vt 0.1198 0.6283 0.0000
vt 0.1196 0.6284 0.0000
vt 0.1197 0.6281 0.0000
vt 0.1200 0.6284 0.0000
vt 0.1197 0.6285 0.0000
vt 0.1201 0.6287 0.0000
vt 0.1199 0.6287 0.0000
vt 0.1202 0.6285 0.0000
vt 0.1203 0.6286 0.0000
vt 0.1060 0.6611 0.0000
vt 0.1060 0.6613 0.0000
vt 0.1058 0.6612 0.0000
vt 0.1061 0.6609 0.0000
vt 0.1062 0.6612 0.0000
vt 0.1064 0.6607 0.0000
vt 0.1063 0.6610 0.0000
vt 0.1061 0.6607 0.0000
vt 0.1063 0.6604 0.0000
vt 0.1077 0.6600 0.0000
vt 0.1074 0.6599 0.0000
vt 0.1076 0.6598 0.0000
vt 0.1079 0.6601 0.0000
vt 0.1076 0.6602 0.0000
vt 0.1080 0.6603 0.0000
vt 0.1078 0.6603 0.0000
vt 0.1081 0.6601 0.0000
vt 0.1082 0.6603 0.0000
vt 0.1088 0.6616 0.0000
vt 0.1087 0.6614 0.0000
vt 0.1090 0.6615 0.0000
vt 0.1085 0.6617 0.0000
vt 0.1086 0.6615 0.0000
vt 0.1087 0.6618 0.0000
vt 0.1084 0.6620 0.0000
vt 0.1086 0.6620 0.0000
vt 0.1085 0.6622 0.0000
vt 0.1071 0.6628 0.0000
vt 0.1074 0.6627 0.0000
vt 0.1072 0.6629 0.0000
vt 0.1069 0.6626 0.0000
vt 0.1072 0.6626 0.0000
vt 0.1067 0.6626 0.0000
vt 0.1065 0.6624 0.0000
vt 0.1308 0.6512 0.0000
vt 0.1308 0.6510 0.0000
vt 0.1310 0.6511 0.0000
vt 0.1307 0.6514 0.0000
vt 0.1306 0.6511 0.0000
vt 0.1305 0.6516 0.0000
vt 0.1305 0.6513 0.0000
vt 0.1307 0.6516 0.0000
vt 0.1305 0.6518 0.0000
vt 0.1292 0.6523 0.0000
vt 0.1294 0.6523 0.0000
vt 0.1293 0.6525 0.0000
vt 0.1290 0.6522 0.0000
vt 0.1293 0.6521 0.0000
vt 0.1288 0.6520 0.0000
vt 0.1290 0.6520 0.0000
vt 0.1288 0.6522 0.0000
vt 0.1286 0.6520 0.0000
vt 0.1280 0.6507 0.0000
vt 0.1279 0.6508 0.0000
vt 0.1282 0.6505 0.0000
vt 0.1284 0.6503 0.0000
vt 0.1284 0.6506 0.0000
vt 0.1282 0.6503 0.0000
vt 0.1284 0.6501 0.0000
vt 0.1297 0.6495 0.0000
vt 0.1295 0.6496 0.0000
vt 0.1296 0.6494 0.0000
vt 0.1299 0.6497 0.0000
vt 0.1296 0.6497 0.0000
vt 0.1301 0.6499 0.0000
vt 0.1298 0.6499 0.0000
vt 0.1301 0.6497 0.0000
vt 0.1303 0.6499 0.0000
vt 0.6555 0.2974 0.0000
vt 0.6555 0.2971 0.0000
vt 0.6557 0.2973 0.0000
vt 0.6552 0.2975 0.0000
vt 0.6554 0.2972 0.0000
vt 0.6554 0.2978 0.0000
vt 0.6554 0.2976 0.0000
vt 0.6552 0.2979 0.0000
vt 0.6551 0.2978 0.0000
vt 0.6538 0.2985 0.0000
vt 0.6541 0.2984 0.0000
vt 0.6539 0.2987 0.0000
vt 0.6537 0.2982 0.0000
vt 0.6540 0.2984 0.0000
vt 0.6534 0.2983 0.0000
vt 0.6536 0.2984 0.0000
vt 0.6527 0.2968 0.0000
vt 0.6527 0.2971 0.0000
vt 0.6525 0.2969 0.0000
vt 0.6530 0.2967 0.0000
vt 0.6529 0.2970 0.0000
vt 0.6529 0.2964 0.0000
vt 0.6528 0.2966 0.0000
vt 0.6530 0.2963 0.0000
vt 0.6531 0.2964 0.0000
vt 0.6544 0.2957 0.0000
vt 0.6542 0.2957 0.0000
vt 0.6543 0.2955 0.0000
vt 0.6545 0.2960 0.0000
vt 0.6542 0.2958 0.0000
vt 0.6548 0.2958 0.0000
vt 0.6546 0.2958 0.0000
vt 0.6550 0.2960 0.0000
vt 0.6548 0.2961 0.0000
vt 0.1878 0.6617 0.0000
vt 0.1879 0.6620 0.0000
vt 0.1876 0.6619 0.0000
vt 0.1881 0.6616 0.0000
vt 0.1880 0.6619 0.0000
vt 0.1879 0.6613 0.0000
vt 0.1879 0.6615 0.0000
vt 0.1881 0.6611 0.0000
vt 0.1881 0.6613 0.0000
vt 0.1894 0.6605 0.0000
vt 0.1891 0.6605 0.0000
vt 0.1892 0.6603 0.0000
vt 0.1895 0.6608 0.0000
vt 0.1892 0.6606 0.0000
vt 0.1898 0.6606 0.0000
vt 0.1896 0.6606 0.0000
vt 0.1906 0.6620 0.0000
vt 0.1906 0.6618 0.0000
vt 0.1908 0.6619 0.0000
vt 0.1903 0.6622 0.0000
vt 0.1905 0.6619 0.0000
vt 0.1905 0.6624 0.0000
vt 0.1905 0.6622 0.0000
vt 0.1903 0.6626 0.0000
vt 0.1903 0.6625 0.0000
vt 0.1891 0.6633 0.0000
vt 0.1893 0.6632 0.0000
vt 0.1892 0.6635 0.0000
vt 0.1889 0.6630 0.0000
vt 0.1892 0.6631 0.0000
vt 0.1887 0.6632 0.0000
vt 0.1889 0.6632 0.0000
vt 0.1885 0.6630 0.0000
vt 0.1886 0.6630 0.0000
vt 0.2119 0.6498 0.0000
vt 0.2118 0.6495 0.0000
vt 0.2121 0.6495 0.0000
vt 0.2115 0.6500 0.0000
vt 0.2117 0.6496 0.0000
vt 0.2118 0.6503 0.0000
vt 0.2118 0.6500 0.0000
vt 0.2115 0.6505 0.0000
vt 0.2115 0.6504 0.0000
vt 0.2100 0.6511 0.0000
vt 0.2103 0.6510 0.0000
vt 0.2101 0.6513 0.0000
vt 0.2099 0.6508 0.0000
vt 0.2102 0.6510 0.0000
vt 0.2096 0.6510 0.0000
vt 0.2098 0.6510 0.0000
vt 0.2088 0.6495 0.0000
vt 0.2088 0.6497 0.0000
vt 0.2086 0.6496 0.0000
vt 0.2091 0.6494 0.0000
vt 0.2090 0.6497 0.0000
vt 0.2089 0.6491 0.0000
vt 0.2089 0.6493 0.0000
vt 0.2091 0.6489 0.0000
vt 0.2091 0.6490 0.0000
vt 0.2103 0.6482 0.0000
vt 0.2101 0.6483 0.0000
vt 0.2102 0.6480 0.0000
vt 0.2105 0.6485 0.0000
vt 0.2102 0.6484 0.0000
vt 0.2107 0.6483 0.0000
vt 0.2105 0.6483 0.0000
vt 0.2109 0.6484 0.0000
vt 0.2108 0.6485 0.0000
vt 0.6306 0.3070 0.0000
vt 0.6307 0.3073 0.0000
vt 0.6304 0.3071 0.0000
vt 0.6309 0.3069 0.0000
vt 0.6308 0.3072 0.0000
vt 0.6308 0.3066 0.0000
vt 0.6307 0.3068 0.0000
vt 0.6310 0.3065 0.0000
vt 0.6310 0.3066 0.0000
vt 0.6323 0.3059 0.0000
vt 0.6321 0.3060 0.0000
vt 0.6322 0.3057 0.0000
vt 0.6324 0.3062 0.0000
vt 0.6327 0.3061 0.0000
vt 0.6325 0.3060 0.0000
vt 0.6334 0.3076 0.0000
vt 0.6334 0.3073 0.0000
vt 0.6336 0.3075 0.0000
vt 0.6331 0.3077 0.0000
vt 0.6333 0.3074 0.0000
vt 0.6333 0.3080 0.0000
vt 0.6333 0.3078 0.0000
vt 0.6331 0.3081 0.0000
vt 0.6330 0.3080 0.0000
vt 0.6317 0.3087 0.0000
vt 0.6320 0.3086 0.0000
vt 0.6319 0.3089 0.0000
vt 0.6316 0.3084 0.0000
vt 0.6319 0.3086 0.0000
vt 0.6313 0.3085 0.0000
vt 0.6315 0.3086 0.0000
vt 0.6312 0.3084 0.0000
vt 0.6313 0.3083 0.0000
vt 0.3180 0.1447 0.0000
vt 0.3180 0.1450 0.0000
vt 0.3178 0.1448 0.0000
vt 0.3183 0.1446 0.0000
vt 0.3181 0.1449 0.0000
vt 0.3182 0.1443 0.0000
vt 0.3181 0.1445 0.0000
vt 0.3183 0.1441 0.0000
vt 0.3184 0.1443 0.0000
vt 0.3197 0.1436 0.0000
vt 0.3195 0.1436 0.0000
vt 0.3196 0.1434 0.0000
vt 0.3198 0.1439 0.0000
vt 0.3195 0.1437 0.0000
vt 0.3201 0.1437 0.0000
vt 0.3199 0.1437 0.0000
vt 0.3208 0.1453 0.0000
vt 0.3208 0.1450 0.0000
vt 0.3210 0.1451 0.0000
vt 0.3205 0.1454 0.0000
vt 0.3207 0.1451 0.0000
vt 0.3207 0.1457 0.0000
vt 0.3207 0.1455 0.0000
vt 0.3205 0.1458 0.0000
vt 0.3204 0.1457 0.0000
vt 0.3191 0.1464 0.0000
vt 0.3194 0.1463 0.0000
vt 0.3192 0.1466 0.0000
vt 0.3190 0.1461 0.0000
vt 0.3193 0.1463 0.0000
vt 0.3187 0.1462 0.0000
vt 0.3189 0.1463 0.0000
vt 0.3186 0.1461 0.0000
vt 0.3187 0.1460 0.0000
vt 0.3428 0.1356 0.0000
vt 0.3431 0.1369 0.0000
vt 0.3203 0.1437 0.0000
vt 0.3406 0.1360 0.0000
vt 0.3528 0.1301 0.0000
vt 0.3529 0.1303 0.0000
vt 0.3424 0.1335 0.0000
vt 0.3524 0.1291 0.0000
vt 0.3402 0.1339 0.0000
vt 0.6108 0.2907 0.0000
vt 0.6213 0.2873 0.0000
vt 0.6113 0.2917 0.0000
vt 0.6209 0.2851 0.0000
vt 0.6206 0.2838 0.0000
vt 0.6434 0.2770 0.0000
vt 0.6235 0.2869 0.0000
vt 0.6557 0.2710 0.0000
vt 0.6452 0.2744 0.0000
vt 0.6553 0.2700 0.0000
vt 0.6456 0.2766 0.0000
vt 0.6430 0.2748 0.0000
vt 0.6427 0.2735 0.0000
vt 0.3431 0.1089 0.0000
vt 0.3325 0.1122 0.0000
vt 0.3426 0.1078 0.0000
vt 0.3329 0.1144 0.0000
vt 0.3103 0.1223 0.0000
vt 0.3307 0.1148 0.0000
vt 0.3303 0.1126 0.0000
vt 0.3300 0.1113 0.0000
vt 0.2980 0.1282 0.0000
vt 0.3085 0.1249 0.0000
vt 0.2985 0.1293 0.0000
vt 0.3081 0.1227 0.0000
vt 0.3078 0.1214 0.0000
vt 0.3107 0.1245 0.0000
vt 0.2091 0.6240 0.0000
vt 0.1990 0.6282 0.0000
vt 0.2085 0.6230 0.0000
vt 0.1996 0.6304 0.0000
vt 0.1781 0.6404 0.0000
vt 0.1969 0.6289 0.0000
vt 0.1964 0.6276 0.0000
vt 0.1665 0.6474 0.0000
vt 0.1766 0.6431 0.0000
vt 0.1671 0.6484 0.0000
vt 0.1760 0.6410 0.0000
vt 0.1787 0.6425 0.0000
vt 0.0862 0.6446 0.0000
vt 0.0966 0.6412 0.0000
vt 0.0867 0.6456 0.0000
vt 0.0962 0.6391 0.0000
vt 0.0959 0.6378 0.0000
vt 0.1186 0.6310 0.0000
vt 0.0988 0.6408 0.0000
vt 0.1308 0.6250 0.0000
vt 0.1204 0.6284 0.0000
vt 0.1303 0.6239 0.0000
vt 0.1208 0.6306 0.0000
vt 0.1182 0.6288 0.0000
vt 0.1179 0.6276 0.0000
vt 0.0959 0.6660 0.0000
vt 0.1065 0.6627 0.0000
vt 0.0964 0.6670 0.0000
vt 0.1061 0.6605 0.0000
vt 0.1083 0.6601 0.0000
vt 0.1286 0.6522 0.0000
vt 0.1087 0.6622 0.0000
vt 0.1408 0.6462 0.0000
vt 0.1303 0.6496 0.0000
vt 0.1403 0.6451 0.0000
vt 0.1308 0.6518 0.0000
vt 0.1311 0.6531 0.0000
vt 0.1281 0.6500 0.0000
vt 0.6655 0.2925 0.0000
vt 0.6550 0.2958 0.0000
vt 0.6650 0.2914 0.0000
vt 0.6554 0.2980 0.0000
vt 0.6557 0.2993 0.0000
vt 0.6532 0.2984 0.0000
vt 0.6329 0.3060 0.0000
vt 0.6528 0.2962 0.0000
vt 0.1784 0.6675 0.0000
vt 0.1885 0.6633 0.0000
vt 0.1789 0.6685 0.0000
vt 0.1878 0.6611 0.0000
vt 0.2094 0.6510 0.0000
vt 0.1906 0.6626 0.0000
vt 0.2195 0.6407 0.0000
vt 0.2109 0.6482 0.0000
vt 0.2186 0.6399 0.0000
vt 0.2118 0.6506 0.0000
vt 0.2088 0.6489 0.0000
vt 0.6207 0.3119 0.0000
vt 0.6311 0.3086 0.0000
vt 0.6211 0.3129 0.0000
vt 0.6307 0.3064 0.0000
vt 0.6333 0.3082 0.0000
vt 0.6337 0.3095 0.0000
vt 0.3080 0.1496 0.0000
vt 0.3185 0.1463 0.0000
vt 0.3085 0.1507 0.0000
vt 0.3181 0.1441 0.0000
vt 0.3207 0.1459 0.0000
vt 0.3211 0.1472 0.0000
vt 0.9167 0.2998 0.0000
vt 0.9158 0.3207 0.0000
vt 0.9158 0.2998 0.0000
vt 0.3908 0.2274 0.0000
vt 0.3900 0.2274 0.0000
vt 0.3899 0.2272 0.0000
vt 0.9640 0.8129 0.0000
vt 0.9632 0.8338 0.0000
vt 0.9632 0.8129 0.0000
vt 0.0110 0.5093 0.0000
vt 0.0118 0.4997 0.0000
vt 0.0118 0.5093 0.0000
vt 1.8144 0.9447 0.0000
vt 1.8135 0.9447 0.0000
vt 1.8134 0.9446 0.0000
vt 0.9135 0.0962 0.0000
vt 0.9143 0.0866 0.0000
vt 0.9143 0.0962 0.0000
vt 0.7840 0.8505 0.0000
vt 0.7832 0.8714 0.0000
vt 0.7832 0.8505 0.0000
vt 0.3780 0.0104 0.0000
vt 0.3788 0.0104 0.0000
vt 0.3790 0.0105 0.0000
vt 0.2129 0.6520 0.0000
vt 0.2121 0.6521 0.0000
vt 0.9632 0.6596 0.0000
vt 0.9640 0.6387 0.0000
vt 0.9640 0.6596 0.0000
vt 0.3790 0.3624 0.0000
vt 0.3782 0.3624 0.0000
vt 0.3780 0.3623 0.0000
vt 0.7417 0.8989 0.0000
vt 0.7426 0.8780 0.0000
vt 0.7426 0.8989 0.0000
vt 0.6964 0.8351 0.0000
vt 0.6956 0.8560 0.0000
vt 0.6956 0.8351 0.0000
vt 0.3766 0.2937 0.0000
vt 0.3758 0.2937 0.0000
vt 0.3756 0.2936 0.0000
vt 0.9640 0.2634 0.0000
vt 0.9632 0.2842 0.0000
vt 0.9632 0.2634 0.0000
vt 1.6393 0.9437 0.0000
vt 1.6401 0.9437 0.0000
vt 1.6402 0.9438 0.0000
vt 0.9561 0.8949 0.0000
vt 0.9569 0.8840 0.0000
vt 0.9569 0.8949 0.0000
vt 0.9656 0.3458 0.0000
vt 0.9664 0.3349 0.0000
vt 0.9664 0.3458 0.0000
vt 0.6443 0.2757 0.0000
vt 0.0393 0.1430 0.0000
vt 0.0401 0.1430 0.0000
vt 0.0403 0.1432 0.0000
vt 0.0750 0.4951 0.0000
vt 0.0758 0.4842 0.0000
vt 0.0758 0.4951 0.0000
vt 0.9561 0.9285 0.0000
vt 0.9569 0.9176 0.0000
vt 0.9569 0.9285 0.0000
vt 0.1388 0.1430 0.0000
vt 0.1396 0.1430 0.0000
vt 0.1397 0.1432 0.0000
vt 0.5298 0.0735 0.0000
vt 0.5306 0.0626 0.0000
vt 0.5306 0.0735 0.0000
vt 0.6908 0.9593 0.0000
vt 0.6916 0.9484 0.0000
vt 0.6916 0.9593 0.0000
vt 0.0975 0.6400 0.0000
vt 1.7715 0.9456 0.0000
vt 1.7723 0.9456 0.0000
vt 1.7725 0.9457 0.0000
vt 0.6908 0.9257 0.0000
vt 0.6916 0.9148 0.0000
vt 0.6916 0.9257 0.0000
vt 0.9632 0.6727 0.0000
vt 0.9640 0.6618 0.0000
vt 0.9640 0.6727 0.0000
vt 1.6205 0.9451 0.0000
vt 1.6197 0.9451 0.0000
vt 1.6195 0.9450 0.0000
vt 0.8740 0.9148 0.0000
vt 0.8732 0.9257 0.0000
vt 0.8732 0.9148 0.0000
vt 0.1421 0.4984 0.0000
vt 0.1413 0.5093 0.0000
vt 0.1413 0.4984 0.0000
vt 0.1611 0.0758 0.0000
vt 0.1602 0.0758 0.0000
vt 0.1601 0.0757 0.0000
vt 0.9640 0.7998 0.0000
vt 0.9632 0.8107 0.0000
vt 0.9632 0.7998 0.0000
vt 0.8740 0.9484 0.0000
vt 0.8732 0.9593 0.0000
vt 0.8732 0.9484 0.0000
vt 0.1625 0.0104 0.0000
vt 0.1633 0.0104 0.0000
vt 0.1634 0.0105 0.0000
vt 0.6269 0.9415 0.0000
vt 0.6277 0.9306 0.0000
vt 0.6277 0.9415 0.0000
vt 0.0110 0.4974 0.0000
vt 0.0118 0.4865 0.0000
vt 0.0118 0.4974 0.0000
vt 0.0654 0.1454 0.0000
vt 0.0662 0.1454 0.0000
vt 0.0663 0.1455 0.0000
vt 0.7879 0.9664 0.0000
vt 0.7888 0.9555 0.0000
vt 0.7888 0.9664 0.0000
vt 0.6269 0.9080 0.0000
vt 0.6277 0.8971 0.0000
vt 0.6277 0.9080 0.0000
vt 1.6613 0.9438 0.0000
vt 1.6621 0.9438 0.0000
vt 1.6623 0.9440 0.0000
vt 0.9656 0.0450 0.0000
vt 0.9664 0.0341 0.0000
vt 0.9664 0.0450 0.0000
vt 0.7165 0.9354 0.0000
vt 0.7157 0.9463 0.0000
vt 0.7157 0.9354 0.0000
vt 0.1364 0.0744 0.0000
vt 0.1372 0.0744 0.0000
vt 0.1374 0.0745 0.0000
vt 0.7165 0.9018 0.0000
vt 0.7157 0.9127 0.0000
vt 0.7157 0.9018 0.0000
vt 0.2771 0.4984 0.0000
vt 0.2763 0.5093 0.0000
vt 0.2763 0.4984 0.0000
vt 1.7922 0.9470 0.0000
vt 1.7914 0.9470 0.0000
vt 1.7912 0.9469 0.0000
vt 0.2203 0.6414 0.0000
vt 0.2197 0.6409 0.0000
vt 0.9427 0.0436 0.0000
vt 0.9419 0.0545 0.0000
vt 0.9419 0.0436 0.0000
vt 0.1658 0.1445 0.0000
vt 0.1650 0.1445 0.0000
vt 0.1648 0.1443 0.0000
vt 0.9427 0.0100 0.0000
vt 0.9419 0.0209 0.0000
vt 0.9419 0.0100 0.0000
vt 0.2108 0.4960 0.0000
vt 0.2100 0.5069 0.0000
vt 0.2100 0.4960 0.0000
vt 0.9167 0.3469 0.0000
vt 0.9158 0.3565 0.0000
vt 0.9158 0.3469 0.0000
vt 1.9355 0.9449 0.0000
vt 1.9347 0.9449 0.0000
vt 1.9345 0.9448 0.0000
vt 0.2771 0.4865 0.0000
vt 0.2763 0.4961 0.0000
vt 0.2763 0.4865 0.0000
vt 0.1773 0.6418 0.0000
vt 0.1862 0.0104 0.0000
vt 0.1870 0.0104 0.0000
vt 0.1871 0.0105 0.0000
vt 0.7619 0.9281 0.0000
vt 0.7627 0.9172 0.0000
vt 0.7627 0.9281 0.0000
vt 0.9640 0.2503 0.0000
vt 0.9632 0.2612 0.0000
vt 0.9632 0.2503 0.0000
vt 0.6691 0.8988 0.0000
vt 0.6683 0.9084 0.0000
vt 0.6683 0.8988 0.0000
vt 0.0654 0.0104 0.0000
vt 0.0662 0.0104 0.0000
vt 0.0663 0.0105 0.0000
vt 0.1421 0.4865 0.0000
vt 0.1413 0.4961 0.0000
vt 0.1413 0.4865 0.0000
vt 0.1195 0.6298 0.0000
vt 0.0900 0.1445 0.0000
vt 0.0892 0.1445 0.0000
vt 0.0890 0.1443 0.0000
vt 0.2242 0.2914 0.0000
vt 0.2250 0.2805 0.0000
vt 0.2250 0.2914 0.0000
vt 0.9608 0.1184 0.0000
vt 0.9617 0.1075 0.0000
vt 0.9617 0.1184 0.0000
vt 2.3338 0.9464 0.0000
vt 2.3346 0.9464 0.0000
vt 2.3347 0.9465 0.0000
vt 0.7224 0.4581 0.0000
vt 0.7216 0.4690 0.0000
vt 0.7216 0.4581 0.0000
vt 0.7619 0.9617 0.0000
vt 0.7627 0.9508 0.0000
vt 0.7627 0.9617 0.0000
vt 0.6964 0.8822 0.0000
vt 0.6956 0.8918 0.0000
vt 0.6956 0.8822 0.0000
vt 0.0426 0.0118 0.0000
vt 0.0418 0.0118 0.0000
vt 0.0417 0.0117 0.0000
vt 0.8969 0.0192 0.0000
vt 0.8977 0.0096 0.0000
vt 0.8977 0.0192 0.0000
vt 1.5627 0.9437 0.0000
vt 1.5635 0.9437 0.0000
vt 1.5637 0.9438 0.0000
vt 0.0750 0.5069 0.0000
vt 0.0758 0.4973 0.0000
vt 0.0758 0.5069 0.0000
vt 0.1151 0.1454 0.0000
vt 0.1159 0.1454 0.0000
vt 0.1161 0.1455 0.0000
vt 0.9608 0.0849 0.0000
vt 0.9617 0.0740 0.0000
vt 0.9617 0.0849 0.0000
vt 0.9679 0.4050 0.0000
vt 0.9688 0.3941 0.0000
vt 0.9688 0.4050 0.0000
vt 0.9679 0.3919 0.0000
vt 0.9688 0.3711 0.0000
vt 0.9688 0.3919 0.0000
vt 0.1127 0.0743 0.0000
vt 0.1135 0.0743 0.0000
vt 0.1137 0.0745 0.0000
vt 0.9123 0.2759 0.0000
vt 0.9131 0.2551 0.0000
vt 0.9131 0.2759 0.0000
vt 0.9656 0.0319 0.0000
vt 0.9664 0.0110 0.0000
vt 0.9664 0.0319 0.0000
vt 0.0914 0.0104 0.0000
vt 0.0922 0.0104 0.0000
vt 0.0924 0.0105 0.0000
vt 0.6691 0.8517 0.0000
vt 0.6683 0.8725 0.0000
vt 0.6683 0.8517 0.0000
vt 0.8969 0.0663 0.0000
vt 0.8977 0.0455 0.0000
vt 0.8977 0.0663 0.0000
vt 0.1151 0.0104 0.0000
vt 0.1159 0.0104 0.0000
vt 0.1161 0.0105 0.0000
vt 0.7879 0.9533 0.0000
vt 0.7888 0.9324 0.0000
vt 0.7888 0.9533 0.0000
vt 0.7417 0.8518 0.0000
vt 0.7426 0.8422 0.0000
vt 0.7426 0.8518 0.0000
vt 0.1397 0.0118 0.0000
vt 0.1389 0.0118 0.0000
vt 0.1388 0.0117 0.0000
vt 0.9656 0.3327 0.0000
vt 0.9664 0.3119 0.0000
vt 0.9664 0.3327 0.0000
vt 0.0900 0.0758 0.0000
vt 0.0892 0.0758 0.0000
vt 0.0890 0.0757 0.0000
vt 0.9135 0.1433 0.0000
vt 0.9143 0.1224 0.0000
vt 0.9143 0.1433 0.0000
vt 0.7224 0.4463 0.0000
vt 0.7216 0.4559 0.0000
vt 0.7216 0.4463 0.0000
vt 0.0654 0.0743 0.0000
vt 0.0662 0.0743 0.0000
vt 0.0663 0.0745 0.0000
vt 0.5298 0.0853 0.0000
vt 0.5306 0.0757 0.0000
vt 0.5306 0.0853 0.0000
vt 0.0393 0.0767 0.0000
vt 0.0401 0.0767 0.0000
vt 0.0403 0.0769 0.0000
vt 0.2242 0.3032 0.0000
vt 0.2250 0.2936 0.0000
vt 0.2250 0.3032 0.0000
vt 0.9123 0.2289 0.0000
vt 0.9131 0.2193 0.0000
vt 0.9131 0.2289 0.0000
vt 0.2108 0.4842 0.0000
vt 0.2100 0.4938 0.0000
vt 0.2100 0.4842 0.0000
vt 0.7840 0.8976 0.0000
vt 0.7832 0.9072 0.0000
vt 0.7832 0.8976 0.0000
vt 0.9135 0.0976 0.0000
vt 0.9143 0.0976 0.0000
vt 0.1421 0.4961 0.0000
vt 0.1413 0.4975 0.0000
vt 0.8740 0.9279 0.0000
vt 0.8732 0.9462 0.0000
vt 0.8732 0.9279 0.0000
vt 0.8740 0.9266 0.0000
vt 0.8732 0.9266 0.0000
vt 0.4047 0.5212 0.0000
vt 0.4056 0.5010 0.0000
vt 0.4056 0.5210 0.0000
vt 0.4047 0.5009 0.0000
vt 0.4058 0.4999 0.0000
vt 0.6691 0.8974 0.0000
vt 0.6683 0.8974 0.0000
vt 0.9167 0.3207 0.0000
vt 0.9158 0.3220 0.0000
vt 0.4052 0.5228 0.0000
vt 0.4059 0.5222 0.0000
vt 0.8740 0.9462 0.0000
vt 0.8732 0.9475 0.0000
vt 0.9640 0.8116 0.0000
vt 0.9632 0.8116 0.0000
vt 0.3518 0.4696 0.0000
vt 0.3529 0.4517 0.0000
vt 0.3527 0.4696 0.0000
vt 0.3521 0.4517 0.0000
vt 0.3527 0.4502 0.0000
vt 0.6964 0.8809 0.0000
vt 0.6956 0.8809 0.0000
vt 0.2108 0.4938 0.0000
vt 0.2100 0.4951 0.0000
vt 0.9427 0.0231 0.0000
vt 0.9419 0.0414 0.0000
vt 0.9419 0.0231 0.0000
vt 0.9427 0.0218 0.0000
vt 0.9419 0.0218 0.0000
vt 0.9427 0.0414 0.0000
vt 0.9419 0.0427 0.0000
vt 0.2127 0.6507 0.0000
vt 0.7840 0.8714 0.0000
vt 0.7832 0.8727 0.0000
vt 0.3518 0.4708 0.0000
vt 0.3526 0.4712 0.0000
vt 0.4219 0.4760 0.0000
vt 0.4228 0.4558 0.0000
vt 0.4228 0.4762 0.0000
vt 0.4219 0.4560 0.0000
vt 0.4223 0.4543 0.0000
vt 0.6908 0.9462 0.0000
vt 0.6916 0.9279 0.0000
vt 0.6916 0.9462 0.0000
vt 0.6908 0.9475 0.0000
vt 0.6916 0.9475 0.0000
vt 0.5298 0.0757 0.0000
vt 0.5306 0.0743 0.0000
vt 0.9123 0.2302 0.0000
vt 0.9131 0.2302 0.0000
vt 0.7619 0.9486 0.0000
vt 0.7627 0.9303 0.0000
vt 0.7627 0.9486 0.0000
vt 0.7619 0.9303 0.0000
vt 0.7627 0.9290 0.0000
vt 0.3310 0.4513 0.0000
vt 0.3300 0.4715 0.0000
vt 0.3300 0.4511 0.0000
vt 0.3312 0.4501 0.0000
vt 0.3305 0.4496 0.0000
vt 0.9640 0.2621 0.0000
vt 0.9632 0.2621 0.0000
vt 0.9632 0.6609 0.0000
vt 0.9640 0.6609 0.0000
vt 0.6908 0.9279 0.0000
vt 0.6916 0.9266 0.0000
vt 0.7417 0.8780 0.0000
vt 0.7426 0.8767 0.0000
vt 0.4216 0.4772 0.0000
vt 0.4223 0.4777 0.0000
vt 0.3309 0.4713 0.0000
vt 0.3306 0.4730 0.0000
vt 0.7619 0.9499 0.0000
vt 0.7627 0.9499 0.0000
vt 0.9167 0.3455 0.0000
vt 0.9158 0.3455 0.0000
vt 0.6964 0.8560 0.0000
vt 0.6956 0.8573 0.0000
vt 0.7224 0.4559 0.0000
vt 0.7216 0.4572 0.0000
vt 0.7840 0.8963 0.0000
vt 0.7832 0.8963 0.0000
vt 0.0750 0.4973 0.0000
vt 0.0758 0.4960 0.0000
vt 0.2771 0.4961 0.0000
vt 0.2763 0.4975 0.0000
vt 0.7165 0.9149 0.0000
vt 0.7157 0.9332 0.0000
vt 0.7157 0.9149 0.0000
vt 0.7165 0.9136 0.0000
vt 0.7157 0.9136 0.0000
vt 0.4275 0.5014 0.0000
vt 0.4264 0.5193 0.0000
vt 0.4267 0.5015 0.0000
vt 0.4273 0.5193 0.0000
vt 0.4264 0.5205 0.0000
vt 0.3972 0.0662 0.0000
vt 0.3962 0.0865 0.0000
vt 0.3962 0.0660 0.0000
vt 0.3971 0.0864 0.0000
vt 0.3967 0.0880 0.0000
vt 0.6269 0.9284 0.0000
vt 0.6277 0.9102 0.0000
vt 0.6277 0.9284 0.0000
vt 0.6269 0.9297 0.0000
vt 0.6277 0.9297 0.0000
vt 0.6269 0.9102 0.0000
vt 0.6277 0.9089 0.0000
vt 0.3975 0.0650 0.0000
vt 0.3969 0.0644 0.0000
vt 0.4010 0.4578 0.0000
vt 0.3999 0.4756 0.0000
vt 0.4001 0.4577 0.0000
vt 0.4007 0.4756 0.0000
vt 0.4001 0.4771 0.0000
vt 0.4011 0.4565 0.0000
vt 0.4003 0.4561 0.0000
vt 0.9561 0.9154 0.0000
vt 0.9569 0.8972 0.0000
vt 0.9569 0.9154 0.0000
vt 0.9561 0.9167 0.0000
vt 0.9569 0.9167 0.0000
vt 0.4183 0.0851 0.0000
vt 0.4187 0.0672 0.0000
vt 0.4192 0.0851 0.0000
vt 0.4179 0.0673 0.0000
vt 0.4185 0.0658 0.0000
vt 0.9561 0.8972 0.0000
vt 0.9569 0.8958 0.0000
vt 0.9608 0.1053 0.0000
vt 0.9617 0.0871 0.0000
vt 0.9617 0.1053 0.0000
vt 0.9608 0.0871 0.0000
vt 0.9617 0.0858 0.0000
vt 0.7165 0.9332 0.0000
vt 0.7157 0.9345 0.0000
vt 0.4274 0.5000 0.0000
vt 0.4267 0.5004 0.0000
vt 0.6691 0.8725 0.0000
vt 0.6683 0.8739 0.0000
vt 0.9656 0.0332 0.0000
vt 0.9664 0.0332 0.0000
vt 0.7879 0.9546 0.0000
vt 0.7888 0.9546 0.0000
vt 0.8969 0.0455 0.0000
vt 0.8977 0.0441 0.0000
vt 0.0110 0.4997 0.0000
vt 0.0118 0.4983 0.0000
vt 0.9608 0.1066 0.0000
vt 0.9617 0.1066 0.0000
vt 0.7417 0.8531 0.0000
vt 0.7426 0.8531 0.0000
vt 0.9679 0.3933 0.0000
vt 0.9688 0.3933 0.0000
vt 0.4184 0.0863 0.0000
vt 0.4192 0.0867 0.0000
vt 0.9123 0.2551 0.0000
vt 0.9131 0.2538 0.0000
vt 0.2242 0.2936 0.0000
vt 0.2250 0.2923 0.0000
vt 0.9656 0.3340 0.0000
vt 0.9664 0.3340 0.0000
vt 0.8969 0.0206 0.0000
vt 0.8977 0.0206 0.0000
vt 0.9135 0.1224 0.0000
vt 0.9143 0.1211 0.0000
vt 0.9158 0.3222 0.0000
vt 0.9167 0.3220 0.0000
vt 0.9167 0.3222 0.0000
vt 0.9158 0.3229 0.0000
vt 0.9167 0.3227 0.0000
vt 0.9167 0.3229 0.0000
vt 0.9158 0.3447 0.0000
vt 0.9158 0.3224 0.0000
vt 0.9167 0.3224 0.0000
vt 0.9158 0.3227 0.0000
vt 0.9632 0.8109 0.0000
vt 0.9640 0.8107 0.0000
vt 0.9640 0.8109 0.0000
vt 0.9640 0.8114 0.0000
vt 0.9632 0.8111 0.0000
vt 0.9640 0.8111 0.0000
vt 0.9632 0.8114 0.0000
vt 0.8732 0.9477 0.0000
vt 0.8740 0.9475 0.0000
vt 0.8740 0.9477 0.0000
vt 0.8740 0.9482 0.0000
vt 0.8732 0.9480 0.0000
vt 0.8740 0.9480 0.0000
vt 0.8732 0.9482 0.0000
vt 0.4061 0.5235 0.0000
vt 0.4063 0.5226 0.0000
vt 0.4065 0.5226 0.0000
vt 0.4264 0.5218 0.0000
vt 0.4258 0.5211 0.0000
vt 0.4054 0.5230 0.0000
vt 0.4060 0.5224 0.0000
vt 0.4058 0.5233 0.0000
vt 0.4061 0.5225 0.0000
vt 0.4056 0.5232 0.0000
vt 0.7888 0.9553 0.0000
vt 0.7879 0.9555 0.0000
vt 0.7879 0.9553 0.0000
vt 0.7879 0.9548 0.0000
vt 0.7888 0.9551 0.0000
vt 0.7879 0.9551 0.0000
vt 0.7888 0.9548 0.0000
vt 0.8977 0.0439 0.0000
vt 0.8969 0.0441 0.0000
vt 0.8969 0.0439 0.0000
vt 0.8977 0.0432 0.0000
vt 0.8969 0.0435 0.0000
vt 0.8969 0.0432 0.0000
vt 0.8977 0.0215 0.0000
vt 0.8977 0.0437 0.0000
vt 0.8969 0.0437 0.0000
vt 0.8977 0.0435 0.0000
vt 0.3975 0.0639 0.0000
vt 0.3981 0.0646 0.0000
vt 0.3979 0.0647 0.0000
vt 0.4173 0.0658 0.0000
vt 0.3978 0.0638 0.0000
vt 0.4178 0.0651 0.0000
vt 0.3976 0.0649 0.0000
vt 0.3973 0.0641 0.0000
vt 0.3977 0.0648 0.0000
vt 0.3971 0.0642 0.0000
vt 0.6277 0.9086 0.0000
vt 0.6269 0.9089 0.0000
vt 0.6269 0.9086 0.0000
vt 0.6269 0.9082 0.0000
vt 0.6277 0.9084 0.0000
vt 0.6269 0.9084 0.0000
vt 0.6277 0.9082 0.0000
vt 0.9569 0.9174 0.0000
vt 0.9561 0.9176 0.0000
vt 0.9561 0.9174 0.0000
vt 0.9561 0.9169 0.0000
vt 0.9569 0.9172 0.0000
vt 0.9561 0.9172 0.0000
vt 0.9569 0.9169 0.0000
vt 0.4178 0.0662 0.0000
vt 0.4183 0.0656 0.0000
vt 0.4175 0.0658 0.0000
vt 0.4180 0.0652 0.0000
vt 0.4177 0.0660 0.0000
vt 0.4182 0.0654 0.0000
vt 0.4177 0.0659 0.0000
vt 0.8969 0.0215 0.0000
vt 0.8977 0.0212 0.0000
vt 0.8969 0.0208 0.0000
vt 0.8977 0.0208 0.0000
vt 0.8969 0.0212 0.0000
vt 0.8977 0.0210 0.0000
vt 0.8969 0.0210 0.0000
vt 0.0758 0.4957 0.0000
vt 0.0750 0.4960 0.0000
vt 0.0750 0.4957 0.0000
vt 0.0750 0.4953 0.0000
vt 0.0758 0.4955 0.0000
vt 0.0750 0.4955 0.0000
vt 0.0758 0.4953 0.0000
vt 0.8732 0.9260 0.0000
vt 0.8740 0.9257 0.0000
vt 0.8740 0.9260 0.0000
vt 0.8740 0.9264 0.0000
vt 0.8732 0.9262 0.0000
vt 0.8740 0.9262 0.0000
vt 0.8732 0.9264 0.0000
vt 0.4051 0.4993 0.0000
vt 0.4059 0.4997 0.0000
vt 0.4058 0.4987 0.0000
vt 0.4064 0.4994 0.0000
vt 0.4062 0.4994 0.0000
vt 0.4060 0.4986 0.0000
vt 0.4262 0.4999 0.0000
vt 0.4053 0.4991 0.0000
vt 0.4061 0.4996 0.0000
vt 0.4055 0.4989 0.0000
vt 0.6683 0.8968 0.0000
vt 0.6691 0.8965 0.0000
vt 0.6691 0.8968 0.0000
vt 0.6691 0.8748 0.0000
vt 0.6683 0.8965 0.0000
vt 0.6683 0.8748 0.0000
vt 0.6691 0.8972 0.0000
vt 0.6683 0.8970 0.0000
vt 0.6691 0.8970 0.0000
vt 0.6683 0.8972 0.0000
vt 0.1413 0.4977 0.0000
vt 0.1421 0.4975 0.0000
vt 0.1421 0.4977 0.0000
vt 0.1421 0.4981 0.0000
vt 0.1413 0.4979 0.0000
vt 0.1421 0.4979 0.0000
vt 0.1413 0.4981 0.0000
vt 0.9664 0.0339 0.0000
vt 0.9656 0.0341 0.0000
vt 0.9656 0.0339 0.0000
vt 0.9656 0.0334 0.0000
vt 0.9664 0.0337 0.0000
vt 0.9656 0.0337 0.0000
vt 0.9664 0.0334 0.0000
vt 0.6691 0.8739 0.0000
vt 0.6683 0.8741 0.0000
vt 0.6691 0.8745 0.0000
vt 0.6683 0.8745 0.0000
vt 0.6691 0.8741 0.0000
vt 0.6683 0.8743 0.0000
vt 0.6691 0.8743 0.0000
vt 0.4264 0.5000 0.0000
vt 0.4267 0.4992 0.0000
vt 0.4269 0.4994 0.0000
vt 0.4272 0.4998 0.0000
vt 0.4265 0.5001 0.0000
vt 0.4271 0.4996 0.0000
vt 0.4266 0.5002 0.0000
vt 0.7165 0.9345 0.0000
vt 0.7157 0.9347 0.0000
vt 0.7165 0.9352 0.0000
vt 0.7157 0.9352 0.0000
vt 0.7165 0.9347 0.0000
vt 0.7157 0.9349 0.0000
vt 0.7165 0.9349 0.0000
vt 0.9419 0.0211 0.0000
vt 0.9427 0.0209 0.0000
vt 0.9427 0.0211 0.0000
vt 0.9427 0.0216 0.0000
vt 0.9419 0.0214 0.0000
vt 0.9427 0.0214 0.0000
vt 0.9419 0.0216 0.0000
vt 0.3520 0.4506 0.0000
vt 0.3526 0.4500 0.0000
vt 0.3518 0.4502 0.0000
vt 0.3521 0.4495 0.0000
vt 0.3523 0.4496 0.0000
vt 0.3516 0.4502 0.0000
vt 0.3314 0.4489 0.0000
vt 0.3520 0.4504 0.0000
vt 0.3525 0.4498 0.0000
vt 0.3519 0.4503 0.0000
vt 0.6964 0.8800 0.0000
vt 0.6956 0.8802 0.0000
vt 0.6956 0.8800 0.0000
vt 0.6964 0.8582 0.0000
vt 0.6956 0.8582 0.0000
vt 0.6964 0.8806 0.0000
vt 0.6956 0.8806 0.0000
vt 0.6964 0.8802 0.0000
vt 0.6956 0.8804 0.0000
vt 0.6964 0.8804 0.0000
vt 0.2108 0.4951 0.0000
vt 0.2100 0.4953 0.0000
vt 0.2108 0.4958 0.0000
vt 0.2100 0.4958 0.0000
vt 0.2108 0.4953 0.0000
vt 0.2100 0.4955 0.0000
vt 0.2108 0.4955 0.0000
vt 0.9632 0.2614 0.0000
vt 0.9640 0.2612 0.0000
vt 0.9640 0.2614 0.0000
vt 0.9640 0.2618 0.0000
vt 0.9632 0.2616 0.0000
vt 0.9640 0.2616 0.0000
vt 0.9632 0.2618 0.0000
vt 0.6956 0.8575 0.0000
vt 0.6964 0.8573 0.0000
vt 0.6964 0.8575 0.0000
vt 0.6964 0.8580 0.0000
vt 0.6956 0.8577 0.0000
vt 0.6964 0.8577 0.0000
vt 0.6956 0.8580 0.0000
vt 0.3312 0.4490 0.0000
vt 0.3318 0.4496 0.0000
vt 0.3316 0.4497 0.0000
vt 0.3313 0.4500 0.0000
vt 0.3309 0.4492 0.0000
vt 0.3315 0.4498 0.0000
vt 0.3307 0.4494 0.0000
vt 0.7619 0.9290 0.0000
vt 0.7627 0.9288 0.0000
vt 0.7619 0.9283 0.0000
vt 0.7627 0.9283 0.0000
vt 0.7619 0.9288 0.0000
vt 0.7627 0.9285 0.0000
vt 0.7619 0.9285 0.0000
vt 0.9632 0.6618 0.0000
vt 0.9640 0.6616 0.0000
vt 0.9632 0.6611 0.0000
vt 0.9640 0.6611 0.0000
vt 0.9632 0.6616 0.0000
vt 0.9640 0.6614 0.0000
vt 0.9632 0.6614 0.0000
vt 0.7426 0.8765 0.0000
vt 0.7417 0.8767 0.0000
vt 0.7417 0.8765 0.0000
vt 0.7426 0.8758 0.0000
vt 0.7417 0.8760 0.0000
vt 0.7417 0.8758 0.0000
vt 0.7426 0.8540 0.0000
vt 0.7426 0.8763 0.0000
vt 0.7417 0.8763 0.0000
vt 0.7426 0.8760 0.0000
vt 0.4210 0.4777 0.0000
vt 0.4217 0.4783 0.0000
vt 0.4215 0.4785 0.0000
vt 0.4013 0.4771 0.0000
vt 0.4008 0.4779 0.0000
vt 0.4215 0.4774 0.0000
vt 0.4221 0.4780 0.0000
vt 0.4212 0.4776 0.0000
vt 0.4219 0.4782 0.0000
vt 0.4214 0.4775 0.0000
vt 0.6916 0.9264 0.0000
vt 0.6908 0.9266 0.0000
vt 0.6908 0.9264 0.0000
vt 0.6908 0.9260 0.0000
vt 0.6916 0.9262 0.0000
vt 0.6908 0.9262 0.0000
vt 0.6916 0.9260 0.0000
vt 0.9608 0.1075 0.0000
vt 0.9617 0.1073 0.0000
vt 0.9608 0.1069 0.0000
vt 0.9617 0.1069 0.0000
vt 0.9608 0.1073 0.0000
vt 0.9617 0.1071 0.0000
vt 0.9608 0.1071 0.0000
vt 0.4002 0.4773 0.0000
vt 0.4008 0.4767 0.0000
vt 0.4008 0.4769 0.0000
vt 0.4011 0.4771 0.0000
vt 0.4004 0.4775 0.0000
vt 0.4009 0.4770 0.0000
vt 0.4006 0.4777 0.0000
vt 0.7417 0.8540 0.0000
vt 0.7426 0.8538 0.0000
vt 0.7417 0.8534 0.0000
vt 0.7426 0.8534 0.0000
vt 0.7417 0.8538 0.0000
vt 0.7426 0.8536 0.0000
vt 0.7417 0.8536 0.0000
vt 0.2250 0.2920 0.0000
vt 0.2242 0.2923 0.0000
vt 0.2242 0.2920 0.0000
vt 0.2242 0.2916 0.0000
vt 0.2250 0.2918 0.0000
vt 0.2242 0.2918 0.0000
vt 0.2250 0.2916 0.0000
vt 0.6908 0.9484 0.0000
vt 0.6916 0.9482 0.0000
vt 0.6908 0.9477 0.0000
vt 0.6916 0.9477 0.0000
vt 0.6908 0.9482 0.0000
vt 0.6916 0.9480 0.0000
vt 0.6908 0.9480 0.0000
vt 0.4221 0.4541 0.0000
vt 0.4216 0.4548 0.0000
vt 0.4215 0.4547 0.0000
vt 0.4214 0.4536 0.0000
vt 0.4212 0.4545 0.0000
vt 0.4210 0.4544 0.0000
vt 0.4011 0.4552 0.0000
vt 0.4219 0.4539 0.0000
vt 0.4214 0.4545 0.0000
vt 0.4216 0.4537 0.0000
vt 0.9123 0.2311 0.0000
vt 0.9131 0.2309 0.0000
vt 0.9131 0.2311 0.0000
vt 0.9123 0.2529 0.0000
vt 0.9131 0.2529 0.0000
vt 0.9123 0.2304 0.0000
vt 0.9131 0.2304 0.0000
vt 0.9123 0.2309 0.0000
vt 0.9131 0.2306 0.0000
vt 0.9123 0.2306 0.0000
vt 0.5306 0.0741 0.0000
vt 0.5298 0.0743 0.0000
vt 0.5298 0.0741 0.0000
vt 0.5298 0.0737 0.0000
vt 0.5306 0.0739 0.0000
vt 0.5298 0.0739 0.0000
vt 0.5306 0.0737 0.0000
vt 0.9679 0.3941 0.0000
vt 0.9688 0.3939 0.0000
vt 0.9679 0.3935 0.0000
vt 0.9688 0.3935 0.0000
vt 0.9679 0.3939 0.0000
vt 0.9688 0.3937 0.0000
vt 0.9679 0.3937 0.0000
vt 0.9131 0.2535 0.0000
vt 0.9123 0.2538 0.0000
vt 0.9123 0.2535 0.0000
vt 0.9123 0.2531 0.0000
vt 0.9131 0.2533 0.0000
vt 0.9123 0.2533 0.0000
vt 0.9131 0.2531 0.0000
vt 0.4016 0.4560 0.0000
vt 0.4008 0.4554 0.0000
vt 0.4011 0.4563 0.0000
vt 0.4004 0.4558 0.0000
vt 0.4014 0.4561 0.0000
vt 0.4006 0.4556 0.0000
vt 0.4012 0.4562 0.0000
vt 0.9617 0.0855 0.0000
vt 0.9608 0.0858 0.0000
vt 0.9608 0.0855 0.0000
vt 0.9608 0.0851 0.0000
vt 0.9617 0.0853 0.0000
vt 0.9608 0.0853 0.0000
vt 0.9617 0.0851 0.0000
vt 0.9664 0.3347 0.0000
vt 0.9656 0.3349 0.0000
vt 0.9656 0.3347 0.0000
vt 0.9656 0.3343 0.0000
vt 0.9664 0.3345 0.0000
vt 0.9656 0.3345 0.0000
vt 0.9664 0.3343 0.0000
vt 0.9143 0.1209 0.0000
vt 0.9135 0.1211 0.0000
vt 0.9135 0.1209 0.0000
vt 0.9143 0.1202 0.0000
vt 0.9135 0.1205 0.0000
vt 0.9135 0.1202 0.0000
vt 0.9143 0.0984 0.0000
vt 0.9143 0.1207 0.0000
vt 0.9135 0.1207 0.0000
vt 0.9143 0.1205 0.0000
vt 0.4178 0.0869 0.0000
vt 0.4186 0.0874 0.0000
vt 0.4184 0.0876 0.0000
vt 0.3980 0.0880 0.0000
vt 0.3975 0.0888 0.0000
vt 0.4183 0.0865 0.0000
vt 0.4190 0.0870 0.0000
vt 0.4180 0.0868 0.0000
vt 0.4189 0.0872 0.0000
vt 0.4182 0.0867 0.0000
vt 0.9569 0.8956 0.0000
vt 0.9561 0.8958 0.0000
vt 0.9561 0.8956 0.0000
vt 0.9561 0.8952 0.0000
vt 0.9569 0.8954 0.0000
vt 0.9561 0.8954 0.0000
vt 0.9569 0.8952 0.0000
vt 0.7619 0.9508 0.0000
vt 0.7627 0.9505 0.0000
vt 0.7619 0.9501 0.0000
vt 0.7627 0.9501 0.0000
vt 0.7619 0.9505 0.0000
vt 0.7627 0.9503 0.0000
vt 0.7619 0.9503 0.0000
vt 0.3312 0.4725 0.0000
vt 0.3308 0.4732 0.0000
vt 0.3317 0.4728 0.0000
vt 0.3315 0.4737 0.0000
vt 0.3312 0.4736 0.0000
vt 0.3319 0.4729 0.0000
vt 0.3518 0.4721 0.0000
vt 0.3313 0.4727 0.0000
vt 0.3310 0.4734 0.0000
vt 0.3315 0.4728 0.0000
vt 0.7840 0.8954 0.0000
vt 0.7832 0.8956 0.0000
vt 0.7832 0.8954 0.0000
vt 0.7840 0.8736 0.0000
vt 0.7832 0.8736 0.0000
vt 0.7840 0.8960 0.0000
vt 0.7832 0.8960 0.0000
vt 0.7840 0.8956 0.0000
vt 0.7832 0.8958 0.0000
vt 0.7840 0.8958 0.0000
vt 0.7216 0.4574 0.0000
vt 0.7224 0.4572 0.0000
vt 0.7224 0.4574 0.0000
vt 0.7224 0.4579 0.0000
vt 0.7216 0.4577 0.0000
vt 0.7224 0.4577 0.0000
vt 0.7216 0.4579 0.0000
vt 0.2129 0.6499 0.0000
vt 0.2127 0.6505 0.0000
vt 0.2128 0.6501 0.0000
vt 0.2128 0.6503 0.0000
vt 0.7832 0.8729 0.0000
vt 0.7840 0.8727 0.0000
vt 0.7840 0.8729 0.0000
vt 0.7840 0.8734 0.0000
vt 0.7832 0.8731 0.0000
vt 0.7840 0.8731 0.0000
vt 0.7832 0.8734 0.0000
vt 0.3520 0.4719 0.0000
vt 0.3512 0.4713 0.0000
vt 0.3514 0.4712 0.0000
vt 0.3517 0.4710 0.0000
vt 0.3522 0.4717 0.0000
vt 0.3516 0.4711 0.0000
vt 0.3524 0.4715 0.0000
vt 0.9419 0.0429 0.0000
vt 0.9427 0.0427 0.0000
vt 0.9427 0.0429 0.0000
vt 0.9427 0.0434 0.0000
vt 0.9419 0.0431 0.0000
vt 0.9427 0.0431 0.0000
vt 0.9419 0.0434 0.0000
vt 0.6277 0.9304 0.0000
vt 0.6269 0.9306 0.0000
vt 0.6269 0.9304 0.0000
vt 0.6269 0.9300 0.0000
vt 0.6277 0.9302 0.0000
vt 0.6269 0.9302 0.0000
vt 0.6277 0.9300 0.0000
vt 0.3968 0.0882 0.0000
vt 0.3974 0.0875 0.0000
vt 0.3975 0.0877 0.0000
vt 0.3978 0.0879 0.0000
vt 0.3970 0.0885 0.0000
vt 0.3976 0.0878 0.0000
vt 0.3973 0.0887 0.0000
vt 0.9135 0.0984 0.0000
vt 0.9143 0.0982 0.0000
vt 0.9135 0.0978 0.0000
vt 0.9143 0.0978 0.0000
vt 0.9135 0.0982 0.0000
vt 0.9143 0.0980 0.0000
vt 0.9135 0.0980 0.0000
vt 0.0118 0.4981 0.0000
vt 0.0110 0.4983 0.0000
vt 0.0110 0.4981 0.0000
vt 0.0110 0.4977 0.0000
vt 0.0118 0.4979 0.0000
vt 0.0110 0.4979 0.0000
vt 0.0118 0.4977 0.0000
vt 0.7165 0.9127 0.0000
vt 0.7157 0.9129 0.0000
vt 0.7165 0.9134 0.0000
vt 0.7157 0.9134 0.0000
vt 0.7165 0.9129 0.0000
vt 0.7157 0.9131 0.0000
vt 0.7165 0.9131 0.0000
vt 0.4263 0.5207 0.0000
vt 0.4272 0.5210 0.0000
vt 0.4270 0.5212 0.0000
vt 0.4266 0.5217 0.0000
vt 0.4262 0.5209 0.0000
vt 0.4268 0.5214 0.0000
vt 0.4260 0.5210 0.0000
vt 0.9167 0.3447 0.0000
vt 0.9158 0.3449 0.0000
vt 0.9167 0.3453 0.0000
vt 0.9158 0.3453 0.0000
vt 0.9167 0.3449 0.0000
vt 0.9158 0.3451 0.0000
vt 0.9167 0.3451 0.0000
vt 0.2763 0.4977 0.0000
vt 0.2771 0.4975 0.0000
vt 0.2771 0.4977 0.0000
vt 0.2771 0.4981 0.0000
vt 0.2763 0.4979 0.0000
vt 0.2771 0.4979 0.0000
vt 0.2763 0.4981 0.0000
vt 0.5289 0.6515 0.0000
vt 0.5292 0.7864 0.0000
vt 0.5289 0.7864 0.0000
vt 0.5310 0.7864 0.0000
vt 0.5307 0.6515 0.0000
vt 0.5310 0.6515 0.0000
vt 0.6009 0.5602 0.0000
vt 0.6006 0.3286 0.0000
vt 0.6009 0.3286 0.0000
vt 0.5988 0.3286 0.0000
vt 0.5991 0.5602 0.0000
vt 0.5988 0.5602 0.0000
vt 0.6305 0.7911 0.0000
vt 0.6302 0.6562 0.0000
vt 0.6305 0.6562 0.0000
vt 0.6284 0.6562 0.0000
vt 0.6287 0.7911 0.0000
vt 0.6284 0.7911 0.0000
vt 0.0100 0.4233 0.0000
vt 0.2416 0.4229 0.0000
vt 0.2416 0.4233 0.0000
vt 0.2416 0.4211 0.0000
vt 0.0100 0.4215 0.0000
vt 0.0100 0.4211 0.0000
vt 0.6151 0.2416 0.0000
vt 0.6148 0.0100 0.0000
vt 0.6151 0.0100 0.0000
vt 0.6130 0.0100 0.0000
vt 0.6133 0.2416 0.0000
vt 0.6130 0.2416 0.0000
vt 0.5739 0.6586 0.0000
vt 0.5742 0.7935 0.0000
vt 0.5739 0.7935 0.0000
vt 0.5760 0.7935 0.0000
vt 0.5757 0.6586 0.0000
vt 0.5760 0.6586 0.0000
vt 0.5535 0.7935 0.0000
vt 0.5532 0.6586 0.0000
vt 0.5535 0.6586 0.0000
vt 0.5514 0.6586 0.0000
vt 0.5517 0.7935 0.0000
vt 0.5514 0.7935 0.0000
vt 0.0100 0.5985 0.0000
vt 0.2416 0.5982 0.0000
vt 0.2416 0.5985 0.0000
vt 0.2416 0.5964 0.0000
vt 0.0100 0.5967 0.0000
vt 0.0100 0.5964 0.0000
vt 0.3664 0.2274 0.0000
vt 0.3662 0.2257 0.0000
vt 0.3664 0.2254 0.0000
vt 0.5292 0.6515 0.0000
vt 0.5307 0.7864 0.0000
vt 0.5282 0.6515 0.0000
vt 0.5282 0.7864 0.0000
vt 0.5318 0.7864 0.0000
vt 0.5318 0.6515 0.0000
vt 0.6767 0.4287 0.0000
vt 0.6765 0.4270 0.0000
vt 0.6767 0.4268 0.0000
vt 0.6222 0.4761 0.0000
vt 0.6220 0.4744 0.0000
vt 0.6222 0.4742 0.0000
vt 0.6006 0.5602 0.0000
vt 0.5991 0.3286 0.0000
vt 0.5980 0.3286 0.0000
vt 0.5980 0.5602 0.0000
vt 0.6016 0.5602 0.0000
vt 0.6016 0.3286 0.0000
vt 0.5227 0.0118 0.0000
vt 0.5225 0.0101 0.0000
vt 0.5227 0.0099 0.0000
vt 0.3096 0.2274 0.0000
vt 0.3093 0.2257 0.0000
vt 0.3096 0.2254 0.0000
vt 0.6302 0.7911 0.0000
vt 0.6287 0.6562 0.0000
vt 0.6312 0.7911 0.0000
vt 0.6312 0.6562 0.0000
vt 0.6276 0.6562 0.0000
vt 0.6276 0.7911 0.0000
vt 0.3124 0.2941 0.0000
vt 0.3127 0.2958 0.0000
vt 0.3124 0.2961 0.0000
vt 0.4469 0.4643 0.0000
vt 0.4467 0.4626 0.0000
vt 0.4469 0.4623 0.0000
vt 0.0100 0.4229 0.0000
vt 0.2416 0.4215 0.0000
vt 0.2416 0.4204 0.0000
vt 0.0100 0.4204 0.0000
vt 0.0100 0.4240 0.0000
vt 0.2416 0.4240 0.0000
vt 0.4048 0.0099 0.0000
vt 0.4050 0.0116 0.0000
vt 0.4048 0.0118 0.0000
vt 0.3337 0.2941 0.0000
vt 0.3340 0.2958 0.0000
vt 0.3337 0.2961 0.0000
vt 0.6148 0.2416 0.0000
vt 0.6133 0.0100 0.0000
vt 0.6122 0.0100 0.0000
vt 0.6122 0.2416 0.0000
vt 0.6158 0.2416 0.0000
vt 0.6158 0.0100 0.0000
vt 0.5630 0.0118 0.0000
vt 0.5628 0.0101 0.0000
vt 0.5630 0.0099 0.0000
vt 0.3551 0.2941 0.0000
vt 0.3553 0.2958 0.0000
vt 0.3551 0.2961 0.0000
vt 0.5742 0.6586 0.0000
vt 0.5757 0.7935 0.0000
vt 0.5732 0.6586 0.0000
vt 0.5732 0.7935 0.0000
vt 0.5768 0.7935 0.0000
vt 0.5768 0.6586 0.0000
vt 0.0372 0.3529 0.0000
vt 0.0369 0.3512 0.0000
vt 0.0372 0.3510 0.0000
vt 0.3124 0.3628 0.0000
vt 0.3127 0.3645 0.0000
vt 0.3124 0.3648 0.0000
vt 0.5532 0.7935 0.0000
vt 0.5517 0.6586 0.0000
vt 0.5543 0.7935 0.0000
vt 0.5543 0.6586 0.0000
vt 0.5507 0.6586 0.0000
vt 0.5507 0.7935 0.0000
vt 0.3569 0.3648 0.0000
vt 0.3567 0.3631 0.0000
vt 0.3569 0.3628 0.0000
vt 0.3456 0.2254 0.0000
vt 0.3458 0.2271 0.0000
vt 0.3456 0.2274 0.0000
vt 0.0100 0.5982 0.0000
vt 0.2416 0.5967 0.0000
vt 0.2416 0.5957 0.0000
vt 0.0100 0.5957 0.0000
vt 0.0100 0.5993 0.0000
vt 0.2416 0.5993 0.0000
vt 0.3332 0.3624 0.0000
vt 0.3330 0.3607 0.0000
vt 0.3332 0.3605 0.0000
vt 0.3577 0.3648 0.0000
vt 0.3577 0.3628 0.0000
vt 0.3671 0.2274 0.0000
vt 0.3671 0.2254 0.0000
vt 0.3117 0.2941 0.0000
vt 0.3117 0.2961 0.0000
vt 0.3543 0.2941 0.0000
vt 0.3543 0.2961 0.0000
vt 0.0379 0.3529 0.0000
vt 0.0379 0.3510 0.0000
vt 0.3103 0.2274 0.0000
vt 0.3103 0.2254 0.0000
vt 0.6774 0.4287 0.0000
vt 0.6774 0.4268 0.0000
vt 0.3117 0.3628 0.0000
vt 0.3117 0.3648 0.0000
vt 0.6229 0.4761 0.0000
vt 0.6229 0.4742 0.0000
vt 0.3340 0.3624 0.0000
vt 0.3340 0.3605 0.0000
vt 0.3330 0.2941 0.0000
vt 0.3330 0.2961 0.0000
vt 0.4041 0.0099 0.0000
vt 0.4041 0.0118 0.0000
vt 0.5235 0.0118 0.0000
vt 0.5235 0.0099 0.0000
vt 0.3449 0.2254 0.0000
vt 0.3449 0.2274 0.0000
vt 0.5637 0.0118 0.0000
vt 0.5637 0.0099 0.0000
vt 0.4477 0.4643 0.0000
vt 0.4477 0.4623 0.0000
vt 0.0403 0.1443 0.0000
vt 0.0401 0.1445 0.0000
vt 0.0393 0.1445 0.0000
vt 1.7725 0.9469 0.0000
vt 1.7723 0.9470 0.0000
vt 1.7715 0.9470 0.0000
vt 0.3899 0.2261 0.0000
vt 0.3900 0.2259 0.0000
vt 0.3908 0.2259 0.0000
vt 1.8134 0.9434 0.0000
vt 1.8135 0.9433 0.0000
vt 1.8144 0.9433 0.0000
vt 0.3790 0.0117 0.0000
vt 0.3788 0.0118 0.0000
vt 0.3780 0.0118 0.0000
vt 0.3780 0.3611 0.0000
vt 0.3782 0.3609 0.0000
vt 0.3790 0.3609 0.0000
vt 0.3756 0.2924 0.0000
vt 0.3758 0.2923 0.0000
vt 0.3766 0.2923 0.0000
vt 1.6402 0.9450 0.0000
vt 1.6401 0.9451 0.0000
vt 1.6393 0.9451 0.0000
vt 0.1397 0.1443 0.0000
vt 0.1396 0.1445 0.0000
vt 0.1388 0.1445 0.0000
vt 1.6195 0.9438 0.0000
vt 1.6197 0.9437 0.0000
vt 1.6205 0.9437 0.0000
vt 0.1601 0.0745 0.0000
vt 0.1602 0.0744 0.0000
vt 0.1611 0.0744 0.0000
vt 0.1634 0.0117 0.0000
vt 0.1633 0.0118 0.0000
vt 0.1625 0.0118 0.0000
vt 0.0663 0.1467 0.0000
vt 0.0662 0.1469 0.0000
vt 0.0654 0.1469 0.0000
vt 1.6623 0.9452 0.0000
vt 1.6621 0.9453 0.0000
vt 1.6613 0.9453 0.0000
vt 0.1374 0.0757 0.0000
vt 0.1372 0.0758 0.0000
vt 0.1364 0.0758 0.0000
vt 1.7912 0.9457 0.0000
vt 1.7914 0.9456 0.0000
vt 1.7922 0.9456 0.0000
vt 0.1648 0.1432 0.0000
vt 0.1650 0.1430 0.0000
vt 0.1658 0.1430 0.0000
vt 1.9345 0.9436 0.0000
vt 1.9347 0.9435 0.0000
vt 1.9355 0.9435 0.0000
vt 0.1871 0.0117 0.0000
vt 0.1870 0.0118 0.0000
vt 0.1862 0.0118 0.0000
vt 0.0663 0.0117 0.0000
vt 0.0662 0.0118 0.0000
vt 0.0654 0.0118 0.0000
vt 0.0890 0.1432 0.0000
vt 0.0892 0.1430 0.0000
vt 0.0900 0.1430 0.0000
vt 2.3347 0.9477 0.0000
vt 2.3346 0.9479 0.0000
vt 2.3338 0.9479 0.0000
vt 0.0417 0.0105 0.0000
vt 0.0418 0.0104 0.0000
vt 0.0426 0.0104 0.0000
vt 1.5637 0.9450 0.0000
vt 1.5635 0.9451 0.0000
vt 1.5627 0.9451 0.0000
vt 0.1161 0.1467 0.0000
vt 0.1159 0.1469 0.0000
vt 0.1151 0.1469 0.0000
vt 0.1137 0.0757 0.0000
vt 0.1135 0.0758 0.0000
vt 0.1127 0.0758 0.0000
vt 0.0924 0.0117 0.0000
vt 0.0922 0.0118 0.0000
vt 0.0914 0.0118 0.0000
vt 0.1161 0.0117 0.0000
vt 0.1159 0.0118 0.0000
vt 0.1151 0.0118 0.0000
vt 0.1388 0.0105 0.0000
vt 0.1389 0.0104 0.0000
vt 0.1397 0.0104 0.0000
vt 0.0890 0.0745 0.0000
vt 0.0892 0.0743 0.0000
vt 0.0900 0.0743 0.0000
vt 0.0663 0.0757 0.0000
vt 0.0662 0.0758 0.0000
vt 0.0654 0.0758 0.0000
vt 0.0403 0.0780 0.0000
vt 0.0401 0.0782 0.0000
vt 0.0393 0.0782 0.0000
vt 0.3504 0.1561 0.0000
vt 0.3397 0.1327 0.0000
vt 0.3335 0.1156 0.0000
vt 0.3272 0.1021 0.0000
vt 0.2081 0.6478 0.0000
vt 0.1928 0.6189 0.0000
vt 0.2003 0.6315 0.0000
vt 0.2151 0.6727 0.0000
vt 0.1092 0.6634 0.0000
vt 0.0994 0.6420 0.0000
vt 0.1056 0.6593 0.0000
vt 0.1119 0.6727 0.0000
vt 0.3176 0.1429 0.0000
vt 0.3113 0.1257 0.0000
vt 0.3239 0.1563 0.0000
vt 0.3006 0.1021 0.0000
vt 0.6240 0.2881 0.0000
vt 0.6302 0.3052 0.0000
vt 0.6365 0.3186 0.0000
vt 0.6133 0.2645 0.0000
vt 0.0885 0.6185 0.0000
vt 0.1794 0.6436 0.0000
vt 0.1666 0.6214 0.0000
vt 0.1754 0.6398 0.0000
vt 0.1872 0.6600 0.0000
vt 0.1947 0.6727 0.0000
vt 0.1912 0.6638 0.0000
vt 0.1213 0.6318 0.0000
vt 0.1276 0.6489 0.0000
vt 0.1384 0.6725 0.0000
vt 0.1151 0.6185 0.0000
vt 0.6523 0.2950 0.0000
vt 0.6462 0.2778 0.0000
vt 0.6630 0.3186 0.0000
vt 0.6398 0.2644 0.0000
vt 0.6231 0.2847 0.0000
vt 0.1975 0.6310 0.0000
vt 0.0984 0.6387 0.0000
vt 0.1900 0.6605 0.0000
vt 0.3523 0.1289 0.0000
vt 0.6107 0.2905 0.0000
vt 0.6114 0.2919 0.0000
vt 0.6558 0.2712 0.0000
vt 0.6552 0.2698 0.0000
vt 0.3432 0.1091 0.0000
vt 0.3425 0.1076 0.0000
vt 0.2979 0.1281 0.0000
vt 0.2986 0.1295 0.0000
vt 0.2092 0.6242 0.0000
vt 0.2084 0.6228 0.0000
vt 0.1664 0.6472 0.0000
vt 0.1672 0.6485 0.0000
vt 0.0861 0.6444 0.0000
vt 0.0868 0.6458 0.0000
vt 0.1309 0.6252 0.0000
vt 0.1302 0.6238 0.0000
vt 0.0959 0.6658 0.0000
vt 0.0965 0.6672 0.0000
vt 0.1409 0.6464 0.0000
vt 0.1403 0.6450 0.0000
vt 0.6656 0.2927 0.0000
vt 0.6649 0.2912 0.0000
vt 0.1783 0.6674 0.0000
vt 0.1790 0.6687 0.0000
vt 0.2185 0.6398 0.0000
vt 0.6206 0.3117 0.0000
vt 0.6212 0.3131 0.0000
vt 0.3079 0.1494 0.0000
vt 0.3086 0.1509 0.0000
vt 0.9640 0.8338 0.0000
vt 0.9135 0.0866 0.0000
vt 0.2174 0.6722 0.0000
vt 0.9632 0.6387 0.0000
vt 0.9640 0.2842 0.0000
vt 0.9561 0.8840 0.0000
vt 0.0750 0.4842 0.0000
vt 0.5298 0.0626 0.0000
vt 0.6908 0.9148 0.0000
vt 0.1421 0.5093 0.0000
vt 0.8740 0.9593 0.0000
vt 0.0110 0.4865 0.0000
vt 0.6269 0.8971 0.0000
vt 0.7165 0.9463 0.0000
vt 0.2771 0.5093 0.0000
vt 0.9427 0.0545 0.0000
vt 0.2108 0.5069 0.0000
vt 0.9167 0.3565 0.0000
vt 0.7619 0.9172 0.0000
vt 0.6691 0.9084 0.0000
vt 0.2242 0.2805 0.0000
vt 0.7224 0.4690 0.0000
vt 0.6964 0.8918 0.0000
vt 0.8969 0.0096 0.0000
vt 0.9608 0.0740 0.0000
vt 0.9679 0.3711 0.0000
vt 0.9656 0.0110 0.0000
vt 0.7879 0.9324 0.0000
vt 0.7417 0.8422 0.0000
vt 0.9656 0.3119 0.0000
vt 0.9123 0.2193 0.0000
vt 0.7840 0.9072 0.0000
vt 0.3662 0.2271 0.0000
vt 0.6765 0.4285 0.0000
vt 0.6220 0.4759 0.0000
vt 0.5225 0.0116 0.0000
vt 0.3093 0.2271 0.0000
vt 0.3127 0.2944 0.0000
vt 0.4467 0.4640 0.0000
vt 0.4050 0.0101 0.0000
vt 0.3340 0.2944 0.0000
vt 0.5628 0.0116 0.0000
vt 0.3553 0.2944 0.0000
vt 0.0369 0.3527 0.0000
vt 0.3127 0.3631 0.0000
vt 0.3567 0.3645 0.0000
vt 0.3458 0.2257 0.0000
vt 0.3330 0.3622 0.0000
# 2183 texture coords

o lines
g lines
usemtl Material__26
s 1
f 129/273/101 130/274/101 131/275/101 
f 132/276/102 133/277/102 134/278/102 
f 135/279/101 136/280/101 137/281/101 
f 138/282/101 139/283/101 140/284/101 
f 141/285/103 142/286/103 143/287/103 
f 144/288/104 145/289/104 146/290/104 
f 147/291/104 148/292/104 149/293/104 
f 150/294/102 151/295/102 152/296/102 
f 153/297/103 154/298/103 155/299/103 
f 156/300/103 157/301/103 158/302/103 
f 159/303/102 160/304/102 161/305/102 
f 162/306/101 163/307/101 164/308/101 
f 165/309/105 166/310/106 167/311/107 
f 168/312/108 169/313/109 170/314/110 
f 171/315/111 172/316/112 173/317/113 
f 174/318/114 175/319/115 176/320/116 
f 177/321/117 178/322/118 179/323/115 
f 180/324/105 181/325/119 182/326/120 
f 183/327/121 184/328/122 185/329/121 
f 186/330/123 187/331/124 188/332/125 
f 189/333/126 190/334/127 191/335/128 
f 192/336/129 193/337/130 194/338/129 
f 195/339/131 196/340/131 197/341/126 
f 198/342/123 199/343/123 200/344/132 
f 201/345/133 202/346/134 203/347/135 
f 204/348/136 205/349/137 206/350/138 
f 207/351/139 208/352/140 209/353/141 
f 210/354/142 211/355/143 212/356/144 
f 213/357/145 214/358/146 215/359/110 
f 216/360/111 217/361/147 218/362/113 
f 219/363/117 220/364/148 221/365/116 
f 222/366/105 223/367/106 224/368/149 
f 225/369/117 226/370/150 227/371/151 
f 228/372/105 229/373/152 230/374/105 
f 231/375/153 232/376/154 233/377/155 
f 234/378/156 235/379/157 236/380/158 
f 237/381/159 238/382/160 239/383/161 
f 240/384/162 241/385/163 242/386/164 
f 243/387/165 244/388/166 245/389/162 
f 246/390/159 247/391/167 248/392/168 
f 249/393/142 250/394/169 251/395/170 
f 252/396/171 253/397/135 254/398/172 
f 255/399/173 256/400/174 257/401/175 
f 258/402/126 259/403/176 260/404/177 
f 261/405/123 262/406/123 263/407/123 
f 264/408/178 265/409/122 266/410/121 
f 267/411/179 268/412/180 269/413/181 
f 270/414/182 271/415/183 272/416/184 
f 273/417/136 274/418/185 275/419/138 
f 276/420/186 277/421/187 278/422/188 
f 279/423/189 280/424/143 281/425/190 
f 282/426/134 283/427/191 284/428/192 
f 285/429/170 286/430/193 287/431/170 
f 288/432/194 289/433/195 290/434/196 
f 291/435/197 292/436/198 293/437/199 
f 294/438/155 295/439/200 296/440/201 
f 297/441/202 298/442/166 299/443/166 
f 300/444/161 301/445/203 302/446/203 
f 303/447/204 304/448/205 305/449/206 
f 306/450/165 307/451/207 308/452/165 
f 309/453/208 310/454/209 311/455/210 
f 309/453/208 312/456/211 313/457/212 
f 314/458/213 312/456/211 315/459/214 
f 314/458/213 316/460/215 317/461/216 
f 318/462/217 319/463/218 320/464/219 
f 318/462/217 321/465/220 322/466/221 
f 323/467/222 321/465/220 324/468/223 
f 323/467/222 130/274/224 129/273/225 
f 325/469/226 326/470/227 327/471/228 
f 325/469/226 328/472/229 329/473/230 
f 330/474/231 328/472/229 331/475/232 
f 330/474/231 332/476/233 333/477/234 
f 334/478/235 335/479/236 336/480/237 
f 334/478/235 337/481/238 338/482/239 
f 339/483/240 337/481/238 340/484/241 
f 339/483/240 341/485/242 342/486/243 
f 343/487/244 344/488/245 345/489/246 
f 343/487/244 346/490/247 347/491/248 
f 348/492/249 346/490/247 349/493/250 
f 348/492/249 350/494/251 351/495/252 
f 352/496/253 353/497/254 354/498/255 
f 352/496/253 355/499/256 356/500/257 
f 357/501/258 355/499/256 358/502/259 
f 357/501/258 133/277/260 132/276/261 
f 359/503/262 360/504/263 361/505/264 
f 359/503/262 362/506/265 363/507/266 
f 364/508/267 362/506/265 365/509/268 
f 364/508/267 366/510/269 367/511/270 
f 368/512/271 369/513/272 370/514/273 
f 368/512/271 371/515/274 372/516/275 
f 373/517/276 371/515/274 374/518/277 
f 373/517/276 375/519/278 376/520/279 
f 377/521/280 378/522/281 379/523/282 
f 377/521/280 380/524/283 381/525/284 
f 382/526/285 380/524/283 383/527/283 
f 382/526/285 384/528/286 385/529/287 
f 386/530/288 387/531/289 388/532/289 
f 386/530/288 389/533/290 390/534/291 
f 391/535/292 389/533/290 392/536/293 
f 391/535/292 393/537/294 394/538/295 
f 395/539/296 396/540/297 397/541/297 
f 395/539/296 398/542/298 399/543/299 
f 400/544/300 398/542/298 401/545/301 
f 400/544/300 402/546/302 403/547/303 
f 404/548/253 405/549/255 406/550/255 
f 404/548/253 407/551/304 408/552/305 
f 409/553/306 407/551/304 410/554/307 
f 409/553/306 411/555/308 412/556/309 
f 413/557/310 414/558/219 415/559/218 
f 413/557/310 416/560/311 417/561/312 
f 418/562/313 416/560/311 419/563/314 
f 418/562/313 420/564/315 421/565/316 
f 422/566/317 423/567/318 424/568/318 
f 422/566/317 425/569/319 426/570/320 
f 427/571/213 425/569/319 428/572/321 
f 427/571/213 136/280/322 135/279/323 
f 429/573/324 430/574/325 431/575/237 
f 429/573/324 432/576/326 433/577/239 
f 434/578/327 432/576/326 435/579/328 
f 434/578/327 436/580/329 437/581/330 
f 438/582/331 439/583/332 440/584/333 
f 438/582/331 441/585/334 442/586/335 
f 443/587/336 441/585/334 444/588/337 
f 443/587/336 445/589/338 446/590/339 
f 447/591/340 448/592/341 449/593/342 
f 447/591/340 450/594/343 451/595/344 
f 452/596/327 450/594/343 453/597/345 
f 452/596/327 454/598/346 455/599/347 
f 456/600/331 457/601/332 458/602/348 
f 456/600/331 459/603/349 460/604/335 
f 461/605/350 459/603/349 462/606/349 
f 461/605/350 139/283/351 138/282/352 
f 463/607/353 464/608/354 465/609/355 
f 463/607/353 466/610/356 467/611/357 
f 468/612/313 466/610/356 469/613/358 
f 468/612/313 470/614/359 471/615/360 
f 472/616/317 473/617/361 474/618/318 
f 472/616/317 475/619/362 476/620/320 
f 477/621/363 475/619/362 478/622/364 
f 477/621/363 479/623/365 480/624/366 
f 481/625/367 482/626/368 483/627/369 
f 481/625/367 484/628/370 485/629/371 
f 486/630/372 484/628/370 487/631/373 
f 486/630/372 488/632/374 489/633/375 
f 490/634/376 491/635/377 492/636/378 
f 490/634/376 493/637/379 494/638/380 
f 495/639/381 493/637/379 496/640/382 
f 495/639/381 142/286/383 141/285/384 
f 497/641/385 498/642/386 499/643/387 
f 497/641/385 500/644/388 501/645/389 
f 502/646/390 500/644/388 503/647/388 
f 502/646/390 504/648/391 505/649/392 
f 506/650/393 507/651/394 508/652/394 
f 506/650/393 509/653/395 510/654/396 
f 511/655/397 509/653/395 512/656/398 
f 511/655/397 513/657/399 514/658/400 
f 515/659/401 516/660/402 517/661/403 
f 515/659/401 518/662/404 519/663/405 
f 520/664/390 518/662/404 521/665/406 
f 520/664/390 522/666/407 523/667/408 
f 524/668/393 525/669/409 526/670/394 
f 524/668/393 527/671/410 528/672/396 
f 529/673/411 527/671/410 530/674/412 
f 529/673/411 531/675/413 532/676/414 
f 533/677/415 534/678/416 535/679/417 
f 533/677/415 536/680/418 537/681/419 
f 538/682/372 536/680/418 539/683/420 
f 538/682/372 540/684/421 541/685/422 
f 542/686/423 543/687/424 544/688/425 
f 542/686/423 545/689/426 546/690/427 
f 547/691/428 545/689/426 548/692/429 
f 547/691/428 549/693/430 550/694/431 
f 551/695/432 552/696/433 553/697/434 
f 554/698/435 555/699/436 551/695/432 
f 554/698/435 556/700/437 557/701/438 
f 558/702/439 559/703/440 556/700/437 
f 560/704/441 561/705/442 562/706/442 
f 563/707/443 564/708/444 560/704/441 
f 563/707/443 565/709/445 566/710/446 
f 567/711/447 568/712/448 565/709/445 
f 569/713/449 570/714/450 571/715/451 
f 572/716/452 573/717/453 569/713/449 
f 572/716/452 574/718/454 575/719/455 
f 576/720/456 577/721/457 574/718/454 
f 578/722/458 579/723/459 580/724/460 
f 581/725/461 582/726/462 578/722/458 
f 581/725/461 583/727/463 584/728/464 
f 585/729/465 586/730/466 583/727/463 
f 587/731/467 588/732/468 589/733/469 
f 590/734/470 591/735/471 587/731/467 
f 590/734/470 592/736/472 593/737/473 
f 594/738/474 595/739/475 592/736/472 
f 596/740/476 597/741/477 598/742/478 
f 599/743/479 600/744/480 596/740/476 
f 599/743/479 601/745/481 602/746/482 
f 603/747/483 604/748/484 601/745/481 
f 605/749/485 606/750/486 607/751/486 
f 608/752/487 609/753/488 605/749/485 
f 608/752/487 610/754/489 611/755/490 
f 612/756/491 613/757/492 610/754/489 
f 614/758/493 615/759/494 616/760/495 
f 617/761/496 618/762/497 614/758/493 
f 617/761/496 619/763/498 620/764/499 
f 621/765/500 622/766/501 619/763/498 
f 623/767/502 624/768/503 625/769/503 
f 626/770/504 627/771/505 623/767/502 
f 626/770/504 628/772/506 629/773/507 
f 630/774/508 631/775/509 628/772/506 
f 632/776/510 633/777/511 634/778/512 
f 635/779/513 636/780/514 632/776/510 
f 635/779/513 637/781/515 638/782/516 
f 639/783/517 640/784/518 637/781/515 
f 641/785/519 642/786/520 643/787/521 
f 641/785/519 644/788/522 645/789/523 
f 646/790/524 647/791/525 644/788/522 
f 648/792/526 649/793/527 647/791/525 
f 650/794/528 651/795/529 652/796/530 
f 653/797/531 654/798/532 650/794/528 
f 653/797/531 146/290/533 145/289/534 
f 655/799/535 656/800/536 146/290/533 
f 657/801/537 658/802/538 659/803/539 
f 660/804/540 661/805/541 657/801/537 
f 660/804/540 662/806/542 663/807/543 
f 664/808/544 665/809/545 662/806/542 
f 666/810/546 667/811/547 668/812/547 
f 669/813/548 670/814/549 666/810/546 
f 669/813/548 671/815/550 672/816/551 
f 673/817/552 674/818/553 671/815/550 
f 675/819/554 147/291/555 676/820/556 
f 677/821/557 148/292/558 675/819/554 
f 677/821/557 678/822/559 679/823/560 
f 680/824/561 681/825/562 678/822/559 
f 682/826/563 683/827/564 684/828/565 
f 685/829/566 686/830/567 682/826/563 
f 685/829/566 687/831/568 688/832/569 
f 689/833/570 690/834/571 687/831/568 
f 691/835/572 692/836/281 693/837/573 
f 691/835/572 694/838/574 695/839/575 
f 696/840/576 694/838/574 697/841/577 
f 696/840/576 698/842/578 699/843/579 
f 700/844/580 701/845/581 702/846/582 
f 700/844/580 703/847/583 704/848/584 
f 705/849/585 703/847/583 706/850/583 
f 705/849/585 151/295/586 150/294/587 
f 707/851/588 708/852/589 709/853/590 
f 707/851/588 710/854/591 711/855/592 
f 712/856/593 710/854/591 713/857/250 
f 712/856/593 714/858/594 715/859/595 
f 716/860/596 717/861/597 718/862/598 
f 716/860/596 719/863/599 720/864/600 
f 721/865/601 719/863/599 722/866/602 
f 721/865/601 723/867/603 724/868/604 
f 725/869/605 726/870/606 727/871/403 
f 725/869/605 728/872/607 729/873/608 
f 730/874/609 728/872/607 731/875/610 
f 730/874/609 732/876/611 733/877/612 
f 734/878/613 735/879/614 736/880/615 
f 734/878/613 737/881/616 738/882/617 
f 739/883/618 737/881/616 740/884/619 
f 739/883/618 154/298/620 153/297/621 
f 741/885/622 742/886/416 743/887/417 
f 741/885/622 744/888/623 745/889/624 
f 746/890/625 744/888/623 747/891/623 
f 746/890/625 748/892/626 749/893/627 
f 750/894/628 751/895/629 752/896/630 
f 750/894/628 753/897/631 754/898/632 
f 755/899/633 753/897/631 756/900/634 
f 755/899/633 757/901/635 758/902/636 
f 759/903/637 760/904/638 761/905/639 
f 759/903/637 762/906/640 763/907/641 
f 764/908/642 762/906/640 765/909/640 
f 764/908/642 766/910/643 767/911/644 
f 768/912/645 769/913/646 770/914/646 
f 768/912/645 771/915/647 772/916/648 
f 773/917/649 771/915/647 774/918/650 
f 773/917/649 157/301/651 156/300/652 
f 775/919/653 776/920/654 777/921/655 
f 775/919/653 778/922/656 779/923/657 
f 780/924/658 778/922/656 781/925/659 
f 780/924/658 782/926/660 783/927/661 
f 784/928/662 785/929/663 786/930/664 
f 784/928/662 787/931/665 788/932/666 
f 789/933/397 787/931/665 790/934/667 
f 789/933/397 791/935/668 792/936/669 
f 793/937/244 794/938/670 795/939/671 
f 793/937/244 796/940/672 797/941/673 
f 798/942/674 796/940/672 799/943/675 
f 798/942/674 800/944/676 801/945/677 
f 802/946/678 803/947/679 804/948/680 
f 802/946/678 805/949/681 806/947/682 
f 807/950/683 805/949/681 808/951/684 
f 807/950/683 160/304/685 159/303/686 
f 809/952/687 810/953/688 811/954/689 
f 809/952/687 812/955/690 813/956/691 
f 814/957/692 812/955/690 815/958/690 
f 814/957/692 816/959/693 817/960/694 
f 818/961/695 819/962/696 820/963/697 
f 818/961/695 821/964/698 822/965/699 
f 823/966/700 821/964/698 824/967/701 
f 823/966/700 825/968/702 826/969/703 
f 827/970/704 828/971/342 829/972/341 
f 827/970/704 830/973/705 831/974/706 
f 832/975/240 830/973/705 833/976/707 
f 832/975/240 834/977/708 835/978/709 
f 836/979/710 837/980/227 838/981/228 
f 836/979/710 839/982/711 840/983/712 
f 841/984/713 839/982/711 842/985/714 
f 841/984/713 163/307/715 162/306/352 
f 843/986/353 844/987/716 845/988/355 
f 843/986/353 846/989/717 847/990/718 
f 848/991/719 846/989/717 849/992/720 
f 848/991/719 850/993/721 851/994/722 
f 852/995/723 853/996/724 854/997/209 
f 852/995/723 855/998/725 856/999/726 
f 857/1000/727 855/998/725 858/1001/728 
f 857/1000/727 859/1002/729 860/1003/730 
f 167/311/107 311/455/210 310/454/209 
f 861/1004/721 862/1005/115 130/274/224 
f 336/480/237 163/307/715 863/1006/731 
f 845/988/355 316/460/215 864/1007/732 
f 320/464/219 865/1008/733 866/1009/734 
f 867/1010/338 868/1011/735 332/476/233 
f 327/471/228 173/317/113 172/316/112 
f 869/1012/242 168/312/108 341/485/242 
f 870/1013/736 345/489/246 344/488/245 
f 871/1014/737 872/1015/738 375/519/278 
f 354/498/255 248/392/168 247/391/167 
f 873/1016/739 874/1017/740 350/494/251 
f 133/277/260 397/541/297 396/540/297 
f 361/505/264 393/537/294 875/1018/741 
f 370/514/273 236/380/158 235/379/157 
f 876/1019/742 231/375/153 366/510/269 
f 877/1020/743 379/523/282 378/522/281 
f 878/1021/744 879/1022/736 411/555/308 
f 388/532/289 293/437/199 292/436/198 
f 880/1023/745 294/438/155 384/528/286 
f 406/550/255 305/449/206 304/448/205 
f 881/1024/739 882/1025/746 402/546/302 
f 883/1026/747 415/559/218 414/558/219 
f 884/1027/233 885/1028/735 445/589/338 
f 424/568/318 170/314/110 169/313/109 
f 886/1029/748 171/315/111 420/564/315 
f 431/575/237 139/283/351 887/1030/731 
f 465/609/355 136/280/322 888/1031/732 
f 440/584/333 179/323/115 178/322/118 
f 889/1032/749 890/1033/107 436/580/329 
f 891/1034/735 449/593/342 448/592/341 
f 892/1035/750 893/1036/734 479/623/365 
f 458/602/348 227/371/151 226/370/150 
f 894/1037/751 895/1038/752 454/598/346 
f 474/618/318 215/359/110 214/358/146 
f 896/1039/753 216/360/111 470/614/359 
f 897/1040/754 483/627/369 482/626/368 
f 898/1041/755 899/1042/756 513/657/399 
f 492/636/378 185/329/121 184/328/122 
f 900/1043/421 192/336/129 488/632/374 
f 142/286/383 535/679/417 534/678/416 
f 499/643/387 531/675/413 901/1044/757 
f 508/652/394 191/335/128 190/334/127 
f 902/1045/391 903/1046/758 504/648/391 
f 904/1047/759 517/661/403 516/660/402 
f 905/1048/760 906/1049/754 549/693/430 
f 526/670/394 260/404/177 259/403/176 
f 907/1050/391 261/405/123 522/666/407 
f 544/688/425 266/410/121 265/409/122 
f 908/1051/421 255/399/173 540/684/421 
f 909/1052/761 553/697/434 552/696/433 
f 910/1053/466 911/1054/762 586/730/466 
f 562/706/442 254/398/172 253/397/135 
f 912/1055/440 913/1056/144 559/703/440 
f 568/712/448 607/751/486 606/750/486 
f 571/715/451 604/748/484 914/1057/484 
f 580/724/460 209/353/141 208/352/140 
f 915/1058/763 204/348/136 577/721/457 
f 916/1059/764 589/733/469 588/732/468 
f 917/1060/765 918/1061/766 622/766/501 
f 598/742/478 278/422/188 277/421/187 
f 919/1062/475 273/417/136 595/739/475 
f 616/760/495 290/434/196 289/433/195 
f 920/1063/767 921/1064/768 613/757/492 
f 922/1065/761 625/769/503 624/768/503 
f 923/1066/769 924/1067/770 656/800/536 
f 634/778/512 206/350/138 205/349/137 
f 925/1068/509 207/351/139 631/775/509 
f 147/291/555 926/1069/771 676/820/556 
f 643/787/521 674/818/553 927/1070/772 
f 652/796/530 212/356/144 211/355/143 
f 928/1071/773 201/345/133 649/793/527 
f 929/1072/764 659/803/539 658/802/538 
f 930/1073/774 931/1074/775 690/834/571 
f 668/812/547 281/425/190 280/424/143 
f 932/1075/776 933/1076/777 665/809/545 
f 684/828/565 275/419/138 274/418/185 
f 934/1077/778 276/420/186 681/825/562 
f 935/1078/779 693/837/573 692/836/281 
f 936/1079/780 937/1080/781 723/867/603 
f 702/846/582 299/443/166 298/442/166 
f 938/1081/782 939/1082/206 698/842/578 
f 810/953/688 940/1083/783 811/954/689 
f 709/853/590 160/304/685 941/1084/784 
f 718/862/598 296/440/201 295/439/200 
f 942/1085/785 291/435/197 714/858/594 
f 943/1086/786 727/871/403 726/870/606 
f 944/1087/760 945/1088/754 757/901/635 
f 736/880/615 257/401/175 256/400/174 
f 946/1089/787 264/408/178 732/876/611 
f 154/298/620 777/921/655 776/920/654 
f 743/887/417 157/301/651 947/1090/788 
f 752/896/630 269/413/181 268/412/180 
f 948/1091/789 270/414/182 748/892/626 
f 949/1092/790 761/905/639 760/904/638 
f 950/1093/791 951/1094/792 791/935/668 
f 770/914/646 200/344/132 199/343/123 
f 952/1095/643 195/339/131 766/910/643 
f 786/930/664 194/338/129 193/337/130 
f 953/1096/793 183/327/121 782/926/660 
f 954/1097/736 795/939/671 794/938/670 
f 955/1098/794 956/1099/795 825/968/702 
f 804/948/680 233/377/155 232/376/154 
f 957/1100/796 234/378/156 800/944/676 
f 820/963/697 242/386/164 241/385/163 
f 958/1101/693 959/1102/797 816/959/693 
f 960/1103/735 829/972/341 828/971/342 
f 961/1104/365 962/1105/734 859/1002/729 
f 838/981/228 218/362/113 217/361/147 
f 963/1106/242 213/357/145 834/977/708 
f 854/997/209 224/368/149 223/367/106 
f 964/1107/798 965/1108/799 850/993/721 
f 966/1109/103 166/1110/103 967/1111/103 
f 167/311/101 174/318/101 165/309/101 
f 966/1112/800 967/1113/801 165/1114/800 
f 968/1115/102 176/1116/102 175/1117/102 
f 969/1118/101 241/1119/802 970/1120/101 
f 242/386/102 237/381/102 240/384/102 
f 969/1121/800 970/1122/800 240/1123/800 
f 971/1124/803 239/1125/104 238/1126/803 
f 972/1127/104 199/1128/803 973/1129/104 
f 197/341/103 200/344/103 195/339/103 
f 972/1130/800 973/1131/800 198/1132/801 
f 974/1133/101 196/340/101 975/1134/101 
f 976/1135/102 251/1136/102 250/1137/804 
f 254/398/104 249/393/104 252/396/104 
f 977/1138/805 978/1139/806 252/1140/807 
f 977/1141/103 253/1142/808 978/1143/103 
f 979/1144/101 259/1145/809 980/1146/101 
f 258/402/103 261/405/103 263/407/103 
f 979/1147/805 980/1148/805 258/1149/805 
f 981/1150/810 262/1151/104 982/1152/810 
f 692/836/102 152/296/102 723/867/102 
f 983/1153/104 984/1154/104 935/1155/104 
f 985/1156/811 986/1157/812 936/1158/811 
f 983/1159/813 693/1160/814 984/1161/813 
f 378/522/102 987/1162/102 411/555/102 
f 988/1163/104 989/1164/104 877/1165/104 
f 990/1166/815 991/1167/812 878/1168/816 
f 988/1169/813 379/1170/814 989/1171/813 
f 624/768/104 144/288/104 656/800/104 
f 992/1172/102 993/1173/102 922/1174/102 
f 994/1175/817 995/1176/801 923/1177/818 
f 992/1178/807 625/1179/819 993/1180/807 
f 552/696/104 996/1181/104 586/730/104 
f 997/1182/102 998/1183/102 909/1184/102 
f 999/1185/818 1000/1186/801 910/1187/817 
f 997/1188/807 553/1189/820 998/1190/807 
f 414/558/101 137/281/101 445/589/101 
f 1001/1191/102 1002/1192/102 883/1193/102 
f 1001/1194/801 415/1195/818 1002/1196/801 
f 1003/1197/819 1004/1198/807 884/1199/819 
f 319/463/101 131/275/101 332/476/101 
f 1005/1200/102 866/1201/102 865/1202/102 
f 1005/1203/801 320/1204/817 866/1205/801 
f 1006/1206/819 1007/1207/807 867/1208/821 
f 794/938/102 161/305/102 825/968/102 
f 1008/1209/101 1009/1210/101 954/1211/101 
f 1008/1212/822 795/1213/823 1009/1214/822 
f 1010/1215/824 1011/1216/825 955/1217/826 
f 344/488/102 134/278/102 375/519/102 
f 1012/1218/101 1013/1219/101 870/1220/101 
f 1012/1221/822 345/1222/823 1013/1223/822 
f 1014/1224/824 1015/1225/825 871/1226/826 
f 448/592/101 140/284/101 479/623/101 
f 1016/1227/103 1017/1228/103 891/1229/103 
f 1016/1230/827 449/1231/828 1017/1232/827 
f 1018/1233/829 1019/1234/800 892/1235/830 
f 828/971/101 164/308/101 859/1002/101 
f 1020/1236/103 1021/1237/103 960/1238/103 
f 1020/1239/827 829/1240/831 1021/1241/827 
f 1022/1242/830 1023/1243/832 961/1244/829 
f 760/904/103 158/302/103 791/935/103 
f 1024/1245/101 1025/1246/101 949/1247/101 
f 1024/1248/825 761/905/824 1025/1249/825 
f 1026/1250/823 1027/1251/822 950/1252/833 
f 482/626/103 143/287/103 513/657/103 
f 1028/1253/101 1029/1254/101 897/1255/101 
f 1028/1256/825 483/1257/824 1029/1258/825 
f 1030/1259/823 1031/1260/822 898/1261/833 
f 1032/1262/102 221/1263/102 220/1264/102 
f 965/1108/101 222/366/101 224/368/101 
f 1033/1265/800 1034/1266/800 222/1267/800 
f 1033/1268/103 223/1269/103 1034/1270/103 
f 516/660/103 1035/1271/103 549/693/103 
f 1036/1272/104 1037/1273/104 904/1274/104 
f 1038/1275/814 1039/1276/813 905/1277/834 
f 1036/1278/812 517/1279/811 1037/1280/812 
f 1040/1281/808 182/1282/103 181/1283/808 
f 180/324/101 179/323/101 890/1033/101 
f 1041/1284/805 1042/1285/835 177/1286/805 
f 1041/1287/102 178/1288/836 1042/1289/102 
f 588/732/104 1043/1290/104 622/766/104 
f 1044/1291/103 1045/1292/103 916/1293/103 
f 1046/1294/828 1047/1295/827 917/1296/831 
f 1044/1297/800 589/1298/829 1045/1299/800 
f 726/870/103 155/299/103 757/901/103 
f 1048/1300/104 1049/1301/104 943/1302/104 
f 1050/1303/814 1051/1304/813 944/1305/834 
f 1048/1306/812 727/1307/811 1049/1308/812 
f 1052/1309/104 188/1310/104 187/1311/104 
f 191/335/103 186/330/103 189/333/103 
f 1053/1312/805 1054/1313/805 189/1314/805 
f 1055/1315/809 308/1316/101 307/1317/809 
f 305/449/102 306/450/102 303/447/102 
f 1056/1318/805 1057/1319/805 303/1320/805 
f 1056/1321/104 304/1322/837 1057/1323/104 
f 658/802/104 149/293/104 690/834/104 
f 1058/1324/103 1059/1325/103 929/1326/103 
f 1060/1327/831 1061/1328/827 930/1329/838 
f 1058/1330/832 659/1331/830 1059/1332/832 
f 1062/1333/103 284/1334/103 283/1335/103 
f 281/425/104 282/426/104 279/423/104 
f 1063/1336/800 1064/1337/832 279/1338/800 
f 1063/1339/102 280/1340/102 1064/1341/102 
f 1065/1342/808 230/1343/103 229/1344/808 
f 227/371/101 228/372/101 225/369/101 
f 1066/1345/805 1067/1346/839 225/1347/827 
f 1066/1348/102 226/1349/836 1067/1350/102 
f 1068/1351/104 247/1352/837 1069/1353/104 
f 874/1017/102 246/390/102 248/392/102 
f 1068/1354/805 1069/1355/805 246/1356/805 
f 1070/1357/809 245/1358/101 244/1359/809 
f 1071/1360/836 287/1361/102 286/1362/836 
f 288/432/104 921/1064/104 285/429/104 
f 1072/1363/805 1073/1364/840 288/1365/805 
f 1074/1366/104 302/1367/104 301/1368/104 
f 297/441/102 939/1082/102 300/444/102 
f 1075/1369/800 1076/1370/800 297/1371/800 
f 1075/1372/101 298/1373/101 1076/1374/101 
f 1077/1375/104 268/1376/104 1078/1377/104 
f 269/413/103 272/416/103 267/411/103 
f 1077/1378/800 1078/1379/800 267/1380/800 
f 1079/1381/102 211/1382/102 1080/1383/102 
f 210/354/104 201/345/104 203/347/104 
f 1079/1384/800 1080/1385/800 210/1386/800 
f 1072/1387/103 289/1388/808 1073/1389/103 
f 1081/1390/103 202/1391/103 1082/1392/103 
f 1053/1393/101 190/1394/809 1054/1395/101 
f 1083/1396/101 271/1397/101 1084/1398/101 
f 1085/1399/841 238/1126/803 958/1400/842 
f 819/962/102 161/305/102 816/959/102 
f 1086/1401/836 440/1402/843 178/1288/836 
f 439/583/101 137/281/101 436/580/101 
f 1087/1403/102 172/1404/844 1088/1405/102 
f 1089/1406/845 1088/1405/102 886/1407/846 
f 170/314/101 173/317/101 168/312/101 
f 423/567/101 137/281/101 420/564/101 
f 1090/1408/847 169/1409/103 1091/1410/103 
f 1092/1411/103 424/1412/848 169/1409/103 
f 1093/1413/849 181/1283/808 889/1414/849 
f 1094/1415/103 311/1416/848 166/1110/103 
f 310/454/101 131/275/101 130/274/101 
f 1095/1417/850 1091/1410/103 869/1418/850 
f 326/470/101 131/275/101 341/485/101 
f 1096/1419/844 327/1420/851 172/1404/844 
f 1097/1421/845 175/1117/102 861/1422/846 
f 1098/1423/104 184/1424/104 1099/1425/104 
f 194/338/103 185/329/103 192/336/103 
f 1100/1426/104 492/1427/852 184/1424/104 
f 491/635/103 143/287/103 488/632/103 
f 1101/1428/853 187/1311/104 902/1429/853 
f 507/651/103 143/287/103 504/648/103 
f 1102/1430/809 508/1431/854 190/1394/809 
f 1103/1432/101 193/1433/101 1104/1434/101 
f 1105/1435/855 1104/1434/101 900/1436/855 
f 1106/1437/101 786/1438/856 193/1433/101 
f 785/929/103 158/302/103 782/926/103 
f 1107/1439/857 975/1134/101 952/1095/857 
f 769/913/103 158/302/103 766/910/103 
f 1108/1440/803 770/1441/841 199/1128/803 
f 1109/1442/858 1099/1425/104 953/1443/859 
f 1110/1444/103 205/1445/847 1111/1446/103 
f 206/350/104 209/353/104 204/348/104 
f 1112/1447/103 634/1448/850 205/1445/847 
f 633/777/104 144/288/104 631/775/104 
f 1113/1449/844 208/1450/102 1114/1451/844 
f 1115/1452/851 1114/1451/844 925/1453/851 
f 1116/1454/102 652/1455/845 211/1382/102 
f 651/795/104 144/288/104 649/793/104 
f 1117/1456/848 1082/1392/103 928/1457/860 
f 1118/1458/803 265/1459/104 1119/1460/803 
f 266/410/103 257/401/103 264/408/103 
f 1120/1461/104 544/1462/861 265/1459/104 
f 255/399/103 543/687/103 540/684/103 
f 1121/1463/101 256/1464/802 1122/1465/101 
f 1123/1466/862 1122/1465/101 908/1467/862 
f 1124/1468/853 982/1152/810 907/1469/853 
f 525/669/103 1035/1271/103 522/666/103 
f 1125/1470/843 250/1137/804 912/1471/843 
f 561/705/104 996/1181/104 559/703/104 
f 1126/1472/102 580/1473/845 208/1450/102 
f 579/723/104 996/1181/104 577/721/104 
f 1127/1474/808 562/1475/849 253/1142/808 
f 1128/1476/848 1111/1446/103 915/1477/848 
f 1129/1478/802 736/1479/863 256/1464/802 
f 735/879/103 155/299/103 732/876/103 
f 1130/1480/864 1119/1460/803 946/1481/864 
f 1131/1482/845 220/1264/102 964/1483/846 
f 853/996/101 164/308/101 850/993/101 
f 1132/1484/809 526/1485/854 259/1145/809 
f 1133/1486/104 752/1487/861 268/1376/104 
f 751/895/103 155/299/103 748/892/103 
f 1134/1488/855 1084/1398/101 948/1489/862 
f 1135/1490/837 406/1491/865 304/1322/837 
f 405/549/102 987/1162/102 402/546/102 
f 1136/1492/103 854/1493/848 223/1269/103 
f 1137/1494/866 214/1495/103 1138/1496/866 
f 1139/1497/867 1138/1496/866 963/1498/850 
f 218/362/101 215/359/101 216/360/101 
f 837/980/101 164/308/101 834/977/101 
f 1140/1499/102 217/1500/868 1141/1501/102 
f 1142/1502/868 838/1503/869 217/1500/868 
f 1143/1504/104 232/1505/104 1144/1506/104 
f 236/380/102 233/377/102 234/378/102 
f 1145/1507/104 804/1508/858 232/1505/104 
f 803/947/102 161/305/102 800/944/102 
f 1146/1509/101 235/1510/101 1147/1511/101 
f 1148/1512/856 1147/1511/101 957/1513/856 
f 1149/1514/101 370/1515/855 235/1510/101 
f 369/513/102 134/278/102 366/510/102 
f 1150/1516/852 1144/1506/104 876/1517/852 
f 1151/1518/868 277/1519/102 1152/1520/868 
f 278/422/104 275/419/104 276/420/104 
f 1153/1521/102 598/1522/845 277/1519/102 
f 597/741/104 1043/1290/104 595/739/104 
f 1154/1523/851 1152/1520/868 934/1524/851 
f 683/827/104 149/293/104 681/825/104 
f 1155/1525/104 295/1526/870 1156/1527/104 
f 1157/1528/861 1156/1527/104 880/1529/861 
f 296/440/102 293/437/102 294/438/102 
f 387/531/102 987/1162/102 384/528/102 
f 1158/1530/871 292/1531/101 1159/1532/871 
f 1160/1533/101 388/1534/862 292/1531/101 
f 1161/1535/870 718/1536/872 295/1526/870 
f 717/861/102 152/296/102 714/858/102 
f 1162/1537/103 274/1538/866 1163/1539/103 
f 1164/1540/866 684/1541/867 274/1538/866 
f 1165/1542/103 474/1543/848 214/1495/103 
f 473/617/101 140/284/101 470/614/101 
f 1166/1544/845 1141/1501/102 896/1545/845 
f 1167/1546/836 458/1547/843 226/1349/836 
f 457/601/101 140/284/101 454/598/101 
f 1168/1548/873 229/1344/808 894/1549/873 
f 1169/1550/854 244/1359/809 873/1551/874 
f 353/497/102 134/278/102 350/494/102 
f 1170/1552/837 354/1553/865 247/1352/837 
f 1171/1554/802 820/1555/857 241/1119/802 
f 1172/1556/848 1163/1539/103 919/1557/860 
f 1173/1558/843 286/1362/836 920/1559/875 
f 615/759/104 1043/1290/104 613/757/104 
f 1174/1560/848 283/1335/103 932/1561/860 
f 667/811/104 149/293/104 665/809/104 
f 1175/1562/863 1159/1532/871 942/1563/863 
f 1176/1564/102 668/1565/845 280/1340/102 
f 1177/1566/808 616/1567/873 289/1388/808 
f 1178/1568/861 301/1368/104 938/1569/861 
f 701/845/102 152/296/102 698/842/102 
f 1179/1570/874 307/1317/809 881/1571/874 
f 1180/1572/101 702/1573/855 298/1373/101 
f 312/456/101 317/461/101 131/275/101 
f 309/1574/876 1181/1575/860 1182/1576/876 
f 864/1577/877 1183/1578/878 1184/1579/879 
f 1184/1579/879 845/1580/880 864/1577/877 
f 335/479/101 131/275/101 316/460/101 
f 315/1581/881 1182/1576/876 1185/1582/881 
f 314/1583/882 1185/1582/881 1183/1578/878 
f 321/465/101 129/273/101 131/275/101 
f 318/1584/883 1186/1585/818 1187/1586/883 
f 861/1422/846 1188/1587/884 1097/1421/845 
f 324/1588/885 1187/1586/883 1189/1589/885 
f 323/1590/886 1189/1589/885 1188/1587/884 
f 328/472/101 333/477/101 131/275/101 
f 325/1591/887 1190/1592/851 1191/1593/888 
f 867/1208/821 1192/1594/889 1006/1206/819 
f 331/1595/890 1191/1593/888 1193/1596/890 
f 330/1597/891 1193/1596/890 1192/1594/889 
f 337/481/101 342/486/101 131/275/101 
f 1194/1598/892 334/1599/893 336/1600/894 
f 1195/1601/895 336/1600/894 863/1602/896 
f 1196/1603/897 869/1418/850 339/1604/897 
f 1197/1605/898 340/1606/899 334/1599/893 
f 1198/1607/899 339/1604/897 340/1606/899 
f 346/490/102 351/495/102 134/278/102 
f 343/1608/900 1199/1609/833 1200/1610/901 
f 873/1551/874 1201/1611/902 1169/1550/854 
f 349/1612/903 1200/1610/901 1202/1613/903 
f 348/1614/902 1202/1613/903 1201/1611/902 
f 355/499/102 132/276/102 134/278/102 
f 352/1615/904 1203/1616/865 1204/1617/904 
f 1205/1618/905 1206/1619/906 1207/1620/905 
f 1207/1620/905 397/1621/907 1205/1618/905 
f 396/540/102 987/1162/102 393/537/102 
f 358/1622/908 1204/1617/904 1208/1623/908 
f 357/1624/906 1208/1623/908 1206/1619/906 
f 362/506/102 367/511/102 134/278/102 
f 359/1625/909 1209/1626/910 1210/1627/909 
f 1211/1628/911 361/1629/910 875/1630/911 
f 876/1517/852 1212/1631/912 1150/1516/852 
f 365/1632/913 1210/1627/909 1213/1633/913 
f 364/1634/912 1213/1633/913 1212/1631/912 
f 371/515/102 376/520/102 134/278/102 
f 368/1635/914 1214/1636/855 1215/1637/914 
f 871/1226/826 1216/1638/915 1014/1224/824 
f 374/1639/916 1215/1637/914 1217/1640/916 
f 373/1641/915 1217/1640/916 1216/1638/915 
f 380/524/102 385/529/102 987/1162/102 
f 377/1642/917 1218/1643/834 1219/1644/917 
f 880/1529/861 1220/1645/912 1157/1528/861 
f 383/1646/913 1219/1644/917 1221/1647/913 
f 382/1648/912 1221/1647/913 1220/1645/912 
f 389/533/102 394/538/102 987/1162/102 
f 1222/1649/862 386/1650/914 388/1534/862 
f 1223/1651/918 875/1630/911 391/1652/918 
f 1224/1653/914 392/1654/916 386/1650/914 
f 1225/1655/916 391/1652/918 392/1654/916 
f 398/542/102 403/547/102 987/1162/102 
f 1226/1656/919 395/1657/900 397/1621/907 
f 1227/1658/902 881/1571/874 400/1659/902 
f 1228/1660/900 401/1661/903 395/1657/900 
f 1229/1662/903 400/1659/902 401/1661/903 
f 407/551/102 412/556/102 987/1162/102 
f 404/1663/904 1230/1664/865 1231/1665/904 
f 878/1168/816 1232/1666/906 990/1166/815 
f 410/1667/908 1231/1665/904 1233/1668/908 
f 409/1669/906 1233/1668/908 1232/1666/906 
f 416/560/101 421/565/101 137/281/101 
f 413/1670/883 1234/1671/817 1235/1672/883 
f 886/1407/846 1236/1673/884 1089/1406/845 
f 419/1674/885 1235/1672/883 1237/1675/920 
f 418/1676/884 1237/1675/920 1236/1673/884 
f 425/569/101 135/279/101 137/281/101 
f 1238/1677/860 422/1678/876 424/1412/848 
f 1239/1679/882 888/1680/921 427/1681/882 
f 1240/1682/921 465/1683/922 888/1680/921 
f 136/280/101 430/574/101 137/281/101 
f 1241/1684/876 428/1685/881 422/1678/876 
f 1242/1686/881 427/1681/882 428/1685/881 
f 432/576/101 437/581/101 137/281/101 
f 429/1687/893 1243/1688/923 1244/1689/924 
f 1245/1690/896 431/1691/892 887/1692/895 
f 889/1414/849 1246/1693/925 1093/1413/849 
f 435/1694/926 1244/1689/924 1247/1695/927 
f 434/1696/925 1247/1695/927 1246/1693/925 
f 441/585/101 446/590/101 137/281/101 
f 438/1697/928 1248/1698/843 1249/1699/928 
f 884/1199/819 1250/1700/929 1003/1197/819 
f 444/1701/930 1249/1699/928 1251/1702/931 
f 443/1703/932 1251/1702/931 1250/1700/929 
f 450/594/101 455/599/101 140/284/101 
f 447/1704/893 1252/1705/831 1253/1706/933 
f 894/1549/873 1254/1707/925 1168/1548/873 
f 453/1708/934 1253/1706/933 1255/1709/927 
f 452/1710/925 1255/1709/927 1254/1707/925 
f 459/603/101 138/282/101 140/284/101 
f 1256/1711/875 456/1712/928 458/1547/843 
f 1257/1713/932 887/1692/895 461/1714/935 
f 1258/1715/936 462/1716/930 456/1712/928 
f 1259/1717/930 461/1714/935 462/1716/930 
f 466/610/101 471/615/101 140/284/101 
f 463/1718/937 1260/1719/922 1261/1720/937 
f 896/1545/845 1262/1721/884 1166/1544/845 
f 469/1722/885 1261/1720/937 1263/1723/885 
f 468/1724/884 1263/1723/885 1262/1721/884 
f 475/619/101 480/624/101 140/284/101 
f 1264/1725/860 472/1726/876 474/1543/848 
f 1265/1727/938 892/1235/830 477/1728/938 
f 1266/1729/876 478/1730/939 472/1726/876 
f 1267/1731/881 477/1728/938 478/1730/939 
f 484/628/103 489/633/103 143/287/103 
f 481/1732/915 1268/1733/826 1269/1734/915 
f 900/1436/855 1270/1735/914 1105/1435/855 
f 487/1736/916 1269/1734/915 1271/1737/916 
f 486/1738/914 1271/1737/916 1270/1735/914 
f 493/637/103 141/285/103 143/287/103 
f 1272/1739/852 490/1740/912 492/1427/852 
f 1273/1741/909 1274/1742/910 495/1743/909 
f 1275/1744/910 535/1745/911 1274/1742/910 
f 498/642/103 143/287/103 142/286/103 
f 1276/1746/912 496/1747/913 490/1740/912 
f 1277/1748/913 495/1743/909 496/1747/913 
f 500/644/103 505/649/103 143/287/103 
f 1278/1749/940 497/1750/906 499/1751/905 
f 1279/1752/907 499/1751/905 901/1753/919 
f 1280/1754/904 902/1429/853 502/1755/904 
f 1281/1756/906 503/1757/908 497/1750/906 
f 1282/1758/908 502/1755/904 503/1757/908 
f 509/653/103 514/658/103 143/287/103 
f 1283/1759/854 506/1760/902 508/1431/854 
f 1284/1761/901 898/1261/833 511/1762/941 
f 1285/1763/902 512/1764/942 506/1760/902 
f 1286/1765/942 511/1762/941 512/1764/942 
f 518/662/103 523/667/103 1035/1271/103 
f 515/1766/906 1287/1767/816 1288/1768/943 
f 907/1469/853 1289/1769/904 1124/1468/853 
f 521/1770/944 1288/1768/943 1290/1771/944 
f 520/1772/904 1290/1771/944 1289/1769/904 
f 527/671/103 532/676/103 1035/1271/103 
f 524/1773/902 1291/1774/854 1292/1775/902 
f 901/1753/919 1293/1776/900 1279/1752/907 
f 530/1777/903 1292/1775/902 1294/1778/903 
f 529/1779/900 1294/1778/903 1293/1776/900 
f 536/680/103 541/685/103 1035/1271/103 
f 533/1780/918 1295/1781/911 1296/1782/918 
f 908/1467/862 1297/1783/914 1123/1466/862 
f 539/1784/916 1296/1782/918 1298/1785/916 
f 538/1786/914 1298/1785/916 1297/1783/914 
f 545/689/103 550/694/103 1035/1271/103 
f 1299/1787/861 542/1788/912 544/1462/861 
f 1300/1789/917 905/1277/834 547/1790/917 
f 1301/1791/912 548/1792/913 542/1788/912 
f 1302/1793/913 547/1790/917 548/1792/913 
f 996/1181/104 556/700/104 559/703/104 
f 1303/1794/819 551/1795/929 553/1189/820 
f 1304/1796/928 912/1471/843 558/1797/928 
f 1305/1798/932 554/1799/931 551/1795/929 
f 1306/1800/930 558/1797/928 554/1799/931 
f 996/1181/104 566/710/104 565/709/104 
f 560/1801/925 1307/1802/849 1308/1803/925 
f 1309/1804/923 1310/1805/893 1311/1806/892 
f 1311/1806/892 607/1807/896 1309/1804/923 
f 568/712/104 570/714/104 996/1181/104 
f 563/1808/927 1308/1803/925 1312/1809/926 
f 567/1810/924 1312/1809/926 1310/1805/893 
f 996/1181/104 574/718/104 577/721/104 
f 1313/1811/921 569/1812/882 571/1813/921 
f 1314/1814/922 571/1813/921 914/1815/922 
f 1315/1816/876 915/1477/848 576/1817/876 
f 1316/1818/882 572/1819/881 569/1812/882 
f 1317/1820/881 576/1817/876 572/1819/881 
f 996/1181/104 583/727/104 586/730/104 
f 578/1821/884 1318/1822/846 1319/1823/884 
f 910/1187/817 1320/1824/883 999/1185/818 
f 581/1825/920 1319/1823/884 1321/1826/885 
f 585/1827/883 1321/1826/885 1320/1824/883 
f 1043/1290/104 593/737/104 592/736/104 
f 1322/1828/830 587/1829/938 589/1298/829 
f 1323/1830/876 919/1557/860 594/1831/876 
f 1324/1832/938 590/1833/881 587/1829/938 
f 1325/1834/939 594/1831/876 590/1833/881 
f 1043/1290/104 602/746/104 601/745/104 
f 596/1835/884 1326/1836/846 1327/1837/884 
f 914/1815/922 1328/1838/937 1314/1814/922 
f 599/1839/885 1327/1837/884 1329/1840/885 
f 603/1841/937 1329/1840/885 1328/1838/937 
f 1043/1290/104 611/755/104 610/754/104 
f 1330/1842/895 605/1843/945 607/1807/896 
f 1331/1844/928 920/1559/875 612/1845/928 
f 1332/1846/935 608/1847/946 605/1843/945 
f 1333/1848/930 612/1845/928 608/1847/946 
f 1043/1290/104 620/764/104 619/763/104 
f 614/1849/925 1334/1850/873 1335/1851/925 
f 917/1296/831 1336/1852/893 1046/1294/828 
f 617/1853/927 1335/1851/925 1337/1854/927 
f 621/1855/933 1337/1854/927 1336/1852/893 
f 144/288/104 629/773/104 628/772/104 
f 1338/1856/821 623/1857/889 625/1179/819 
f 1339/1858/887 925/1453/851 630/1859/888 
f 1340/1860/891 626/1861/890 623/1857/889 
f 1341/1862/890 630/1859/888 626/1861/890 
f 144/288/104 638/782/104 637/781/104 
f 632/1863/897 1342/1864/850 1343/1865/897 
f 926/1866/892 1344/1867/893 1345/1868/923 
f 1345/1868/923 676/1869/895 926/1866/892 
f 640/784/104 642/786/104 144/288/104 
f 635/1870/899 1343/1865/897 1346/1871/899 
f 639/1872/898 1346/1871/899 1344/1867/893 
f 144/288/104 647/791/104 649/793/104 
f 1347/1873/877 641/1874/878 643/1875/879 
f 1348/1876/880 643/1875/879 927/1877/947 
f 1349/1878/876 928/1457/860 648/1879/876 
f 1350/1880/882 646/1881/881 641/1874/878 
f 1351/1882/881 648/1879/876 646/1881/881 
f 144/288/104 146/290/104 656/800/104 
f 650/1883/884 1352/1884/846 1353/1885/886 
f 923/1177/818 1354/1886/883 994/1175/817 
f 653/1887/885 1353/1885/886 1355/1888/885 
f 655/1889/883 1355/1888/885 1354/1886/883 
f 149/293/104 662/806/104 665/809/104 
f 1356/1890/829 657/1891/938 659/1331/830 
f 1357/1892/876 932/1561/860 664/1893/948 
f 1358/1894/938 660/1895/881 657/1891/938 
f 1359/1896/881 664/1893/948 660/1895/881 
f 149/293/104 671/815/104 674/818/104 
f 666/1897/884 1360/1898/846 1361/1899/884 
f 927/1877/947 1362/1900/949 1348/1876/880 
f 669/1901/885 1361/1899/884 1363/1902/885 
f 673/1903/937 1363/1902/885 1362/1900/949 
f 149/293/104 678/822/104 681/825/104 
f 1364/1904/896 675/1905/929 676/1869/895 
f 1365/1906/887 934/1524/851 680/1907/887 
f 1366/1908/891 677/1909/950 675/1905/929 
f 1367/1910/950 680/1907/887 677/1909/950 
f 149/293/104 687/831/104 690/834/104 
f 682/1911/951 1368/1912/850 1369/1913/897 
f 930/1329/838 1370/1914/952 1060/1327/831 
f 685/1915/953 1369/1913/897 1371/1916/953 
f 689/1917/898 1371/1916/953 1370/1914/952 
f 694/838/102 699/843/102 152/296/102 
f 691/1918/917 1372/1919/834 1373/1920/917 
f 938/1569/861 1374/1921/912 1178/1568/861 
f 697/1922/913 1373/1920/917 1375/1923/913 
f 696/1924/912 1375/1923/913 1374/1921/912 
f 703/847/102 150/294/102 152/296/102 
f 700/1925/914 1376/1926/862 1377/1927/914 
f 940/1928/954 1378/1929/955 1379/1930/954 
f 1379/1930/954 811/1931/956 940/1928/954 
f 708/852/102 152/296/102 151/295/102 
f 706/1932/916 1377/1927/914 1380/1933/916 
f 705/1934/955 1380/1933/916 1378/1929/955 
f 710/854/102 715/859/102 152/296/102 
f 1381/1935/907 707/1936/941 709/1937/907 
f 1382/1938/957 709/1937/907 941/1939/905 
f 1383/1940/958 942/1563/863 712/1941/958 
f 1384/1942/959 713/1943/960 707/1936/941 
f 1385/1944/961 712/1941/958 713/1943/960 
f 719/863/102 724/868/102 152/296/102 
f 716/1945/962 1386/1946/864 1387/1947/962 
f 936/1158/811 1388/1948/963 985/1156/811 
f 722/1949/964 1387/1947/962 1389/1950/964 
f 721/1951/963 1389/1950/964 1388/1948/963 
f 728/872/103 733/877/103 155/299/103 
f 1390/1952/811 725/1953/965 727/1307/811 
f 1391/1954/962 946/1481/864 730/1955/966 
f 1392/1956/963 731/1957/964 725/1953/965 
f 1393/1958/964 730/1955/966 731/1957/964 
f 737/881/103 153/297/103 155/299/103 
f 1394/1959/863 734/1960/958 736/1479/863 
f 1395/1961/941 1396/1962/907 739/1963/941 
f 1397/1964/907 777/1965/905 1396/1962/907 
f 157/301/103 776/920/103 158/302/103 
f 1398/1966/958 740/1967/960 734/1960/958 
f 1399/1968/960 739/1963/941 740/1967/960 
f 744/888/103 749/893/103 155/299/103 
f 1400/1969/954 741/1970/955 743/1971/954 
f 1401/1972/956 743/1971/954 947/1973/910 
f 1402/1974/914 948/1489/862 746/1975/914 
f 1403/1976/955 747/1977/916 741/1970/955 
f 1404/1978/916 746/1975/914 747/1977/916 
f 753/897/103 758/902/103 155/299/103 
f 750/1979/912 1405/1980/861 1406/1981/912 
f 944/1305/834 1407/1982/917 1050/1303/814 
f 756/1983/913 1406/1981/912 1408/1984/913 
f 755/1985/917 1408/1984/913 1407/1982/917 
f 762/906/103 767/911/103 158/302/103 
f 1409/1986/826 759/903/955 761/905/824 
f 1410/1987/967 952/1095/857 764/908/967 
f 1411/1988/918 765/909/968 759/903/955 
f 1412/1989/968 764/908/967 765/909/968 
f 771/915/103 156/300/103 158/302/103 
f 768/1990/969 1413/1991/841 1414/1992/969 
f 947/1973/910 1415/1993/970 1401/1972/956 
f 774/1994/971 1414/1992/969 1416/1995/971 
f 773/1996/970 1416/1995/971 1415/1993/970 
f 778/922/103 783/927/103 158/302/103 
f 775/1997/906 1417/1998/905 1418/1999/906 
f 953/1443/859 1419/2000/972 1109/1442/858 
f 781/2001/973 1418/1999/906 1420/2002/973 
f 780/2003/972 1420/2002/973 1419/2000/972 
f 787/931/103 792/936/103 158/302/103 
f 784/2004/974 1421/2005/856 1422/2006/974 
f 950/1252/833 1423/2007/959 1026/1250/823 
f 790/2008/975 1422/2006/974 1424/2009/975 
f 789/2010/959 1424/2009/975 1423/2007/959 
f 796/940/102 801/945/102 161/305/102 
f 793/2011/959 1425/2012/833 1426/2013/959 
f 957/1513/856 1427/2014/974 1148/1512/856 
f 799/2015/975 1426/2013/959 1428/2016/975 
f 798/2017/974 1428/2016/975 1427/2014/974 
f 805/949/102 159/303/102 161/305/102 
f 802/2018/972 1429/2019/859 1430/2020/972 
f 941/1939/905 1431/2021/906 1382/1938/957 
f 808/2022/973 1430/2020/972 1432/2023/973 
f 807/2024/906 1432/2023/973 1431/2021/906 
f 812/955/102 817/960/102 161/305/102 
f 1433/2025/910 809/2026/970 811/1931/956 
f 1434/2027/969 958/1400/842 814/2028/969 
f 1435/2029/970 815/2030/971 809/2026/970 
f 1436/2031/971 814/2028/969 815/2030/971 
f 821/964/102 826/969/102 161/305/102 
f 818/2032/967 1437/2033/976 1438/2034/967 
f 955/1217/826 1439/2035/955 1010/1215/824 
f 824/2036/977 1438/2034/967 1440/2037/977 
f 823/2038/955 1440/2037/977 1439/2035/955 
f 830/973/101 835/978/101 164/308/101 
f 1441/2039/838 827/2040/952 829/1240/831 
f 1442/2041/951 963/1498/850 832/2042/897 
f 1443/2043/898 833/2044/953 827/2040/952 
f 1444/2045/953 832/2042/897 833/2044/953 
f 839/982/101 162/306/101 164/308/101 
f 836/2046/887 1445/2047/851 1446/2048/887 
f 863/1602/896 1447/2049/929 1195/1601/895 
f 842/2050/950 1446/2048/887 1448/2051/950 
f 841/2052/891 1448/2051/950 1447/2049/929 
f 846/989/101 851/994/101 164/308/101 
f 1449/2053/947 843/2054/949 845/1580/880 
f 1450/2055/884 964/1483/846 848/2056/884 
f 1451/2057/937 849/2058/885 843/2054/949 
f 1452/2059/885 848/2056/884 849/2058/885 
f 855/998/101 860/1003/101 164/308/101 
f 852/2060/876 1453/2061/860 1454/2062/948 
f 961/1244/829 1455/2063/938 1022/1242/830 
f 858/2064/881 1454/2062/948 1456/2065/881 
f 857/2066/938 1456/2065/881 1455/2063/938 
f 609/753/104 611/755/104 1043/1290/104 
f 591/735/104 593/737/104 1043/1290/104 
f 618/762/104 620/764/104 1043/1290/104 
f 600/744/104 602/746/104 1043/1290/104 
f 615/759/104 618/762/104 1043/1290/104 
f 1043/1290/104 619/763/104 622/766/104 
f 1043/1290/104 610/754/104 613/757/104 
f 606/750/104 609/753/104 1043/1290/104 
f 597/741/104 600/744/104 1043/1290/104 
f 1043/1290/104 601/745/104 604/748/104 
f 1043/1290/104 592/736/104 595/739/104 
f 588/732/104 591/735/104 1043/1290/104 
f 996/1181/104 584/728/104 583/727/104 
f 582/726/104 584/728/104 996/1181/104 
f 579/723/104 582/726/104 996/1181/104 
f 996/1181/104 575/719/104 574/718/104 
f 573/717/104 575/719/104 996/1181/104 
f 570/714/104 573/717/104 996/1181/104 
f 564/708/104 566/710/104 996/1181/104 
f 568/712/104 996/1181/104 565/709/104 
f 561/705/104 564/708/104 996/1181/104 
f 996/1181/104 557/701/104 556/700/104 
f 555/699/104 557/701/104 996/1181/104 
f 552/696/104 555/699/104 996/1181/104 
f 922/1065/104 656/800/104 924/1067/104 
f 624/768/104 627/771/104 144/288/104 
f 627/771/104 629/773/104 144/288/104 
f 640/784/104 144/288/104 637/781/104 
f 636/780/104 638/782/104 144/288/104 
f 654/798/104 145/289/104 144/288/104 
f 651/795/104 201/345/104 212/356/104 
f 651/795/104 654/798/104 144/288/104 
f 144/288/104 644/788/104 647/791/104 
f 645/789/104 644/788/104 144/288/104 
f 206/350/104 631/775/104 207/351/104 
f 633/777/104 636/780/104 144/288/104 
f 631/775/104 144/288/104 628/772/104 
f 674/818/104 640/784/104 147/291/104 
f 642/786/104 645/789/104 144/288/104 
f 552/696/104 911/1054/104 909/1052/104 
f 579/723/104 204/348/104 209/353/104 
f 570/714/104 606/750/104 604/748/104 
f 254/398/104 559/703/104 913/1056/104 
f 281/425/104 665/809/104 933/1076/104 
f 683/827/104 276/420/104 275/419/104 
f 658/802/104 931/1074/104 929/1072/104 
f 149/293/104 674/818/104 147/291/104 
f 148/292/104 679/823/104 149/293/104 
f 149/293/104 679/823/104 678/822/104 
f 683/827/104 686/830/104 149/293/104 
f 686/830/104 688/832/104 149/293/104 
f 149/293/104 688/832/104 687/831/104 
f 149/293/104 672/816/104 671/815/104 
f 670/814/104 672/816/104 149/293/104 
f 667/811/104 670/814/104 149/293/104 
f 149/293/104 663/807/104 662/806/104 
f 661/805/104 663/807/104 149/293/104 
f 658/802/104 661/805/104 149/293/104 
f 1043/1290/104 604/748/104 606/750/104 
f 615/759/104 921/1064/104 290/434/104 
f 916/1059/104 622/766/104 918/1061/104 
f 278/422/104 595/739/104 273/417/104 
f 152/296/102 704/848/102 703/847/102 
f 152/296/102 701/845/102 704/848/102 
f 699/843/102 698/842/102 152/296/102 
f 152/296/102 695/839/102 694/838/102 
f 152/296/102 692/836/102 695/839/102 
f 152/296/102 708/852/102 711/855/102 
f 152/296/102 711/855/102 710/854/102 
f 715/859/102 714/858/102 152/296/102 
f 152/296/102 717/861/102 720/864/102 
f 152/296/102 720/864/102 719/863/102 
f 724/868/102 723/867/102 152/296/102 
f 692/836/102 937/1080/102 935/1078/102 
f 708/852/102 810/953/102 160/304/102 
f 299/443/102 698/842/102 939/1082/102 
f 717/861/102 291/435/102 296/440/102 
f 161/305/102 160/304/102 810/953/102 
f 233/377/102 800/944/102 234/378/102 
f 954/1097/102 825/968/102 956/1099/102 
f 819/962/102 959/1102/102 242/386/102 
f 161/305/102 806/947/102 805/949/102 
f 161/305/102 803/947/102 806/947/102 
f 801/945/102 800/944/102 161/305/102 
f 161/305/102 797/941/102 796/940/102 
f 161/305/102 794/938/102 797/941/102 
f 161/305/102 810/953/102 813/956/102 
f 161/305/102 813/956/102 812/955/102 
f 817/960/102 816/959/102 161/305/102 
f 161/305/102 819/962/102 822/965/102 
f 161/305/102 822/965/102 821/964/102 
f 826/969/102 825/968/102 161/305/102 
f 396/540/102 360/504/102 133/277/102 
f 877/1020/102 411/555/102 879/1022/102 
f 293/437/102 384/528/102 294/438/102 
f 987/1162/102 378/522/102 381/525/102 
f 987/1162/102 381/525/102 380/524/102 
f 385/529/102 384/528/102 987/1162/102 
f 987/1162/102 387/531/102 390/534/102 
f 987/1162/102 390/534/102 389/533/102 
f 394/538/102 393/537/102 987/1162/102 
f 987/1162/102 396/540/102 399/543/102 
f 987/1162/102 399/543/102 398/542/102 
f 403/547/102 402/546/102 987/1162/102 
f 987/1162/102 405/549/102 408/552/102 
f 987/1162/102 408/552/102 407/551/102 
f 412/556/102 411/555/102 987/1162/102 
f 405/549/102 882/1025/102 305/449/102 
f 134/278/102 133/277/102 360/504/102 
f 369/513/102 231/375/102 236/380/102 
f 344/488/102 872/1015/102 870/1013/102 
f 248/392/102 350/494/102 874/1017/102 
f 134/278/102 356/500/102 355/499/102 
f 134/278/102 353/497/102 356/500/102 
f 351/495/102 350/494/102 134/278/102 
f 134/278/102 347/491/102 346/490/102 
f 134/278/102 344/488/102 347/491/102 
f 134/278/102 360/504/102 363/507/102 
f 134/278/102 363/507/102 362/506/102 
f 367/511/102 366/510/102 134/278/102 
f 134/278/102 369/513/102 372/516/102 
f 134/278/102 372/516/102 371/515/102 
f 376/520/102 375/519/102 134/278/102 
f 170/314/101 420/564/101 171/315/101 
f 139/283/101 136/280/101 464/608/101 
f 439/583/101 890/1033/101 179/323/101 
f 883/1026/101 445/589/101 885/1028/101 
f 137/281/101 426/570/101 425/569/101 
f 137/281/101 423/567/101 426/570/101 
f 421/565/101 420/564/101 137/281/101 
f 137/281/101 417/561/101 416/560/101 
f 137/281/101 414/558/101 417/561/101 
f 137/281/101 430/574/101 433/577/101 
f 137/281/101 433/577/101 432/576/101 
f 437/581/101 436/580/101 137/281/101 
f 137/281/101 439/583/101 442/586/101 
f 137/281/101 442/586/101 441/585/101 
f 446/590/101 445/589/101 137/281/101 
f 227/371/101 454/598/101 895/1038/101 
f 140/284/101 139/283/101 464/608/101 
f 473/617/101 216/360/101 215/359/101 
f 448/592/101 893/1036/101 891/1034/101 
f 140/284/101 460/604/101 459/603/101 
f 140/284/101 457/601/101 460/604/101 
f 455/599/101 454/598/101 140/284/101 
f 140/284/101 451/595/101 450/594/101 
f 140/284/101 448/592/101 451/595/101 
f 140/284/101 464/608/101 467/611/101 
f 140/284/101 467/611/101 466/610/101 
f 471/615/101 470/614/101 140/284/101 
f 140/284/101 473/617/101 476/620/101 
f 140/284/101 476/620/101 475/619/101 
f 480/624/101 479/623/101 140/284/101 
f 960/1103/101 859/1002/101 962/1105/101 
f 218/362/101 834/977/101 213/357/101 
f 164/308/101 163/307/101 844/987/101 
f 853/996/101 965/1108/101 224/368/101 
f 164/308/101 840/983/101 839/982/101 
f 164/308/101 837/980/101 840/983/101 
f 835/978/101 834/977/101 164/308/101 
f 164/308/101 831/974/101 830/973/101 
f 164/308/101 828/971/101 831/974/101 
f 164/308/101 844/987/101 847/990/101 
f 164/308/101 847/990/101 846/989/101 
f 851/994/101 850/993/101 164/308/101 
f 164/308/101 853/996/101 856/999/101 
f 164/308/101 856/999/101 855/998/101 
f 860/1003/101 859/1002/101 164/308/101 
f 326/470/101 168/312/101 173/317/101 
f 335/479/101 844/987/101 163/307/101 
f 319/463/101 868/1011/101 865/1008/101 
f 167/311/101 130/274/101 862/1005/101 
f 131/275/101 322/466/101 321/465/101 
f 131/275/101 319/463/101 322/466/101 
f 317/461/101 316/460/101 131/275/101 
f 131/275/101 313/457/101 312/456/101 
f 131/275/101 310/454/101 313/457/101 
f 131/275/101 326/470/101 329/473/101 
f 131/275/101 329/473/101 328/472/101 
f 333/477/101 332/476/101 131/275/101 
f 131/275/101 335/479/101 338/482/101 
f 131/275/101 338/482/101 337/481/101 
f 342/486/101 341/485/101 131/275/101 
f 516/660/103 906/1049/103 904/1047/103 
f 1035/1271/103 531/675/103 534/678/103 
f 260/404/103 522/666/103 261/405/103 
f 1035/1271/103 516/660/103 519/663/103 
f 1035/1271/103 519/663/103 518/662/103 
f 523/667/103 522/666/103 1035/1271/103 
f 1035/1271/103 525/669/103 528/672/103 
f 1035/1271/103 528/672/103 527/671/103 
f 532/676/103 531/675/103 1035/1271/103 
f 1035/1271/103 534/678/103 537/681/103 
f 1035/1271/103 537/681/103 536/680/103 
f 541/685/103 540/684/103 1035/1271/103 
f 1035/1271/103 543/687/103 546/690/103 
f 1035/1271/103 546/690/103 545/689/103 
f 550/694/103 549/693/103 1035/1271/103 
f 498/642/103 534/678/103 531/675/103 
f 507/651/103 903/1046/103 191/335/103 
f 897/1040/103 513/657/103 899/1042/103 
f 185/329/103 488/632/103 192/336/103 
f 143/287/103 494/638/103 493/637/103 
f 143/287/103 491/635/103 494/638/103 
f 489/633/103 488/632/103 143/287/103 
f 143/287/103 485/629/103 484/628/103 
f 143/287/103 482/626/103 485/629/103 
f 143/287/103 498/642/103 501/645/103 
f 143/287/103 501/645/103 500/644/103 
f 505/649/103 504/648/103 143/287/103 
f 143/287/103 507/651/103 510/654/103 
f 143/287/103 510/654/103 509/653/103 
f 514/658/103 513/657/103 143/287/103 
f 785/929/103 183/327/103 194/338/103 
f 760/904/103 951/1094/103 949/1092/103 
f 200/344/103 766/910/103 195/339/103 
f 776/920/103 742/886/103 154/298/103 
f 158/302/103 772/916/103 771/915/103 
f 158/302/103 769/913/103 772/916/103 
f 767/911/103 766/910/103 158/302/103 
f 158/302/103 763/907/103 762/906/103 
f 158/302/103 760/904/103 763/907/103 
f 158/302/103 776/920/103 779/923/103 
f 158/302/103 779/923/103 778/922/103 
f 783/927/103 782/926/103 158/302/103 
f 158/302/103 785/929/103 788/932/103 
f 158/302/103 788/932/103 787/931/103 
f 792/936/103 791/935/103 158/302/103 
f 155/299/103 154/298/103 742/886/103 
f 943/1086/103 757/901/103 945/1088/103 
f 751/895/103 270/414/103 269/413/103 
f 257/401/103 732/876/103 264/408/103 
f 155/299/103 738/882/103 737/881/103 
f 155/299/103 735/879/103 738/882/103 
f 733/877/103 732/876/103 155/299/103 
f 155/299/103 729/873/103 728/872/103 
f 155/299/103 726/870/103 729/873/103 
f 155/299/103 742/886/103 745/889/103 
f 155/299/103 745/889/103 744/888/103 
f 749/893/103 748/892/103 155/299/103 
f 155/299/103 751/895/103 754/898/103 
f 155/299/103 754/898/103 753/897/103 
f 758/902/103 757/901/103 155/299/103 
f 1457/2067/978 1458/2068/978 1459/2069/978 
f 1460/2070/979 1461/2071/979 1462/2072/979 
f 1463/2073/979 1464/2074/979 1465/2075/979 
f 1466/2076/978 1467/2077/978 1468/2078/978 
f 1469/2079/978 1470/2080/978 1471/2081/978 
f 1472/2082/980 1473/2083/980 1474/2084/980 
f 1475/2085/980 1476/2086/980 1477/2087/980 
f 1478/2088/978 1479/2089/978 1480/2090/978 
f 1481/2091/980 1482/2092/980 1483/2093/980 
f 1484/2094/981 1485/2095/981 1486/2096/981 
f 1487/2097/981 1488/2098/981 1489/2099/981 
f 1490/2100/980 1491/2101/980 1492/2102/980 
f 1493/2103/981 1494/2104/981 1495/2105/981 
f 1496/2106/979 1497/2107/979 1498/2108/979 
f 1499/2109/979 1500/2110/979 1501/2111/979 
f 1502/2112/981 1503/2113/981 1504/2114/981 
f 1459/2115/800 1505/2116/800 1460/2117/800 
f 1506/2118/101 1505/2119/101 1458/2068/101 
f 1507/2120/103 1459/2069/103 1508/2121/103 
f 1509/2122/102 1462/2072/102 1510/2123/102 
f 1462/2124/805 1506/2125/805 1457/2126/805 
f 1468/2127/800 1511/2128/800 1463/2129/800 
f 1511/2130/101 1512/2131/101 1464/2074/101 
f 1513/2132/103 1468/2078/103 1514/2133/103 
f 1515/2134/102 1465/2075/102 1516/2135/102 
f 1465/2136/805 1512/2137/805 1466/2138/805 
f 1471/2139/805 1517/2140/827 1472/2141/805 
f 1518/2142/103 1517/2143/103 1470/2080/103 
f 1519/2144/101 1471/2081/101 1520/2145/101 
f 1521/2146/104 1474/2084/104 1522/2147/104 
f 1474/2148/800 1518/2149/800 1469/2150/800 
f 1480/2151/805 1523/2152/805 1475/2153/805 
f 1523/2154/103 1524/2155/103 1476/2086/103 
f 1525/2156/101 1480/2090/101 1526/2157/101 
f 1527/2158/104 1477/2087/104 1528/2159/104 
f 1477/2160/800 1524/2161/800 1478/2162/800 
f 1486/2163/800 1529/2164/800 1481/2165/800 
f 1529/2166/104 1530/2167/104 1482/2092/104 
f 1531/2168/102 1486/2096/102 1532/2169/102 
f 1533/2170/103 1483/2093/103 1534/2171/103 
f 1483/2172/805 1530/2173/805 1484/2174/805 
f 1489/2175/800 1535/2176/800 1490/2177/800 
f 1536/2178/104 1535/2179/104 1488/2098/104 
f 1537/2180/102 1489/2099/102 1538/2181/102 
f 1539/2182/103 1492/2102/103 1540/2183/103 
f 1492/2184/805 1536/2185/805 1487/2186/805 
f 1495/2187/805 1541/2188/807 1496/2189/805 
f 1542/2190/102 1541/2191/102 1494/2104/102 
f 1543/2192/104 1495/2105/104 1544/2193/104 
f 1545/2194/101 1498/2108/101 1546/2195/101 
f 1498/2196/800 1542/2197/800 1493/2198/800 
f 1504/2199/805 1547/2200/805 1499/2201/805 
f 1547/2202/102 1548/2203/102 1500/2110/102 
f 1549/2204/104 1504/2114/104 1550/2205/104 
f 1551/2206/101 1501/2111/101 1552/2207/101 
f 1501/2208/800 1548/2209/800 1502/2210/800 
f 1546/2211/800 1493/2198/800 1543/2212/800 
f 1508/2213/800 1460/2117/800 1509/2214/800 
f 1522/2215/800 1469/2150/800 1519/2216/800 
f 1538/2217/800 1490/2177/800 1539/2218/800 
f 1540/2219/805 1487/2186/805 1537/2220/805 
f 1520/2221/805 1472/2141/805 1521/2222/805 
f 1510/2223/805 1457/2126/805 1507/2224/805 
f 1544/2225/805 1496/2189/805 1545/2226/805 
f 1514/2227/800 1463/2129/800 1515/2228/800 
f 1552/2229/800 1502/2210/800 1549/2230/800 
f 1532/2231/800 1481/2165/800 1533/2232/800 
f 1528/2233/800 1478/2162/800 1525/2234/800 
f 1516/2235/805 1466/2138/805 1513/2236/805 
f 1550/2237/805 1499/2201/805 1551/2238/805 
f 1534/2239/805 1484/2174/805 1531/2240/805 
f 1526/2241/805 1475/2153/805 1527/2242/805 
f 877/1165/104 879/2243/104 988/1163/104 
f 879/2243/104 991/2244/104 1553/2245/104 
f 988/1163/104 879/2243/104 1553/2245/104 
f 909/1184/102 911/2246/102 997/1182/102 
f 911/2246/102 1000/2247/102 1554/2248/102 
f 997/1182/102 911/2246/102 1554/2248/102 
f 165/1114/800 174/2249/800 966/1112/800 
f 174/2249/800 176/2250/800 1555/2251/800 
f 966/1112/800 174/2249/800 1555/2251/800 
f 240/1123/800 237/2252/800 969/1121/800 
f 237/2252/800 239/2253/800 1556/2254/800 
f 969/1121/800 237/2252/800 1556/2254/800 
f 198/1132/801 197/2255/800 972/1130/800 
f 197/2255/800 196/2256/800 1557/2257/800 
f 972/1130/800 197/2255/800 1557/2257/800 
f 252/1140/807 249/2258/827 977/1138/805 
f 249/2258/827 251/2259/982 1558/2260/805 
f 977/1138/805 249/2258/827 1558/2260/805 
f 258/1149/805 263/2261/805 979/1147/805 
f 263/2261/805 262/2262/805 1559/2263/805 
f 979/1147/805 263/2261/805 1559/2263/805 
f 935/1155/104 937/2264/104 983/1153/104 
f 937/2264/104 986/2265/104 1560/2266/104 
f 983/1153/104 937/2264/104 1560/2266/104 
f 922/1174/102 924/2267/102 992/1172/102 
f 924/2267/102 995/2268/102 1561/2269/102 
f 992/1172/102 924/2267/102 1561/2269/102 
f 883/1193/102 885/2270/102 1001/1191/102 
f 885/2270/102 1004/2271/102 1562/2272/102 
f 1001/1191/102 885/2270/102 1562/2272/102 
f 865/1202/102 868/2273/102 1005/1200/102 
f 868/2273/102 1007/2274/102 1563/2275/102 
f 1005/1200/102 868/2273/102 1563/2275/102 
f 954/1211/101 956/2276/101 1008/1209/101 
f 956/2276/101 1011/2277/101 1564/2278/101 
f 1008/1209/101 956/2276/101 1564/2278/101 
f 870/1220/101 872/2279/101 1012/1218/101 
f 872/2279/101 1015/2280/101 1565/2281/101 
f 1012/1218/101 872/2279/101 1565/2281/101 
f 891/1229/103 893/2282/103 1016/1227/103 
f 893/2282/103 1019/2283/103 1566/2284/103 
f 1016/1227/103 893/2282/103 1566/2284/103 
f 960/1238/103 962/2285/103 1020/1236/103 
f 962/2285/103 1023/2286/103 1567/2287/103 
f 1020/1236/103 962/2285/103 1567/2287/103 
f 949/1247/101 951/2288/101 1024/1245/101 
f 951/2288/101 1027/2289/101 1568/2290/101 
f 1024/1245/101 951/2288/101 1568/2290/101 
f 897/1255/101 899/2291/101 1028/1253/101 
f 899/2291/101 1031/2292/101 1569/2293/101 
f 1028/1253/101 899/2291/101 1569/2293/101 
f 222/1267/800 219/2294/800 1033/1265/800 
f 219/2294/800 221/2295/800 1570/2296/800 
f 1033/1265/800 219/2294/800 1570/2296/800 
f 904/1274/104 906/2297/104 1036/1272/104 
f 906/2297/104 1039/2298/104 1571/2299/104 
f 1036/1272/104 906/2297/104 1571/2299/104 
f 177/1286/805 180/2300/805 1041/1284/805 
f 180/2300/805 182/2301/805 1572/2302/805 
f 1041/1284/805 180/2300/805 1572/2302/805 
f 916/1293/103 918/2303/103 1044/1291/103 
f 918/2303/103 1047/2304/103 1573/2305/103 
f 1044/1291/103 918/2303/103 1573/2305/103 
f 943/1302/104 945/2306/104 1048/1300/104 
f 945/2306/104 1051/2307/104 1574/2308/104 
f 1048/1300/104 945/2306/104 1574/2308/104 
f 189/1314/805 186/2309/805 1053/1312/805 
f 186/2309/805 188/2310/805 1575/2311/805 
f 1053/1312/805 186/2309/805 1575/2311/805 
f 303/1320/805 306/2312/805 1056/1318/805 
f 306/2312/805 308/2313/805 1576/2314/805 
f 1056/1318/805 306/2312/805 1576/2314/805 
f 929/1326/103 931/2315/103 1058/1324/103 
f 931/2315/103 1061/2316/103 1577/2317/103 
f 1058/1324/103 931/2315/103 1577/2317/103 
f 279/1338/800 282/2318/800 1063/1336/800 
f 282/2318/800 284/2319/800 1578/2320/800 
f 1063/1336/800 282/2318/800 1578/2320/800 
f 225/1347/827 228/2321/807 1066/1345/805 
f 228/2321/807 230/2322/983 1579/2323/805 
f 1066/1345/805 228/2321/807 1579/2323/805 
f 246/1356/805 243/2324/805 1068/1354/805 
f 243/2324/805 245/2325/805 1580/2326/805 
f 1068/1354/805 243/2324/805 1580/2326/805 
f 288/1365/805 285/2327/805 1072/1363/805 
f 285/2327/805 287/2328/805 1581/2329/805 
f 1072/1363/805 285/2327/805 1581/2329/805 
f 297/1371/800 300/2330/800 1075/1369/800 
f 300/2330/800 302/2331/800 1582/2332/800 
f 1075/1369/800 300/2330/800 1582/2332/800 
f 267/1380/800 272/2333/800 1077/1378/800 
f 272/2333/800 271/2334/800 1583/2335/800 
f 1077/1378/800 272/2333/800 1583/2335/800 
f 210/1386/800 203/2336/800 1079/1384/800 
f 203/2336/800 202/2337/800 1584/2338/800 
f 1079/1384/800 203/2336/800 1584/2338/800 
f 165/309/105 967/2339/984 166/310/106 
f 168/312/108 1091/2340/985 169/313/109 
f 171/315/111 1088/2341/986 172/316/112 
f 174/318/114 862/1005/115 175/319/115 
f 177/321/117 1042/2342/117 178/322/118 
f 180/324/105 890/1033/107 181/325/119 
f 183/327/121 1099/2343/987 184/328/122 
f 186/330/123 903/1046/758 187/331/124 
f 189/333/126 1054/2344/126 190/334/127 
f 192/336/129 1104/2345/130 193/337/130 
f 195/339/131 975/1134/988 196/340/131 
f 198/342/123 973/2346/989 199/343/123 
f 201/345/133 1082/2347/990 202/346/134 
f 204/348/136 1111/2348/991 205/349/137 
f 207/351/139 1114/2349/188 208/352/140 
f 210/354/142 1080/2350/170 211/355/143 
f 213/357/145 1138/2351/109 214/358/146 
f 216/360/111 1141/2352/992 217/361/147 
f 219/363/117 965/1108/799 220/364/148 
f 222/366/105 1034/2353/105 223/367/106 
f 225/369/117 1067/2354/993 226/370/150 
f 228/372/105 895/1038/752 229/373/152 
f 231/375/153 1144/2355/154 232/376/154 
f 234/378/156 1147/2356/157 235/379/157 
f 237/381/159 959/1102/797 238/382/160 
f 240/384/162 970/2357/165 241/385/163 
f 243/387/165 874/1017/740 244/388/166 
f 246/390/159 1069/2358/161 247/391/167 
f 249/393/142 913/1056/144 250/394/169 
f 252/396/171 978/2359/134 253/397/135 
f 255/399/173 1122/2360/994 256/400/174 
f 258/402/126 980/2361/126 259/403/176 
f 261/405/123 982/2362/125 262/406/123 
f 264/408/178 1119/2363/995 265/409/122 
f 267/411/179 1078/2364/123 268/412/180 
f 270/414/182 1084/2365/996 271/415/183 
f 273/417/136 1163/2366/997 274/418/185 
f 276/420/186 1152/2367/998 277/421/187 
f 279/423/189 1064/2368/189 280/424/143 
f 282/426/134 933/1076/777 283/427/191 
f 285/429/170 921/1064/768 286/430/193 
f 288/432/194 1073/2369/134 289/433/195 
f 291/435/197 1159/2370/999 292/436/198 
f 294/438/155 1156/2371/154 295/439/200 
f 297/441/202 1076/2372/202 298/442/166 
f 300/444/161 939/1082/206 301/445/203 
f 303/447/204 1057/2373/161 304/448/205 
f 306/450/165 882/1025/746 307/451/207 
f 309/453/208 313/457/212 310/454/209 
f 309/453/208 315/459/214 312/456/211 
f 314/458/213 317/461/216 312/456/211 
f 314/458/213 864/1007/732 316/460/215 
f 318/462/217 322/466/221 319/463/218 
f 318/462/217 324/468/223 321/465/220 
f 323/467/222 129/273/225 321/465/220 
f 323/467/222 861/1004/721 130/274/224 
f 325/469/226 329/473/230 326/470/227 
f 325/469/226 331/475/232 328/472/229 
f 330/474/231 333/477/234 328/472/229 
f 330/474/231 867/1010/338 332/476/233 
f 334/478/235 338/482/239 335/479/236 
f 334/478/235 340/484/241 337/481/238 
f 339/483/240 342/486/243 337/481/238 
f 339/483/240 869/1012/242 341/485/242 
f 343/487/244 347/491/248 344/488/245 
f 343/487/244 349/493/250 346/490/247 
f 348/492/249 351/495/252 346/490/247 
f 348/492/249 873/1016/739 350/494/251 
f 352/496/253 356/500/257 353/497/254 
f 352/496/253 358/502/259 355/499/256 
f 357/501/258 132/276/261 355/499/256 
f 357/501/258 1205/2374/1000 133/277/260 
f 359/503/262 363/507/266 360/504/263 
f 359/503/262 365/509/268 362/506/265 
f 364/508/267 367/511/270 362/506/265 
f 364/508/267 876/1019/742 366/510/269 
f 368/512/271 372/516/275 369/513/272 
f 368/512/271 374/518/277 371/515/274 
f 373/517/276 376/520/279 371/515/274 
f 373/517/276 871/1014/737 375/519/278 
f 377/521/280 381/525/284 378/522/281 
f 377/521/280 383/527/283 380/524/283 
f 382/526/285 385/529/287 380/524/283 
f 382/526/285 880/1023/745 384/528/286 
f 386/530/288 390/534/291 387/531/289 
f 386/530/288 392/536/293 389/533/290 
f 391/535/292 394/538/295 389/533/290 
f 391/535/292 875/1018/741 393/537/294 
f 395/539/296 399/543/299 396/540/297 
f 395/539/296 401/545/301 398/542/298 
f 400/544/300 403/547/303 398/542/298 
f 400/544/300 881/1024/739 402/546/302 
f 404/548/253 408/552/305 405/549/255 
f 404/548/253 410/554/307 407/551/304 
f 409/553/306 412/556/309 407/551/304 
f 409/553/306 878/1021/744 411/555/308 
f 413/557/310 417/561/312 414/558/219 
f 413/557/310 419/563/314 416/560/311 
f 418/562/313 421/565/316 416/560/311 
f 418/562/313 886/1029/748 420/564/315 
f 422/566/317 426/570/320 423/567/318 
f 422/566/317 428/572/321 425/569/319 
f 427/571/213 135/279/323 425/569/319 
f 427/571/213 888/1031/732 136/280/322 
f 429/573/324 433/577/239 430/574/325 
f 429/573/324 435/579/328 432/576/326 
f 434/578/327 437/581/330 432/576/326 
f 434/578/327 889/1032/749 436/580/329 
f 438/582/331 442/586/335 439/583/332 
f 438/582/331 444/588/337 441/585/334 
f 443/587/336 446/590/339 441/585/334 
f 443/587/336 884/1027/233 445/589/338 
f 447/591/340 451/595/344 448/592/341 
f 447/591/340 453/597/345 450/594/343 
f 452/596/327 455/599/347 450/594/343 
f 452/596/327 894/1037/751 454/598/346 
f 456/600/331 460/604/335 457/601/332 
f 456/600/331 462/606/349 459/603/349 
f 461/605/350 138/282/352 459/603/349 
f 461/605/350 887/1030/731 139/283/351 
f 463/607/353 467/611/357 464/608/354 
f 463/607/353 469/613/358 466/610/356 
f 468/612/313 471/615/360 466/610/356 
f 468/612/313 896/1039/753 470/614/359 
f 472/616/317 476/620/320 473/617/361 
f 472/616/317 478/622/364 475/619/362 
f 477/621/363 480/624/366 475/619/362 
f 477/621/363 892/1035/750 479/623/365 
f 481/625/367 485/629/371 482/626/368 
f 481/625/367 487/631/373 484/628/370 
f 486/630/372 489/633/375 484/628/370 
f 486/630/372 900/1043/421 488/632/374 
f 490/634/376 494/638/380 491/635/377 
f 490/634/376 496/640/382 493/637/379 
f 495/639/381 141/285/384 493/637/379 
f 495/639/381 1274/2375/1001 142/286/383 
f 497/641/385 501/645/389 498/642/386 
f 497/641/385 503/647/388 500/644/388 
f 502/646/390 505/649/392 500/644/388 
f 502/646/390 902/1045/391 504/648/391 
f 506/650/393 510/654/396 507/651/394 
f 506/650/393 512/656/398 509/653/395 
f 511/655/397 514/658/400 509/653/395 
f 511/655/397 898/1041/755 513/657/399 
f 515/659/401 519/663/405 516/660/402 
f 515/659/401 521/665/406 518/662/404 
f 520/664/390 523/667/408 518/662/404 
f 520/664/390 907/1050/391 522/666/407 
f 524/668/393 528/672/396 525/669/409 
f 524/668/393 530/674/412 527/671/410 
f 529/673/411 532/676/414 527/671/410 
f 529/673/411 901/1044/757 531/675/413 
f 533/677/415 537/681/419 534/678/416 
f 533/677/415 539/683/420 536/680/418 
f 538/682/372 541/685/422 536/680/418 
f 538/682/372 908/1051/421 540/684/421 
f 542/686/423 546/690/427 543/687/424 
f 542/686/423 548/692/429 545/689/426 
f 547/691/428 550/694/431 545/689/426 
f 547/691/428 905/1048/760 549/693/430 
f 551/695/432 555/699/436 552/696/433 
f 554/698/435 557/701/438 555/699/436 
f 554/698/435 558/702/439 556/700/437 
f 558/702/439 912/1055/440 559/703/440 
f 560/704/441 564/708/444 561/705/442 
f 563/707/443 566/710/446 564/708/444 
f 563/707/443 567/711/447 565/709/445 
f 567/711/447 1309/2376/1002 568/712/448 
f 569/713/449 573/717/453 570/714/450 
f 572/716/452 575/719/455 573/717/453 
f 572/716/452 576/720/456 574/718/454 
f 576/720/456 915/1058/763 577/721/457 
f 578/722/458 582/726/462 579/723/459 
f 581/725/461 584/728/464 582/726/462 
f 581/725/461 585/729/465 583/727/463 
f 585/729/465 910/1053/466 586/730/466 
f 587/731/467 591/735/471 588/732/468 
f 590/734/470 593/737/473 591/735/471 
f 590/734/470 594/738/474 592/736/472 
f 594/738/474 919/1062/475 595/739/475 
f 596/740/476 600/744/480 597/741/477 
f 599/743/479 602/746/482 600/744/480 
f 599/743/479 603/747/483 601/745/481 
f 603/747/483 914/1057/484 604/748/484 
f 605/749/485 609/753/488 606/750/486 
f 608/752/487 611/755/490 609/753/488 
f 608/752/487 612/756/491 610/754/489 
f 612/756/491 920/1063/767 613/757/492 
f 614/758/493 618/762/497 615/759/494 
f 617/761/496 620/764/499 618/762/497 
f 617/761/496 621/765/500 619/763/498 
f 621/765/500 917/1060/765 622/766/501 
f 623/767/502 627/771/505 624/768/503 
f 626/770/504 629/773/507 627/771/505 
f 626/770/504 630/774/508 628/772/506 
f 630/774/508 925/1068/509 631/775/509 
f 632/776/510 636/780/514 633/777/511 
f 635/779/513 638/782/516 636/780/514 
f 635/779/513 639/783/517 637/781/515 
f 639/783/517 926/1069/771 640/784/518 
f 641/785/519 645/789/523 642/786/520 
f 641/785/519 646/790/524 644/788/522 
f 646/790/524 648/792/526 647/791/525 
f 648/792/526 928/1071/773 649/793/527 
f 650/794/528 654/798/532 651/795/529 
f 653/797/531 145/289/534 654/798/532 
f 653/797/531 655/799/535 146/290/533 
f 655/799/535 923/1066/769 656/800/536 
f 657/801/537 661/805/541 658/802/538 
f 660/804/540 663/807/543 661/805/541 
f 660/804/540 664/808/544 662/806/542 
f 664/808/544 932/1075/776 665/809/545 
f 666/810/546 670/814/549 667/811/547 
f 669/813/548 672/816/551 670/814/549 
f 669/813/548 673/817/552 671/815/550 
f 673/817/552 927/1070/772 674/818/553 
f 675/819/554 148/292/558 147/291/555 
f 677/821/557 679/823/560 148/292/558 
f 677/821/557 680/824/561 678/822/559 
f 680/824/561 934/1077/778 681/825/562 
f 682/826/563 686/830/567 683/827/564 
f 685/829/566 688/832/569 686/830/567 
f 685/829/566 689/833/570 687/831/568 
f 689/833/570 930/1073/774 690/834/571 
f 691/835/572 695/839/575 692/836/281 
f 691/835/572 697/841/577 694/838/574 
f 696/840/576 699/843/579 694/838/574 
f 696/840/576 938/1081/782 698/842/578 
f 700/844/580 704/848/584 701/845/581 
f 700/844/580 706/850/583 703/847/583 
f 705/849/585 150/294/587 703/847/583 
f 705/849/585 940/1083/783 151/295/586 
f 707/851/588 711/855/592 708/852/589 
f 707/851/588 713/857/250 710/854/591 
f 712/856/593 715/859/595 710/854/591 
f 712/856/593 942/1085/785 714/858/594 
f 716/860/596 720/864/600 717/861/597 
f 716/860/596 722/866/602 719/863/599 
f 721/865/601 724/868/604 719/863/599 
f 721/865/601 936/1079/780 723/867/603 
f 725/869/605 729/873/608 726/870/606 
f 725/869/605 731/875/610 728/872/607 
f 730/874/609 733/877/612 728/872/607 
f 730/874/609 946/1089/787 732/876/611 
f 734/878/613 738/882/617 735/879/614 
f 734/878/613 740/884/619 737/881/616 
f 739/883/618 153/297/621 737/881/616 
f 739/883/618 1396/2377/413 154/298/620 
f 741/885/622 745/889/624 742/886/416 
f 741/885/622 747/891/623 744/888/623 
f 746/890/625 749/893/627 744/888/623 
f 746/890/625 948/1091/789 748/892/626 
f 750/894/628 754/898/632 751/895/629 
f 750/894/628 756/900/634 753/897/631 
f 755/899/633 758/902/636 753/897/631 
f 755/899/633 944/1087/760 757/901/635 
f 759/903/637 763/907/641 760/904/638 
f 759/903/637 765/909/640 762/906/640 
f 764/908/642 767/911/644 762/906/640 
f 764/908/642 952/1095/643 766/910/643 
f 768/912/645 772/916/648 769/913/646 
f 768/912/645 774/918/650 771/915/647 
f 773/917/649 156/300/652 771/915/647 
f 773/917/649 947/1090/788 157/301/651 
f 775/919/653 779/923/657 776/920/654 
f 775/919/653 781/925/659 778/922/656 
f 780/924/658 783/927/661 778/922/656 
f 780/924/658 953/1096/793 782/926/660 
f 784/928/662 788/932/666 785/929/663 
f 784/928/662 790/934/667 787/931/665 
f 789/933/397 792/936/669 787/931/665 
f 789/933/397 950/1093/791 791/935/668 
f 793/937/244 797/941/673 794/938/670 
f 793/937/244 799/943/675 796/940/672 
f 798/942/674 801/945/677 796/940/672 
f 798/942/674 957/1100/796 800/944/676 
f 802/946/678 806/947/682 803/947/679 
f 802/946/678 808/951/684 805/949/681 
f 807/950/683 159/303/686 805/949/681 
f 807/950/683 941/1084/784 160/304/685 
f 809/952/687 813/956/691 810/953/688 
f 809/952/687 815/958/690 812/955/690 
f 814/957/692 817/960/694 812/955/690 
f 814/957/692 958/1101/693 816/959/693 
f 818/961/695 822/965/699 819/962/696 
f 818/961/695 824/967/701 821/964/698 
f 823/966/700 826/969/703 821/964/698 
f 823/966/700 955/1098/794 825/968/702 
f 827/970/704 831/974/706 828/971/342 
f 827/970/704 833/976/707 830/973/705 
f 832/975/240 835/978/709 830/973/705 
f 832/975/240 963/1106/242 834/977/708 
f 836/979/710 840/983/712 837/980/227 
f 836/979/710 842/985/714 839/982/711 
f 841/984/713 162/306/352 839/982/711 
f 841/984/713 863/1006/731 163/307/715 
f 843/986/353 847/990/718 844/987/716 
f 843/986/353 849/992/720 846/989/717 
f 848/991/719 851/994/722 846/989/717 
f 848/991/719 964/1107/798 850/993/721 
f 852/995/723 856/999/726 853/996/724 
f 852/995/723 858/1001/728 855/998/725 
f 857/1000/727 860/1003/730 855/998/725 
f 857/1000/727 961/1104/365 859/1002/729 
f 167/311/107 166/310/106 311/455/210 
f 861/1004/721 175/319/115 862/1005/115 
f 336/480/237 335/479/236 163/307/715 
f 845/988/355 844/987/716 316/460/215 
f 320/464/219 319/463/218 865/1008/733 
f 867/1010/338 1007/2378/735 868/1011/735 
f 327/471/228 326/470/227 173/317/113 
f 869/1012/242 1091/2340/985 168/312/108 
f 870/1013/736 1013/2379/736 345/489/246 
f 871/1014/737 1015/2380/738 872/1015/738 
f 354/498/255 353/497/254 248/392/168 
f 873/1016/739 244/388/166 874/1017/740 
f 133/277/260 1205/2374/1000 397/541/297 
f 361/505/264 360/504/263 393/537/294 
f 370/514/273 369/513/272 236/380/158 
f 876/1019/742 1144/2355/154 231/375/153 
f 877/1020/743 989/2381/743 379/523/282 
f 878/1021/744 991/2382/736 879/1022/736 
f 388/532/289 387/531/289 293/437/199 
f 880/1023/745 1156/2371/154 294/438/155 
f 406/550/255 405/549/255 305/449/206 
f 881/1024/739 307/451/207 882/1025/746 
f 883/1026/747 1002/2383/734 415/559/218 
f 884/1027/233 1004/2384/1003 885/1028/735 
f 424/568/318 423/567/318 170/314/110 
f 886/1029/748 1088/2341/986 171/315/111 
f 431/575/237 430/574/325 139/283/351 
f 465/609/355 464/608/354 136/280/322 
f 440/584/333 439/583/332 179/323/115 
f 889/1032/749 181/325/119 890/1033/107 
f 891/1034/735 1017/2385/735 449/593/342 
f 892/1035/750 1019/2386/733 893/1036/734 
f 458/602/348 457/601/332 227/371/151 
f 894/1037/751 229/373/152 895/1038/752 
f 474/618/318 473/617/361 215/359/110 
f 896/1039/753 1141/2352/992 216/360/111 
f 897/1040/754 1029/2387/1004 483/627/369 
f 898/1041/755 1031/2388/759 899/1042/756 
f 492/636/378 491/635/377 185/329/121 
f 900/1043/421 1104/2345/130 192/336/129 
f 142/286/383 1274/2375/1001 535/679/417 
f 499/643/387 498/642/386 531/675/413 
f 508/652/394 507/651/394 191/335/128 
f 902/1045/391 187/331/124 903/1046/758 
f 904/1047/759 1037/2389/759 517/661/403 
f 905/1048/760 1039/2390/1004 906/1049/754 
f 526/670/394 525/669/409 260/404/177 
f 907/1050/391 982/2362/125 261/405/123 
f 544/688/425 543/687/424 266/410/121 
f 908/1051/421 1122/2360/994 255/399/173 
f 909/1052/761 998/2391/761 553/697/434 
f 910/1053/466 1000/2392/764 911/1054/762 
f 562/706/442 561/705/442 254/398/172 
f 912/1055/440 250/394/169 913/1056/144 
f 568/712/448 1309/2376/1002 607/751/486 
f 571/715/451 570/714/450 604/748/484 
f 580/724/460 579/723/459 209/353/141 
f 915/1058/763 1111/2348/991 204/348/136 
f 916/1059/764 1045/2393/770 589/733/469 
f 917/1060/765 1047/2394/766 918/1061/766 
f 598/742/478 597/741/477 278/422/188 
f 919/1062/475 1163/2366/997 273/417/136 
f 616/760/495 615/759/494 290/434/196 
f 920/1063/767 286/430/193 921/1064/768 
f 922/1065/761 993/2395/766 625/769/503 
f 923/1066/769 995/2396/764 924/1067/770 
f 634/778/512 633/777/511 206/350/138 
f 925/1068/509 1114/2349/188 207/351/139 
f 147/291/555 640/784/518 926/1069/771 
f 643/787/521 642/786/520 674/818/553 
f 652/796/530 651/795/529 212/356/144 
f 928/1071/773 1082/2347/990 201/345/133 
f 929/1072/764 1059/2397/764 659/803/539 
f 930/1073/774 1061/2398/766 931/1074/775 
f 668/812/547 667/811/547 281/425/190 
f 932/1075/776 283/427/191 933/1076/777 
f 684/828/565 683/827/564 275/419/138 
f 934/1077/778 1152/2367/998 276/420/186 
f 935/1078/779 984/2399/1005 693/837/573 
f 936/1079/780 986/2400/1006 937/1080/781 
f 702/846/582 701/845/581 299/443/166 
f 938/1081/782 301/445/203 939/1082/206 
f 810/953/688 151/295/586 940/1083/783 
f 709/853/590 708/852/589 160/304/685 
f 718/862/598 717/861/597 296/440/201 
f 942/1085/785 1159/2370/999 291/435/197 
f 943/1086/786 1049/2401/756 727/871/403 
f 944/1087/760 1051/2402/754 945/1088/754 
f 736/880/615 735/879/614 257/401/175 
f 946/1089/787 1119/2363/995 264/408/178 
f 154/298/620 1396/2377/413 777/921/655 
f 743/887/417 742/886/416 157/301/651 
f 752/896/630 751/895/629 269/413/181 
f 948/1091/789 1084/2365/996 270/414/182 
f 949/1092/790 1025/1249/1007 761/905/639 
f 950/1093/791 1027/2403/792 951/1094/792 
f 770/914/646 769/913/646 200/344/132 
f 952/1095/643 975/1134/988 195/339/131 
f 786/930/664 785/929/663 194/338/129 
f 953/1096/793 1099/2343/987 183/327/121 
f 954/1097/736 1009/2404/736 795/939/671 
f 955/1098/794 1011/2405/779 956/1099/795 
f 804/948/680 803/947/679 233/377/155 
f 957/1100/796 1147/2356/157 234/378/156 
f 820/963/697 819/962/696 242/386/164 
f 958/1101/693 238/382/160 959/1102/797 
f 960/1103/735 1021/2406/735 829/972/341 
f 961/1104/365 1023/2407/734 962/1105/734 
f 838/981/228 837/980/227 218/362/113 
f 963/1106/242 1138/2351/109 213/357/145 
f 854/997/209 853/996/724 224/368/149 
f 964/1107/798 220/364/148 965/1108/799 
f 966/1109/103 1094/1415/103 166/1110/103 
f 167/311/101 862/1005/101 174/318/101 
f 968/1115/102 1555/2408/102 176/1116/102 
f 969/1118/101 1171/1554/802 241/1119/802 
f 242/386/102 959/1102/102 237/381/102 
f 971/1124/803 1556/2409/104 239/1125/104 
f 972/1127/104 1108/1440/803 199/1128/803 
f 197/341/103 198/342/103 200/344/103 
f 974/1133/101 1557/2410/101 196/340/101 
f 976/1135/102 1558/2411/102 251/1136/102 
f 254/398/104 913/1056/104 249/393/104 
f 977/1141/103 1127/1474/808 253/1142/808 
f 979/1144/101 1132/1484/809 259/1145/809 
f 258/402/103 260/404/103 261/405/103 
f 981/1150/810 1559/2412/104 262/1151/104 
f 985/1156/811 1560/2413/812 986/1157/812 
f 983/1159/813 1372/1919/834 693/1160/814 
f 990/1166/815 1553/2414/812 991/1167/812 
f 988/1169/813 1218/1643/834 379/1170/814 
f 994/1175/817 1561/2415/801 995/1176/801 
f 992/1178/807 1338/1856/821 625/1179/819 
f 999/1185/818 1554/2416/801 1000/1186/801 
f 997/1188/807 1303/1794/819 553/1189/820 
f 1001/1194/801 1234/1671/817 415/1195/818 
f 1003/1197/819 1562/2417/807 1004/1198/807 
f 1005/1203/801 1186/1585/818 320/1204/817 
f 1006/1206/819 1563/2418/807 1007/1207/807 
f 1008/1212/822 1425/2012/833 795/1213/823 
f 1010/1215/824 1564/2419/825 1011/1216/825 
f 1012/1221/822 1199/1609/833 345/1222/823 
f 1014/1224/824 1565/2420/825 1015/1225/825 
f 1016/1230/827 1252/1705/831 449/1231/828 
f 1018/1233/829 1566/2421/800 1019/1234/800 
f 1020/1239/827 1441/2039/838 829/1240/831 
f 1022/1242/830 1567/2422/832 1023/1243/832 
f 1024/1248/825 1409/1986/826 761/905/824 
f 1026/1250/823 1568/2423/822 1027/1251/822 
f 1028/1256/825 1268/1733/826 483/1257/824 
f 1030/1259/823 1569/2424/822 1031/1260/822 
f 1032/1262/102 1570/2425/102 221/1263/102 
f 965/1108/101 219/363/101 222/366/101 
f 1033/1268/103 1136/1492/103 223/1269/103 
f 1038/1275/814 1571/2426/813 1039/1276/813 
f 1036/1278/812 1287/1767/816 517/1279/811 
f 1040/1281/808 1572/2427/103 182/1282/103 
f 180/324/101 177/321/101 179/323/101 
f 1041/1287/102 1086/1401/836 178/1288/836 
f 1046/1294/828 1573/2428/827 1047/1295/827 
f 1044/1297/800 1322/1828/830 589/1298/829 
f 1050/1303/814 1574/2429/813 1051/1304/813 
f 1048/1306/812 1390/1952/811 727/1307/811 
f 1052/1309/104 1575/2430/104 188/1310/104 
f 191/335/103 903/1046/103 186/330/103 
f 1055/1315/809 1576/2431/101 308/1316/101 
f 305/449/102 882/1025/102 306/450/102 
f 1056/1321/104 1135/1490/837 304/1322/837 
f 1060/1327/831 1577/2432/827 1061/1328/827 
f 1058/1330/832 1356/1890/829 659/1331/830 
f 1062/1333/103 1578/2433/103 284/1334/103 
f 281/425/104 933/1076/104 282/426/104 
f 1063/1339/102 1176/1564/102 280/1340/102 
f 1065/1342/808 1579/2434/103 230/1343/103 
f 227/371/101 895/1038/101 228/372/101 
f 1066/1348/102 1167/1546/836 226/1349/836 
f 1068/1351/104 1170/1552/837 247/1352/837 
f 874/1017/102 243/387/102 246/390/102 
f 1070/1357/809 1580/2435/101 245/1358/101 
f 1071/1360/836 1581/2436/102 287/1361/102 
f 288/432/104 290/434/104 921/1064/104 
f 1074/1366/104 1582/2437/104 302/1367/104 
f 297/441/102 299/443/102 939/1082/102 
f 1075/1372/101 1180/1572/101 298/1373/101 
f 1077/1375/104 1133/1486/104 268/1376/104 
f 269/413/103 270/414/103 272/416/103 
f 1079/1381/102 1116/1454/102 211/1382/102 
f 210/354/104 212/356/104 201/345/104 
f 1072/1387/103 1177/1566/808 289/1388/808 
f 1081/1390/103 1584/2438/103 202/1391/103 
f 1053/1393/101 1102/1430/809 190/1394/809 
f 1083/1396/101 1583/2439/101 271/1397/101 
f 1085/1399/841 971/1124/803 238/1126/803 
f 1086/1401/836 1248/1698/843 440/1402/843 
f 1087/1403/102 1096/1419/844 172/1404/844 
f 1089/1406/845 1087/1403/102 1088/1405/102 
f 170/314/101 171/315/101 173/317/101 
f 1090/1408/847 1092/1411/103 169/1409/103 
f 1092/1411/103 1238/1677/860 424/1412/848 
f 1093/1413/849 1040/1281/808 181/1283/808 
f 1094/1415/103 1181/1575/860 311/1416/848 
f 1095/1417/850 1090/1408/847 1091/1410/103 
f 1096/1419/844 1190/1592/851 327/1420/851 
f 1097/1421/845 968/1115/102 175/1117/102 
f 1098/1423/104 1100/1426/104 184/1424/104 
f 194/338/103 183/327/103 185/329/103 
f 1100/1426/104 1272/1739/852 492/1427/852 
f 1101/1428/853 1052/1309/104 187/1311/104 
f 1102/1430/809 1283/1759/854 508/1431/854 
f 1103/1432/101 1106/1437/101 193/1433/101 
f 1105/1435/855 1103/1432/101 1104/1434/101 
f 1106/1437/101 1421/2005/856 786/1438/856 
f 1107/1439/857 974/1133/101 975/1134/101 
f 1108/1440/803 1413/1991/841 770/1441/841 
f 1109/1442/858 1098/1423/104 1099/1425/104 
f 1110/1444/103 1112/1447/103 205/1445/847 
f 206/350/104 207/351/104 209/353/104 
f 1112/1447/103 1342/1864/850 634/1448/850 
f 1113/1449/844 1126/1472/102 208/1450/102 
f 1115/1452/851 1113/1449/844 1114/1451/844 
f 1116/1454/102 1352/1884/846 652/1455/845 
f 1117/1456/848 1081/1390/103 1082/1392/103 
f 1118/1458/803 1120/1461/104 265/1459/104 
f 266/410/103 255/399/103 257/401/103 
f 1120/1461/104 1299/1787/861 544/1462/861 
f 266/410/103 543/687/103 255/399/103 
f 543/687/103 1035/1271/103 540/684/103 
f 1121/1463/101 1129/1478/802 256/1464/802 
f 1123/1466/862 1121/1463/101 1122/1465/101 
f 1124/1468/853 981/1150/810 982/1152/810 
f 1125/1470/843 976/1135/102 250/1137/804 
f 1126/1472/102 1318/1822/846 580/1473/845 
f 1127/1474/808 1307/1802/849 562/1475/849 
f 1128/1476/848 1110/1444/103 1111/1446/103 
f 1129/1478/802 1394/1959/863 736/1479/863 
f 1130/1480/864 1118/1458/803 1119/1460/803 
f 1131/1482/845 1032/1262/102 220/1264/102 
f 1132/1484/809 1291/1774/854 526/1485/854 
f 1133/1486/104 1405/1980/861 752/1487/861 
f 1134/1488/855 1083/1396/101 1084/1398/101 
f 1135/1490/837 1230/1664/865 406/1491/865 
f 1136/1492/103 1453/2061/860 854/1493/848 
f 1137/1494/866 1165/1542/103 214/1495/103 
f 1139/1497/867 1137/1494/866 1138/1496/866 
f 218/362/101 213/357/101 215/359/101 
f 1140/1499/102 1142/1502/868 217/1500/868 
f 1142/1502/868 1445/2047/851 838/1503/869 
f 1143/1504/104 1145/1507/104 232/1505/104 
f 236/380/102 231/375/102 233/377/102 
f 1145/1507/104 1429/2019/859 804/1508/858 
f 1146/1509/101 1149/1514/101 235/1510/101 
f 1148/1512/856 1146/1509/101 1147/1511/101 
f 1149/1514/101 1214/1636/855 370/1515/855 
f 1150/1516/852 1143/1504/104 1144/1506/104 
f 1151/1518/868 1153/1521/102 277/1519/102 
f 278/422/104 273/417/104 275/419/104 
f 1153/1521/102 1326/1836/846 598/1522/845 
f 1154/1523/851 1151/1518/868 1152/1520/868 
f 1155/1525/104 1161/1535/870 295/1526/870 
f 1157/1528/861 1155/1525/104 1156/1527/104 
f 296/440/102 291/435/102 293/437/102 
f 1158/1530/871 1160/1533/101 292/1531/101 
f 1160/1533/101 1222/1649/862 388/1534/862 
f 1161/1535/870 1386/1946/864 718/1536/872 
f 1162/1537/103 1164/1540/866 274/1538/866 
f 1164/1540/866 1368/1912/850 684/1541/867 
f 1165/1542/103 1264/1725/860 474/1543/848 
f 1166/1544/845 1140/1499/102 1141/1501/102 
f 1167/1546/836 1256/1711/875 458/1547/843 
f 1168/1548/873 1065/1342/808 229/1344/808 
f 1169/1550/854 1070/1357/809 244/1359/809 
f 1170/1552/837 1203/1616/865 354/1553/865 
f 1171/1554/802 1437/2033/976 820/1555/857 
f 1172/1556/848 1162/1537/103 1163/1539/103 
f 1173/1558/843 1071/1360/836 286/1362/836 
f 1174/1560/848 1062/1333/103 283/1335/103 
f 1175/1562/863 1158/1530/871 1159/1532/871 
f 1176/1564/102 1360/1898/846 668/1565/845 
f 1177/1566/808 1334/1850/873 616/1567/873 
f 1178/1568/861 1074/1366/104 301/1368/104 
f 1179/1570/874 1055/1315/809 307/1317/809 
f 1180/1572/101 1376/1926/862 702/1573/855 
f 309/1574/876 311/1416/848 1181/1575/860 
f 864/1577/877 314/1583/882 1183/1578/878 
f 1184/1579/879 1449/2053/947 845/1580/880 
f 315/1581/881 309/1574/876 1182/1576/876 
f 314/1583/882 315/1581/881 1185/1582/881 
f 318/1584/883 320/1204/817 1186/1585/818 
f 861/1422/846 323/1590/886 1188/1587/884 
f 324/1588/885 318/1584/883 1187/1586/883 
f 323/1590/886 324/1588/885 1189/1589/885 
f 325/1591/887 327/1420/851 1190/1592/851 
f 867/1208/821 330/1597/891 1192/1594/889 
f 331/1595/890 325/1591/887 1191/1593/888 
f 330/1597/891 331/1595/890 1193/1596/890 
f 1194/1598/892 1197/1605/898 334/1599/893 
f 1195/1601/895 1194/1598/892 336/1600/894 
f 1196/1603/897 1095/1417/850 869/1418/850 
f 1197/1605/898 1198/1607/899 340/1606/899 
f 1198/1607/899 1196/1603/897 339/1604/897 
f 343/1608/900 345/1222/823 1199/1609/833 
f 873/1551/874 348/1614/902 1201/1611/902 
f 349/1612/903 343/1608/900 1200/1610/901 
f 348/1614/902 349/1612/903 1202/1613/903 
f 352/1615/904 354/1553/865 1203/1616/865 
f 1205/1618/905 357/1624/906 1206/1619/906 
f 1207/1620/905 1226/1656/919 397/1621/907 
f 358/1622/908 352/1615/904 1204/1617/904 
f 357/1624/906 358/1622/908 1208/1623/908 
f 359/1625/909 361/1629/910 1209/1626/910 
f 1211/1628/911 1209/1626/910 361/1629/910 
f 876/1517/852 364/1634/912 1212/1631/912 
f 365/1632/913 359/1625/909 1210/1627/909 
f 364/1634/912 365/1632/913 1213/1633/913 
f 368/1635/914 370/1515/855 1214/1636/855 
f 871/1226/826 373/1641/915 1216/1638/915 
f 374/1639/916 368/1635/914 1215/1637/914 
f 373/1641/915 374/1639/916 1217/1640/916 
f 377/1642/917 379/1170/814 1218/1643/834 
f 880/1529/861 382/1648/912 1220/1645/912 
f 383/1646/913 377/1642/917 1219/1644/917 
f 382/1648/912 383/1646/913 1221/1647/913 
f 1222/1649/862 1224/1653/914 386/1650/914 
f 1223/1651/918 1211/1628/911 875/1630/911 
f 1224/1653/914 1225/1655/916 392/1654/916 
f 1225/1655/916 1223/1651/918 391/1652/918 
f 1226/1656/919 1228/1660/900 395/1657/900 
f 1227/1658/902 1179/1570/874 881/1571/874 
f 1228/1660/900 1229/1662/903 401/1661/903 
f 1229/1662/903 1227/1658/902 400/1659/902 
f 404/1663/904 406/1491/865 1230/1664/865 
f 878/1168/816 409/1669/906 1232/1666/906 
f 410/1667/908 404/1663/904 1231/1665/904 
f 409/1669/906 410/1667/908 1233/1668/908 
f 413/1670/883 415/1195/818 1234/1671/817 
f 886/1407/846 418/1676/884 1236/1673/884 
f 419/1674/885 413/1670/883 1235/1672/883 
f 418/1676/884 419/1674/885 1237/1675/920 
f 1238/1677/860 1241/1684/876 422/1678/876 
f 1239/1679/882 1240/1682/921 888/1680/921 
f 1240/1682/921 1260/1719/922 465/1683/922 
f 1241/1684/876 1242/1686/881 428/1685/881 
f 1242/1686/881 1239/1679/882 427/1681/882 
f 429/1687/893 431/1691/892 1243/1688/923 
f 1245/1690/896 1243/1688/923 431/1691/892 
f 889/1414/849 434/1696/925 1246/1693/925 
f 435/1694/926 429/1687/893 1244/1689/924 
f 434/1696/925 435/1694/926 1247/1695/927 
f 438/1697/928 440/1402/843 1248/1698/843 
f 884/1199/819 443/1703/932 1250/1700/929 
f 444/1701/930 438/1697/928 1249/1699/928 
f 443/1703/932 444/1701/930 1251/1702/931 
f 447/1704/893 449/1231/828 1252/1705/831 
f 894/1549/873 452/1710/925 1254/1707/925 
f 453/1708/934 447/1704/893 1253/1706/933 
f 452/1710/925 453/1708/934 1255/1709/927 
f 1256/1711/875 1258/1715/936 456/1712/928 
f 1257/1713/932 1245/1690/896 887/1692/895 
f 1258/1715/936 1259/1717/930 462/1716/930 
f 1259/1717/930 1257/1713/932 461/1714/935 
f 463/1718/937 465/1683/922 1260/1719/922 
f 896/1545/845 468/1724/884 1262/1721/884 
f 469/1722/885 463/1718/937 1261/1720/937 
f 468/1724/884 469/1722/885 1263/1723/885 
f 1264/1725/860 1266/1729/876 472/1726/876 
f 1265/1727/938 1018/1233/829 892/1235/830 
f 1266/1729/876 1267/1731/881 478/1730/939 
f 1267/1731/881 1265/1727/938 477/1728/938 
f 481/1732/915 483/1257/824 1268/1733/826 
f 900/1436/855 486/1738/914 1270/1735/914 
f 487/1736/916 481/1732/915 1269/1734/915 
f 486/1738/914 487/1736/916 1271/1737/916 
f 1272/1739/852 1276/1746/912 490/1740/912 
f 1273/1741/909 1275/1744/910 1274/1742/910 
f 1275/1744/910 1295/1781/911 535/1745/911 
f 1276/1746/912 1277/1748/913 496/1747/913 
f 1277/1748/913 1273/1741/909 495/1743/909 
f 1278/1749/940 1281/1756/906 497/1750/906 
f 1279/1752/907 1278/1749/940 499/1751/905 
f 1280/1754/904 1101/1428/853 902/1429/853 
f 1281/1756/906 1282/1758/908 503/1757/908 
f 1282/1758/908 1280/1754/904 502/1755/904 
f 1283/1759/854 1285/1763/902 506/1760/902 
f 1284/1761/901 1030/1259/823 898/1261/833 
f 1285/1763/902 1286/1765/942 512/1764/942 
f 1286/1765/942 1284/1761/901 511/1762/941 
f 515/1766/906 517/1279/811 1287/1767/816 
f 907/1469/853 520/1772/904 1289/1769/904 
f 521/1770/944 515/1766/906 1288/1768/943 
f 520/1772/904 521/1770/944 1290/1771/944 
f 524/1773/902 526/1485/854 1291/1774/854 
f 901/1753/919 529/1779/900 1293/1776/900 
f 530/1777/903 524/1773/902 1292/1775/902 
f 529/1779/900 530/1777/903 1294/1778/903 
f 533/1780/918 535/1745/911 1295/1781/911 
f 908/1467/862 538/1786/914 1297/1783/914 
f 539/1784/916 533/1780/918 1296/1782/918 
f 538/1786/914 539/1784/916 1298/1785/916 
f 1299/1787/861 1301/1791/912 542/1788/912 
f 1300/1789/917 1038/1275/814 905/1277/834 
f 1301/1791/912 1302/1793/913 548/1792/913 
f 1302/1793/913 1300/1789/917 547/1790/917 
f 1303/1794/819 1305/1798/932 551/1795/929 
f 1304/1796/928 1125/1470/843 912/1471/843 
f 1305/1798/932 1306/1800/930 554/1799/931 
f 1306/1800/930 1304/1796/928 558/1797/928 
f 560/1801/925 562/1475/849 1307/1802/849 
f 1309/1804/923 567/1810/924 1310/1805/893 
f 1311/1806/892 1330/1842/895 607/1807/896 
f 563/1808/927 560/1801/925 1308/1803/925 
f 567/1810/924 563/1808/927 1312/1809/926 
f 1313/1811/921 1316/1818/882 569/1812/882 
f 1314/1814/922 1313/1811/921 571/1813/921 
f 1315/1816/876 1128/1476/848 915/1477/848 
f 1316/1818/882 1317/1820/881 572/1819/881 
f 1317/1820/881 1315/1816/876 576/1817/876 
f 578/1821/884 580/1473/845 1318/1822/846 
f 910/1187/817 585/1827/883 1320/1824/883 
f 581/1825/920 578/1821/884 1319/1823/884 
f 585/1827/883 581/1825/920 1321/1826/885 
f 1322/1828/830 1324/1832/938 587/1829/938 
f 1323/1830/876 1172/1556/848 919/1557/860 
f 1324/1832/938 1325/1834/939 590/1833/881 
f 1325/1834/939 1323/1830/876 594/1831/876 
f 596/1835/884 598/1522/845 1326/1836/846 
f 914/1815/922 603/1841/937 1328/1838/937 
f 599/1839/885 596/1835/884 1327/1837/884 
f 603/1841/937 599/1839/885 1329/1840/885 
f 1330/1842/895 1332/1846/935 605/1843/945 
f 1331/1844/928 1173/1558/843 920/1559/875 
f 1332/1846/935 1333/1848/930 608/1847/946 
f 1333/1848/930 1331/1844/928 612/1845/928 
f 614/1849/925 616/1567/873 1334/1850/873 
f 917/1296/831 621/1855/933 1336/1852/893 
f 617/1853/927 614/1849/925 1335/1851/925 
f 621/1855/933 617/1853/927 1337/1854/927 
f 1338/1856/821 1340/1860/891 623/1857/889 
f 1339/1858/887 1115/1452/851 925/1453/851 
f 1340/1860/891 1341/1862/890 626/1861/890 
f 1341/1862/890 1339/1858/887 630/1859/888 
f 632/1863/897 634/1448/850 1342/1864/850 
f 926/1866/892 639/1872/898 1344/1867/893 
f 1345/1868/923 1364/1904/896 676/1869/895 
f 635/1870/899 632/1863/897 1343/1865/897 
f 639/1872/898 635/1870/899 1346/1871/899 
f 1347/1873/877 1350/1880/882 641/1874/878 
f 1348/1876/880 1347/1873/877 643/1875/879 
f 1349/1878/876 1117/1456/848 928/1457/860 
f 1350/1880/882 1351/1882/881 646/1881/881 
f 1351/1882/881 1349/1878/876 648/1879/876 
f 650/1883/884 652/1455/845 1352/1884/846 
f 923/1177/818 655/1889/883 1354/1886/883 
f 653/1887/885 650/1883/884 1353/1885/886 
f 655/1889/883 653/1887/885 1355/1888/885 
f 1356/1890/829 1358/1894/938 657/1891/938 
f 1357/1892/876 1174/1560/848 932/1561/860 
f 1358/1894/938 1359/1896/881 660/1895/881 
f 1359/1896/881 1357/1892/876 664/1893/948 
f 666/1897/884 668/1565/845 1360/1898/846 
f 927/1877/947 673/1903/937 1362/1900/949 
f 669/1901/885 666/1897/884 1361/1899/884 
f 673/1903/937 669/1901/885 1363/1902/885 
f 1364/1904/896 1366/1908/891 675/1905/929 
f 1365/1906/887 1154/1523/851 934/1524/851 
f 1366/1908/891 1367/1910/950 677/1909/950 
f 1367/1910/950 1365/1906/887 680/1907/887 
f 682/1911/951 684/1541/867 1368/1912/850 
f 930/1329/838 689/1917/898 1370/1914/952 
f 685/1915/953 682/1911/951 1369/1913/897 
f 689/1917/898 685/1915/953 1371/1916/953 
f 691/1918/917 693/1160/814 1372/1919/834 
f 938/1569/861 696/1924/912 1374/1921/912 
f 697/1922/913 691/1918/917 1373/1920/917 
f 696/1924/912 697/1922/913 1375/1923/913 
f 700/1925/914 702/1573/855 1376/1926/862 
f 940/1928/954 705/1934/955 1378/1929/955 
f 1379/1930/954 1433/2025/910 811/1931/956 
f 706/1932/916 700/1925/914 1377/1927/914 
f 705/1934/955 706/1932/916 1380/1933/916 
f 1381/1935/907 1384/1942/959 707/1936/941 
f 1382/1938/957 1381/1935/907 709/1937/907 
f 1383/1940/958 1175/1562/863 942/1563/863 
f 1384/1942/959 1385/1944/961 713/1943/960 
f 1385/1944/961 1383/1940/958 712/1941/958 
f 716/1945/962 718/1536/872 1386/1946/864 
f 936/1158/811 721/1951/963 1388/1948/963 
f 722/1949/964 716/1945/962 1387/1947/962 
f 721/1951/963 722/1949/964 1389/1950/964 
f 1390/1952/811 1392/1956/963 725/1953/965 
f 1391/1954/962 1130/1480/864 946/1481/864 
f 1392/1956/963 1393/1958/964 731/1957/964 
f 1393/1958/964 1391/1954/962 730/1955/966 
f 1394/1959/863 1398/1966/958 734/1960/958 
f 1395/1961/941 1397/1964/907 1396/1962/907 
f 1397/1964/907 1417/1998/905 777/1965/905 
f 1398/1966/958 1399/1968/960 740/1967/960 
f 1399/1968/960 1395/1961/941 739/1963/941 
f 1400/1969/954 1403/1976/955 741/1970/955 
f 1401/1972/956 1400/1969/954 743/1971/954 
f 1402/1974/914 1134/1488/855 948/1489/862 
f 1403/1976/955 1404/1978/916 747/1977/916 
f 1404/1978/916 1402/1974/914 746/1975/914 
f 750/1979/912 752/1487/861 1405/1980/861 
f 944/1305/834 755/1985/917 1407/1982/917 
f 756/1983/913 750/1979/912 1406/1981/912 
f 755/1985/917 756/1983/913 1408/1984/913 
f 1409/1986/826 1411/1988/918 759/903/955 
f 1410/1987/967 1107/1439/857 952/1095/857 
f 1411/1988/918 1412/1989/968 765/909/968 
f 1412/1989/968 1410/1987/967 764/908/967 
f 768/1990/969 770/1441/841 1413/1991/841 
f 947/1973/910 773/1996/970 1415/1993/970 
f 774/1994/971 768/1990/969 1414/1992/969 
f 773/1996/970 774/1994/971 1416/1995/971 
f 775/1997/906 777/1965/905 1417/1998/905 
f 953/1443/859 780/2003/972 1419/2000/972 
f 781/2001/973 775/1997/906 1418/1999/906 
f 780/2003/972 781/2001/973 1420/2002/973 
f 784/2004/974 786/1438/856 1421/2005/856 
f 950/1252/833 789/2010/959 1423/2007/959 
f 790/2008/975 784/2004/974 1422/2006/974 
f 789/2010/959 790/2008/975 1424/2009/975 
f 793/2011/959 795/1213/823 1425/2012/833 
f 957/1513/856 798/2017/974 1427/2014/974 
f 799/2015/975 793/2011/959 1426/2013/959 
f 798/2017/974 799/2015/975 1428/2016/975 
f 802/2018/972 804/1508/858 1429/2019/859 
f 941/1939/905 807/2024/906 1431/2021/906 
f 808/2022/973 802/2018/972 1430/2020/972 
f 807/2024/906 808/2022/973 1432/2023/973 
f 1433/2025/910 1435/2029/970 809/2026/970 
f 1434/2027/969 1085/1399/841 958/1400/842 
f 1435/2029/970 1436/2031/971 815/2030/971 
f 1436/2031/971 1434/2027/969 814/2028/969 
f 818/2032/967 820/1555/857 1437/2033/976 
f 955/1217/826 823/2038/955 1439/2035/955 
f 824/2036/977 818/2032/967 1438/2034/967 
f 823/2038/955 824/2036/977 1440/2037/977 
f 1441/2039/838 1443/2043/898 827/2040/952 
f 1442/2041/951 1139/1497/867 963/1498/850 
f 1443/2043/898 1444/2045/953 833/2044/953 
f 1444/2045/953 1442/2041/951 832/2042/897 
f 836/2046/887 838/1503/869 1445/2047/851 
f 863/1602/896 841/2052/891 1447/2049/929 
f 842/2050/950 836/2046/887 1446/2048/887 
f 841/2052/891 842/2050/950 1448/2051/950 
f 1449/2053/947 1451/2057/937 843/2054/949 
f 1450/2055/884 1131/1482/845 964/1483/846 
f 1451/2057/937 1452/2059/885 849/2058/885 
f 1452/2059/885 1450/2055/884 848/2056/884 
f 852/2060/876 854/1493/848 1453/2061/860 
f 961/1244/829 857/2066/938 1455/2063/938 
f 858/2064/881 852/2060/876 1454/2062/948 
f 857/2066/938 858/2064/881 1456/2065/881 
f 922/1065/104 624/768/104 656/800/104 
f 651/795/104 649/793/104 201/345/104 
f 206/350/104 633/777/104 631/775/104 
f 674/818/104 642/786/104 640/784/104 
f 552/696/104 586/730/104 911/1054/104 
f 579/723/104 577/721/104 204/348/104 
f 570/714/104 568/712/104 606/750/104 
f 254/398/104 561/705/104 559/703/104 
f 281/425/104 667/811/104 665/809/104 
f 683/827/104 681/825/104 276/420/104 
f 658/802/104 690/834/104 931/1074/104 
f 615/759/104 613/757/104 921/1064/104 
f 916/1059/104 588/732/104 622/766/104 
f 278/422/104 597/741/104 595/739/104 
f 692/836/102 723/867/102 937/1080/102 
f 708/852/102 151/295/102 810/953/102 
f 299/443/102 701/845/102 698/842/102 
f 717/861/102 714/858/102 291/435/102 
f 233/377/102 803/947/102 800/944/102 
f 954/1097/102 794/938/102 825/968/102 
f 819/962/102 816/959/102 959/1102/102 
f 396/540/102 393/537/102 360/504/102 
f 877/1020/102 378/522/102 411/555/102 
f 293/437/102 387/531/102 384/528/102 
f 405/549/102 402/546/102 882/1025/102 
f 369/513/102 366/510/102 231/375/102 
f 344/488/102 375/519/102 872/1015/102 
f 248/392/102 353/497/102 350/494/102 
f 170/314/101 423/567/101 420/564/101 
f 139/283/101 430/574/101 136/280/101 
f 439/583/101 436/580/101 890/1033/101 
f 883/1026/101 414/558/101 445/589/101 
f 227/371/101 457/601/101 454/598/101 
f 473/617/101 470/614/101 216/360/101 
f 448/592/101 479/623/101 893/1036/101 
f 960/1103/101 828/971/101 859/1002/101 
f 218/362/101 837/980/101 834/977/101 
f 853/996/101 850/993/101 965/1108/101 
f 326/470/101 341/485/101 168/312/101 
f 335/479/101 316/460/101 844/987/101 
f 319/463/101 332/476/101 868/1011/101 
f 167/311/101 310/454/101 130/274/101 
f 516/660/103 549/693/103 906/1049/103 
f 260/404/103 525/669/103 522/666/103 
f 498/642/103 142/286/103 534/678/103 
f 507/651/103 504/648/103 903/1046/103 
f 897/1040/103 482/626/103 513/657/103 
f 185/329/103 491/635/103 488/632/103 
f 785/929/103 782/926/103 183/327/103 
f 760/904/103 791/935/103 951/1094/103 
f 200/344/103 769/913/103 766/910/103 
f 776/920/103 157/301/103 742/886/103 
f 943/1086/103 726/870/103 757/901/103 
f 751/895/103 748/892/103 270/414/103 
f 257/401/103 735/879/103 732/876/103 
f 1457/2067/978 1506/2118/978 1458/2068/978 
f 1460/2070/979 1505/2119/979 1461/2071/979 
f 1463/2073/979 1511/2130/979 1464/2074/979 
f 1466/2076/978 1512/2131/978 1467/2077/978 
f 1469/2079/978 1518/2142/978 1470/2080/978 
f 1472/2082/980 1517/2143/980 1473/2083/980 
f 1475/2085/980 1523/2154/980 1476/2086/980 
f 1478/2088/978 1524/2155/978 1479/2089/978 
f 1481/2091/980 1529/2166/980 1482/2092/980 
f 1484/2094/981 1530/2167/981 1485/2095/981 
f 1487/2097/981 1536/2178/981 1488/2098/981 
f 1490/2100/980 1535/2179/980 1491/2101/980 
f 1493/2103/981 1542/2190/981 1494/2104/981 
f 1496/2106/979 1541/2191/979 1497/2107/979 
f 1499/2109/979 1547/2202/979 1500/2110/979 
f 1502/2112/981 1548/2203/981 1503/2113/981 
f 1459/2115/800 1458/2440/800 1505/2116/800 
f 1506/2118/101 1461/2071/101 1505/2119/101 
f 1507/2120/103 1457/2067/103 1459/2069/103 
f 1509/2122/102 1460/2070/102 1462/2072/102 
f 1462/2124/805 1461/2441/805 1506/2125/805 
f 1468/2127/800 1467/2442/800 1511/2128/800 
f 1511/2130/101 1467/2077/101 1512/2131/101 
f 1513/2132/103 1466/2076/103 1468/2078/103 
f 1515/2134/102 1463/2073/102 1465/2075/102 
f 1465/2136/805 1464/2443/805 1512/2137/805 
f 1471/2139/805 1470/2444/805 1517/2140/827 
f 1518/2142/103 1473/2083/103 1517/2143/103 
f 1519/2144/101 1469/2079/101 1471/2081/101 
f 1521/2146/104 1472/2082/104 1474/2084/104 
f 1474/2148/800 1473/2445/800 1518/2149/800 
f 1480/2151/805 1479/2446/805 1523/2152/805 
f 1523/2154/103 1479/2089/103 1524/2155/103 
f 1525/2156/101 1478/2088/101 1480/2090/101 
f 1527/2158/104 1475/2085/104 1477/2087/104 
f 1477/2160/800 1476/2447/832 1524/2161/800 
f 1486/2163/800 1485/2448/800 1529/2164/800 
f 1529/2166/104 1485/2095/104 1530/2167/104 
f 1531/2168/102 1484/2094/102 1486/2096/102 
f 1533/2170/103 1481/2091/103 1483/2093/103 
f 1483/2172/805 1482/2449/805 1530/2173/805 
f 1489/2175/800 1488/2450/800 1535/2176/800 
f 1536/2178/104 1491/2101/104 1535/2179/104 
f 1537/2180/102 1487/2097/102 1489/2099/102 
f 1539/2182/103 1490/2100/103 1492/2102/103 
f 1492/2184/805 1491/2451/805 1536/2185/805 
f 1495/2187/805 1494/2452/805 1541/2188/807 
f 1542/2190/102 1497/2107/102 1541/2191/102 
f 1543/2192/104 1493/2103/104 1495/2105/104 
f 1545/2194/101 1496/2106/101 1498/2108/101 
f 1498/2196/800 1497/2453/800 1542/2197/800 
f 1504/2199/805 1503/2454/805 1547/2200/805 
f 1547/2202/102 1503/2113/102 1548/2203/102 
f 1549/2204/104 1502/2112/104 1504/2114/104 
f 1551/2206/101 1499/2109/101 1501/2111/101 
f 1501/2208/800 1500/2455/801 1548/2209/800 
f 1546/2211/800 1498/2196/800 1493/2198/800 
f 1508/2213/800 1459/2115/800 1460/2117/800 
f 1522/2215/800 1474/2148/800 1469/2150/800 
f 1538/2217/800 1489/2175/800 1490/2177/800 
f 1540/2219/805 1492/2184/805 1487/2186/805 
f 1520/2221/805 1471/2139/805 1472/2141/805 
f 1510/2223/805 1462/2124/805 1457/2126/805 
f 1544/2225/805 1495/2187/805 1496/2189/805 
f 1514/2227/800 1468/2127/800 1463/2129/800 
f 1552/2229/800 1501/2208/800 1502/2210/800 
f 1532/2231/800 1486/2163/800 1481/2165/800 
f 1528/2233/800 1477/2160/800 1478/2162/800 
f 1516/2235/805 1465/2136/805 1466/2138/805 
f 1550/2237/805 1504/2199/805 1499/2201/805 
f 1534/2239/805 1483/2172/805 1484/2174/805 
f 1526/2241/805 1480/2151/805 1475/2153/805 
# 0 polygons - 2416 triangles

#
# object main_body
#

v  -0.5029 7.3667 0.5223
v  -0.5204 7.3389 0.5196
v  -0.5207 7.3667 0.5196
v  -0.5389 7.3389 0.5123
v  -0.5392 7.3667 0.5123
v  -0.5530 7.3389 0.5023
v  -0.5532 7.3667 0.5023
v  -0.6328 7.3667 0.3924
v  -0.6301 7.3389 0.4100
v  -0.6328 7.3389 0.3921
v  -0.6301 7.3667 0.4103
v  -0.6228 7.3389 0.4284
v  -0.6228 7.3667 0.4287
v  -0.6127 7.3389 0.4425
v  -0.5029 5.4616 0.5223
v  -0.5204 5.4338 0.5196
v  -0.5207 5.4616 0.5196
v  -0.5389 5.4338 0.5123
v  -0.5392 5.4616 0.5123
v  -0.5530 5.4338 0.5023
v  -0.5532 5.4616 0.5023
v  -0.6328 5.4616 0.3924
v  -0.6301 5.4338 0.4100
v  -0.6328 5.4338 0.3921
v  -0.6301 5.4616 0.4103
v  -0.6228 5.4338 0.4284
v  -0.6228 5.4616 0.4287
v  -0.6127 5.4338 0.4425
v  -0.5029 7.1588 0.5223
v  -0.5204 7.1865 0.5196
v  -0.5025 7.1865 0.5223
v  -0.5207 7.1588 0.5196
v  -0.5389 7.1865 0.5123
v  -0.5392 7.1588 0.5123
v  -0.5530 7.1865 0.5023
v  -0.6328 7.1588 0.3924
v  -0.6301 7.1865 0.4100
v  -0.6301 7.1588 0.4103
v  -0.6228 7.1865 0.4284
v  -0.6228 7.1588 0.4287
v  -0.6127 7.1865 0.4425
v  -0.6127 7.1588 0.4428
v  -0.5029 5.2537 0.5223
v  -0.5204 5.2815 0.5196
v  -0.5025 5.2815 0.5223
v  -0.5207 5.2537 0.5196
v  -0.5389 5.2815 0.5123
v  -0.5392 5.2537 0.5123
v  -0.5530 5.2815 0.5023
v  -0.6328 5.2537 0.3924
v  -0.6301 5.2815 0.4100
v  -0.6301 5.2537 0.4103
v  -0.6228 5.2815 0.4284
v  -0.6228 5.2537 0.4287
v  -0.6127 5.2815 0.4425
v  -0.6127 5.2537 0.4428
v  -0.6328 10.3339 0.3924
v  -0.6301 10.3617 0.4100
v  -0.6301 10.3339 0.4103
v  -0.6228 10.3617 0.4284
v  -0.6228 10.3339 0.4287
v  -0.6127 10.3617 0.4425
v  -0.6127 10.3339 0.4428
v  -0.5029 10.3339 0.5223
v  -0.5204 10.3617 0.5196
v  -0.5025 10.3617 0.5223
v  -0.5207 10.3339 0.5196
v  -0.5389 10.3617 0.5123
v  -0.5392 10.3339 0.5123
v  -0.5530 10.3617 0.5023
v  -0.6328 0.3814 0.3924
v  -0.6301 0.3536 0.4100
v  -0.6328 0.3536 0.3921
v  -0.6301 0.3814 0.4103
v  -0.6228 0.3536 0.4284
v  -0.6228 0.3814 0.4287
v  -0.6127 0.3536 0.4425
v  -0.5029 0.3814 0.5223
v  -0.5204 0.3536 0.5196
v  -0.5207 0.3814 0.5196
v  -0.5389 0.3536 0.5123
v  -0.5392 0.3814 0.5123
v  -0.5530 0.3536 0.5023
v  -0.5532 0.3814 0.5023
v  -0.6579 10.1264 0.6767
v  -0.6757 7.5702 0.6740
v  -0.6579 7.5702 0.6767
v  -0.6757 10.1264 0.6740
v  -0.6940 7.5702 0.6667
v  -0.6940 10.1264 0.6667
v  -0.7081 7.5702 0.6567
v  -0.7872 7.5702 0.5474
v  -0.7845 10.1264 0.5652
v  -0.7872 10.1264 0.5474
v  -0.7845 7.5702 0.5652
v  -0.7772 10.1264 0.5836
v  -0.7772 7.5702 0.5836
v  -0.7672 10.1264 0.5976
v  -0.6579 5.0501 0.6767
v  -0.6757 0.5850 0.6740
v  -0.6579 0.5850 0.6767
v  -0.6757 5.0501 0.6740
v  -0.6940 0.5850 0.6667
v  -0.6940 5.0501 0.6667
v  -0.7081 0.5850 0.6567
v  -0.7872 0.5850 0.5474
v  -0.7845 5.0501 0.5652
v  -0.7872 5.0501 0.5474
v  -0.7845 0.5850 0.5652
v  -0.7772 5.0501 0.5836
v  -0.7772 0.5850 0.5836
v  -0.7672 5.0501 0.5976
v  0.4554 7.3667 0.3911
v  0.4528 7.3389 0.4087
v  0.4528 7.3667 0.4091
v  0.4455 7.3389 0.4273
v  0.4455 7.3667 0.4277
v  0.4355 7.3389 0.4415
v  0.4355 7.3667 0.4418
v  0.3255 7.3667 0.5223
v  0.3431 7.3389 0.5196
v  0.3252 7.3389 0.5223
v  0.3434 7.3667 0.5196
v  0.3615 7.3389 0.5122
v  0.3618 7.3667 0.5122
v  0.3755 7.3389 0.5022
v  0.4554 5.4616 0.3924
v  0.4527 5.4338 0.4100
v  0.4527 5.4616 0.4103
v  0.4454 5.4338 0.4284
v  0.4454 5.4616 0.4287
v  0.4354 5.4338 0.4425
v  0.4354 5.4616 0.4428
v  0.3255 5.4616 0.5223
v  0.3431 5.4338 0.5196
v  0.3252 5.4338 0.5223
v  0.3434 5.4616 0.5196
v  0.3615 5.4338 0.5123
v  0.3618 5.4616 0.5123
v  0.3756 5.4338 0.5023
v  0.4554 7.1588 0.3924
v  0.4527 7.1865 0.4100
v  0.4554 7.1865 0.3921
v  0.4527 7.1588 0.4103
v  0.4454 7.1865 0.4284
v  0.4454 7.1588 0.4287
v  0.4354 7.1865 0.4425
v  0.3255 7.1588 0.5223
v  0.3431 7.1865 0.5196
v  0.3434 7.1588 0.5196
v  0.3615 7.1865 0.5123
v  0.3618 7.1588 0.5123
v  0.3756 7.1865 0.5023
v  0.3759 7.1588 0.5023
v  0.4554 5.2537 0.3924
v  0.4527 5.2815 0.4100
v  0.4554 5.2815 0.3921
v  0.4527 5.2537 0.4103
v  0.4454 5.2815 0.4284
v  0.4454 5.2537 0.4287
v  0.4354 5.2815 0.4425
v  0.3255 5.2537 0.5223
v  0.3431 5.2815 0.5196
v  0.3434 5.2537 0.5196
v  0.3615 5.2815 0.5123
v  0.3618 5.2537 0.5123
v  0.3756 5.2815 0.5023
v  0.3759 5.2537 0.5023
v  0.3255 10.3339 0.5223
v  0.3431 10.3617 0.5196
v  0.3434 10.3339 0.5196
v  0.3616 10.3617 0.5123
v  0.3618 10.3339 0.5123
v  0.3757 10.3617 0.5023
v  0.3760 10.3339 0.5023
v  0.4554 10.3339 0.3933
v  0.4527 10.3617 0.4108
v  0.4554 10.3617 0.3930
v  0.4527 10.3339 0.4110
v  0.4454 10.3617 0.4291
v  0.4454 10.3339 0.4294
v  0.4353 10.3617 0.4431
v  0.3255 0.3814 0.5223
v  0.3431 0.3536 0.5196
v  0.3252 0.3536 0.5223
v  0.3434 0.3814 0.5196
v  0.3615 0.3536 0.5123
v  0.3618 0.3814 0.5123
v  0.3756 0.3536 0.5023
v  0.4554 0.3814 0.3924
v  0.4527 0.3536 0.4100
v  0.4527 0.3814 0.4103
v  0.4454 0.3536 0.4284
v  0.4454 0.3814 0.4287
v  0.4354 0.3536 0.4425
v  0.4354 0.3814 0.4428
v  0.6099 10.1264 0.5487
v  0.6072 7.5702 0.5635
v  0.6099 7.5702 0.5455
v  0.6072 10.1264 0.5663
v  0.5999 7.5702 0.5821
v  0.5998 10.1264 0.5845
v  0.5900 7.5702 0.5963
v  0.4805 10.1264 0.6767
v  0.4983 7.5702 0.6740
v  0.4983 10.1264 0.6741
v  0.5166 7.5702 0.6666
v  0.5167 10.1264 0.6668
v  0.5306 7.5702 0.6566
v  0.5308 10.1264 0.6568
v  0.6099 5.0501 0.5474
v  0.6072 0.5850 0.5652
v  0.6099 0.5850 0.5474
v  0.6072 5.0501 0.5652
v  0.5998 0.5850 0.5836
v  0.5998 5.0501 0.5836
v  0.5898 0.5850 0.5976
v  0.4805 0.5850 0.6767
v  0.4983 5.0501 0.6740
v  0.4805 5.0501 0.6767
v  0.4983 0.5850 0.6740
v  0.5167 5.0501 0.6667
v  0.5167 0.5850 0.6667
v  0.5308 5.0501 0.6567
v  -0.5532 5.2537 0.5023
v  -0.6328 5.2537 -0.0218
v  -0.6328 5.2815 0.3921
v  -0.6127 5.4616 0.4428
v  -0.5532 7.1588 0.5023
v  -0.6127 7.3667 0.4428
v  -0.0887 7.3667 0.5223
v  -0.5025 7.3389 0.5223
v  -0.6127 0.3814 0.4428
v  -0.6328 0.3814 -0.0218
v  -0.6328 0.3536 -0.0218
v  -0.5532 10.3339 0.5023
v  -0.0887 10.3339 0.5223
v  -0.0887 10.3617 0.5223
v  -0.7672 0.5850 0.5976
v  -0.7081 10.1264 0.6567
v  -0.7672 7.5702 0.5976
v  0.4354 5.2537 0.4428
v  -0.0887 5.2537 0.5223
v  0.3252 5.2815 0.5223
v  0.3759 5.4616 0.5023
v  0.4354 7.1588 0.4428
v  0.3758 7.3667 0.5022
v  0.4554 7.3667 -0.0218
v  0.4554 7.3389 0.3907
v  0.3759 0.3814 0.5023
v  -0.0887 0.3814 0.5223
v  0.4353 10.3339 0.4434
v  0.4554 10.3339 -0.0218
v  0.5898 5.0501 0.5976
v  0.5308 0.5850 0.6567
v  0.5897 10.1264 0.5985
v  -0.5082 7.3857 0.4732
v  -0.5161 7.3857 0.4700
v  -0.5223 7.3857 0.4657
v  -0.5837 7.3857 0.3977
v  -0.5850 7.3857 0.3888
v  -0.5805 7.3857 0.4057
v  -0.5082 5.4806 0.4732
v  -0.5161 5.4806 0.4700
v  -0.5223 5.4806 0.4657
v  -0.5837 5.4806 0.3977
v  -0.5850 5.4806 0.3888
v  -0.5805 5.4806 0.4057
v  -0.5082 7.1397 0.4732
v  -0.4993 7.1397 0.4745
v  -0.5161 7.1397 0.4700
v  -0.5837 7.1397 0.3977
v  -0.5805 7.1397 0.4057
v  -0.5761 7.1397 0.4118
v  -0.5082 5.2346 0.4732
v  -0.4993 5.2346 0.4745
v  -0.5161 5.2346 0.4700
v  -0.5837 5.2346 0.3977
v  -0.5805 5.2346 0.4057
v  -0.5761 5.2346 0.4118
v  -0.5837 10.3149 0.3977
v  -0.5805 10.3149 0.4057
v  -0.5761 10.3149 0.4118
v  -0.5082 10.3149 0.4732
v  -0.4993 10.3149 0.4745
v  -0.5161 10.3149 0.4700
v  -0.5837 0.4004 0.3977
v  -0.5850 0.4004 0.3888
v  -0.5805 0.4004 0.4057
v  -0.5082 0.4004 0.4732
v  -0.5161 0.4004 0.4700
v  -0.5223 0.4004 0.4657
v  0.4063 7.3857 0.3967
v  0.4031 7.3857 0.4049
v  0.3987 7.3857 0.4111
v  0.3307 7.3857 0.4732
v  0.3219 7.3857 0.4745
v  0.3386 7.3857 0.4700
v  0.4063 5.4806 0.3977
v  0.4031 5.4806 0.4057
v  0.3988 5.4806 0.4118
v  0.3308 5.4806 0.4732
v  0.3220 5.4806 0.4745
v  0.3388 5.4806 0.4700
v  0.4063 7.1397 0.3977
v  0.4076 7.1397 0.3888
v  0.4031 7.1397 0.4057
v  0.3308 7.1397 0.4732
v  0.3388 7.1397 0.4700
v  0.3449 7.1397 0.4657
v  0.4063 5.2346 0.3977
v  0.4076 5.2346 0.3888
v  0.4031 5.2346 0.4057
v  0.3308 5.2346 0.4732
v  0.3388 5.2346 0.4700
v  0.3449 5.2346 0.4657
v  0.3309 10.3149 0.4732
v  0.3389 10.3149 0.4700
v  0.3451 10.3149 0.4656
v  0.4063 10.3149 0.3984
v  0.4076 10.3149 0.3897
v  0.4032 10.3149 0.4062
v  0.3308 0.4004 0.4732
v  0.3220 0.4004 0.4745
v  0.3388 0.4004 0.4700
v  0.4063 0.4004 0.3977
v  0.4031 0.4004 0.4057
v  0.3988 0.4004 0.4118
v  -0.5850 5.2346 0.3888
v  -0.5223 5.2346 0.4657
v  -0.5761 5.4806 0.4118
v  -0.5223 7.1397 0.4657
v  -0.4993 7.3857 0.4745
v  -0.5761 7.3857 0.4118
v  -0.5761 0.4004 0.4118
v  -0.5850 0.4004 -0.0218
v  -0.0887 10.3149 0.4745
v  -0.5223 10.3149 0.4657
v  0.3220 5.2346 0.4745
v  0.3988 5.2346 0.4118
v  0.3449 5.4806 0.4657
v  0.3988 7.1397 0.4118
v  0.4076 7.3857 0.3875
v  0.3447 7.3857 0.4657
v  -0.0887 0.4004 0.4745
v  0.3449 0.4004 0.4657
v  0.3988 10.3149 0.4123
v  0.4076 10.3149 -0.0218
v  0.3220 7.1397 0.4745
v  -0.0887 7.1588 0.5223
v  -0.0887 5.4616 0.5223
v  -0.0887 5.4806 0.4745
v  0.3252 7.1865 0.5223
v  -0.0887 7.1865 0.5223
v  0.3220 10.3149 0.4745
v  -0.0887 7.3857 0.4745
v  0.3252 10.3617 0.5223
v  -0.4993 0.4004 0.4745
v  -0.0887 5.2346 0.4745
v  -0.5025 0.3536 0.5223
v  -0.0887 5.2815 0.5223
v  -0.5850 7.1397 0.3888
v  -0.6328 7.1588 -0.0218
v  -0.6328 5.4616 -0.0218
v  -0.5850 5.4806 -0.0218
v  -0.6328 7.1865 0.3921
v  -0.6328 5.4338 -0.0218
v  -0.5850 10.3149 0.3888
v  -0.6328 10.3339 -0.0218
v  -0.6328 7.3667 -0.0218
v  -0.5850 7.3857 -0.0218
v  -0.6328 10.3617 0.3921
v  -0.6328 7.3389 -0.0218
v  0.4076 0.4004 0.3888
v  0.4554 0.3814 -0.0218
v  0.4554 5.2537 -0.0218
v  0.4076 5.2346 -0.0218
v  0.4554 0.3536 0.3921
v  0.4554 0.3536 -0.0218
v  0.5308 6.9551 0.6567
v  0.5898 5.6652 0.5976
v  0.5898 6.9551 0.5976
v  -0.7672 6.9513 0.5976
v  -0.7081 5.6652 0.6567
v  -0.7081 6.9513 0.6567
v  0.5308 5.6652 0.6567
v  0.5167 6.9551 0.6667
v  0.5167 5.6652 0.6667
v  0.4983 6.9551 0.6740
v  0.4983 5.6652 0.6740
v  0.4805 5.6652 0.6767
v  0.4805 6.9551 0.6767
v  0.5998 5.6652 0.5836
v  0.5998 6.9551 0.5836
v  0.6072 5.6652 0.5652
v  0.6072 6.9551 0.5652
v  0.6099 6.9551 0.5474
v  0.6099 5.6652 0.5474
v  -0.7672 5.6652 0.5976
v  -0.7772 6.9513 0.5836
v  -0.7772 5.6652 0.5836
v  -0.7845 6.9513 0.5652
v  -0.7845 5.6652 0.5652
v  -0.7872 5.6652 0.5474
v  -0.7872 6.9513 0.5474
v  -0.6940 5.6652 0.6667
v  -0.6940 6.9513 0.6667
v  -0.6757 5.6652 0.6740
v  -0.6757 6.9513 0.6740
v  -0.6579 6.9513 0.6767
v  -0.6579 5.6652 0.6767
v  0.4076 5.4806 0.3888
v  0.4554 5.4616 -0.0218
v  -0.5025 5.4338 0.5223
v  -0.4993 5.4806 0.4745
v  -0.0887 7.1397 0.4745
v  0.4554 7.1588 -0.0218
v  0.4554 7.1865 -0.0218
v  0.4554 5.4338 0.3921
v  0.4554 5.4338 -0.0218
v  0.4076 7.1397 -0.0218
v  -0.6470 7.3389 0.6665
v  -0.0887 7.3511 0.6767
v  -0.6573 7.3511 0.6767
v  -0.0887 10.3495 0.6767
v  -0.6470 10.3617 0.6665
v  -0.6573 10.3495 0.6767
v  -0.7770 5.2815 0.5365
v  -0.7872 5.2693 -0.0218
v  -0.7872 5.2693 0.5468
v  -0.7770 0.3536 0.5365
v  -0.7872 0.3658 -0.0218
v  -0.7767 0.3536 -0.0218
v  -0.0887 0.3658 0.6767
v  0.4696 0.3536 0.6665
v  0.4799 0.3658 0.6767
v  -0.0887 5.2693 0.6767
v  0.4696 5.2815 0.6665
v  -0.0887 5.2815 0.6662
v  0.6099 7.3511 -0.0218
v  0.5996 7.3389 0.5348
v  0.5993 7.3389 -0.0218
v  0.5996 10.3617 0.5376
v  0.6099 10.3495 -0.0218
v  0.5993 10.3617 -0.0218
v  -0.6651 5.2815 0.6640
v  -0.6573 5.2693 0.6767
v  -0.6470 5.2815 0.6665
v  -0.6837 5.2815 0.6569
v  -0.6751 5.2693 0.6740
v  -0.6978 5.2815 0.6469
v  -0.6936 5.2693 0.6667
v  -0.7745 5.2815 0.5546
v  -0.7845 5.2693 0.5647
v  -0.7673 5.2815 0.5732
v  -0.7772 5.2693 0.5831
v  -0.7574 5.2815 0.5874
v  -0.7672 5.2693 0.5972
v  -0.6651 7.1865 0.6640
v  -0.6573 7.1744 0.6767
v  -0.6470 7.1865 0.6665
v  -0.6837 7.1865 0.6569
v  -0.6751 7.1744 0.6740
v  -0.6978 7.1865 0.6469
v  -0.6936 7.1744 0.6667
v  -0.7745 7.1865 0.5546
v  -0.7872 7.1744 0.5468
v  -0.7845 7.1744 0.5647
v  -0.7673 7.1865 0.5732
v  -0.7772 7.1744 0.5831
v  -0.7574 7.1865 0.5874
v  -0.7672 7.1744 0.5972
v  -0.6651 10.3617 0.6640
v  -0.6837 10.3617 0.6569
v  -0.6751 10.3495 0.6740
v  -0.6978 10.3617 0.6469
v  -0.6936 10.3495 0.6667
v  -0.7745 10.3617 0.5546
v  -0.7872 10.3495 0.5468
v  -0.7845 10.3495 0.5647
v  -0.7673 10.3617 0.5732
v  -0.7772 10.3495 0.5831
v  -0.7574 10.3617 0.5874
v  -0.7672 10.3495 0.5972
v  -0.6651 7.3389 0.6640
v  -0.6751 7.3511 0.6740
v  -0.6837 7.3389 0.6569
v  -0.6936 7.3511 0.6667
v  -0.6978 7.3389 0.6469
v  -0.7076 7.3511 0.6567
v  -0.7745 7.3389 0.5546
v  -0.7872 7.3511 0.5468
v  -0.7770 7.3389 0.5365
v  -0.7673 7.3389 0.5732
v  -0.7845 7.3511 0.5647
v  -0.7574 7.3389 0.5874
v  -0.7772 7.3511 0.5831
v  -0.6651 5.4338 0.6640
v  -0.6573 5.4460 0.6767
v  -0.6751 5.4460 0.6740
v  -0.6837 5.4338 0.6569
v  -0.6936 5.4460 0.6667
v  -0.6978 5.4338 0.6469
v  -0.7076 5.4460 0.6567
v  -0.7745 5.4338 0.5546
v  -0.7872 5.4460 0.5468
v  -0.7770 5.4338 0.5365
v  -0.7673 5.4338 0.5732
v  -0.7845 5.4460 0.5647
v  -0.7574 5.4338 0.5874
v  -0.7772 5.4460 0.5831
v  -0.6651 0.3536 0.6640
v  -0.6573 0.3658 0.6767
v  -0.6751 0.3658 0.6740
v  -0.6837 0.3536 0.6569
v  -0.6936 0.3658 0.6667
v  -0.6978 0.3536 0.6469
v  -0.7076 0.3658 0.6567
v  -0.7745 0.3536 0.5546
v  -0.7872 0.3658 0.5468
v  -0.7673 0.3536 0.5732
v  -0.7845 0.3658 0.5647
v  -0.7574 0.3536 0.5874
v  -0.7772 0.3658 0.5831
v  0.5972 5.2815 0.5546
v  0.6099 5.2693 0.5468
v  0.5996 5.2815 0.5365
v  0.5900 5.2815 0.5732
v  0.6072 5.2693 0.5647
v  0.5801 5.2815 0.5874
v  0.5998 5.2693 0.5831
v  0.4877 5.2815 0.6640
v  0.4799 5.2693 0.6767
v  0.4978 5.2693 0.6740
v  0.5063 5.2815 0.6569
v  0.5162 5.2693 0.6667
v  0.5205 5.2815 0.6469
v  0.5303 5.2693 0.6567
v  0.5972 7.1865 0.5546
v  0.6099 7.1744 0.5468
v  0.5996 7.1865 0.5365
v  0.5900 7.1865 0.5732
v  0.6072 7.1744 0.5647
v  0.5801 7.1865 0.5874
v  0.5998 7.1744 0.5831
v  0.4877 7.1865 0.6640
v  0.4799 7.1744 0.6767
v  0.4978 7.1744 0.6740
v  0.5063 7.1865 0.6569
v  0.5162 7.1744 0.6667
v  0.5205 7.1865 0.6469
v  0.5303 7.1744 0.6567
v  0.5972 10.3617 0.5555
v  0.6099 10.3495 0.5479
v  0.5900 10.3617 0.5740
v  0.6072 10.3495 0.5656
v  0.5800 10.3617 0.5881
v  0.5998 10.3495 0.5839
v  0.4877 10.3617 0.6640
v  0.4799 10.3495 0.6767
v  0.4978 10.3495 0.6741
v  0.5064 10.3617 0.6569
v  0.5163 10.3495 0.6668
v  0.5206 10.3617 0.6470
v  0.5304 10.3495 0.6568
v  0.5972 7.3389 0.5531
v  0.6099 7.3511 0.5451
v  0.6072 7.3511 0.5632
v  0.5901 7.3389 0.5719
v  0.5999 7.3511 0.5818
v  0.5802 7.3389 0.5862
v  0.5900 7.3511 0.5960
v  0.4877 7.3389 0.6640
v  0.4799 7.3511 0.6767
v  0.4696 7.3389 0.6665
v  0.5063 7.3389 0.6568
v  0.4978 7.3511 0.6740
v  0.5204 7.3389 0.6468
v  0.5162 7.3511 0.6666
v  0.5972 5.4338 0.5546
v  0.6099 5.4460 0.5468
v  0.6072 5.4460 0.5647
v  0.5900 5.4338 0.5732
v  0.5998 5.4460 0.5831
v  0.5801 5.4338 0.5874
v  0.5898 5.4460 0.5972
v  0.4877 5.4338 0.6640
v  0.4799 5.4460 0.6767
v  0.4696 5.4338 0.6665
v  0.5063 5.4338 0.6569
v  0.4978 5.4460 0.6740
v  0.5205 5.4338 0.6469
v  0.5162 5.4460 0.6667
v  0.5972 0.3536 0.5546
v  0.6099 0.3658 0.5468
v  0.6072 0.3658 0.5647
v  0.5900 0.3536 0.5732
v  0.5998 0.3658 0.5831
v  0.5801 0.3536 0.5874
v  0.5898 0.3658 0.5972
v  0.4877 0.3536 0.6640
v  0.5063 0.3536 0.6569
v  0.4978 0.3658 0.6740
v  0.5205 0.3536 0.6469
v  0.5162 0.3658 0.6667
v  -0.7076 5.2693 0.6567
v  -0.7076 7.1744 0.6567
v  -0.7076 10.3495 0.6567
v  0.5898 5.2693 0.5972
v  0.5303 5.4460 0.6567
v  -0.0887 5.4338 0.6662
v  -0.0887 5.4338 0.5223
v  0.5898 7.1744 0.5972
v  0.5303 0.3658 0.6567
v  0.5897 10.3495 0.5979
v  0.4696 7.1865 0.6665
v  -0.0887 7.1744 0.6767
v  0.4696 10.3617 0.6665
v  -0.0887 7.3389 0.6662
v  -0.6470 0.3536 0.6665
v  -0.7872 5.4460 -0.0218
v  -0.7767 5.4338 -0.0218
v  -0.7770 7.1865 0.5365
v  -0.7872 7.1744 -0.0218
v  -0.7872 7.3511 -0.0218
v  -0.7767 7.3389 -0.0218
v  -0.7770 10.3617 0.5365
v  -0.7872 10.3495 -0.0218
v  0.5996 0.3536 0.5365
v  0.6099 0.3658 -0.0218
v  0.6099 5.2693 -0.0218
v  0.5993 5.2815 -0.0218
v  -0.6470 5.4338 0.6665
v  0.6099 7.1744 -0.0218
v  0.6099 5.4460 -0.0218
v  0.5996 5.4338 0.5365
v  0.5993 5.4338 -0.0218
v  0.3441 5.1040 0.6767
v  -0.0887 7.1865 0.6662
v  -0.5214 5.6112 0.6767
v  -0.0887 5.4460 0.6767
v  -0.0887 5.6112 0.6767
v  0.3441 10.1843 0.6767
v  -0.0887 7.3389 0.5223
v  -0.5214 7.5163 0.6767
v  -0.7872 0.5310 0.4109
v  -0.0887 0.3536 0.6662
v  -0.0887 0.3536 0.5223
v  -0.5214 0.5310 0.6767
v  -0.0887 0.5310 0.6767
v  -0.7872 7.5163 0.4109
v  -0.7872 7.5163 -0.0218
v  -0.0887 10.3617 0.6662
v  -0.5214 10.1843 0.6767
v  -0.7872 5.6652 -0.5910
v  -0.7872 5.6112 -0.4545
v  -0.7872 5.6652 -0.5085
v  -0.7872 10.1843 0.4109
v  -0.7872 10.1843 -0.0218
v  0.6099 0.5310 0.4109
v  -0.7767 10.3617 -0.0218
v  -0.6328 10.3617 -0.0218
v  0.6099 7.5163 0.4110
v  0.6099 5.1040 0.4109
v  0.6099 5.1041 -0.0218
v  -0.7767 5.2815 -0.0218
v  -0.7767 7.1865 -0.0218
v  -0.6328 7.1865 -0.0218
v  0.3441 7.5163 0.6767
v  0.4805 7.5702 0.6767
v  0.3980 7.5703 0.6767
v  0.3441 5.6112 0.6767
v  0.3980 5.6652 0.6767
v  -0.7872 0.5850 0.4649
v  0.6099 5.0501 0.4649
v  -0.7872 5.6112 0.4109
v  -0.7872 5.6112 -0.0218
v  -0.7872 7.0091 0.4109
v  -0.7872 7.0092 -0.0218
v  -0.5754 10.1303 0.6767
v  0.6099 5.6112 -0.4545
v  0.6099 5.6652 -0.5910
v  0.6099 5.6652 -0.5085
v  0.4554 7.3389 -0.0218
v  0.6099 10.1842 0.4109
v  0.6099 10.1843 -0.0218
v  0.4805 0.5850 -0.7203
v  0.3441 0.5310 -0.7203
v  0.3980 0.5850 -0.7203
v  0.5993 0.3536 -0.0218
v  0.4554 10.3617 -0.0218
v  -0.7872 10.1843 -0.4545
v  -0.7872 10.1264 -0.5910
v  -0.7872 10.1303 -0.5085
v  0.4554 5.2815 -0.0218
v  -0.7872 5.1040 -0.4545
v  -0.7872 5.0501 -0.5910
v  -0.7872 5.0501 -0.5085
v  0.5993 7.1865 -0.0218
v  0.6099 6.9551 -0.5910
v  0.6099 7.0091 -0.4545
v  0.6099 6.9551 -0.5085
v  0.6099 10.1302 0.4649
v  -0.5214 5.1040 0.6767
v  -0.5754 5.0501 0.6767
v  0.3441 0.5310 0.6767
v  -0.7872 5.1040 0.4109
v  0.6099 5.6112 0.4109
v  0.6099 7.0091 0.4109
v  -0.7872 7.5703 0.4649
v  -0.0887 7.5163 0.6767
v  -0.7081 5.0501 0.6567
v  -0.7672 5.4460 0.5972
v  -0.7672 7.3511 0.5972
v  -0.7672 0.3658 0.5972
v  0.5302 7.3511 0.6566
v  -0.5689 10.1264 0.6703
v  -0.5689 0.5888 0.6703
v  -0.5162 0.5362 0.6703
v  -0.5689 5.0462 0.6703
v  -0.5689 5.6691 0.6703
v  -0.5162 5.6164 0.6703
v  -0.5689 6.9513 0.6703
v  -0.5214 7.0091 0.6767
v  -0.5754 6.9551 0.6767
v  -0.7807 5.6691 0.4584
v  -0.7872 5.6652 0.4649
v  -0.7807 6.9513 0.4584
v  -0.7807 7.0039 0.4058
v  -0.7807 0.5888 0.4584
v  -0.7807 5.0462 0.4584
v  -0.7807 5.0989 0.4058
v  -0.5689 7.5741 0.6703
v  -0.5162 7.5215 0.6703
v  -0.7807 7.5741 0.4584
v  -0.7807 10.1264 0.4584
v  -0.7807 10.1791 0.4058
v  0.3915 10.1264 0.6703
v  0.3389 10.1791 0.6703
v  0.3915 0.5888 0.6703
v  0.3980 0.5850 0.6767
v  0.3915 5.0462 0.6703
v  0.3389 5.0989 0.6703
v  0.3915 5.6691 0.6703
v  0.3915 6.9513 0.6703
v  0.3441 7.0091 0.6767
v  0.3389 7.0039 0.6703
v  0.6034 5.6691 0.4584
v  0.6034 5.6164 0.4058
v  0.6034 6.9513 0.4584
v  0.6099 6.9551 0.4649
v  0.6034 0.5888 0.4584
v  0.6034 0.5362 0.4058
v  0.6034 5.0462 0.4584
v  0.3915 7.5741 0.6703
v  0.6034 7.5741 0.4584
v  0.6034 7.5215 0.4058
v  0.6034 10.1264 0.4584
v  -0.5754 0.5850 0.6767
v  -0.0887 5.1041 0.6767
v  -0.5162 5.0989 0.6703
v  -0.0887 5.0989 0.6703
v  -0.5754 5.6652 0.6767
v  -0.0887 7.0092 0.6767
v  -0.5162 7.0039 0.6703
v  -0.0887 7.0039 0.6703
v  -0.7872 6.9551 0.4649
v  -0.7807 5.6164 0.4058
v  -0.7807 5.6164 -0.0218
v  -0.7872 5.0501 0.4649
v  -0.7872 5.1041 -0.0218
v  -0.7872 0.5310 -0.0218
v  -0.7807 0.5362 0.4058
v  -0.7807 0.5362 -0.0218
v  -0.5754 7.5703 0.6767
v  -0.0887 10.1843 0.6767
v  -0.5162 10.1791 0.6703
v  -0.0887 10.1791 0.6703
v  -0.7872 10.1303 0.4649
v  -0.7807 7.5215 0.4058
v  -0.7807 7.5215 -0.0218
v  0.3980 5.0501 0.6767
v  0.3389 0.5362 0.6703
v  -0.0887 0.5362 0.6703
v  0.3980 6.9551 0.6767
v  0.3389 5.6164 0.6703
v  -0.0887 5.6164 0.6703
v  0.6099 7.0092 -0.0218
v  0.6034 7.0039 0.4058
v  0.6034 7.0039 -0.0218
v  0.6099 5.6652 0.4649
v  0.6099 5.6112 -0.0218
v  0.6099 0.5850 0.4649
v  0.6034 5.0989 0.4058
v  0.6034 5.0989 -0.0218
v  0.6099 0.5310 -0.0218
v  0.3980 10.1303 0.6767
v  0.3389 7.5215 0.6703
v  -0.0887 7.5215 0.6703
v  0.6034 10.1791 0.4058
v  0.6034 10.1791 -0.0218
v  0.6099 7.5163 -0.0218
v  0.3389 10.1791 0.6132
v  -0.5162 10.1791 0.6132
v  -0.0887 5.0989 0.6132
v  0.3389 5.0989 0.6132
v  -0.5162 5.0989 0.6132
v  0.3389 7.0039 0.6132
v  -0.5162 7.0039 0.6132
v  -0.0887 7.0039 0.6132
v  0.3389 0.5362 0.6132
v  -0.0887 0.5362 0.6132
v  -0.5162 0.5362 0.6132
v  0.3389 5.6164 0.6132
v  -0.0887 5.6164 0.6132
v  -0.5162 5.6164 0.6132
v  0.3389 7.5215 0.6132
v  -0.0887 7.5215 0.6132
v  -0.5162 7.5215 0.6132
v  -0.7237 5.6164 -0.0218
v  -0.7237 5.6164 0.4058
v  -0.7237 0.5362 -0.0218
v  -0.7237 0.5362 0.4058
v  -0.7237 7.5215 0.4058
v  -0.7237 7.5215 -0.0218
v  -0.7237 10.1791 -0.0218
v  -0.7237 10.1791 0.4058
v  -0.7237 7.0039 -0.0218
v  -0.7237 7.0039 0.4058
v  -0.7237 5.0989 0.4058
v  -0.7807 5.0989 -0.0218
v  -0.7237 5.0989 -0.0218
v  0.6034 5.6164 -0.0218
v  0.5464 5.6164 0.4058
v  0.6034 0.5362 -0.0218
v  0.5464 0.5362 0.4058
v  0.5464 7.5215 -0.0218
v  0.5464 7.5215 0.4058
v  0.5464 10.1791 0.4058
v  0.5464 10.1791 -0.0218
v  0.5464 7.0039 0.4058
v  0.5464 5.0989 -0.0218
v  -0.5689 10.1264 0.6132
v  -0.5689 7.5741 0.6132
v  -0.5689 0.5888 0.6132
v  -0.5689 5.0462 0.6132
v  -0.5689 5.6691 0.6132
v  -0.5689 6.9513 0.6132
v  -0.7237 5.6691 0.4584
v  -0.7237 6.9513 0.4584
v  -0.7237 0.5888 0.4584
v  -0.7237 5.0462 0.4584
v  -0.7237 7.5741 0.4584
v  -0.7237 10.1264 0.4584
v  0.3915 10.1264 0.6132
v  0.3915 7.5741 0.6132
v  0.3915 0.5888 0.6132
v  0.3915 5.0462 0.6132
v  0.3915 5.6691 0.6132
v  0.3915 6.9513 0.6132
v  0.5464 6.9513 0.4584
v  0.5464 0.5888 0.4584
v  0.5464 5.0462 0.4584
v  0.5464 7.5741 0.4584
v  0.5464 10.1264 0.4584
v  0.6099 7.5702 0.4649
v  -0.5029 7.3667 -0.5659
v  -0.5204 7.3389 -0.5632
v  -0.5025 7.3389 -0.5659
v  -0.5207 7.3667 -0.5632
v  -0.5389 7.3389 -0.5559
v  -0.5392 7.3667 -0.5559
v  -0.5530 7.3389 -0.5459
v  -0.6301 7.3389 -0.4535
v  -0.6328 7.3667 -0.4360
v  -0.6328 7.3389 -0.4357
v  -0.6228 7.3389 -0.4720
v  -0.6301 7.3667 -0.4539
v  -0.6127 7.3389 -0.4861
v  -0.6228 7.3667 -0.4723
v  -0.5029 5.4616 -0.5659
v  -0.5204 5.4338 -0.5632
v  -0.5025 5.4338 -0.5659
v  -0.5207 5.4616 -0.5632
v  -0.5389 5.4338 -0.5559
v  -0.5392 5.4616 -0.5559
v  -0.5530 5.4338 -0.5459
v  -0.6301 5.4338 -0.4535
v  -0.6328 5.4616 -0.4360
v  -0.6328 5.4338 -0.4357
v  -0.6228 5.4338 -0.4720
v  -0.6301 5.4616 -0.4539
v  -0.6127 5.4338 -0.4861
v  -0.6228 5.4616 -0.4723
v  -0.5204 7.1865 -0.5632
v  -0.5029 7.1588 -0.5659
v  -0.5025 7.1865 -0.5659
v  -0.5389 7.1865 -0.5559
v  -0.5207 7.1588 -0.5632
v  -0.5530 7.1865 -0.5459
v  -0.5392 7.1588 -0.5559
v  -0.6328 7.1588 -0.4360
v  -0.6301 7.1865 -0.4535
v  -0.6328 7.1865 -0.4357
v  -0.6301 7.1588 -0.4539
v  -0.6228 7.1865 -0.4720
v  -0.6228 7.1588 -0.4723
v  -0.6127 7.1865 -0.4861
v  -0.5204 5.2815 -0.5632
v  -0.5029 5.2537 -0.5659
v  -0.5025 5.2815 -0.5659
v  -0.5389 5.2815 -0.5559
v  -0.5207 5.2537 -0.5632
v  -0.5530 5.2815 -0.5459
v  -0.5392 5.2537 -0.5559
v  -0.6328 5.2537 -0.4360
v  -0.6301 5.2815 -0.4535
v  -0.6328 5.2815 -0.4357
v  -0.6301 5.2537 -0.4539
v  -0.6228 5.2815 -0.4720
v  -0.6228 5.2537 -0.4723
v  -0.6127 5.2815 -0.4861
v  -0.6328 10.3339 -0.4360
v  -0.6301 10.3617 -0.4535
v  -0.6328 10.3617 -0.4357
v  -0.6301 10.3339 -0.4539
v  -0.6228 10.3617 -0.4720
v  -0.6228 10.3339 -0.4723
v  -0.6127 10.3617 -0.4861
v  -0.5204 10.3617 -0.5632
v  -0.5029 10.3339 -0.5659
v  -0.5025 10.3617 -0.5659
v  -0.5389 10.3617 -0.5559
v  -0.5207 10.3339 -0.5632
v  -0.5530 10.3617 -0.5459
v  -0.5392 10.3339 -0.5559
v  -0.6301 0.3536 -0.4535
v  -0.6328 0.3814 -0.4360
v  -0.6328 0.3536 -0.4357
v  -0.6228 0.3536 -0.4720
v  -0.6301 0.3814 -0.4539
v  -0.6127 0.3536 -0.4861
v  -0.6228 0.3814 -0.4723
v  -0.5029 0.3814 -0.5659
v  -0.5204 0.3536 -0.5632
v  -0.5025 0.3536 -0.5659
v  -0.5207 0.3814 -0.5632
v  -0.5389 0.3536 -0.5559
v  -0.5392 0.3814 -0.5559
v  -0.5530 0.3536 -0.5459
v  -0.6757 7.5702 -0.7176
v  -0.6579 10.1264 -0.7203
v  -0.6579 7.5702 -0.7203
v  -0.6940 7.5702 -0.7103
v  -0.6757 10.1264 -0.7176
v  -0.7081 7.5702 -0.7003
v  -0.6940 10.1264 -0.7103
v  -0.7845 10.1264 -0.6088
v  -0.7872 7.5702 -0.5910
v  -0.7772 10.1264 -0.6272
v  -0.7845 7.5702 -0.6088
v  -0.7672 10.1264 -0.6412
v  -0.7772 7.5702 -0.6272
v  -0.6757 0.5850 -0.7176
v  -0.6579 5.0501 -0.7203
v  -0.6579 0.5850 -0.7203
v  -0.6940 0.5850 -0.7103
v  -0.6757 5.0501 -0.7176
v  -0.7081 0.5850 -0.7003
v  -0.6940 5.0501 -0.7103
v  -0.7845 5.0501 -0.6088
v  -0.7872 0.5850 -0.5910
v  -0.7772 5.0501 -0.6272
v  -0.7845 0.5850 -0.6088
v  -0.7672 5.0501 -0.6412
v  -0.7772 0.5850 -0.6272
v  0.4554 7.3667 -0.4347
v  0.4528 7.3389 -0.4523
v  0.4554 7.3389 -0.4343
v  0.4528 7.3667 -0.4527
v  0.4455 7.3389 -0.4709
v  0.4455 7.3667 -0.4713
v  0.4355 7.3389 -0.4851
v  0.3431 7.3389 -0.5632
v  0.3255 7.3667 -0.5659
v  0.3252 7.3389 -0.5659
v  0.3615 7.3389 -0.5558
v  0.3434 7.3667 -0.5632
v  0.3755 7.3389 -0.5458
v  0.3618 7.3667 -0.5558
v  0.4554 5.4616 -0.4360
v  0.4527 5.4338 -0.4535
v  0.4554 5.4338 -0.4357
v  0.4527 5.4616 -0.4539
v  0.4454 5.4338 -0.4720
v  0.4454 5.4616 -0.4723
v  0.4354 5.4338 -0.4861
v  0.3431 5.4338 -0.5632
v  0.3255 5.4616 -0.5659
v  0.3252 5.4338 -0.5659
v  0.3615 5.4338 -0.5559
v  0.3434 5.4616 -0.5632
v  0.3756 5.4338 -0.5459
v  0.3618 5.4616 -0.5559
v  0.4527 7.1865 -0.4535
v  0.4554 7.1588 -0.4360
v  0.4554 7.1865 -0.4357
v  0.4454 7.1865 -0.4720
v  0.4527 7.1588 -0.4539
v  0.4354 7.1865 -0.4861
v  0.4454 7.1588 -0.4723
v  0.3255 7.1588 -0.5659
v  0.3431 7.1865 -0.5632
v  0.3252 7.1865 -0.5659
v  0.3434 7.1588 -0.5632
v  0.3615 7.1865 -0.5559
v  0.3618 7.1588 -0.5559
v  0.3756 7.1865 -0.5459
v  0.4527 5.2815 -0.4535
v  0.4554 5.2537 -0.4360
v  0.4554 5.2815 -0.4357
v  0.4454 5.2815 -0.4720
v  0.4527 5.2537 -0.4539
v  0.4354 5.2815 -0.4861
v  0.4454 5.2537 -0.4723
v  0.3255 5.2537 -0.5659
v  0.3431 5.2815 -0.5632
v  0.3252 5.2815 -0.5659
v  0.3434 5.2537 -0.5632
v  0.3615 5.2815 -0.5559
v  0.3618 5.2537 -0.5559
v  0.3756 5.2815 -0.5459
v  0.3255 10.3339 -0.5659
v  0.3431 10.3617 -0.5632
v  0.3252 10.3617 -0.5659
v  0.3434 10.3339 -0.5632
v  0.3616 10.3617 -0.5559
v  0.3618 10.3339 -0.5559
v  0.3757 10.3617 -0.5459
v  0.4527 10.3617 -0.4543
v  0.4554 10.3339 -0.4369
v  0.4554 10.3617 -0.4366
v  0.4454 10.3617 -0.4727
v  0.4527 10.3339 -0.4546
v  0.4353 10.3617 -0.4867
v  0.4454 10.3339 -0.4729
v  0.3431 0.3536 -0.5632
v  0.3255 0.3814 -0.5659
v  0.3252 0.3536 -0.5659
v  0.3615 0.3536 -0.5559
v  0.3434 0.3814 -0.5632
v  0.3756 0.3536 -0.5459
v  0.3618 0.3814 -0.5559
v  0.4554 0.3814 -0.4360
v  0.4527 0.3536 -0.4535
v  0.4554 0.3536 -0.4357
v  0.4527 0.3814 -0.4539
v  0.4454 0.3536 -0.4720
v  0.4454 0.3814 -0.4723
v  0.4354 0.3536 -0.4861
v  0.6072 7.5702 -0.6071
v  0.6099 10.1264 -0.5923
v  0.6099 7.5702 -0.5891
v  0.5999 7.5702 -0.6257
v  0.6072 10.1264 -0.6099
v  0.5900 7.5702 -0.6399
v  0.5998 10.1264 -0.6281
v  0.4805 10.1264 -0.7203
v  0.4983 7.5702 -0.7176
v  0.4805 7.5702 -0.7203
v  0.4983 10.1264 -0.7177
v  0.5166 7.5702 -0.7102
v  0.5167 10.1264 -0.7104
v  0.5306 7.5702 -0.7001
v  0.6072 0.5850 -0.6088
v  0.6099 5.0501 -0.5910
v  0.6099 0.5850 -0.5910
v  0.5998 0.5850 -0.6272
v  0.6072 5.0501 -0.6088
v  0.5898 0.5850 -0.6412
v  0.5998 5.0501 -0.6272
v  0.4983 5.0501 -0.7176
v  0.4805 5.0501 -0.7203
v  0.5167 5.0501 -0.7103
v  0.4983 0.5850 -0.7176
v  0.5308 5.0501 -0.7003
v  0.5167 0.5850 -0.7103
v  -0.5532 5.2537 -0.5459
v  -0.6127 5.4616 -0.4864
v  -0.5532 5.4616 -0.5459
v  -0.5532 7.1588 -0.5459
v  -0.6127 7.3667 -0.4864
v  -0.5532 7.3667 -0.5459
v  -0.0887 7.3667 -0.5659
v  -0.6127 0.3814 -0.4864
v  -0.5532 10.3339 -0.5459
v  -0.6127 10.3339 -0.4864
v  -0.0887 10.3339 -0.5659
v  -0.7672 0.5850 -0.6412
v  -0.7081 5.0501 -0.7003
v  -0.7672 7.5702 -0.6412
v  -0.7081 10.1264 -0.7003
v  0.4354 5.2537 -0.4864
v  -0.0887 5.2537 -0.5659
v  -0.0887 5.2815 -0.5659
v  0.3759 5.4616 -0.5459
v  0.4354 5.4616 -0.4864
v  0.4354 7.1588 -0.4864
v  0.4355 7.3667 -0.4854
v  0.3759 0.3814 -0.5459
v  -0.0887 0.3814 -0.5659
v  0.3760 10.3339 -0.5459
v  0.5308 0.5850 -0.7003
v  0.5898 5.0501 -0.6412
v  0.5897 10.1264 -0.6421
v  -0.5082 7.3857 -0.5168
v  -0.4993 7.3857 -0.5181
v  -0.5161 7.3857 -0.5136
v  -0.5223 7.3857 -0.5093
v  -0.5837 7.3857 -0.4413
v  -0.5850 7.3857 -0.4324
v  -0.5805 7.3857 -0.4493
v  -0.5761 7.3857 -0.4554
v  -0.5082 5.4806 -0.5168
v  -0.4993 5.4806 -0.5181
v  -0.5161 5.4806 -0.5136
v  -0.5223 5.4806 -0.5093
v  -0.5837 5.4806 -0.4413
v  -0.5850 5.4806 -0.4324
v  -0.5805 5.4806 -0.4493
v  -0.5761 5.4806 -0.4554
v  -0.5082 7.1397 -0.5168
v  -0.4993 7.1397 -0.5181
v  -0.5161 7.1397 -0.5136
v  -0.5223 7.1397 -0.5093
v  -0.5837 7.1397 -0.4413
v  -0.5850 7.1397 -0.4324
v  -0.5805 7.1397 -0.4493
v  -0.6127 7.1588 -0.4864
v  -0.5761 7.1397 -0.4554
v  -0.5082 5.2346 -0.5168
v  -0.4993 5.2346 -0.5181
v  -0.5161 5.2346 -0.5136
v  -0.5223 5.2346 -0.5093
v  -0.5837 5.2346 -0.4413
v  -0.5850 5.2346 -0.4324
v  -0.5805 5.2346 -0.4493
v  -0.6127 5.2537 -0.4864
v  -0.5761 5.2346 -0.4554
v  -0.5837 10.3149 -0.4413
v  -0.5850 10.3149 -0.4324
v  -0.5805 10.3149 -0.4493
v  -0.5761 10.3149 -0.4554
v  -0.5082 10.3149 -0.5168
v  -0.4993 10.3149 -0.5181
v  -0.5161 10.3149 -0.5136
v  -0.5223 10.3149 -0.5093
v  -0.5837 0.4004 -0.4413
v  -0.5850 0.4004 -0.4324
v  -0.5805 0.4004 -0.4493
v  -0.5761 0.4004 -0.4554
v  -0.5082 0.4004 -0.5168
v  -0.4993 0.4004 -0.5181
v  -0.5161 0.4004 -0.5136
v  -0.5532 0.3814 -0.5459
v  -0.5223 0.4004 -0.5093
v  0.4063 7.3857 -0.4403
v  0.4076 7.3857 -0.4311
v  0.4031 7.3857 -0.4485
v  0.3987 7.3857 -0.4547
v  0.3307 7.3857 -0.5168
v  0.3219 7.3857 -0.5181
v  0.3386 7.3857 -0.5136
v  0.3758 7.3667 -0.5458
v  0.3447 7.3857 -0.5093
v  0.4063 5.4806 -0.4413
v  0.4076 5.4806 -0.4324
v  0.4031 5.4806 -0.4493
v  0.3988 5.4806 -0.4554
v  0.3308 5.4806 -0.5168
v  0.3220 5.4806 -0.5181
v  0.3388 5.4806 -0.5136
v  0.3449 5.4806 -0.5093
v  0.4063 7.1397 -0.4413
v  0.4076 7.1397 -0.4324
v  0.4031 7.1397 -0.4493
v  0.3988 7.1397 -0.4554
v  0.3308 7.1397 -0.5168
v  0.3220 7.1397 -0.5181
v  0.3388 7.1397 -0.5136
v  0.3759 7.1588 -0.5459
v  0.3449 7.1397 -0.5093
v  0.4063 5.2346 -0.4413
v  0.4076 5.2346 -0.4324
v  0.4031 5.2346 -0.4493
v  0.3988 5.2346 -0.4554
v  0.3308 5.2346 -0.5168
v  0.3220 5.2346 -0.5181
v  0.3388 5.2346 -0.5136
v  0.3759 5.2537 -0.5459
v  0.3449 5.2346 -0.5093
v  0.3309 10.3149 -0.5168
v  0.3220 10.3149 -0.5181
v  0.3389 10.3149 -0.5136
v  0.3451 10.3149 -0.5092
v  0.4063 10.3149 -0.4420
v  0.4076 10.3149 -0.4333
v  0.4032 10.3149 -0.4498
v  0.4353 10.3339 -0.4870
v  0.3988 10.3149 -0.4559
v  0.3308 0.4004 -0.5168
v  0.3220 0.4004 -0.5181
v  0.3388 0.4004 -0.5136
v  0.3449 0.4004 -0.5093
v  0.4063 0.4004 -0.4413
v  0.4076 0.4004 -0.4324
v  0.4031 0.4004 -0.4493
v  0.4354 0.3814 -0.4864
v  0.3988 0.4004 -0.4554
v  -0.5850 5.2346 -0.0218
v  -0.0887 7.3857 -0.5181
v  -0.0887 10.3149 -0.5181
v  -0.0887 5.2346 -0.5181
v  0.4076 7.3857 -0.0218
v  -0.0887 0.4004 -0.5181
v  -0.0887 7.1588 -0.5659
v  -0.0887 7.1397 -0.5181
v  -0.0887 5.4616 -0.5659
v  -0.0887 5.4806 -0.5181
v  -0.0887 7.1865 -0.5659
v  -0.0887 5.4338 -0.5659
v  -0.0887 10.3617 -0.5659
v  -0.0887 7.3389 -0.5659
v  -0.5850 7.1397 -0.0218
v  -0.5850 10.3149 -0.0218
v  0.4076 0.4004 -0.0218
v  0.5898 5.6652 -0.6412
v  0.5308 6.9551 -0.7003
v  0.5898 6.9551 -0.6412
v  -0.7081 5.6652 -0.7003
v  -0.7672 6.9551 -0.6412
v  -0.7081 6.9551 -0.7003
v  0.5167 6.9551 -0.7103
v  0.5308 5.6652 -0.7003
v  0.5167 5.6652 -0.7103
v  0.4983 6.9551 -0.7176
v  0.4983 5.6652 -0.7176
v  0.4805 5.6652 -0.7203
v  0.4805 6.9551 -0.7203
v  0.5998 5.6652 -0.6272
v  0.5998 6.9551 -0.6272
v  0.6072 5.6652 -0.6088
v  0.6072 6.9551 -0.6088
v  -0.7772 6.9551 -0.6272
v  -0.7672 5.6652 -0.6412
v  -0.7772 5.6652 -0.6272
v  -0.7845 6.9551 -0.6088
v  -0.7845 5.6652 -0.6088
v  -0.7872 6.9551 -0.5910
v  -0.6940 5.6652 -0.7103
v  -0.6940 6.9551 -0.7103
v  -0.6757 5.6652 -0.7176
v  -0.6757 6.9551 -0.7176
v  -0.6579 6.9551 -0.7203
v  -0.6579 5.6652 -0.7203
v  0.4076 5.4806 -0.0218
v  -0.6470 7.3389 -0.7101
v  -0.0887 7.3511 -0.7203
v  -0.0887 7.3389 -0.7098
v  -0.6470 10.3617 -0.7101
v  -0.0887 10.3495 -0.7203
v  -0.6573 10.3495 -0.7203
v  -0.7770 5.2815 -0.5801
v  -0.7770 0.3536 -0.5801
v  0.4696 0.3536 -0.7101
v  -0.0887 0.3658 -0.7203
v  0.4799 0.3658 -0.7203
v  -0.0887 5.2693 -0.7203
v  0.4696 5.2815 -0.7101
v  0.4799 5.2693 -0.7203
v  0.5996 7.3389 -0.5784
v  0.6099 7.3511 -0.5887
v  0.5996 10.3617 -0.5812
v  -0.6573 5.2693 -0.7203
v  -0.6651 5.2815 -0.7076
v  -0.6470 5.2815 -0.7101
v  -0.6751 5.2693 -0.7176
v  -0.6837 5.2815 -0.7005
v  -0.6936 5.2693 -0.7103
v  -0.6978 5.2815 -0.6905
v  -0.7745 5.2815 -0.5982
v  -0.7872 5.2693 -0.5904
v  -0.7673 5.2815 -0.6168
v  -0.7845 5.2693 -0.6083
v  -0.7574 5.2815 -0.6310
v  -0.7772 5.2693 -0.6267
v  -0.6573 7.1744 -0.7203
v  -0.6651 7.1865 -0.7076
v  -0.6470 7.1865 -0.7101
v  -0.6751 7.1744 -0.7176
v  -0.6837 7.1865 -0.7005
v  -0.6936 7.1744 -0.7103
v  -0.6978 7.1865 -0.6905
v  -0.7745 7.1865 -0.5982
v  -0.7872 7.1744 -0.5904
v  -0.7770 7.1865 -0.5801
v  -0.7673 7.1865 -0.6168
v  -0.7845 7.1744 -0.6083
v  -0.7574 7.1865 -0.6310
v  -0.7772 7.1744 -0.6267
v  -0.6651 10.3617 -0.7076
v  -0.6751 10.3495 -0.7176
v  -0.6837 10.3617 -0.7005
v  -0.6936 10.3495 -0.7103
v  -0.6978 10.3617 -0.6905
v  -0.7745 10.3617 -0.5982
v  -0.7872 10.3495 -0.5904
v  -0.7770 10.3617 -0.5801
v  -0.7673 10.3617 -0.6168
v  -0.7845 10.3495 -0.6083
v  -0.7574 10.3617 -0.6310
v  -0.7772 10.3495 -0.6267
v  -0.6651 7.3389 -0.7076
v  -0.6573 7.3511 -0.7203
v  -0.6837 7.3389 -0.7005
v  -0.6751 7.3511 -0.7176
v  -0.6978 7.3389 -0.6905
v  -0.6936 7.3511 -0.7103
v  -0.7872 7.3511 -0.5904
v  -0.7745 7.3389 -0.5982
v  -0.7770 7.3389 -0.5801
v  -0.7845 7.3511 -0.6083
v  -0.7673 7.3389 -0.6168
v  -0.7772 7.3511 -0.6267
v  -0.7574 7.3389 -0.6310
v  -0.6651 5.4338 -0.7076
v  -0.6573 5.4460 -0.7203
v  -0.6470 5.4338 -0.7101
v  -0.6837 5.4338 -0.7005
v  -0.6751 5.4460 -0.7176
v  -0.6978 5.4338 -0.6905
v  -0.6936 5.4460 -0.7103
v  -0.7872 5.4460 -0.5904
v  -0.7745 5.4338 -0.5982
v  -0.7770 5.4338 -0.5801
v  -0.7845 5.4460 -0.6083
v  -0.7673 5.4338 -0.6168
v  -0.7772 5.4460 -0.6267
v  -0.7574 5.4338 -0.6310
v  -0.6651 0.3536 -0.7076
v  -0.6573 0.3658 -0.7203
v  -0.6470 0.3536 -0.7101
v  -0.6837 0.3536 -0.7005
v  -0.6751 0.3658 -0.7176
v  -0.6978 0.3536 -0.6905
v  -0.6936 0.3658 -0.7103
v  -0.7872 0.3658 -0.5904
v  -0.7745 0.3536 -0.5982
v  -0.7845 0.3658 -0.6083
v  -0.7673 0.3536 -0.6168
v  -0.7772 0.3658 -0.6267
v  -0.7574 0.3536 -0.6310
v  0.6099 5.2693 -0.5904
v  0.5972 5.2815 -0.5982
v  0.5996 5.2815 -0.5801
v  0.6072 5.2693 -0.6083
v  0.5900 5.2815 -0.6168
v  0.5998 5.2693 -0.6267
v  0.5801 5.2815 -0.6310
v  0.4877 5.2815 -0.7076
v  0.5063 5.2815 -0.7005
v  0.4978 5.2693 -0.7176
v  0.5205 5.2815 -0.6905
v  0.5162 5.2693 -0.7103
v  0.6099 7.1744 -0.5904
v  0.5972 7.1865 -0.5982
v  0.5996 7.1865 -0.5801
v  0.6072 7.1744 -0.6083
v  0.5900 7.1865 -0.6168
v  0.5998 7.1744 -0.6267
v  0.5801 7.1865 -0.6310
v  0.4877 7.1865 -0.7076
v  0.4799 7.1744 -0.7203
v  0.4696 7.1865 -0.7101
v  0.5063 7.1865 -0.7005
v  0.4978 7.1744 -0.7176
v  0.5205 7.1865 -0.6905
v  0.5162 7.1744 -0.7103
v  0.6099 10.3495 -0.5915
v  0.5972 10.3617 -0.5991
v  0.6072 10.3495 -0.6092
v  0.5900 10.3617 -0.6176
v  0.5998 10.3495 -0.6275
v  0.5800 10.3617 -0.6317
v  0.4877 10.3617 -0.7076
v  0.4799 10.3495 -0.7203
v  0.4696 10.3617 -0.7101
v  0.5064 10.3617 -0.7005
v  0.4978 10.3495 -0.7177
v  0.5206 10.3617 -0.6906
v  0.5163 10.3495 -0.7104
v  0.5972 7.3389 -0.5967
v  0.5901 7.3389 -0.6155
v  0.6072 7.3511 -0.6068
v  0.5802 7.3389 -0.6298
v  0.5999 7.3511 -0.6254
v  0.4799 7.3511 -0.7203
v  0.4877 7.3389 -0.7076
v  0.4696 7.3389 -0.7101
v  0.4978 7.3511 -0.7176
v  0.5063 7.3389 -0.7004
v  0.5162 7.3511 -0.7102
v  0.5204 7.3389 -0.6904
v  0.5972 5.4338 -0.5982
v  0.6099 5.4460 -0.5904
v  0.5996 5.4338 -0.5801
v  0.5900 5.4338 -0.6168
v  0.6072 5.4460 -0.6083
v  0.5801 5.4338 -0.6310
v  0.5998 5.4460 -0.6267
v  0.4799 5.4460 -0.7203
v  0.4877 5.4338 -0.7076
v  0.4696 5.4338 -0.7101
v  0.4978 5.4460 -0.7176
v  0.5063 5.4338 -0.7005
v  0.5162 5.4460 -0.7103
v  0.5205 5.4338 -0.6905
v  0.5972 0.3536 -0.5982
v  0.6099 0.3658 -0.5904
v  0.5996 0.3536 -0.5801
v  0.5900 0.3536 -0.6168
v  0.6072 0.3658 -0.6083
v  0.5801 0.3536 -0.6310
v  0.5998 0.3658 -0.6267
v  0.4877 0.3536 -0.7076
v  0.4978 0.3658 -0.7176
v  0.5063 0.3536 -0.7005
v  0.5162 0.3658 -0.7103
v  0.5205 0.3536 -0.6905
v  -0.7076 5.2693 -0.7003
v  -0.7076 5.4460 -0.7003
v  -0.7672 5.4460 -0.6408
v  -0.7076 7.1744 -0.7003
v  -0.7076 7.3511 -0.7003
v  -0.7672 7.3511 -0.6408
v  -0.7672 0.3658 -0.6408
v  -0.7076 0.3658 -0.7003
v  -0.7076 10.3495 -0.7003
v  0.5303 5.2693 -0.7003
v  0.5303 5.4460 -0.7003
v  0.5898 5.4460 -0.6408
v  0.5898 7.1744 -0.6408
v  0.5900 7.3511 -0.6396
v  0.5302 7.3511 -0.7002
v  0.3915 7.3511 -0.7203
v  0.5303 0.3658 -0.7003
v  0.5898 0.3658 -0.6408
v  0.5304 10.3495 -0.7004
v  -0.0887 7.1744 -0.7203
v  -0.0887 7.1865 -0.7098
v  -0.0887 5.4460 -0.7203
v  -0.0887 5.4338 -0.7098
v  -0.0887 10.3617 -0.7098
v  0.3870 7.3389 -0.7099
v  -0.0887 5.2815 -0.7098
v  -0.0887 0.3536 -0.7098
v  -0.5214 7.0091 -0.7203
v  -0.5754 6.9551 -0.7203
v  -0.5214 5.6112 -0.7203
v  -0.0887 5.6112 -0.7203
v  0.3441 10.1843 -0.7203
v  -0.5214 7.5163 -0.7203
v  -0.7872 0.5310 -0.4545
v  -0.0887 0.3536 -0.5659
v  -0.5214 0.5310 -0.7203
v  -0.7872 7.5163 -0.4545
v  -0.5214 10.1843 -0.7203
v  0.6099 0.5310 -0.4545
v  0.6099 7.5163 -0.4546
v  0.6099 5.1040 -0.4545
v  -0.6328 5.2815 -0.0218
v  -0.5754 7.5703 -0.7203
v  0.3441 7.5163 -0.7203
v  0.3441 5.6112 -0.7203
v  0.3980 5.6652 -0.7203
v  -0.7872 0.5850 -0.5085
v  0.6099 0.5850 -0.5085
v  0.3441 5.1040 -0.7203
v  0.3980 5.0501 -0.7203
v  -0.7872 7.0091 -0.4545
v  0.3980 10.1303 -0.7203
v  -0.5754 10.1303 -0.7203
v  0.6099 10.1842 -0.4545
v  -0.0887 5.1041 -0.7203
v  0.6099 10.1302 -0.5085
v  0.6099 7.5702 -0.5085
v  0.3441 7.0091 -0.7203
v  0.6099 5.0501 -0.5085
v  -0.5754 0.5850 -0.7203
v  -0.0887 0.5310 -0.7203
v  -0.5214 5.1040 -0.7203
v  -0.5754 5.0501 -0.7203
v  -0.7872 7.5703 -0.5085
v  -0.0887 7.5163 -0.7203
v  -0.7672 5.2693 -0.6408
v  -0.7672 7.1744 -0.6408
v  -0.7672 10.3495 -0.6408
v  0.5898 5.2693 -0.6408
v  0.5303 7.1744 -0.7003
v  0.5897 10.3495 -0.6415
v  -0.5689 10.1264 -0.7139
v  -0.5162 10.1791 -0.7139
v  -0.5689 0.5888 -0.7139
v  -0.5162 0.5362 -0.7139
v  -0.5689 5.0462 -0.7139
v  -0.5162 5.0989 -0.7139
v  -0.5689 5.6691 -0.7139
v  -0.5162 5.6164 -0.7139
v  -0.5689 6.9513 -0.7139
v  -0.5162 7.0039 -0.7139
v  -0.7807 5.6691 -0.5020
v  -0.7807 5.6164 -0.4493
v  -0.7807 6.9513 -0.5020
v  -0.7807 7.0039 -0.4493
v  -0.7807 0.5888 -0.5020
v  -0.7807 0.5362 -0.4493
v  -0.7807 5.0462 -0.5020
v  -0.7807 5.0989 -0.4493
v  -0.5689 7.5741 -0.7139
v  -0.5162 7.5215 -0.7139
v  -0.7807 7.5741 -0.5020
v  -0.7807 7.5215 -0.4493
v  -0.7807 10.1264 -0.5020
v  -0.7807 10.1791 -0.4493
v  0.3915 10.1264 -0.7139
v  0.3389 10.1791 -0.7139
v  0.3915 0.5888 -0.7139
v  0.3389 0.5362 -0.7139
v  0.3915 5.0462 -0.7139
v  0.3389 5.0989 -0.7139
v  0.3915 5.6691 -0.7139
v  0.3389 5.6164 -0.7139
v  0.3915 6.9513 -0.7139
v  0.3389 7.0039 -0.7139
v  0.6034 5.6691 -0.5020
v  0.6034 5.6164 -0.4493
v  0.6034 6.9513 -0.5020
v  0.6034 7.0039 -0.4493
v  0.6034 0.5888 -0.5020
v  0.6034 0.5362 -0.4493
v  0.6034 5.0462 -0.5020
v  0.6034 5.0989 -0.4493
v  0.3915 7.5741 -0.7139
v  0.3389 7.5215 -0.7139
v  0.6034 7.5741 -0.5020
v  0.6034 7.5215 -0.4493
v  0.6034 10.1264 -0.5020
v  0.6034 10.1791 -0.4493
v  -0.5754 5.6652 -0.7203
v  -0.0887 7.0092 -0.7203
v  -0.7872 6.9551 -0.5085
v  -0.0887 10.1843 -0.7203
v  0.3980 6.9551 -0.7203
v  0.3980 7.5703 -0.7203
v  0.3389 10.1791 -0.6568
v  -0.0887 10.1791 -0.7139
v  -0.5162 10.1791 -0.6568
v  -0.0887 10.1791 -0.6568
v  -0.0887 5.0989 -0.6568
v  0.3389 5.0989 -0.6568
v  -0.5162 5.0989 -0.6568
v  -0.0887 5.0989 -0.7139
v  0.3389 7.0039 -0.6568
v  -0.0887 7.0039 -0.7139
v  -0.5162 7.0039 -0.6568
v  -0.0887 7.0039 -0.6568
v  0.3389 0.5362 -0.6568
v  -0.0887 0.5362 -0.7139
v  -0.0887 0.5362 -0.6568
v  -0.5162 0.5362 -0.6568
v  -0.0887 5.6164 -0.7139
v  0.3389 5.6164 -0.6568
v  -0.5162 5.6164 -0.6568
v  -0.0887 5.6164 -0.6568
v  -0.0887 7.5215 -0.7139
v  0.3389 7.5215 -0.6568
v  -0.5162 7.5215 -0.6568
v  -0.0887 7.5215 -0.6568
v  -0.7237 5.6164 -0.4493
v  -0.7237 0.5362 -0.4493
v  -0.7237 7.5215 -0.4493
v  -0.7237 10.1791 -0.4493
v  -0.7237 7.0039 -0.4493
v  -0.7237 5.0989 -0.4493
v  0.5464 5.6164 -0.4493
v  0.5464 0.5362 -0.4493
v  0.5464 7.5215 -0.4493
v  0.5464 10.1791 -0.4493
v  0.5464 7.0039 -0.4493
v  -0.5689 10.1264 -0.6568
v  -0.5689 7.5741 -0.6568
v  -0.5689 0.5888 -0.6568
v  -0.5689 5.0462 -0.6568
v  -0.5689 5.6691 -0.6568
v  -0.5689 6.9513 -0.6568
v  -0.7237 5.6691 -0.5020
v  -0.7237 6.9513 -0.5020
v  -0.7237 0.5888 -0.5020
v  -0.7237 5.0462 -0.5020
v  -0.7237 7.5741 -0.5020
v  -0.7237 10.1264 -0.5020
v  0.3915 10.1264 -0.6568
v  0.3915 7.5741 -0.6568
v  0.3915 0.5888 -0.6568
v  0.3915 5.0462 -0.6568
v  0.3915 5.6691 -0.6568
v  0.3915 6.9513 -0.6568
v  0.5464 6.9513 -0.5020
v  0.5464 0.5888 -0.5020
v  0.5464 5.0462 -0.5020
v  0.5464 7.5741 -0.5020
v  0.5464 10.1264 -0.5020
v  -0.7807 7.0039 -0.0218
v  -0.7807 10.1791 -0.0218
v  0.6034 7.5215 -0.0218
v  -0.0887 10.1791 0.6132
v  0.5464 5.6164 -0.0218
v  0.5464 0.5362 -0.0218
v  0.5464 7.0039 -0.0218
v  0.5464 5.0989 0.4058
v  0.5464 5.6691 0.4584
v  0.5308 10.1264 -0.7004
v  0.5464 5.0989 -0.4493
v  0.5464 5.6691 -0.5020
# 1634 vertices

vn 0.0062 0.0001 -1.0000
vn 0.2660 0.0028 -0.9640
vn 0.4706 0.0048 -0.8823
vn 0.4706 0.0046 -0.8823
vn 0.6867 0.0064 -0.7269
vn 0.6868 0.0060 -0.7269
vn 1.0000 0.0008 -0.0062
vn 0.9640 0.0028 -0.2660
vn 1.0000 0.0001 -0.0062
vn 0.8823 0.0046 -0.4707
vn 0.8823 0.0046 -0.4706
vn 0.7269 0.0061 -0.6867
vn 0.4707 0.0048 -0.8823
vn 0.0062 -0.0008 -1.0000
vn 0.2660 -0.0028 -0.9640
vn 0.0062 -0.0001 -1.0000
vn 0.4707 -0.0046 -0.8823
vn 0.4706 -0.0046 -0.8823
vn 0.6867 -0.0061 -0.7269
vn 1.0000 -0.0001 -0.0062
vn 0.9640 -0.0028 -0.2660
vn 0.8823 -0.0048 -0.4706
vn 0.8823 -0.0046 -0.4707
vn 0.7269 -0.0065 -0.6867
vn 0.7269 -0.0060 -0.6868
vn 0.2659 -0.0028 -0.9640
vn 0.8823 -0.0048 -0.4707
vn 0.8823 -0.0046 -0.4706
vn 0.7269 -0.0064 -0.6867
vn 0.9640 0.0028 -0.2659
vn 0.4707 0.0046 -0.8823
vn -0.0268 -0.0000 0.9996
vn -0.2670 -0.0001 0.9637
vn -0.2670 -0.0000 0.9637
vn -0.4716 -0.0001 0.8818
vn -0.4716 0.0001 0.8818
vn -0.6867 -0.0001 0.7269
vn -0.9996 -0.0000 0.0269
vn -0.9637 -0.0000 0.2670
vn -0.9996 -0.0000 0.0268
vn -0.8818 0.0001 0.4716
vn -0.8818 -0.0001 0.4716
vn -0.7270 0.0001 0.6867
vn -0.4716 -0.0000 0.8818
vn -0.6867 -0.0001 0.7270
vn -0.8818 -0.0000 0.4716
vn -1.0000 0.0001 -0.0062
vn -0.9650 0.0032 -0.2624
vn -0.9649 0.0031 -0.2624
vn -0.8848 0.0053 -0.4659
vn -0.8848 0.0052 -0.4659
vn -0.7304 0.0070 -0.6830
vn -0.7304 0.0067 -0.6830
vn -0.0063 0.0009 -1.0000
vn -0.2676 0.0028 -0.9635
vn -0.0063 0.0001 -1.0000
vn -0.2676 0.0029 -0.9635
vn -0.4736 0.0048 -0.8807
vn -0.4736 0.0047 -0.8807
vn -0.6906 0.0063 -0.7232
vn -0.9640 0.0028 -0.2660
vn -0.8823 0.0048 -0.4706
vn -0.8823 0.0046 -0.4707
vn -0.7269 0.0064 -0.6867
vn -0.7269 0.0060 -0.6867
vn -0.0062 0.0008 -1.0000
vn -0.2660 0.0028 -0.9640
vn -0.0062 0.0001 -1.0000
vn -0.4706 0.0046 -0.8823
vn -0.6867 0.0061 -0.7269
vn -1.0000 -0.0008 -0.0062
vn -0.9640 -0.0028 -0.2660
vn -1.0000 -0.0001 -0.0062
vn -0.8823 -0.0046 -0.4707
vn -0.7269 -0.0061 -0.6867
vn -0.0062 -0.0001 -1.0000
vn -0.2660 -0.0028 -0.9640
vn -0.4706 -0.0048 -0.8823
vn -0.4706 -0.0046 -0.8823
vn -0.6867 -0.0064 -0.7269
vn -0.6868 -0.0060 -0.7269
vn -0.9640 -0.0028 -0.2659
vn -0.8823 -0.0046 -0.4706
vn -0.4707 -0.0046 -0.8823
vn -0.0062 -0.0000 -1.0000
vn -0.2649 -0.0028 -0.9643
vn -0.2649 -0.0027 -0.9643
vn -0.4687 -0.0047 -0.8833
vn -0.4687 -0.0046 -0.8833
vn -0.6842 -0.0061 -0.7293
vn -0.6842 -0.0058 -0.7293
vn -0.9633 -0.0026 -0.2683
vn -1.0000 -0.0001 -0.0063
vn -0.8806 -0.0042 -0.4738
vn -0.7246 -0.0056 -0.6892
vn -0.2659 0.0028 -0.9640
vn -0.4707 0.0046 -0.8823
vn -0.7269 0.0060 -0.6868
vn 0.9996 -0.0000 0.0269
vn 0.9640 -0.0003 0.2658
vn 0.9639 -0.0002 0.2664
vn 0.8826 -0.0004 0.4701
vn 0.8822 -0.0003 0.4709
vn 0.7281 -0.0004 0.6855
vn 0.0269 -0.0000 0.9996
vn 0.2676 -0.0001 0.9635
vn 0.2672 -0.0000 0.9636
vn 0.4725 -0.0001 0.8813
vn 0.4721 -0.0000 0.8816
vn 0.6880 -0.0004 0.7257
vn 0.6873 -0.0001 0.7264
vn 0.9637 -0.0000 0.2670
vn 0.9996 -0.0000 0.0268
vn 0.8818 -0.0000 0.4716
vn 0.7269 -0.0001 0.6867
vn 0.0268 -0.0000 0.9996
vn 0.2670 -0.0000 0.9637
vn 0.4716 -0.0000 0.8818
vn 0.6867 0.0001 0.7269
vn 0.6867 -0.0064 -0.7269
vn 1.0000 -0.0000 -0.0000
vn 1.0000 -0.0009 -0.0062
vn 0.7269 0.0064 -0.6867
vn 0.6867 -0.0065 -0.7269
vn 0.7269 0.0065 -0.6867
vn -0.0000 -0.0000 -1.0000
vn 0.0062 0.0009 -1.0000
vn 0.6868 -0.0064 -0.7269
vn -0.7269 -0.0007 0.6867
vn -0.6867 0.0001 0.7270
vn -0.7270 -0.0007 0.6867
vn -0.7269 -0.0064 -0.6867
vn -0.0062 -0.0009 -1.0000
vn -0.6867 0.0064 -0.7269
vn -0.6906 0.0069 -0.7232
vn -1.0000 -0.0000 -0.0000
vn -1.0000 0.0010 -0.0063
vn -0.7245 -0.0061 -0.6892
vn 0.7269 0.0001 0.6867
vn 0.6867 -0.0007 0.7269
vn 0.7275 -0.0002 0.6861
vn 0.0969 -0.9297 -0.3552
vn 0.0018 -0.9289 -0.3702
vn 0.0971 -0.9297 -0.3552
vn 0.1733 -0.9298 -0.3247
vn 0.1734 -0.9298 -0.3247
vn 0.2556 -0.9291 -0.2673
vn 0.3553 -0.9297 -0.0969
vn 0.3702 -0.9289 -0.0017
vn 0.3246 -0.9298 -0.1735
vn 0.3552 -0.9297 -0.0970
vn 0.2673 -0.9291 -0.2556
vn 0.0972 -0.9297 -0.3552
vn 0.0017 -0.9289 -0.3702
vn 0.0968 -0.9297 -0.3553
vn 0.3553 -0.9297 -0.0968
vn 0.3247 -0.9298 -0.1734
vn 0.3552 -0.9297 -0.0971
vn 0.3247 -0.9298 -0.1733
vn 0.0968 0.9297 -0.3553
vn 0.0017 0.9289 -0.3702
vn 0.1734 0.9298 -0.3247
vn 0.0970 0.9297 -0.3552
vn 0.2556 0.9291 -0.2673
vn 0.1733 0.9298 -0.3247
vn 0.3552 0.9297 -0.0970
vn 0.3702 0.9289 -0.0017
vn 0.3553 0.9297 -0.0968
vn 0.3247 0.9298 -0.1734
vn 0.3247 0.9298 -0.1733
vn 0.2673 0.9291 -0.2556
vn 0.0018 0.9289 -0.3702
vn 0.0972 0.9297 -0.3552
vn 0.1735 0.9298 -0.3246
vn 0.3552 0.9297 -0.0971
vn 0.0969 0.9297 -0.3553
vn 0.0971 0.9297 -0.3552
vn 0.0970 -0.9297 -0.3552
vn -0.3556 -0.9297 -0.0956
vn -0.3702 -0.9289 -0.0018
vn -0.3556 -0.9297 -0.0957
vn -0.3256 -0.9298 -0.1716
vn -0.2686 -0.9291 -0.2542
vn -0.0977 -0.9297 -0.3550
vn -0.0017 -0.9289 -0.3702
vn -0.0018 -0.9289 -0.3702
vn -0.1744 -0.9298 -0.3241
vn -0.2570 -0.9291 -0.2659
vn -0.1745 -0.9298 -0.3240
vn -0.3552 -0.9297 -0.0971
vn -0.3702 -0.9289 -0.0017
vn -0.3247 -0.9298 -0.1734
vn -0.3247 -0.9298 -0.1733
vn -0.2673 -0.9291 -0.2556
vn -0.0969 -0.9297 -0.3553
vn -0.1733 -0.9298 -0.3247
vn -0.0971 -0.9297 -0.3552
vn -0.2556 -0.9291 -0.2673
vn -0.1734 -0.9298 -0.3247
vn -0.3553 0.9297 -0.0968
vn -0.3702 0.9289 -0.0017
vn -0.3247 0.9298 -0.1734
vn -0.3552 0.9297 -0.0971
vn -0.2673 0.9291 -0.2556
vn -0.3247 0.9298 -0.1733
vn -0.0971 0.9297 -0.3552
vn -0.0018 0.9289 -0.3702
vn -0.0972 0.9297 -0.3552
vn -0.1733 0.9298 -0.3247
vn -0.1734 0.9298 -0.3246
vn -0.2556 0.9291 -0.2673
vn -0.3246 0.9298 -0.1734
vn -0.0970 0.9297 -0.3552
vn -0.1735 0.9298 -0.3246
vn -0.0967 0.9297 -0.3553
vn -0.1727 0.9298 -0.3250
vn -0.1726 0.9298 -0.3251
vn -0.2546 0.9291 -0.2682
vn -0.2547 0.9291 -0.2682
vn -0.3549 0.9297 -0.0979
vn -0.3241 0.9298 -0.1746
vn -0.2664 0.9291 -0.2565
vn -0.3240 0.9298 -0.1746
vn -0.0972 -0.9297 -0.3552
vn 0.3703 0.9289 -0.0000
vn -0.0000 -0.9289 -0.3703
vn 0.3703 -0.9289 -0.0000
vn -0.0000 0.9289 -0.3703
vn -0.3703 -0.9289 -0.0000
vn -0.2665 0.9291 -0.2565
vn -0.3703 0.9289 -0.0000
vn -0.0017 0.9289 -0.3702
vn -1.0000 0.0009 -0.0062
vn 0.6867 0.0002 0.7269
vn 0.7269 -0.0002 0.6867
vn 0.7269 0.0007 0.6867
vn -0.7269 0.0002 0.6867
vn -0.6867 -0.0002 0.7269
vn -0.6867 0.0007 0.7269
vn 0.4715 0.0001 0.8818
vn 0.4715 -0.0001 0.8818
vn 0.2669 0.0001 0.9637
vn 0.2669 -0.0001 0.9637
vn 0.0270 -0.0000 0.9996
vn 0.8818 -0.0001 0.4715
vn 0.8818 0.0001 0.4715
vn 0.9637 -0.0001 0.2669
vn 0.9637 0.0001 0.2670
vn 0.9996 -0.0000 0.0270
vn -0.8818 -0.0001 0.4715
vn -0.9637 0.0001 0.2669
vn -0.9637 -0.0001 0.2669
vn -0.4715 -0.0001 0.8818
vn -0.2669 -0.0001 0.9637
vn -0.2670 0.0001 0.9637
vn -0.0270 -0.0000 0.9996
vn -0.0269 -0.0000 0.9996
vn -0.0032 -0.6505 0.7595
vn -0.0000 -0.6491 0.7607
vn -0.0000 0.6492 0.7606
vn -0.0032 0.6505 0.7595
vn -0.7595 0.6505 0.0032
vn -0.7606 0.6492 -0.0000
vn -0.7595 -0.6505 0.0032
vn -0.7606 -0.6492 -0.0000
vn -0.0000 -0.6492 0.7606
vn 0.0032 -0.6505 0.7595
vn 0.0032 0.6505 0.7595
vn 0.7604 -0.6494 -0.0000
vn 0.7593 -0.6508 0.0032
vn 0.7596 0.6504 0.0032
vn 0.7608 0.6490 -0.0000
vn -0.1827 0.7108 0.6793
vn -0.3142 0.7393 0.5956
vn -0.4533 0.7509 0.4804
vn -0.3143 0.7392 0.5957
vn -0.6793 0.7108 0.1827
vn -0.5957 0.7392 0.3142
vn -0.5957 0.7392 0.3143
vn -0.4804 0.7509 0.4533
vn -0.4806 0.7506 0.4535
vn -0.1827 0.7107 0.6793
vn -0.3142 0.7393 0.5957
vn -0.4533 0.7508 0.4804
vn -0.3142 0.7392 0.5957
vn -0.6793 0.7107 0.1827
vn -0.4804 0.7508 0.4533
vn -0.4806 0.7505 0.4535
vn -0.1828 -0.7107 0.6793
vn -0.1827 -0.7107 0.6793
vn -0.3142 -0.7392 0.5957
vn -0.3143 -0.7392 0.5957
vn -0.4533 -0.7508 0.4804
vn -0.4535 -0.7505 0.4806
vn -0.6793 -0.7107 0.1827
vn -0.5956 -0.7393 0.3142
vn -0.4804 -0.7508 0.4533
vn -0.5957 -0.7392 0.3143
vn -0.1827 -0.7108 0.6793
vn -0.4533 -0.7509 0.4804
vn -0.4535 -0.7506 0.4806
vn -0.6793 -0.7108 0.1827
vn -0.4804 -0.7509 0.4533
vn 0.6793 0.7108 0.1827
vn 0.7595 0.6505 0.0032
vn 0.5956 0.7393 0.3142
vn 0.4804 0.7509 0.4533
vn 0.5957 0.7392 0.3142
vn 0.1827 0.7108 0.6793
vn 0.3142 0.7392 0.5957
vn 0.3143 0.7392 0.5957
vn 0.4533 0.7509 0.4804
vn 0.4535 0.7506 0.4806
vn 0.6793 0.7107 0.1827
vn 0.4804 0.7508 0.4533
vn 0.5957 0.7392 0.3143
vn 0.1827 0.7107 0.6793
vn 0.4533 0.7508 0.4804
vn 0.6783 0.7112 0.1846
vn 0.5939 0.7396 0.3166
vn 0.4784 0.7509 0.4552
vn 0.1818 0.7105 0.6798
vn 0.0032 0.6506 0.7594
vn 0.3127 0.7389 0.5968
vn 0.4512 0.7509 0.4823
vn 0.6808 -0.7100 0.1799
vn 0.6808 -0.7100 0.1800
vn 0.5984 -0.7385 0.3107
vn 0.4833 -0.7507 0.4504
vn 0.4831 -0.7510 0.4501
vn 0.1841 -0.7111 0.6786
vn 0.0032 -0.6504 0.7595
vn 0.3165 -0.7395 0.5941
vn 0.4564 -0.7508 0.4774
vn 0.3165 -0.7395 0.5940
vn 0.6793 -0.7108 0.1827
vn 0.7595 -0.6505 0.0032
vn 0.5957 -0.7392 0.3142
vn 0.5957 -0.7392 0.3143
vn 0.4804 -0.7509 0.4533
vn 0.4806 -0.7506 0.4535
vn 0.1827 -0.7108 0.6793
vn 0.3142 -0.7393 0.5956
vn 0.4533 -0.7509 0.4804
vn 0.3143 -0.7392 0.5957
vn 0.1827 -0.7107 0.6793
vn 0.4803 0.7509 0.4533
vn -0.0000 -1.0000 -0.0000
vn -0.0000 0.6492 0.7607
vn 0.7606 -0.6492 -0.0000
vn 0.7606 0.6492 -0.0000
vn -0.0000 1.0000 -0.0000
vn -0.0000 -0.0000 1.0000
vn 0.0057 0.0002 1.0000
vn 0.0058 0.0002 1.0000
vn -0.0057 -0.0002 1.0000
vn -1.0000 -0.0000 0.0057
vn -0.0058 -0.0000 1.0000
vn -0.9996 -0.0000 -0.0270
vn 1.0000 -0.0002 0.0057
vn 1.0000 -0.0001 0.0057
vn 0.9996 -0.0001 -0.0269
vn 0.0268 -0.0000 -0.9996
vn -0.9996 -0.0000 -0.0268
vn -0.9996 0.0001 -0.0268
vn 0.9996 -0.0000 -0.0270
vn -1.0000 0.0002 0.0057
vn 1.0000 -0.0000 0.0057
vn -0.2666 0.0006 0.9638
vn -0.6867 0.0014 0.7269
vn -0.6867 0.0001 0.7269
vn -0.4712 0.0010 0.8820
vn -0.7269 0.0014 0.6867
vn -0.8820 0.0011 0.4712
vn -0.9638 0.0006 0.2666
vn -0.9638 -0.0006 0.2666
vn -0.7269 -0.0014 0.6867
vn -0.6867 -0.0014 0.7269
vn -0.8820 -0.0010 0.4712
vn -0.4712 -0.0011 0.8820
vn -0.2666 -0.0006 0.9638
vn -0.6867 0.0013 0.7269
vn -0.8820 0.0010 0.4712
vn -1.0000 0.0002 0.0058
vn -0.0001 1.0000 -0.0000
vn 0.9638 0.0006 0.2666
vn 0.7269 0.0014 0.6867
vn 0.6867 0.0014 0.7269
vn 0.8820 0.0010 0.4712
vn 0.4712 0.0011 0.8820
vn 0.2666 0.0006 0.9638
vn 0.2666 -0.0006 0.9638
vn 0.6867 -0.0014 0.7269
vn 0.7269 -0.0014 0.6867
vn 0.4712 -0.0010 0.8820
vn 0.8820 -0.0011 0.4712
vn 0.9638 -0.0006 0.2666
vn 0.2688 -0.0006 0.9632
vn 0.6918 -0.0013 0.7221
vn 0.7316 -0.0011 0.6817
vn 0.4751 -0.0010 0.8799
vn 0.8853 -0.0007 0.4650
vn 0.9651 -0.0004 0.2619
vn 0.9630 0.0008 0.2697
vn 0.7238 0.0016 0.6900
vn 0.6834 0.0015 0.7301
vn 0.8798 0.0012 0.4754
vn 0.4687 0.0011 0.8834
vn 0.2652 0.0006 0.9642
vn 0.4679 -0.4677 0.7499
vn 0.4678 -0.4676 0.7500
vn 0.4678 0.4676 0.7500
vn 0.4679 0.4676 0.7499
vn 0.4679 -0.4676 0.7500
vn 0.4679 -0.4676 0.7499
vn -0.7499 0.4677 -0.4679
vn -0.7500 0.4676 -0.4678
vn -0.7499 -0.4676 -0.4679
vn -0.7500 -0.4676 -0.4678
vn -0.7499 -0.4677 -0.4679
vn 0.4679 0.4676 0.7500
vn 0.4679 0.4677 0.7499
vn -0.7499 0.4676 -0.4679
vn -0.7501 -0.4676 -0.4678
vn -0.4679 -0.4676 0.7500
vn -0.4679 -0.4677 0.7499
vn -0.4678 0.4676 0.7500
vn -0.4679 0.4676 0.7499
vn -0.4679 -0.4676 0.7499
vn -0.4678 -0.4676 0.7500
vn -0.4679 0.4677 0.7499
vn 0.7499 0.4677 -0.4679
vn 0.7500 0.4676 -0.4678
vn 0.7499 0.4676 -0.4679
vn 0.7499 -0.4677 -0.4679
vn 0.7499 -0.4676 -0.4679
vn 0.7500 -0.4676 -0.4678
vn 0.7516 0.4664 -0.4666
vn 0.7517 0.4662 -0.4664
vn 0.7517 0.4663 -0.4665
vn 0.7483 -0.4689 -0.4692
vn 0.7052 -0.0000 0.7090
vn -0.0000 0.7780 0.6282
vn -0.0000 0.7780 0.6283
vn -0.0000 -0.7781 0.6282
vn -0.0000 -0.7780 0.6282
vn -0.0000 -0.7780 0.6283
vn -0.7090 -0.0000 -0.7052
vn -0.6282 -0.7781 -0.0000
vn -0.6284 -0.7779 -0.0000
vn -0.6282 0.7781 -0.0000
vn -0.6283 0.7780 -0.0000
vn -0.6283 -0.7780 -0.0000
vn -0.6281 -0.7781 -0.0000
vn -0.6282 0.7780 -0.0000
vn -0.6283 -0.7779 -0.0000
vn -0.6283 0.7779 -0.0000
vn -0.7052 -0.0000 0.7090
vn -0.0000 0.7781 0.6281
vn 0.6282 -0.7781 -0.0000
vn 0.6284 -0.7779 -0.0000
vn 0.6282 -0.7780 -0.0000
vn 0.7090 -0.0000 -0.7052
vn 0.6282 0.7781 -0.0000
vn 0.6283 0.7780 -0.0000
vn 0.6283 -0.7780 -0.0000
vn 0.6281 -0.7781 -0.0000
vn 0.6282 0.7780 -0.0000
vn 0.7088 -0.0000 -0.7054
vn 0.7086 -0.0000 -0.7056
vn 0.6269 -0.7791 -0.0001
vn 0.6270 -0.7790 -0.0001
vn 0.6297 0.7769 -0.0000
vn 0.6296 0.7769 -0.0000
vn 0.7071 -0.7071 -0.0000
vn 0.7071 0.7071 -0.0000
vn -0.0000 0.7071 -0.7071
vn -0.0000 -0.7071 -0.7071
vn -0.7071 -0.7071 -0.0000
vn -0.7071 0.7071 -0.0000
vn 0.0062 0.0008 1.0000
vn 0.2660 0.0028 0.9640
vn 0.0062 0.0001 1.0000
vn 0.4706 0.0046 0.8823
vn 0.6867 0.0061 0.7269
vn 0.9640 0.0028 0.2660
vn 1.0000 0.0001 0.0062
vn 1.0000 0.0009 0.0062
vn 0.8823 0.0048 0.4707
vn 0.7269 0.0064 0.6867
vn 0.8823 0.0046 0.4706
vn 0.4707 0.0046 0.8823
vn 0.2660 -0.0028 0.9640
vn 0.0062 -0.0001 1.0000
vn 0.0062 -0.0009 1.0000
vn 0.4707 -0.0048 0.8823
vn 0.6867 -0.0064 0.7269
vn 0.4706 -0.0046 0.8823
vn 1.0000 -0.0008 0.0062
vn 0.9640 -0.0028 0.2660
vn 1.0000 -0.0001 0.0062
vn 0.8823 -0.0046 0.4706
vn 0.8823 -0.0046 0.4707
vn 0.7269 -0.0061 0.6867
vn 0.4706 -0.0048 0.8823
vn 0.4707 -0.0046 0.8823
vn 1.0000 -0.0000 0.0062
vn 0.2659 0.0028 0.9640
vn -0.2670 -0.0000 -0.9637
vn -0.0268 -0.0000 -0.9996
vn -0.4716 -0.0001 -0.8818
vn -0.6867 -0.0001 -0.7269
vn -0.4716 0.0001 -0.8818
vn -0.9637 -0.0000 -0.2670
vn -0.9996 -0.0000 -0.0269
vn -0.8818 0.0001 -0.4716
vn -0.9637 -0.0001 -0.2670
vn -0.7270 0.0001 -0.6867
vn -0.8818 -0.0001 -0.4716
vn -0.4716 -0.0000 -0.8818
vn -0.6867 -0.0001 -0.7270
vn -0.8818 -0.0000 -0.4716
vn -1.0000 0.0010 0.0062
vn -0.9649 0.0031 0.2625
vn -1.0000 0.0001 0.0063
vn -0.9649 0.0032 0.2625
vn -0.8848 0.0052 0.4659
vn -0.8848 0.0053 0.4659
vn -0.7304 0.0068 0.6830
vn -0.2676 0.0029 0.9635
vn -0.0063 0.0001 1.0000
vn -0.0063 0.0009 1.0000
vn -0.4736 0.0049 0.8807
vn -0.2676 0.0028 0.9635
vn -0.6906 0.0069 0.7232
vn -0.4736 0.0048 0.8807
vn -1.0000 0.0008 0.0062
vn -0.9640 0.0028 0.2660
vn -1.0000 0.0001 0.0062
vn -0.8823 0.0046 0.4706
vn -0.8823 0.0046 0.4707
vn -0.7269 0.0061 0.6867
vn -0.2660 0.0028 0.9640
vn -0.0062 0.0001 1.0000
vn -0.0062 0.0009 1.0000
vn -0.4706 0.0048 0.8823
vn -0.6867 0.0065 0.7269
vn -0.4706 0.0046 0.8823
vn -0.9640 -0.0028 0.2660
vn -1.0000 -0.0000 0.0062
vn -1.0000 -0.0009 0.0062
vn -0.8823 -0.0048 0.4707
vn -0.7269 -0.0064 0.6867
vn -0.8823 -0.0046 0.4706
vn -0.0062 -0.0008 1.0000
vn -0.2660 -0.0028 0.9640
vn -0.0062 -0.0001 1.0000
vn -0.4706 -0.0046 0.8823
vn -0.6867 -0.0061 0.7269
vn -0.4707 -0.0046 0.8823
vn -0.2649 -0.0027 0.9643
vn -0.0063 -0.0001 1.0000
vn -0.2649 -0.0028 0.9643
vn -0.4687 -0.0046 0.8833
vn -0.4687 -0.0045 0.8833
vn -0.6842 -0.0059 0.7293
vn -0.9633 -0.0026 0.2683
vn -1.0000 -0.0001 0.0062
vn -1.0000 -0.0008 0.0063
vn -0.8806 -0.0043 0.4738
vn -0.9633 -0.0025 0.2684
vn -0.7246 -0.0061 0.6892
vn -0.8806 -0.0042 0.4738
vn -0.4707 0.0048 0.8823
vn -0.6867 0.0064 0.7269
vn -0.4707 0.0046 0.8823
vn 0.9640 -0.0003 -0.2658
vn 0.9996 -0.0000 -0.0269
vn 0.8826 -0.0004 -0.4701
vn 0.9639 -0.0002 -0.2664
vn 0.7281 -0.0004 -0.6855
vn 0.8822 -0.0003 -0.4709
vn 0.0269 -0.0000 -0.9996
vn 0.2676 -0.0001 -0.9635
vn 0.0262 -0.0000 -0.9997
vn 0.2672 -0.0000 -0.9636
vn 0.4725 -0.0001 -0.8813
vn 0.4720 -0.0000 -0.8816
vn 0.6880 -0.0004 -0.7257
vn 0.9637 -0.0000 -0.2670
vn 0.9996 -0.0000 -0.0268
vn 0.8818 -0.0000 -0.4716
vn 0.7269 -0.0001 -0.6867
vn 0.2670 -0.0000 -0.9637
vn 0.4716 -0.0000 -0.8818
vn 0.6867 0.0001 -0.7269
vn 0.6867 -0.0060 0.7269
vn 0.7269 0.0060 0.6867
vn 0.6868 0.0064 0.7269
vn 0.6868 -0.0060 0.7269
vn 0.7269 -0.0065 0.6868
vn -0.7269 -0.0001 -0.6867
vn -0.6867 0.0001 -0.7269
vn -0.6867 0.0001 -0.7270
vn -0.7269 -0.0060 0.6867
vn -0.6867 0.0060 0.7269
vn -0.7269 0.0064 0.6867
vn -0.7304 0.0070 0.6829
vn -0.6842 -0.0061 0.7293
vn 0.6867 -0.0001 -0.7269
vn 0.7269 0.0001 -0.6867
vn 0.7275 -0.0002 -0.6861
vn 0.0969 -0.9297 0.3553
vn 0.0017 -0.9289 0.3702
vn 0.1733 -0.9298 0.3247
vn 0.0971 -0.9297 0.3552
vn 0.2556 -0.9291 0.2673
vn 0.3702 -0.9289 0.0017
vn 0.3553 -0.9297 0.0968
vn 0.3552 -0.9297 0.0970
vn 0.3247 -0.9298 0.1734
vn 0.2673 -0.9291 0.2556
vn 0.0018 -0.9289 0.3702
vn 0.1734 -0.9298 0.3247
vn 0.3552 -0.9297 0.0971
vn 0.0018 0.9289 0.3702
vn 0.0969 0.9297 0.3553
vn 0.0970 0.9297 0.3552
vn 0.1733 0.9298 0.3247
vn 0.2556 0.9291 0.2673
vn 0.3552 0.9297 0.0971
vn 0.3702 0.9289 0.0017
vn 0.3247 0.9298 0.1734
vn 0.2673 0.9291 0.2556
vn 0.0971 0.9297 0.3552
vn 0.3552 0.9297 0.0972
vn 0.3552 -0.9297 0.0972
vn 0.1734 -0.9298 0.3246
vn -0.3556 -0.9297 0.0957
vn -0.3702 -0.9289 0.0018
vn -0.3256 -0.9298 0.1716
vn -0.3556 -0.9297 0.0958
vn -0.2686 -0.9291 0.2542
vn -0.0017 -0.9289 0.3702
vn -0.0977 -0.9297 0.3550
vn -0.0018 -0.9289 0.3702
vn -0.1744 -0.9298 0.3240
vn -0.2570 -0.9291 0.2659
vn -0.3552 -0.9297 0.0971
vn -0.3702 -0.9289 0.0017
vn -0.3247 -0.9298 0.1734
vn -0.2673 -0.9291 0.2556
vn -0.0969 -0.9297 0.3553
vn -0.0971 -0.9297 0.3552
vn -0.1733 -0.9298 0.3247
vn -0.2556 -0.9291 0.2673
vn -0.3702 0.9289 0.0017
vn -0.3552 0.9297 0.0971
vn -0.3247 0.9298 0.1734
vn -0.2673 0.9291 0.2556
vn -0.0971 0.9297 0.3552
vn -0.0017 0.9289 0.3702
vn -0.1734 0.9298 0.3247
vn -0.2556 0.9291 0.2673
vn -0.3553 0.9297 0.0968
vn -0.3246 0.9298 0.1734
vn -0.0969 0.9297 0.3553
vn -0.0018 0.9289 0.3702
vn -0.0967 0.9297 0.3553
vn -0.1726 0.9298 0.3251
vn -0.0964 0.9297 0.3554
vn -0.2546 0.9291 0.2682
vn -0.2547 0.9291 0.2682
vn -0.3550 0.9297 0.0978
vn -0.3241 0.9298 0.1745
vn -0.2664 0.9291 0.2565
vn -0.2665 0.9291 0.2565
vn -0.1734 -0.9298 0.3246
vn -0.0000 -0.9289 0.3703
vn -0.0000 0.9289 0.3703
vn 0.7269 -0.0007 -0.6867
vn 0.6867 0.0007 -0.7269
vn 0.7269 0.0002 -0.6867
vn -0.6867 -0.0007 -0.7269
vn -0.7269 0.0007 -0.6867
vn -0.6867 0.0002 -0.7269
vn 0.4715 0.0001 -0.8818
vn 0.6867 -0.0002 -0.7269
vn 0.4715 -0.0001 -0.8818
vn 0.2669 0.0001 -0.9637
vn 0.2669 -0.0001 -0.9637
vn 0.0270 -0.0000 -0.9996
vn 0.8818 -0.0001 -0.4715
vn 0.8818 0.0001 -0.4715
vn 0.9637 -0.0001 -0.2669
vn 0.9637 0.0001 -0.2669
vn -0.8818 0.0001 -0.4715
vn -0.7269 -0.0002 -0.6867
vn -0.8818 -0.0001 -0.4715
vn -0.9637 0.0001 -0.2669
vn -0.9637 -0.0001 -0.2669
vn -0.4715 -0.0001 -0.8818
vn -0.4715 0.0001 -0.8818
vn -0.2669 -0.0001 -0.9637
vn -0.2670 0.0001 -0.9637
vn -0.0270 -0.0000 -0.9996
vn -0.0269 -0.0000 -0.9996
vn -0.0032 -0.6505 -0.7595
vn 0.0001 -0.6510 -0.7591
vn 0.0001 -0.6506 -0.7594
vn -0.0032 0.6505 -0.7595
vn -0.0000 0.6492 -0.7606
vn -0.7595 0.6505 -0.0032
vn -0.7595 -0.6505 -0.0032
vn 0.0032 -0.6505 -0.7595
vn -0.0000 -0.6492 -0.7606
vn 0.0032 0.6505 -0.7595
vn 0.7593 -0.6508 -0.0032
vn 0.7596 0.6504 -0.0032
vn -0.1827 0.7107 -0.6793
vn -0.1827 0.7108 -0.6793
vn -0.3142 0.7392 -0.5957
vn -0.3143 0.7392 -0.5957
vn -0.4533 0.7509 -0.4804
vn -0.6793 0.7108 -0.1827
vn -0.5956 0.7393 -0.3142
vn -0.4804 0.7509 -0.4533
vn -0.5957 0.7392 -0.3143
vn -0.1828 0.7107 -0.6793
vn -0.4533 0.7508 -0.4804
vn -0.6793 0.7108 -0.1828
vn -0.6793 0.7107 -0.1827
vn -0.4804 0.7508 -0.4533
vn -0.1828 -0.7107 -0.6793
vn -0.3142 -0.7392 -0.5957
vn -0.1827 -0.7107 -0.6793
vn -0.4533 -0.7508 -0.4804
vn -0.3143 -0.7392 -0.5957
vn -0.6793 -0.7108 -0.1828
vn -0.6793 -0.7107 -0.1827
vn -0.5957 -0.7392 -0.3142
vn -0.5957 -0.7392 -0.3143
vn -0.4804 -0.7508 -0.4533
vn -0.1827 -0.7108 -0.6793
vn -0.3142 -0.7393 -0.5956
vn -0.4533 -0.7509 -0.4804
vn -0.6793 -0.7108 -0.1827
vn -0.4804 -0.7509 -0.4533
vn 0.7595 0.6505 -0.0032
vn 0.6793 0.7108 -0.1827
vn 0.5957 0.7392 -0.3142
vn 0.5957 0.7392 -0.3143
vn 0.4804 0.7509 -0.4533
vn 0.1827 0.7108 -0.6793
vn 0.3142 0.7393 -0.5956
vn 0.4533 0.7509 -0.4804
vn 0.3143 0.7392 -0.5957
vn 0.6793 0.7108 -0.1828
vn 0.6793 0.7107 -0.1827
vn 0.4804 0.7508 -0.4533
vn 0.1827 0.7107 -0.6793
vn 0.3142 0.7393 -0.5957
vn 0.4533 0.7508 -0.4804
vn 0.3142 0.7392 -0.5957
vn 0.6783 0.7113 -0.1846
vn 0.6783 0.7112 -0.1846
vn 0.5939 0.7396 -0.3166
vn 0.4784 0.7509 -0.4552
vn 0.1818 0.7105 -0.6798
vn 0.0032 0.6506 -0.7595
vn 0.0032 0.6506 -0.7594
vn 0.3127 0.7390 -0.5968
vn 0.4512 0.7509 -0.4823
vn 0.3127 0.7389 -0.5968
vn 0.6808 -0.7100 -0.1799
vn 0.5984 -0.7386 -0.3106
vn 0.6808 -0.7100 -0.1800
vn 0.4830 -0.7511 -0.4501
vn 0.5984 -0.7385 -0.3107
vn 0.0181 -0.6553 -0.7551
vn 0.1841 -0.7111 -0.6786
vn 0.0182 -0.6553 -0.7551
vn 0.3165 -0.7395 -0.5941
vn 0.3165 -0.7395 -0.5940
vn 0.4564 -0.7508 -0.4774
vn 0.6793 -0.7108 -0.1827
vn 0.7595 -0.6505 -0.0032
vn 0.5956 -0.7393 -0.3142
vn 0.4804 -0.7509 -0.4533
vn 0.5957 -0.7392 -0.3143
vn 0.1827 -0.7108 -0.6793
vn 0.3142 -0.7392 -0.5957
vn 0.3143 -0.7392 -0.5957
vn 0.4533 -0.7509 -0.4804
vn -0.4535 0.7506 -0.4806
vn -0.4806 -0.7506 -0.4535
vn -0.4806 -0.7505 -0.4535
vn 0.4535 -0.7506 -0.4806
vn 0.4806 0.7505 -0.4535
vn 0.4834 -0.7507 -0.4503
vn 0.4565 -0.7507 -0.4776
vn -0.0002 -0.6520 -0.7582
vn -0.0000 0.6492 -0.7607
vn -0.0000 -0.6492 -0.7607
vn -1.0000 -0.0000 -0.0057
vn 0.0058 -0.0000 -1.0000
vn -0.0057 -0.0000 -1.0000
vn -1.0000 -0.0002 -0.0057
vn -0.0058 0.0002 -1.0000
vn -1.0000 -0.0000 -0.0058
vn 1.0000 -0.0000 -0.0057
vn 0.0209 -0.0002 -0.9998
vn 0.0057 -0.0000 -1.0000
vn 1.0000 0.0002 -0.0057
vn -0.2666 0.0006 -0.9638
vn -0.0057 0.0002 -1.0000
vn -0.6867 0.0014 -0.7269
vn -0.4712 0.0011 -0.8820
vn -0.7269 0.0014 -0.6867
vn -0.8820 0.0010 -0.4712
vn -0.9638 0.0006 -0.2666
vn -0.9638 -0.0006 -0.2666
vn -0.7269 -0.0015 -0.6867
vn -0.8820 -0.0011 -0.4712
vn -0.6867 -0.0014 -0.7269
vn -0.4712 -0.0010 -0.8820
vn -0.2666 -0.0006 -0.9638
vn -0.6867 0.0015 -0.7269
vn -0.7269 -0.0014 -0.6867
vn -0.2665 -0.0006 -0.9638
vn -0.4712 0.0010 -0.8820
vn -0.7269 0.0013 -0.6867
vn 0.9638 0.0006 -0.2666
vn 0.7269 0.0014 -0.6867
vn 0.8820 0.0011 -0.4712
vn 0.6867 0.0014 -0.7269
vn 0.4712 0.0010 -0.8820
vn 0.2666 0.0006 -0.9638
vn 0.2666 -0.0006 -0.9638
vn 0.0057 -0.0002 -1.0000
vn 0.6867 -0.0014 -0.7269
vn 0.4712 -0.0011 -0.8820
vn 0.7269 -0.0014 -0.6867
vn 0.8820 -0.0010 -0.4712
vn 0.9638 -0.0006 -0.2666
vn 0.2688 -0.0006 -0.9632
vn 0.6918 -0.0012 -0.7221
vn 0.4751 -0.0010 -0.8799
vn 0.7316 -0.0011 -0.6817
vn 0.8853 -0.0007 -0.4650
vn 0.9651 -0.0004 -0.2620
vn 0.9629 0.0008 -0.2697
vn 1.0000 0.0002 -0.0058
vn 0.7238 0.0016 -0.6900
vn 0.8798 0.0013 -0.4754
vn 0.6834 0.0015 -0.7301
vn 0.4687 0.0010 -0.8834
vn 0.2651 0.0006 -0.9642
vn 0.4679 -0.4676 -0.7500
vn 0.4679 -0.4677 -0.7499
vn 0.4678 0.4676 -0.7500
vn 0.4679 -0.4676 -0.7499
vn 0.4678 -0.4676 -0.7500
vn 0.4679 0.4676 -0.7499
vn -0.7499 0.4677 0.4679
vn -0.7500 0.4676 0.4678
vn -0.7499 0.4676 0.4679
vn -0.7500 -0.4676 0.4678
vn -0.7498 -0.4677 0.4680
vn -0.7501 -0.4676 0.4678
vn -0.7499 -0.4677 0.4679
vn 0.4680 0.4677 -0.7498
vn -0.4679 -0.4676 -0.7499
vn -0.4680 -0.4677 -0.7498
vn -0.4679 -0.4676 -0.7500
vn -0.4678 0.4676 -0.7500
vn -0.4679 0.4676 -0.7499
vn -0.4678 -0.4676 -0.7500
vn 0.7500 0.4676 0.4678
vn 0.7499 0.4677 0.4679
vn 0.7499 -0.4676 0.4679
vn 0.7500 -0.4676 0.4678
vn 0.7499 -0.4677 0.4679
vn -0.4679 0.4676 -0.7500
vn -0.4679 0.4677 -0.7499
vn 0.7517 0.4662 0.4664
vn 0.7515 0.4664 0.4666
vn 0.7517 0.4663 0.4665
vn 0.7483 -0.4689 0.4692
vn 0.7052 -0.0000 -0.7090
vn -0.0000 0.7780 -0.6283
vn -0.0000 0.7780 -0.6282
vn -0.0000 -0.7781 -0.6282
vn -0.0000 -0.7780 -0.6282
vn -0.0000 -0.7780 -0.6283
vn -0.7090 -0.0000 0.7052
vn -0.7052 -0.0000 -0.7090
vn -0.0000 0.7781 -0.6281
vn -0.0000 0.7781 -0.6282
vn 0.7090 -0.0000 0.7052
vn 0.7088 -0.0000 0.7054
vn 0.7086 -0.0000 0.7056
vn 0.7082 -0.0000 0.7060
vn 0.6269 -0.7791 0.0001
vn 0.6270 -0.7790 0.0001
vn -0.0000 0.7071 0.7071
vn -0.0000 -0.7071 0.7071
vn -0.0000 -0.6492 0.7607
vn 0.4564 -0.7508 0.4775
vn 0.0057 -0.0000 1.0000
vn 1.0000 -0.0000 0.0059
vn -0.0057 -0.0000 1.0000
vn 0.7516 0.4663 -0.4665
vn -0.6282 -0.7780 -0.0000
vn -0.0000 0.7781 0.6282
vn 0.7082 -0.0000 -0.7060
vn 0.7269 -0.0064 0.6868
vn -0.6906 0.0062 0.7232
vn -0.6868 -0.0064 0.7269
vn -0.6868 -0.0065 0.7269
vn -0.7245 -0.0055 0.6892
vn -0.7269 0.0064 0.6868
vn 0.6873 -0.0001 -0.7264
vn 0.3246 -0.9298 0.1735
vn 0.3247 -0.9298 0.1733
vn 0.1734 0.9298 0.3246
vn 0.3247 0.9298 0.1733
vn -0.1745 -0.9298 0.3240
vn -0.3247 -0.9298 0.1733
vn -0.3247 0.9298 0.1733
vn -0.1733 0.9298 0.3247
vn -0.1727 0.9298 0.3251
vn -0.3240 0.9298 0.1745
vn -0.4803 0.7509 -0.4533
vn 0.4806 0.7506 -0.4535
vn 0.4785 0.7507 -0.4554
vn -0.7499 -0.4676 0.4679
vn 0.7499 0.4676 0.4679
vn 0.7516 0.4663 0.4665
# 939 vertex normals

vt 0.2854 0.6965 0.0000
vt 0.2840 0.6956 0.0000
vt 0.2854 0.6956 0.0000
vt 0.2840 0.6946 0.0000
vt 0.2854 0.6946 0.0000
vt 0.2840 0.6937 0.0000
vt 0.2854 0.6937 0.0000
vt 0.2854 0.6866 0.0000
vt 0.2840 0.6875 0.0000
vt 0.2840 0.6866 0.0000
vt 0.2854 0.6875 0.0000
vt 0.2840 0.6885 0.0000
vt 0.2854 0.6886 0.0000
vt 0.2840 0.6894 0.0000
vt 0.3091 0.6966 0.0000
vt 0.3077 0.6957 0.0000
vt 0.3091 0.6956 0.0000
vt 0.3077 0.6946 0.0000
vt 0.3091 0.6946 0.0000
vt 0.3077 0.6938 0.0000
vt 0.3091 0.6938 0.0000
vt 0.3091 0.6867 0.0000
vt 0.3077 0.6876 0.0000
vt 0.3077 0.6867 0.0000
vt 0.3091 0.6876 0.0000
vt 0.3077 0.6886 0.0000
vt 0.3091 0.6886 0.0000
vt 0.3077 0.6895 0.0000
vt 0.8053 0.5251 0.0000
vt 0.8039 0.5260 0.0000
vt 0.8039 0.5251 0.0000
vt 0.8053 0.5260 0.0000
vt 0.8039 0.5270 0.0000
vt 0.8053 0.5270 0.0000
vt 0.8039 0.5279 0.0000
vt 0.8053 0.5350 0.0000
vt 0.8039 0.5341 0.0000
vt 0.8053 0.5341 0.0000
vt 0.8039 0.5331 0.0000
vt 0.8053 0.5331 0.0000
vt 0.8039 0.5322 0.0000
vt 0.8053 0.5322 0.0000
vt 0.8060 0.0624 0.0000
vt 0.8074 0.0615 0.0000
vt 0.8074 0.0624 0.0000
vt 0.8060 0.0614 0.0000
vt 0.8074 0.0605 0.0000
vt 0.8060 0.0604 0.0000
vt 0.8074 0.0596 0.0000
vt 0.8060 0.0525 0.0000
vt 0.8075 0.0534 0.0000
vt 0.8060 0.0534 0.0000
vt 0.8074 0.0544 0.0000
vt 0.8060 0.0544 0.0000
vt 0.8074 0.0553 0.0000
vt 0.8060 0.0553 0.0000
vt 0.7186 0.7978 0.0000
vt 0.7200 0.7987 0.0000
vt 0.7186 0.7987 0.0000
vt 0.7200 0.7997 0.0000
vt 0.7186 0.7997 0.0000
vt 0.7200 0.8006 0.0000
vt 0.7186 0.8006 0.0000
vt 0.7187 0.8077 0.0000
vt 0.7201 0.8068 0.0000
vt 0.7201 0.8077 0.0000
vt 0.7186 0.8068 0.0000
vt 0.7201 0.8058 0.0000
vt 0.7186 0.8058 0.0000
vt 0.7200 0.8049 0.0000
vt 0.7864 0.3031 0.0000
vt 0.7850 0.3040 0.0000
vt 0.7849 0.3031 0.0000
vt 0.7864 0.3041 0.0000
vt 0.7850 0.3051 0.0000
vt 0.7864 0.3051 0.0000
vt 0.7850 0.3059 0.0000
vt 0.7864 0.3130 0.0000
vt 0.7850 0.3121 0.0000
vt 0.7864 0.3121 0.0000
vt 0.7850 0.3111 0.0000
vt 0.7864 0.3111 0.0000
vt 0.7850 0.3102 0.0000
vt 0.7864 0.3102 0.0000
vt 0.4209 0.2595 0.0000
vt 0.2912 0.2604 0.0000
vt 0.2912 0.2595 0.0000
vt 0.4209 0.2604 0.0000
vt 0.2912 0.2614 0.0000
vt 0.4209 0.2614 0.0000
vt 0.2912 0.2623 0.0000
vt 0.2912 0.2693 0.0000
vt 0.4209 0.2684 0.0000
vt 0.4209 0.2693 0.0000
vt 0.2912 0.2684 0.0000
vt 0.4209 0.2674 0.0000
vt 0.2912 0.2674 0.0000
vt 0.4209 0.2665 0.0000
vt 0.2482 0.1079 0.0000
vt 0.0216 0.1088 0.0000
vt 0.0216 0.1079 0.0000
vt 0.2482 0.1088 0.0000
vt 0.0216 0.1098 0.0000
vt 0.2482 0.1098 0.0000
vt 0.0216 0.1107 0.0000
vt 0.0216 0.1177 0.0000
vt 0.2482 0.1168 0.0000
vt 0.2482 0.1177 0.0000
vt 0.0216 0.1168 0.0000
vt 0.2482 0.1158 0.0000
vt 0.0216 0.1158 0.0000
vt 0.2482 0.1150 0.0000
vt 0.2854 0.7485 0.0000
vt 0.2840 0.7476 0.0000
vt 0.2854 0.7476 0.0000
vt 0.2840 0.7465 0.0000
vt 0.2854 0.7465 0.0000
vt 0.2840 0.7457 0.0000
vt 0.2854 0.7457 0.0000
vt 0.2854 0.7386 0.0000
vt 0.2840 0.7395 0.0000
vt 0.2840 0.7385 0.0000
vt 0.2854 0.7395 0.0000
vt 0.2840 0.7405 0.0000
vt 0.2854 0.7405 0.0000
vt 0.2840 0.7413 0.0000
vt 0.3091 0.7485 0.0000
vt 0.3077 0.7476 0.0000
vt 0.3091 0.7476 0.0000
vt 0.3077 0.7466 0.0000
vt 0.3091 0.7466 0.0000
vt 0.3077 0.7457 0.0000
vt 0.3091 0.7457 0.0000
vt 0.3091 0.7386 0.0000
vt 0.3077 0.7395 0.0000
vt 0.3077 0.7386 0.0000
vt 0.3091 0.7395 0.0000
vt 0.3077 0.7405 0.0000
vt 0.3091 0.7405 0.0000
vt 0.3077 0.7414 0.0000
vt 0.8053 0.4732 0.0000
vt 0.8039 0.4741 0.0000
vt 0.8039 0.4732 0.0000
vt 0.8053 0.4741 0.0000
vt 0.8039 0.4751 0.0000
vt 0.8053 0.4751 0.0000
vt 0.8039 0.4760 0.0000
vt 0.8053 0.4831 0.0000
vt 0.8039 0.4822 0.0000
vt 0.8053 0.4821 0.0000
vt 0.8039 0.4812 0.0000
vt 0.8053 0.4811 0.0000
vt 0.8039 0.4803 0.0000
vt 0.8053 0.4803 0.0000
vt 0.8060 0.1143 0.0000
vt 0.8075 0.1134 0.0000
vt 0.8075 0.1143 0.0000
vt 0.8060 0.1134 0.0000
vt 0.8074 0.1124 0.0000
vt 0.8060 0.1124 0.0000
vt 0.8074 0.1115 0.0000
vt 0.8060 0.1044 0.0000
vt 0.8074 0.1053 0.0000
vt 0.8060 0.1053 0.0000
vt 0.8074 0.1063 0.0000
vt 0.8060 0.1063 0.0000
vt 0.8074 0.1072 0.0000
vt 0.8060 0.1072 0.0000
vt 0.8100 0.2931 0.0000
vt 0.8086 0.2922 0.0000
vt 0.8100 0.2922 0.0000
vt 0.8086 0.2912 0.0000
vt 0.8101 0.2912 0.0000
vt 0.8086 0.2903 0.0000
vt 0.8101 0.2903 0.0000
vt 0.8101 0.2833 0.0000
vt 0.8087 0.2842 0.0000
vt 0.8087 0.2833 0.0000
vt 0.8101 0.2842 0.0000
vt 0.8087 0.2852 0.0000
vt 0.8101 0.2852 0.0000
vt 0.8087 0.2861 0.0000
vt 0.7864 0.3551 0.0000
vt 0.7850 0.3560 0.0000
vt 0.7850 0.3550 0.0000
vt 0.7864 0.3560 0.0000
vt 0.7850 0.3570 0.0000
vt 0.7864 0.3570 0.0000
vt 0.7850 0.3578 0.0000
vt 0.7864 0.3649 0.0000
vt 0.7850 0.3640 0.0000
vt 0.7864 0.3640 0.0000
vt 0.7850 0.3630 0.0000
vt 0.7864 0.3630 0.0000
vt 0.7850 0.3621 0.0000
vt 0.7864 0.3621 0.0000
vt 0.4209 0.1919 0.0000
vt 0.2912 0.1927 0.0000
vt 0.2912 0.1918 0.0000
vt 0.4209 0.1928 0.0000
vt 0.2912 0.1937 0.0000
vt 0.4209 0.1938 0.0000
vt 0.2912 0.1946 0.0000
vt 0.4209 0.2017 0.0000
vt 0.2912 0.2008 0.0000
vt 0.4209 0.2008 0.0000
vt 0.2912 0.1998 0.0000
vt 0.4209 0.1998 0.0000
vt 0.2912 0.1989 0.0000
vt 0.4209 0.1989 0.0000
vt 0.2482 0.0403 0.0000
vt 0.0216 0.0412 0.0000
vt 0.0216 0.0403 0.0000
vt 0.2482 0.0412 0.0000
vt 0.0216 0.0422 0.0000
vt 0.2482 0.0422 0.0000
vt 0.0216 0.0431 0.0000
vt 0.0216 0.0501 0.0000
vt 0.2482 0.0492 0.0000
vt 0.2482 0.0501 0.0000
vt 0.0216 0.0492 0.0000
vt 0.2482 0.0482 0.0000
vt 0.0216 0.0482 0.0000
vt 0.2482 0.0473 0.0000
vt 0.8060 0.0596 0.0000
vt 0.8062 0.0315 0.0000
vt 0.8075 0.0525 0.0000
vt 0.3091 0.6895 0.0000
vt 0.8053 0.5279 0.0000
vt 0.2854 0.6894 0.0000
vt 0.2854 0.7175 0.0000
vt 0.2840 0.6965 0.0000
vt 0.7864 0.3059 0.0000
vt 0.7862 0.2821 0.0000
vt 0.7848 0.2821 0.0000
vt 0.7186 0.8049 0.0000
vt 0.8099 0.3141 0.0000
vt 0.8084 0.3351 0.0000
vt 0.8085 0.3141 0.0000
vt 0.0216 0.1150 0.0000
vt 0.4209 0.2623 0.0000
vt 0.2912 0.2665 0.0000
vt 0.8060 0.1115 0.0000
vt 0.8060 0.0834 0.0000
vt 0.8074 0.1044 0.0000
vt 0.3091 0.7414 0.0000
vt 0.8053 0.4760 0.0000
vt 0.2854 0.7413 0.0000
vt 0.5979 0.6805 0.0000
vt 0.5964 0.6596 0.0000
vt 0.5978 0.6595 0.0000
vt 0.7864 0.3579 0.0000
vt 0.7864 0.3340 0.0000
vt 0.8101 0.2861 0.0000
vt 0.8101 0.2622 0.0000
vt 0.2482 0.0431 0.0000
vt 0.0216 0.0473 0.0000
vt 0.4209 0.1947 0.0000
vt 0.2696 0.6629 0.0000
vt 0.2698 0.6655 0.0000
vt 0.2689 0.6654 0.0000
vt 0.2692 0.6627 0.0000
vt 0.2679 0.6650 0.0000
vt 0.2672 0.6645 0.0000
vt 0.2689 0.6625 0.0000
vt 0.2658 0.6591 0.0000
vt 0.2631 0.6589 0.0000
vt 0.2657 0.6586 0.0000
vt 0.2659 0.6595 0.0000
vt 0.2633 0.6598 0.0000
vt 0.2641 0.6615 0.0000
vt 0.2636 0.6607 0.0000
vt 0.5632 0.6343 0.0000
vt 0.5634 0.6369 0.0000
vt 0.5625 0.6368 0.0000
vt 0.5628 0.6341 0.0000
vt 0.5615 0.6364 0.0000
vt 0.5608 0.6359 0.0000
vt 0.5625 0.6339 0.0000
vt 0.5594 0.6304 0.0000
vt 0.5567 0.6302 0.0000
vt 0.5593 0.6300 0.0000
vt 0.5596 0.6308 0.0000
vt 0.5569 0.6311 0.0000
vt 0.5577 0.6328 0.0000
vt 0.5572 0.6321 0.0000
vt 0.5289 0.3202 0.0000
vt 0.5291 0.3175 0.0000
vt 0.5293 0.3201 0.0000
vt 0.5285 0.3203 0.0000
vt 0.5282 0.3177 0.0000
vt 0.5265 0.3185 0.0000
vt 0.5272 0.3180 0.0000
vt 0.5251 0.3240 0.0000
vt 0.5224 0.3242 0.0000
vt 0.5225 0.3233 0.0000
vt 0.5252 0.3236 0.0000
vt 0.5229 0.3223 0.0000
vt 0.5234 0.3216 0.0000
vt 0.5255 0.3233 0.0000
vt 0.0161 0.6222 0.0000
vt 0.0163 0.6195 0.0000
vt 0.0165 0.6221 0.0000
vt 0.0157 0.6223 0.0000
vt 0.0154 0.6197 0.0000
vt 0.0137 0.6205 0.0000
vt 0.0144 0.6200 0.0000
vt 0.0123 0.6260 0.0000
vt 0.0096 0.6262 0.0000
vt 0.0097 0.6253 0.0000
vt 0.0124 0.6256 0.0000
vt 0.0101 0.6243 0.0000
vt 0.0106 0.6236 0.0000
vt 0.0127 0.6253 0.0000
vt 0.0122 0.3323 0.0000
vt 0.0095 0.3325 0.0000
vt 0.0097 0.3316 0.0000
vt 0.0123 0.3319 0.0000
vt 0.0100 0.3307 0.0000
vt 0.0105 0.3300 0.0000
vt 0.0126 0.3316 0.0000
vt 0.0160 0.3285 0.0000
vt 0.0162 0.3259 0.0000
vt 0.0164 0.3285 0.0000
vt 0.0156 0.3287 0.0000
vt 0.0153 0.3260 0.0000
vt 0.0136 0.3269 0.0000
vt 0.0143 0.3264 0.0000
vt 0.4837 0.6236 0.0000
vt 0.4810 0.6234 0.0000
vt 0.4836 0.6231 0.0000
vt 0.4838 0.6240 0.0000
vt 0.4812 0.6243 0.0000
vt 0.4821 0.6259 0.0000
vt 0.4816 0.6252 0.0000
vt 0.4875 0.6273 0.0000
vt 0.4877 0.6300 0.0000
vt 0.4868 0.6298 0.0000
vt 0.4871 0.6272 0.0000
vt 0.4859 0.6295 0.0000
vt 0.4851 0.6290 0.0000
vt 0.4868 0.6269 0.0000
vt 0.3158 0.6589 0.0000
vt 0.3185 0.6587 0.0000
vt 0.3184 0.6596 0.0000
vt 0.3157 0.6593 0.0000
vt 0.3180 0.6606 0.0000
vt 0.3175 0.6613 0.0000
vt 0.3154 0.6596 0.0000
vt 0.3121 0.6628 0.0000
vt 0.3119 0.6655 0.0000
vt 0.3116 0.6629 0.0000
vt 0.3124 0.6626 0.0000
vt 0.3128 0.6653 0.0000
vt 0.3144 0.6644 0.0000
vt 0.3137 0.6649 0.0000
vt 0.6096 0.6305 0.0000
vt 0.6122 0.6303 0.0000
vt 0.6121 0.6313 0.0000
vt 0.6094 0.6309 0.0000
vt 0.6117 0.6322 0.0000
vt 0.6112 0.6329 0.0000
vt 0.6092 0.6313 0.0000
vt 0.6058 0.6343 0.0000
vt 0.6056 0.6370 0.0000
vt 0.6053 0.6344 0.0000
vt 0.6062 0.6342 0.0000
vt 0.6065 0.6369 0.0000
vt 0.6081 0.6360 0.0000
vt 0.6074 0.6365 0.0000
vt 0.5752 0.3241 0.0000
vt 0.5779 0.3243 0.0000
vt 0.5753 0.3245 0.0000
vt 0.5751 0.3237 0.0000
vt 0.5778 0.3234 0.0000
vt 0.5769 0.3217 0.0000
vt 0.5774 0.3224 0.0000
vt 0.5714 0.3203 0.0000
vt 0.5713 0.3176 0.0000
vt 0.5722 0.3177 0.0000
vt 0.5719 0.3204 0.0000
vt 0.5731 0.3181 0.0000
vt 0.5738 0.3186 0.0000
vt 0.5722 0.3207 0.0000
vt 0.0624 0.6261 0.0000
vt 0.0651 0.6263 0.0000
vt 0.0625 0.6265 0.0000
vt 0.0623 0.6257 0.0000
vt 0.0650 0.6254 0.0000
vt 0.0641 0.6237 0.0000
vt 0.0646 0.6244 0.0000
vt 0.0586 0.6223 0.0000
vt 0.0585 0.6196 0.0000
vt 0.0594 0.6197 0.0000
vt 0.0590 0.6224 0.0000
vt 0.0603 0.6201 0.0000
vt 0.0610 0.6206 0.0000
vt 0.0594 0.6227 0.0000
vt 0.0585 0.3284 0.0000
vt 0.0583 0.3258 0.0000
vt 0.0592 0.3259 0.0000
vt 0.0589 0.3286 0.0000
vt 0.0601 0.3263 0.0000
vt 0.0609 0.3268 0.0000
vt 0.0592 0.3288 0.0000
vt 0.0623 0.3322 0.0000
vt 0.0650 0.3323 0.0000
vt 0.0624 0.3326 0.0000
vt 0.0622 0.3318 0.0000
vt 0.0648 0.3314 0.0000
vt 0.0639 0.3298 0.0000
vt 0.0644 0.3305 0.0000
vt 0.5300 0.6272 0.0000
vt 0.5298 0.6299 0.0000
vt 0.5296 0.6273 0.0000
vt 0.5304 0.6271 0.0000
vt 0.5307 0.6297 0.0000
vt 0.5324 0.6289 0.0000
vt 0.5317 0.6294 0.0000
vt 0.5338 0.6234 0.0000
vt 0.5365 0.6232 0.0000
vt 0.5363 0.6241 0.0000
vt 0.5337 0.6238 0.0000
vt 0.5360 0.6251 0.0000
vt 0.5355 0.6258 0.0000
vt 0.5334 0.6241 0.0000
vt 0.0122 0.6264 0.0000
vt 0.0095 0.6472 0.0000
vt 0.0154 0.6226 0.0000
vt 0.5598 0.6312 0.0000
vt 0.5282 0.3206 0.0000
vt 0.2700 0.6629 0.0000
vt 0.2908 0.6656 0.0000
vt 0.2662 0.6598 0.0000
vt 0.4841 0.6243 0.0000
vt 0.4809 0.6023 0.0000
vt 0.4835 0.6023 0.0000
vt 0.0372 0.3257 0.0000
vt 0.0372 0.3283 0.0000
vt 0.0153 0.3289 0.0000
vt 0.0582 0.6222 0.0000
vt 0.0374 0.6194 0.0000
vt 0.0621 0.6254 0.0000
vt 0.6065 0.6340 0.0000
vt 0.5749 0.3234 0.0000
vt 0.3159 0.6585 0.0000
vt 0.3186 0.6377 0.0000
vt 0.3128 0.6624 0.0000
vt 0.5088 0.6301 0.0000
vt 0.5088 0.6274 0.0000
vt 0.5307 0.6268 0.0000
vt 0.0619 0.3315 0.0000
vt 0.0651 0.3534 0.0000
vt 0.0625 0.3534 0.0000
vt 0.5710 0.3202 0.0000
vt 0.5502 0.3174 0.0000
vt 0.5845 0.6372 0.0000
vt 0.5845 0.6345 0.0000
vt 0.8039 0.4831 0.0000
vt 0.8053 0.5041 0.0000
vt 0.8039 0.5041 0.0000
vt 0.3091 0.7176 0.0000
vt 0.0580 0.3284 0.0000
vt 0.2908 0.6630 0.0000
vt 0.8086 0.2931 0.0000
vt 0.4880 0.6274 0.0000
vt 0.0374 0.6220 0.0000
vt 0.7850 0.3130 0.0000
vt 0.8074 0.0834 0.0000
vt 0.5250 0.3244 0.0000
vt 0.5224 0.3452 0.0000
vt 0.5567 0.6092 0.0000
vt 0.5593 0.6092 0.0000
vt 0.8052 0.5560 0.0000
vt 0.8039 0.5350 0.0000
vt 0.8052 0.7239 0.0000
vt 0.8037 0.7449 0.0000
vt 0.8038 0.7239 0.0000
vt 0.0121 0.3328 0.0000
vt 0.0095 0.3535 0.0000
vt 0.2629 0.6378 0.0000
vt 0.2655 0.6378 0.0000
vt 0.7186 0.7768 0.0000
vt 0.7200 0.7978 0.0000
vt 0.5979 0.7843 0.0000
vt 0.5964 0.8053 0.0000
vt 0.5965 0.7843 0.0000
vt 0.5339 0.6230 0.0000
vt 0.5365 0.6022 0.0000
vt 0.0651 0.6473 0.0000
vt 0.0625 0.6473 0.0000
vt 0.7849 0.3649 0.0000
vt 0.7862 0.3859 0.0000
vt 0.7848 0.3859 0.0000
vt 0.8062 0.1353 0.0000
vt 0.2448 0.5313 0.0000
vt 0.2490 0.4658 0.0000
vt 0.2490 0.5313 0.0000
vt 0.1771 0.5311 0.0000
vt 0.1814 0.4658 0.0000
vt 0.1814 0.5311 0.0000
vt 0.2448 0.4658 0.0000
vt 0.2439 0.5313 0.0000
vt 0.2439 0.4658 0.0000
vt 0.2429 0.5313 0.0000
vt 0.2429 0.4658 0.0000
vt 0.2420 0.4658 0.0000
vt 0.2420 0.5313 0.0000
vt 0.2499 0.4658 0.0000
vt 0.2499 0.5313 0.0000
vt 0.2509 0.4658 0.0000
vt 0.2509 0.5313 0.0000
vt 0.2518 0.5313 0.0000
vt 0.2518 0.4658 0.0000
vt 0.1771 0.4658 0.0000
vt 0.1763 0.5311 0.0000
vt 0.1763 0.4658 0.0000
vt 0.1753 0.5311 0.0000
vt 0.1753 0.4658 0.0000
vt 0.1744 0.4658 0.0000
vt 0.1744 0.5311 0.0000
vt 0.1823 0.4658 0.0000
vt 0.1823 0.5311 0.0000
vt 0.1833 0.4658 0.0000
vt 0.1833 0.5311 0.0000
vt 0.1842 0.5311 0.0000
vt 0.1842 0.4658 0.0000
vt 0.6096 0.6301 0.0000
vt 0.6123 0.6093 0.0000
vt 0.3077 0.6966 0.0000
vt 0.5636 0.6343 0.0000
vt 0.5502 0.3200 0.0000
vt 0.8052 0.4522 0.0000
vt 0.8038 0.4522 0.0000
vt 0.8037 0.5991 0.0000
vt 0.8052 0.6201 0.0000
vt 0.8038 0.6201 0.0000
vt 0.5779 0.3453 0.0000
vt 0.5753 0.3453 0.0000
vt 0.2491 0.3270 0.0000
vt 0.2211 0.3263 0.0000
vt 0.2497 0.3262 0.0000
vt 0.1290 0.3956 0.0000
vt 0.1572 0.3942 0.0000
vt 0.1578 0.3950 0.0000
vt 0.2821 0.0179 0.0000
vt 0.2813 0.0461 0.0000
vt 0.2813 0.0174 0.0000
vt 0.3086 0.4924 0.0000
vt 0.3074 0.4642 0.0000
vt 0.3082 0.4642 0.0000
vt 0.3433 0.4998 0.0000
vt 0.3717 0.4985 0.0000
vt 0.3723 0.4992 0.0000
vt 0.3170 0.0100 0.0000
vt 0.3451 0.0108 0.0000
vt 0.3170 0.0108 0.0000
vt 0.1854 0.3621 0.0000
vt 0.1865 0.3340 0.0000
vt 0.1862 0.3621 0.0000
vt 0.0941 0.3882 0.0000
vt 0.0930 0.3600 0.0000
vt 0.0938 0.3600 0.0000
vt 0.2878 0.0115 0.0000
vt 0.2881 0.0106 0.0000
vt 0.2887 0.0114 0.0000
vt 0.2868 0.0119 0.0000
vt 0.2872 0.0108 0.0000
vt 0.2861 0.0124 0.0000
vt 0.2862 0.0112 0.0000
vt 0.2822 0.0170 0.0000
vt 0.2815 0.0164 0.0000
vt 0.2826 0.0161 0.0000
vt 0.2819 0.0155 0.0000
vt 0.2831 0.0154 0.0000
vt 0.2824 0.0147 0.0000
vt 0.3802 0.0434 0.0000
vt 0.3806 0.0425 0.0000
vt 0.3812 0.0433 0.0000
vt 0.3793 0.0438 0.0000
vt 0.3796 0.0427 0.0000
vt 0.3786 0.0443 0.0000
vt 0.3787 0.0431 0.0000
vt 0.3747 0.0490 0.0000
vt 0.3738 0.0494 0.0000
vt 0.3739 0.0484 0.0000
vt 0.3751 0.0481 0.0000
vt 0.3743 0.0475 0.0000
vt 0.3756 0.0474 0.0000
vt 0.3749 0.0467 0.0000
vt 0.1582 0.3940 0.0000
vt 0.1591 0.3937 0.0000
vt 0.1588 0.3948 0.0000
vt 0.1598 0.3932 0.0000
vt 0.1597 0.3944 0.0000
vt 0.1637 0.3885 0.0000
vt 0.1646 0.3882 0.0000
vt 0.1645 0.3891 0.0000
vt 0.1633 0.3895 0.0000
vt 0.1640 0.3901 0.0000
vt 0.1628 0.3902 0.0000
vt 0.1635 0.3908 0.0000
vt 0.2500 0.3271 0.0000
vt 0.2506 0.3263 0.0000
vt 0.2509 0.3274 0.0000
vt 0.2516 0.3267 0.0000
vt 0.2516 0.3279 0.0000
vt 0.2523 0.3272 0.0000
vt 0.2554 0.3324 0.0000
vt 0.2564 0.3328 0.0000
vt 0.2556 0.3333 0.0000
vt 0.2551 0.3315 0.0000
vt 0.2562 0.3319 0.0000
vt 0.2546 0.3308 0.0000
vt 0.2558 0.3309 0.0000
vt 0.5131 0.1104 0.0000
vt 0.5134 0.1113 0.0000
vt 0.5125 0.1111 0.0000
vt 0.5122 0.1100 0.0000
vt 0.5116 0.1107 0.0000
vt 0.5115 0.1095 0.0000
vt 0.5109 0.1102 0.0000
vt 0.5077 0.1050 0.0000
vt 0.5068 0.1047 0.0000
vt 0.5076 0.1042 0.0000
vt 0.5081 0.1059 0.0000
vt 0.5070 0.1056 0.0000
vt 0.5086 0.1066 0.0000
vt 0.5074 0.1065 0.0000
vt 0.3142 0.4989 0.0000
vt 0.3146 0.4998 0.0000
vt 0.3137 0.4996 0.0000
vt 0.3133 0.4985 0.0000
vt 0.3127 0.4992 0.0000
vt 0.3126 0.4980 0.0000
vt 0.3120 0.4987 0.0000
vt 0.3088 0.4934 0.0000
vt 0.3078 0.4930 0.0000
vt 0.3091 0.4943 0.0000
vt 0.3080 0.4939 0.0000
vt 0.3096 0.4950 0.0000
vt 0.3084 0.4949 0.0000
vt 0.3515 0.0164 0.0000
vt 0.3524 0.0168 0.0000
vt 0.3516 0.0173 0.0000
vt 0.3512 0.0155 0.0000
vt 0.3523 0.0158 0.0000
vt 0.3507 0.0148 0.0000
vt 0.3519 0.0149 0.0000
vt 0.3460 0.0109 0.0000
vt 0.3457 0.0100 0.0000
vt 0.3466 0.0102 0.0000
vt 0.3470 0.0113 0.0000
vt 0.3476 0.0106 0.0000
vt 0.3477 0.0118 0.0000
vt 0.3483 0.0111 0.0000
vt 0.4444 0.0490 0.0000
vt 0.4453 0.0493 0.0000
vt 0.4445 0.0499 0.0000
vt 0.4440 0.0480 0.0000
vt 0.4451 0.0484 0.0000
vt 0.4435 0.0473 0.0000
vt 0.4447 0.0474 0.0000
vt 0.4388 0.0434 0.0000
vt 0.4385 0.0425 0.0000
vt 0.4394 0.0427 0.0000
vt 0.4398 0.0438 0.0000
vt 0.4404 0.0431 0.0000
vt 0.4405 0.0443 0.0000
vt 0.4411 0.0436 0.0000
vt 0.0942 0.3891 0.0000
vt 0.0933 0.3888 0.0000
vt 0.0946 0.3900 0.0000
vt 0.0935 0.3897 0.0000
vt 0.0951 0.3907 0.0000
vt 0.0939 0.3907 0.0000
vt 0.0998 0.3945 0.0000
vt 0.1002 0.3954 0.0000
vt 0.0992 0.3953 0.0000
vt 0.0989 0.3942 0.0000
vt 0.0982 0.3949 0.0000
vt 0.0981 0.3937 0.0000
vt 0.0975 0.3944 0.0000
vt 0.1866 0.3331 0.0000
vt 0.1857 0.3335 0.0000
vt 0.1859 0.3325 0.0000
vt 0.1870 0.3322 0.0000
vt 0.1863 0.3315 0.0000
vt 0.1875 0.3314 0.0000
vt 0.1868 0.3308 0.0000
vt 0.1921 0.3275 0.0000
vt 0.1924 0.3265 0.0000
vt 0.1930 0.3273 0.0000
vt 0.1912 0.3278 0.0000
vt 0.1915 0.3267 0.0000
vt 0.1905 0.3283 0.0000
vt 0.1905 0.3271 0.0000
vt 0.5765 0.1047 0.0000
vt 0.5774 0.1044 0.0000
vt 0.5773 0.1053 0.0000
vt 0.5762 0.1057 0.0000
vt 0.5769 0.1063 0.0000
vt 0.5757 0.1064 0.0000
vt 0.5764 0.1070 0.0000
vt 0.5710 0.1103 0.0000
vt 0.5706 0.1112 0.0000
vt 0.5701 0.1104 0.0000
vt 0.5719 0.1099 0.0000
vt 0.5716 0.1111 0.0000
vt 0.5726 0.1094 0.0000
vt 0.5726 0.1106 0.0000
vt 0.3780 0.4930 0.0000
vt 0.3789 0.4926 0.0000
vt 0.3787 0.4935 0.0000
vt 0.3776 0.4939 0.0000
vt 0.3783 0.4945 0.0000
vt 0.3771 0.4946 0.0000
vt 0.3778 0.4952 0.0000
vt 0.3726 0.4983 0.0000
vt 0.3735 0.4980 0.0000
vt 0.3732 0.4991 0.0000
vt 0.3742 0.4975 0.0000
vt 0.3741 0.4987 0.0000
vt 0.2855 0.0117 0.0000
vt 0.3779 0.0436 0.0000
vt 0.1605 0.3939 0.0000
vt 0.3514 0.0141 0.0000
vt 0.5733 0.1101 0.0000
vt 0.5616 0.5469 0.0000
vt 0.5406 0.5542 0.0000
vt 0.5406 0.5469 0.0000
vt 0.4442 0.0467 0.0000
vt 0.3748 0.4982 0.0000
vt 0.0944 0.3914 0.0000
vt 0.4379 0.0433 0.0000
vt 0.4095 0.0420 0.0000
vt 0.1007 0.3946 0.0000
vt 0.2211 0.3271 0.0000
vt 0.3152 0.4990 0.0000
vt 0.5064 0.0758 0.0000
vt 0.5072 0.0758 0.0000
vt 0.3746 0.0499 0.0000
vt 0.3737 0.0781 0.0000
vt 0.2570 0.3618 0.0000
vt 0.2562 0.3618 0.0000
vt 0.1638 0.3876 0.0000
vt 0.1646 0.3595 0.0000
vt 0.3781 0.4921 0.0000
vt 0.3790 0.4640 0.0000
vt 0.3529 0.0456 0.0000
vt 0.3521 0.0456 0.0000
vt 0.5196 0.5469 0.0000
vt 0.5123 0.5543 0.0000
vt 0.4453 0.0780 0.0000
vt 0.5779 0.0754 0.0000
vt 0.5766 0.1038 0.0000
vt 0.5771 0.0754 0.0000
vt 0.3147 0.5272 0.0000
vt 0.3358 0.5199 0.0000
vt 0.3358 0.5272 0.0000
vt 0.3568 0.5272 0.0000
vt 0.2593 0.0790 0.0000
vt 0.2510 0.0571 0.0000
vt 0.2593 0.0502 0.0000
vt 0.5130 0.4503 0.0000
vt 0.5057 0.4293 0.0000
vt 0.5130 0.4293 0.0000
vt 0.5130 0.4083 0.0000
vt 0.5057 0.4010 0.0000
vt 0.1911 0.4631 0.0000
vt 0.2131 0.4547 0.0000
vt 0.2131 0.4631 0.0000
vt 0.4323 0.2306 0.0000
vt 0.4239 0.2086 0.0000
vt 0.4323 0.2017 0.0000
vt 0.5759 0.2335 0.0000
vt 0.5549 0.2262 0.0000
vt 0.5832 0.2262 0.0000
vt 0.5338 0.2335 0.0000
vt 0.5549 0.2335 0.0000
vt 0.2801 0.2306 0.0000
vt 0.2885 0.2526 0.0000
vt 0.2801 0.2595 0.0000
vt 0.0189 0.1247 0.0000
vt 0.0105 0.1466 0.0000
vt 0.0105 0.1178 0.0000
vt 0.3981 0.6019 0.0000
vt 0.3908 0.5809 0.0000
vt 0.3981 0.5809 0.0000
vt 0.0189 0.1010 0.0000
vt 0.0105 0.0790 0.0000
vt 0.0188 0.0790 0.0000
vt 0.3981 0.5599 0.0000
vt 0.2801 0.2982 0.0000
vt 0.2885 0.2762 0.0000
vt 0.2885 0.2982 0.0000
vt 0.5683 0.1478 0.0000
vt 0.5756 0.1688 0.0000
vt 0.5683 0.1688 0.0000
vt 0.5683 0.1898 0.0000
vt 0.5756 0.1971 0.0000
vt 0.4239 0.2526 0.0000
vt 0.4323 0.2595 0.0000
vt 0.5130 0.5403 0.0000
vt 0.5057 0.5193 0.0000
vt 0.5130 0.5193 0.0000
vt 0.1166 0.4658 0.0000
vt 0.1235 0.4631 0.0000
vt 0.1208 0.4658 0.0000
vt 0.5825 0.2401 0.0000
vt 0.5898 0.2611 0.0000
vt 0.5825 0.2611 0.0000
vt 0.4239 0.2763 0.0000
vt 0.4323 0.2982 0.0000
vt 0.4239 0.2982 0.0000
vt 0.4048 0.5533 0.0000
vt 0.4258 0.5460 0.0000
vt 0.4258 0.5533 0.0000
vt 0.0104 0.0114 0.0000
vt 0.0188 0.0334 0.0000
vt 0.0105 0.0403 0.0000
vt 0.5406 0.1338 0.0000
vt 0.5616 0.1411 0.0000
vt 0.5406 0.1411 0.0000
vt 0.2801 0.1630 0.0000
vt 0.2885 0.1850 0.0000
vt 0.2801 0.1918 0.0000
vt 0.2594 0.0114 0.0000
vt 0.2510 0.0334 0.0000
vt 0.2510 0.0114 0.0000
vt 0.3081 0.5338 0.0000
vt 0.3008 0.5549 0.0000
vt 0.3008 0.5265 0.0000
vt 0.5406 0.4642 0.0000
vt 0.5196 0.4569 0.0000
vt 0.5406 0.4569 0.0000
vt 0.2885 0.2086 0.0000
vt 0.2912 0.2017 0.0000
vt 0.2912 0.2059 0.0000
vt 0.2350 0.4631 0.0000
vt 0.2378 0.4658 0.0000
vt 0.0216 0.1219 0.0000
vt 0.2482 0.0361 0.0000
vt 0.1455 0.4547 0.0000
vt 0.1674 0.4631 0.0000
vt 0.1455 0.4631 0.0000
vt 0.1674 0.5340 0.0000
vt 0.1455 0.5424 0.0000
vt 0.1455 0.5340 0.0000
vt 0.4211 0.2553 0.0000
vt 0.5756 0.5193 0.0000
vt 0.5683 0.5403 0.0000
vt 0.5683 0.5193 0.0000
vt 0.0322 0.4631 0.0000
vt 0.0391 0.4658 0.0000
vt 0.0349 0.4658 0.0000
vt 0.5199 0.2611 0.0000
vt 0.5272 0.2402 0.0000
vt 0.5272 0.2611 0.0000
vt 0.4323 0.1630 0.0000
vt 0.4239 0.1849 0.0000
vt 0.4239 0.1630 0.0000
vt 0.0216 0.2431 0.0000
vt 0.0189 0.2362 0.0000
vt 0.0216 0.2390 0.0000
vt 0.4048 0.6085 0.0000
vt 0.4258 0.6158 0.0000
vt 0.3974 0.6158 0.0000
vt 0.5617 0.1964 0.0000
vt 0.5406 0.2037 0.0000
vt 0.5406 0.1964 0.0000
vt 0.4239 0.3202 0.0000
vt 0.4209 0.3271 0.0000
vt 0.4211 0.3229 0.0000
vt 0.3634 0.5338 0.0000
vt 0.3707 0.5549 0.0000
vt 0.3634 0.5549 0.0000
vt 0.2510 0.1686 0.0000
vt 0.2482 0.1755 0.0000
vt 0.2482 0.1713 0.0000
vt 0.5196 0.4017 0.0000
vt 0.5406 0.3944 0.0000
vt 0.5406 0.4017 0.0000
vt 0.0391 0.5313 0.0000
vt 0.0322 0.5340 0.0000
vt 0.0349 0.5313 0.0000
vt 0.4211 0.1877 0.0000
vt 0.2510 0.1010 0.0000
vt 0.2482 0.1037 0.0000
vt 0.0105 0.1079 0.0000
vt 0.0189 0.0571 0.0000
vt 0.2593 0.1466 0.0000
vt 0.2510 0.1247 0.0000
vt 0.2593 0.1178 0.0000
vt 0.2807 0.4547 0.0000
vt 0.2587 0.4631 0.0000
vt 0.2518 0.4547 0.0000
vt 0.2587 0.5340 0.0000
vt 0.2807 0.5424 0.0000
vt 0.2518 0.5424 0.0000
vt 0.2912 0.2735 0.0000
vt 0.2885 0.2306 0.0000
vt 0.2593 0.1088 0.0000
vt 0.3074 0.5199 0.0000
vt 0.3138 0.5274 0.0000
vt 0.3065 0.5200 0.0000
vt 0.3056 0.5204 0.0000
vt 0.3122 0.5283 0.0000
vt 0.3048 0.5209 0.0000
vt 0.2593 0.1107 0.0000
vt 0.2482 0.1107 0.0000
vt 0.3092 0.5313 0.0000
vt 0.2593 0.1098 0.0000
vt 0.3129 0.5277 0.0000
vt 0.3013 0.5247 0.0000
vt 0.3086 0.5320 0.0000
vt 0.2593 0.1150 0.0000
vt 0.2593 0.1158 0.0000
vt 0.3083 0.5329 0.0000
vt 0.2593 0.1169 0.0000
vt 0.3009 0.5256 0.0000
vt 0.1752 0.4547 0.0000
vt 0.5057 0.5477 0.0000
vt 0.5132 0.5412 0.0000
vt 0.5058 0.5486 0.0000
vt 0.5062 0.5495 0.0000
vt 0.5140 0.5429 0.0000
vt 0.5067 0.5502 0.0000
vt 0.1771 0.4547 0.0000
vt 0.5097 0.5533 0.0000
vt 0.5171 0.5459 0.0000
vt 0.1814 0.4547 0.0000
vt 0.1763 0.4547 0.0000
vt 0.5135 0.5422 0.0000
vt 0.5104 0.5538 0.0000
vt 0.5178 0.5464 0.0000
vt 0.1823 0.4547 0.0000
vt 0.5187 0.5468 0.0000
vt 0.1833 0.4547 0.0000
vt 0.1842 0.4547 0.0000
vt 0.5114 0.5541 0.0000
vt 0.1833 0.5424 0.0000
vt 0.5057 0.4577 0.0000
vt 0.5132 0.4512 0.0000
vt 0.5058 0.4586 0.0000
vt 0.5062 0.4595 0.0000
vt 0.5140 0.4529 0.0000
vt 0.5067 0.4602 0.0000
vt 0.1814 0.5424 0.0000
vt 0.5171 0.4559 0.0000
vt 0.1823 0.5424 0.0000
vt 0.5135 0.4522 0.0000
vt 0.5104 0.4638 0.0000
vt 0.5178 0.4564 0.0000
vt 0.1771 0.5424 0.0000
vt 0.1763 0.5424 0.0000
vt 0.5123 0.4643 0.0000
vt 0.5187 0.4568 0.0000
vt 0.1752 0.5424 0.0000
vt 0.1743 0.5424 0.0000
vt 0.5114 0.4641 0.0000
vt 0.2801 0.2684 0.0000
vt 0.5898 0.2328 0.0000
vt 0.5823 0.2392 0.0000
vt 0.5897 0.2319 0.0000
vt 0.5893 0.2309 0.0000
vt 0.5815 0.2376 0.0000
vt 0.5888 0.2302 0.0000
vt 0.2801 0.2665 0.0000
vt 0.5858 0.2272 0.0000
vt 0.5784 0.2345 0.0000
vt 0.2801 0.2623 0.0000
vt 0.2801 0.2674 0.0000
vt 0.5820 0.2383 0.0000
vt 0.5851 0.2267 0.0000
vt 0.5777 0.2340 0.0000
vt 0.2801 0.2614 0.0000
vt 0.5768 0.2337 0.0000
vt 0.2801 0.2604 0.0000
vt 0.5841 0.2263 0.0000
vt 0.0105 0.1169 0.0000
vt 0.3974 0.5460 0.0000
vt 0.4038 0.5534 0.0000
vt 0.3965 0.5461 0.0000
vt 0.3956 0.5465 0.0000
vt 0.4022 0.5543 0.0000
vt 0.3948 0.5470 0.0000
vt 0.0105 0.1150 0.0000
vt 0.3918 0.5500 0.0000
vt 0.3992 0.5573 0.0000
vt 0.0105 0.1107 0.0000
vt 0.0105 0.1158 0.0000
vt 0.4029 0.5538 0.0000
vt 0.3913 0.5507 0.0000
vt 0.3987 0.5581 0.0000
vt 0.0105 0.1098 0.0000
vt 0.3908 0.5526 0.0000
vt 0.3983 0.5590 0.0000
vt 0.0105 0.1088 0.0000
vt 0.3910 0.5517 0.0000
vt 0.4323 0.2604 0.0000
vt 0.5756 0.1404 0.0000
vt 0.5681 0.1469 0.0000
vt 0.5755 0.1395 0.0000
vt 0.5751 0.1386 0.0000
vt 0.5672 0.1452 0.0000
vt 0.5746 0.1378 0.0000
vt 0.4323 0.2623 0.0000
vt 0.5642 0.1422 0.0000
vt 0.5716 0.1348 0.0000
vt 0.4323 0.2614 0.0000
vt 0.5677 0.1459 0.0000
vt 0.5708 0.1343 0.0000
vt 0.5635 0.1417 0.0000
vt 0.4323 0.2665 0.0000
vt 0.4323 0.2674 0.0000
vt 0.5690 0.1338 0.0000
vt 0.5626 0.1413 0.0000
vt 0.4323 0.2684 0.0000
vt 0.4323 0.2693 0.0000
vt 0.5699 0.1340 0.0000
vt 0.2593 0.0412 0.0000
vt 0.3707 0.5265 0.0000
vt 0.3632 0.5329 0.0000
vt 0.3706 0.5256 0.0000
vt 0.3702 0.5247 0.0000
vt 0.3624 0.5313 0.0000
vt 0.3697 0.5239 0.0000
vt 0.2593 0.0431 0.0000
vt 0.3667 0.5209 0.0000
vt 0.3593 0.5283 0.0000
vt 0.2593 0.0474 0.0000
vt 0.2593 0.0422 0.0000
vt 0.3629 0.5320 0.0000
vt 0.3660 0.5204 0.0000
vt 0.3586 0.5277 0.0000
vt 0.2593 0.0482 0.0000
vt 0.3641 0.5199 0.0000
vt 0.3577 0.5274 0.0000
vt 0.2593 0.0492 0.0000
vt 0.3650 0.5200 0.0000
vt 0.2428 0.4547 0.0000
vt 0.5690 0.5543 0.0000
vt 0.5626 0.5468 0.0000
vt 0.5699 0.5541 0.0000
vt 0.5708 0.5538 0.0000
vt 0.5642 0.5459 0.0000
vt 0.5716 0.5533 0.0000
vt 0.2447 0.4547 0.0000
vt 0.5672 0.5429 0.0000
vt 0.2490 0.4547 0.0000
vt 0.2439 0.4547 0.0000
vt 0.5635 0.5464 0.0000
vt 0.5751 0.5495 0.0000
vt 0.5677 0.5422 0.0000
vt 0.2499 0.4547 0.0000
vt 0.5756 0.5477 0.0000
vt 0.5681 0.5412 0.0000
vt 0.2509 0.4547 0.0000
vt 0.5755 0.5486 0.0000
vt 0.2509 0.5424 0.0000
vt 0.5123 0.3944 0.0000
vt 0.5187 0.4018 0.0000
vt 0.5114 0.3945 0.0000
vt 0.5104 0.3949 0.0000
vt 0.5171 0.4027 0.0000
vt 0.5097 0.3954 0.0000
vt 0.2490 0.5424 0.0000
vt 0.5067 0.3984 0.0000
vt 0.5140 0.4057 0.0000
vt 0.2499 0.5424 0.0000
vt 0.5178 0.4022 0.0000
vt 0.5062 0.3991 0.0000
vt 0.5135 0.4065 0.0000
vt 0.2447 0.5424 0.0000
vt 0.2439 0.5424 0.0000
vt 0.5132 0.4074 0.0000
vt 0.2429 0.5424 0.0000
vt 0.2419 0.5424 0.0000
vt 0.5058 0.4001 0.0000
vt 0.2801 0.2008 0.0000
vt 0.5265 0.2262 0.0000
vt 0.5329 0.2337 0.0000
vt 0.5256 0.2263 0.0000
vt 0.5247 0.2267 0.0000
vt 0.5313 0.2345 0.0000
vt 0.5239 0.2272 0.0000
vt 0.2801 0.1989 0.0000
vt 0.5209 0.2303 0.0000
vt 0.5282 0.2376 0.0000
vt 0.2801 0.1946 0.0000
vt 0.2801 0.1998 0.0000
vt 0.5320 0.2340 0.0000
vt 0.5204 0.2310 0.0000
vt 0.5277 0.2383 0.0000
vt 0.2801 0.1937 0.0000
vt 0.5199 0.2329 0.0000
vt 0.5274 0.2393 0.0000
vt 0.2801 0.1927 0.0000
vt 0.5200 0.2320 0.0000
vt 0.0105 0.0492 0.0000
vt 0.3908 0.6092 0.0000
vt 0.3983 0.6028 0.0000
vt 0.3910 0.6102 0.0000
vt 0.3913 0.6111 0.0000
vt 0.3992 0.6045 0.0000
vt 0.3918 0.6118 0.0000
vt 0.0105 0.0474 0.0000
vt 0.4022 0.6075 0.0000
vt 0.0105 0.0431 0.0000
vt 0.0105 0.0482 0.0000
vt 0.3987 0.6038 0.0000
vt 0.3956 0.6154 0.0000
vt 0.4029 0.6080 0.0000
vt 0.0105 0.0422 0.0000
vt 0.4038 0.6084 0.0000
vt 0.0105 0.0412 0.0000
vt 0.3965 0.6157 0.0000
vt 0.4323 0.1928 0.0000
vt 0.5690 0.2037 0.0000
vt 0.5626 0.1962 0.0000
vt 0.5699 0.2036 0.0000
vt 0.5709 0.2032 0.0000
vt 0.5642 0.1954 0.0000
vt 0.5716 0.2027 0.0000
vt 0.4323 0.1947 0.0000
vt 0.5746 0.1997 0.0000
vt 0.4323 0.1989 0.0000
vt 0.4323 0.1938 0.0000
vt 0.5635 0.1959 0.0000
vt 0.5751 0.1990 0.0000
vt 0.5672 0.1923 0.0000
vt 0.5678 0.1916 0.0000
vt 0.4323 0.1998 0.0000
vt 0.5681 0.1907 0.0000
vt 0.4323 0.2008 0.0000
vt 0.5755 0.1980 0.0000
vt 0.9344 0.1986 0.0000
vt 0.9368 0.1957 0.0000
vt 0.9347 0.1990 0.0000
vt 0.9391 0.7469 0.0000
vt 0.9415 0.7498 0.0000
vt 0.9411 0.7501 0.0000
vt 0.9391 0.5634 0.0000
vt 0.9415 0.5605 0.0000
vt 0.9395 0.5637 0.0000
vt 0.9391 0.6735 0.0000
vt 0.9415 0.6764 0.0000
vt 0.9411 0.6767 0.0000
vt 0.9403 0.4201 0.0000
vt 0.9427 0.4171 0.0000
vt 0.9407 0.4204 0.0000
vt 0.8467 0.9400 0.0000
vt 0.8492 0.9371 0.0000
vt 0.8471 0.9403 0.0000
vt 0.6004 0.8914 0.0000
vt 0.6028 0.8943 0.0000
vt 0.6024 0.8946 0.0000
vt 0.9391 0.3431 0.0000
vt 0.9415 0.3402 0.0000
vt 0.9395 0.3435 0.0000
vt 0.9166 0.6202 0.0000
vt 0.9190 0.6231 0.0000
vt 0.9186 0.6234 0.0000
vt 0.9403 0.4413 0.0000
vt 0.9427 0.4443 0.0000
vt 0.9423 0.4445 0.0000
vt 0.9190 0.0601 0.0000
vt 0.9214 0.0571 0.0000
vt 0.9193 0.0604 0.0000
vt 0.9154 0.5432 0.0000
vt 0.9178 0.5461 0.0000
vt 0.9174 0.5464 0.0000
vt 0.9344 0.1488 0.0000
vt 0.9368 0.1518 0.0000
vt 0.9364 0.1520 0.0000
vt 0.9391 0.7967 0.0000
vt 0.9415 0.7938 0.0000
vt 0.9395 0.7970 0.0000
vt 0.9391 0.5136 0.0000
vt 0.9415 0.5165 0.0000
vt 0.9411 0.5168 0.0000
vt 0.9391 0.7233 0.0000
vt 0.9415 0.7203 0.0000
vt 0.9395 0.7236 0.0000
vt 0.9403 0.3703 0.0000
vt 0.9427 0.3732 0.0000
vt 0.9423 0.3735 0.0000
vt 0.4477 0.7271 0.0000
vt 0.4472 0.7233 0.0000
vt 0.4477 0.7233 0.0000
vt 0.9344 0.2720 0.0000
vt 0.9368 0.2691 0.0000
vt 0.9347 0.2724 0.0000
vt 0.9355 0.0778 0.0000
vt 0.9380 0.0807 0.0000
vt 0.9376 0.0810 0.0000
vt 0.8147 0.9400 0.0000
vt 0.8172 0.9371 0.0000
vt 0.8151 0.9403 0.0000
vt 0.9403 0.4911 0.0000
vt 0.9427 0.4882 0.0000
vt 0.9407 0.4915 0.0000
vt 0.9154 0.3881 0.0000
vt 0.9178 0.3910 0.0000
vt 0.9174 0.3913 0.0000
vt 0.0094 0.7458 0.0000
vt 0.0118 0.7428 0.0000
vt 0.0098 0.7461 0.0000
vt 0.7859 0.0102 0.0000
vt 0.7864 0.2367 0.0000
vt 0.7859 0.2369 0.0000
vt 0.9415 0.7718 0.0000
vt 0.9415 0.5385 0.0000
vt 0.9411 0.5602 0.0000
vt 0.9411 0.5385 0.0000
vt 0.9415 0.6984 0.0000
vt 0.8712 0.6546 0.0000
vt 0.8717 0.7199 0.0000
vt 0.8712 0.7201 0.0000
vt 0.9427 0.3952 0.0000
vt 0.9423 0.4169 0.0000
vt 0.9423 0.3952 0.0000
vt 0.7639 0.8527 0.0000
vt 0.7634 0.7874 0.0000
vt 0.7639 0.7872 0.0000
vt 0.6028 0.9163 0.0000
vt 0.8492 0.9151 0.0000
vt 0.8487 0.9368 0.0000
vt 0.8487 0.9151 0.0000
vt 0.7840 0.7319 0.0000
vt 0.7836 0.5055 0.0000
vt 0.7840 0.5053 0.0000
vt 0.9190 0.6451 0.0000
vt 0.9415 0.3182 0.0000
vt 0.9411 0.3399 0.0000
vt 0.9411 0.3182 0.0000
vt 0.8712 0.3106 0.0000
vt 0.8717 0.4404 0.0000
vt 0.8712 0.4406 0.0000
vt 0.9427 0.4662 0.0000
vt 0.9368 0.1737 0.0000
vt 0.9364 0.1954 0.0000
vt 0.9364 0.1737 0.0000
vt 0.8693 0.2902 0.0000
vt 0.8688 0.1604 0.0000
vt 0.8693 0.1602 0.0000
vt 0.9178 0.5681 0.0000
vt 0.9214 0.0352 0.0000
vt 0.9210 0.0569 0.0000
vt 0.9210 0.0352 0.0000
vt 0.7651 0.4844 0.0000
vt 0.7646 0.2579 0.0000
vt 0.7651 0.2577 0.0000
vt 0.9411 0.7935 0.0000
vt 0.9411 0.7718 0.0000
vt 0.7840 0.8290 0.0000
vt 0.7836 0.7637 0.0000
vt 0.7840 0.7635 0.0000
vt 0.9411 0.7201 0.0000
vt 0.9411 0.6984 0.0000
vt 0.9368 0.2471 0.0000
vt 0.9364 0.2688 0.0000
vt 0.9364 0.2471 0.0000
vt 0.8037 0.7659 0.0000
vt 0.8041 0.8312 0.0000
vt 0.8037 0.8314 0.0000
vt 0.9311 0.9162 0.0000
vt 0.9298 0.8946 0.0000
vt 0.9302 0.8943 0.0000
vt 0.7433 0.4449 0.0000
vt 0.7437 0.6713 0.0000
vt 0.7433 0.6715 0.0000
vt 0.8172 0.9151 0.0000
vt 0.8168 0.9368 0.0000
vt 0.8168 0.9151 0.0000
vt 0.9380 0.1027 0.0000
vt 0.7437 0.8219 0.0000
vt 0.7433 0.6922 0.0000
vt 0.7437 0.6920 0.0000
vt 0.9423 0.4879 0.0000
vt 0.9423 0.4662 0.0000
vt 0.8499 0.5933 0.0000
vt 0.8503 0.4636 0.0000
vt 0.8503 0.5931 0.0000
vt 0.0118 0.7209 0.0000
vt 0.0114 0.7426 0.0000
vt 0.0114 0.7209 0.0000
vt 0.9178 0.4130 0.0000
vt 0.1883 0.7206 0.0000
vt 0.1854 0.6989 0.0000
vt 0.1883 0.6989 0.0000
vt 0.1854 0.7423 0.0000
vt 0.1883 0.7423 0.0000
vt 0.2091 0.7412 0.0000
vt 0.2120 0.7195 0.0000
vt 0.2120 0.7412 0.0000
vt 0.2091 0.7195 0.0000
vt 0.2120 0.6978 0.0000
vt 0.2510 0.0790 0.0000
vt 0.8924 0.6129 0.0000
vt 0.8953 0.6346 0.0000
vt 0.8924 0.6346 0.0000
vt 0.8953 0.5912 0.0000
vt 0.8953 0.6129 0.0000
vt 0.2131 0.5424 0.0000
vt 0.2350 0.5340 0.0000
vt 0.1911 0.5340 0.0000
vt 0.1842 0.5424 0.0000
vt 0.8735 0.0349 0.0000
vt 0.8764 0.0132 0.0000
vt 0.8764 0.0349 0.0000
vt 0.8764 0.0566 0.0000
vt 0.5146 0.8343 0.0000
vt 0.5175 0.8126 0.0000
vt 0.5175 0.8343 0.0000
vt 0.5175 0.8560 0.0000
vt 0.8924 0.3227 0.0000
vt 0.8953 0.3010 0.0000
vt 0.8953 0.3227 0.0000
vt 0.8953 0.3444 0.0000
vt 0.8942 0.7574 0.0000
vt 0.8913 0.7357 0.0000
vt 0.8942 0.7357 0.0000
vt 0.8977 0.8296 0.0000
vt 0.8948 0.8079 0.0000
vt 0.8977 0.8079 0.0000
vt 0.1617 0.7159 0.0000
vt 0.1646 0.6942 0.0000
vt 0.1646 0.7159 0.0000
vt 0.5774 0.8750 0.0000
vt 0.5803 0.8533 0.0000
vt 0.5803 0.8750 0.0000
vt 0.8711 0.8880 0.0000
vt 0.8740 0.8663 0.0000
vt 0.8740 0.8880 0.0000
vt 0.8930 0.1999 0.0000
vt 0.8901 0.1782 0.0000
vt 0.8930 0.1782 0.0000
vt 0.0663 0.7183 0.0000
vt 0.0634 0.6966 0.0000
vt 0.0663 0.6966 0.0000
vt 0.8752 0.1072 0.0000
vt 0.8723 0.0855 0.0000
vt 0.8752 0.0855 0.0000
vt 0.6478 0.8304 0.0000
vt 0.6449 0.8521 0.0000
vt 0.6449 0.8304 0.0000
vt 0.8942 0.3950 0.0000
vt 0.8913 0.4167 0.0000
vt 0.8913 0.3950 0.0000
vt 0.1179 0.7423 0.0000
vt 0.1208 0.7206 0.0000
vt 0.1208 0.7423 0.0000
vt 0.8953 0.7068 0.0000
vt 0.8924 0.6851 0.0000
vt 0.8953 0.6851 0.0000
vt 0.1854 0.7461 0.0000
vt 0.1883 0.7461 0.0000
vt 0.8515 0.8527 0.0000
vt 0.8486 0.7232 0.0000
vt 0.8515 0.7232 0.0000
vt 0.2912 0.2553 0.0000
vt 0.8735 0.0604 0.0000
vt 0.8735 0.0566 0.0000
vt 0.7106 0.0094 0.0000
vt 0.7077 0.2357 0.0000
vt 0.7077 0.0094 0.0000
vt 0.0216 0.1037 0.0000
vt 0.2091 0.6978 0.0000
vt 0.2120 0.6940 0.0000
vt 0.5146 0.8560 0.0000
vt 0.5175 0.8598 0.0000
vt 0.5146 0.8598 0.0000
vt 0.4021 0.7011 0.0000
vt 0.4050 0.6360 0.0000
vt 0.4050 0.7011 0.0000
vt 0.1884 0.4658 0.0000
vt 0.1884 0.5313 0.0000
vt 0.8924 0.5912 0.0000
vt 0.8953 0.5874 0.0000
vt 0.1702 0.4658 0.0000
vt 0.1702 0.5313 0.0000
vt 0.8942 0.7319 0.0000
vt 0.8913 0.7319 0.0000
vt 0.4275 0.6360 0.0000
vt 0.4246 0.7011 0.0000
vt 0.4246 0.6360 0.0000
vt 0.8711 0.8918 0.0000
vt 0.8977 0.8041 0.0000
vt 0.8948 0.8041 0.0000
vt 0.6840 0.0094 0.0000
vt 0.6869 0.2357 0.0000
vt 0.6840 0.2357 0.0000
vt 0.2482 0.1219 0.0000
vt 0.8901 0.2037 0.0000
vt 0.8901 0.1999 0.0000
vt 0.8924 0.3444 0.0000
vt 0.8953 0.3482 0.0000
vt 0.8924 0.3482 0.0000
vt 0.1646 0.6904 0.0000
vt 0.1617 0.6942 0.0000
vt 0.1617 0.6904 0.0000
vt 0.8261 0.5076 0.0000
vt 0.8290 0.6372 0.0000
vt 0.8261 0.6372 0.0000
vt 0.5774 0.8788 0.0000
vt 0.1854 0.6952 0.0000
vt 0.1883 0.6952 0.0000
vt 0.8314 0.0102 0.0000
vt 0.8285 0.1397 0.0000
vt 0.8285 0.0102 0.0000
vt 0.4211 0.2059 0.0000
vt 0.2482 0.0543 0.0000
vt 0.0216 0.0543 0.0000
vt 0.8735 0.0094 0.0000
vt 0.8735 0.0132 0.0000
vt 0.6532 0.4275 0.0000
vt 0.6561 0.6537 0.0000
vt 0.6532 0.6537 0.0000
vt 0.2091 0.7449 0.0000
vt 0.2120 0.7449 0.0000
vt 0.5175 0.8089 0.0000
vt 0.5146 0.8126 0.0000
vt 0.5146 0.8089 0.0000
vt 0.4950 0.7153 0.0000
vt 0.4921 0.6502 0.0000
vt 0.4950 0.6502 0.0000
vt 0.2378 0.5313 0.0000
vt 0.8953 0.6383 0.0000
vt 0.3998 0.7272 0.0000
vt 0.4027 0.7234 0.0000
vt 0.4027 0.7272 0.0000
vt 0.4696 0.6502 0.0000
vt 0.4725 0.7153 0.0000
vt 0.4696 0.7153 0.0000
vt 0.2560 0.4658 0.0000
vt 0.1179 0.7461 0.0000
vt 0.1208 0.7461 0.0000
vt 0.8723 0.0817 0.0000
vt 0.8752 0.0817 0.0000
vt 0.6757 0.6798 0.0000
vt 0.6786 0.4536 0.0000
vt 0.6786 0.6798 0.0000
vt 0.0216 0.0361 0.0000
vt 0.8924 0.7106 0.0000
vt 0.8953 0.7106 0.0000
vt 0.8953 0.2972 0.0000
vt 0.8924 0.3010 0.0000
vt 0.8924 0.2972 0.0000
vt 0.6478 0.8266 0.0000
vt 0.6733 0.8314 0.0000
vt 0.6762 0.7018 0.0000
vt 0.6762 0.8314 0.0000
vt 0.2912 0.1877 0.0000
vt 0.8913 0.4204 0.0000
vt 0.8942 0.4167 0.0000
vt 0.8942 0.4204 0.0000
vt 0.5981 0.7534 0.0000
vt 0.5967 0.7543 0.0000
vt 0.5967 0.7534 0.0000
vt 0.5981 0.7543 0.0000
vt 0.5967 0.7553 0.0000
vt 0.5981 0.7553 0.0000
vt 0.5967 0.7562 0.0000
vt 0.5966 0.7624 0.0000
vt 0.5980 0.7633 0.0000
vt 0.5966 0.7633 0.0000
vt 0.5966 0.7614 0.0000
vt 0.5980 0.7624 0.0000
vt 0.5966 0.7605 0.0000
vt 0.5981 0.7614 0.0000
vt 0.8053 0.6930 0.0000
vt 0.8039 0.6939 0.0000
vt 0.8039 0.6930 0.0000
vt 0.8053 0.6939 0.0000
vt 0.8039 0.6949 0.0000
vt 0.8053 0.6949 0.0000
vt 0.8039 0.6958 0.0000
vt 0.8039 0.7020 0.0000
vt 0.8053 0.7029 0.0000
vt 0.8039 0.7029 0.0000
vt 0.8039 0.7010 0.0000
vt 0.8053 0.7020 0.0000
vt 0.8039 0.7001 0.0000
vt 0.8053 0.7010 0.0000
vt 0.6180 0.8208 0.0000
vt 0.6194 0.8217 0.0000
vt 0.6180 0.8217 0.0000
vt 0.6180 0.8197 0.0000
vt 0.6194 0.8207 0.0000
vt 0.6180 0.8189 0.0000
vt 0.6194 0.8197 0.0000
vt 0.8051 0.5770 0.0000
vt 0.8036 0.5779 0.0000
vt 0.8036 0.5770 0.0000
vt 0.6194 0.8127 0.0000
vt 0.6180 0.8137 0.0000
vt 0.6180 0.8127 0.0000
vt 0.6194 0.8137 0.0000
vt 0.6180 0.8146 0.0000
vt 0.6975 0.8058 0.0000
vt 0.6961 0.8049 0.0000
vt 0.6975 0.8049 0.0000
vt 0.6975 0.8068 0.0000
vt 0.6961 0.8058 0.0000
vt 0.6975 0.8077 0.0000
vt 0.6961 0.8069 0.0000
vt 0.6962 0.8148 0.0000
vt 0.6976 0.8139 0.0000
vt 0.6976 0.8148 0.0000
vt 0.6961 0.8139 0.0000
vt 0.6975 0.8129 0.0000
vt 0.6961 0.8129 0.0000
vt 0.6975 0.8120 0.0000
vt 0.7186 0.7558 0.0000
vt 0.7200 0.7549 0.0000
vt 0.7200 0.7558 0.0000
vt 0.7186 0.7549 0.0000
vt 0.7200 0.7539 0.0000
vt 0.7186 0.7538 0.0000
vt 0.7200 0.7530 0.0000
vt 0.7201 0.7468 0.0000
vt 0.7187 0.7459 0.0000
vt 0.7201 0.7459 0.0000
vt 0.7201 0.7478 0.0000
vt 0.7186 0.7468 0.0000
vt 0.7200 0.7487 0.0000
vt 0.7186 0.7478 0.0000
vt 0.7847 0.2602 0.0000
vt 0.7861 0.2611 0.0000
vt 0.7847 0.2611 0.0000
vt 0.7847 0.2592 0.0000
vt 0.7861 0.2602 0.0000
vt 0.7847 0.2583 0.0000
vt 0.7861 0.2592 0.0000
vt 0.0957 0.6970 0.0000
vt 0.0971 0.6961 0.0000
vt 0.0971 0.6970 0.0000
vt 0.0957 0.6961 0.0000
vt 0.0971 0.6951 0.0000
vt 0.0957 0.6951 0.0000
vt 0.0971 0.6942 0.0000
vt 0.2912 0.3360 0.0000
vt 0.4209 0.3369 0.0000
vt 0.2912 0.3369 0.0000
vt 0.2912 0.3350 0.0000
vt 0.4209 0.3360 0.0000
vt 0.2912 0.3341 0.0000
vt 0.4209 0.3350 0.0000
vt 0.4209 0.3280 0.0000
vt 0.2912 0.3271 0.0000
vt 0.4209 0.3290 0.0000
vt 0.2912 0.3280 0.0000
vt 0.4209 0.3299 0.0000
vt 0.2912 0.3290 0.0000
vt 0.0216 0.1844 0.0000
vt 0.2482 0.1854 0.0000
vt 0.0216 0.1854 0.0000
vt 0.0216 0.1834 0.0000
vt 0.2482 0.1844 0.0000
vt 0.0216 0.1826 0.0000
vt 0.2482 0.1834 0.0000
vt 0.2482 0.1764 0.0000
vt 0.0216 0.1755 0.0000
vt 0.2482 0.1774 0.0000
vt 0.0216 0.1764 0.0000
vt 0.2482 0.1783 0.0000
vt 0.0216 0.1774 0.0000
vt 0.5980 0.7014 0.0000
vt 0.5966 0.7024 0.0000
vt 0.5966 0.7014 0.0000
vt 0.5981 0.7024 0.0000
vt 0.5967 0.7034 0.0000
vt 0.5981 0.7034 0.0000
vt 0.5967 0.7043 0.0000
vt 0.5967 0.7105 0.0000
vt 0.5981 0.7114 0.0000
vt 0.5967 0.7114 0.0000
vt 0.5967 0.7095 0.0000
vt 0.5981 0.7105 0.0000
vt 0.5967 0.7086 0.0000
vt 0.5981 0.7094 0.0000
vt 0.8053 0.6411 0.0000
vt 0.8039 0.6420 0.0000
vt 0.8039 0.6411 0.0000
vt 0.8053 0.6420 0.0000
vt 0.8039 0.6430 0.0000
vt 0.8053 0.6430 0.0000
vt 0.8039 0.6439 0.0000
vt 0.8039 0.6501 0.0000
vt 0.8053 0.6510 0.0000
vt 0.8039 0.6510 0.0000
vt 0.8039 0.6491 0.0000
vt 0.8053 0.6500 0.0000
vt 0.8039 0.6482 0.0000
vt 0.8053 0.6490 0.0000
vt 0.8036 0.4303 0.0000
vt 0.8051 0.4311 0.0000
vt 0.8037 0.4312 0.0000
vt 0.8036 0.4292 0.0000
vt 0.8051 0.4302 0.0000
vt 0.6180 0.8708 0.0000
vt 0.6194 0.8716 0.0000
vt 0.6180 0.8717 0.0000
vt 0.6194 0.8637 0.0000
vt 0.6180 0.8646 0.0000
vt 0.6180 0.8637 0.0000
vt 0.6194 0.8646 0.0000
vt 0.6180 0.8656 0.0000
vt 0.6194 0.8656 0.0000
vt 0.6180 0.8665 0.0000
vt 0.6976 0.7539 0.0000
vt 0.6962 0.7530 0.0000
vt 0.6976 0.7530 0.0000
vt 0.6975 0.7549 0.0000
vt 0.6961 0.7539 0.0000
vt 0.6975 0.7558 0.0000
vt 0.6961 0.7549 0.0000
vt 0.6961 0.7629 0.0000
vt 0.6975 0.7620 0.0000
vt 0.6975 0.7629 0.0000
vt 0.6961 0.7620 0.0000
vt 0.6975 0.7610 0.0000
vt 0.6961 0.7610 0.0000
vt 0.6975 0.7601 0.0000
vt 0.8100 0.2313 0.0000
vt 0.8086 0.2322 0.0000
vt 0.8086 0.2313 0.0000
vt 0.8100 0.2322 0.0000
vt 0.8086 0.2332 0.0000
vt 0.8101 0.2332 0.0000
vt 0.8086 0.2341 0.0000
vt 0.8087 0.2402 0.0000
vt 0.8101 0.2411 0.0000
vt 0.8087 0.2412 0.0000
vt 0.8087 0.2392 0.0000
vt 0.8101 0.2402 0.0000
vt 0.8087 0.2384 0.0000
vt 0.8101 0.2392 0.0000
vt 0.0971 0.7399 0.0000
vt 0.0957 0.7390 0.0000
vt 0.0971 0.7390 0.0000
vt 0.0971 0.7409 0.0000
vt 0.0957 0.7400 0.0000
vt 0.0971 0.7418 0.0000
vt 0.0957 0.7410 0.0000
vt 0.7861 0.4070 0.0000
vt 0.7847 0.4079 0.0000
vt 0.7847 0.4069 0.0000
vt 0.7861 0.4079 0.0000
vt 0.7847 0.4089 0.0000
vt 0.7861 0.4089 0.0000
vt 0.7847 0.4098 0.0000
vt 0.2912 0.4037 0.0000
vt 0.4209 0.4045 0.0000
vt 0.2912 0.4046 0.0000
vt 0.2912 0.4027 0.0000
vt 0.4209 0.4036 0.0000
vt 0.2912 0.4018 0.0000
vt 0.4209 0.4026 0.0000
vt 0.4209 0.3947 0.0000
vt 0.2912 0.3956 0.0000
vt 0.2912 0.3947 0.0000
vt 0.4209 0.3956 0.0000
vt 0.2912 0.3966 0.0000
vt 0.4209 0.3966 0.0000
vt 0.2912 0.3975 0.0000
vt 0.0216 0.2521 0.0000
vt 0.2482 0.2530 0.0000
vt 0.0216 0.2530 0.0000
vt 0.0216 0.2510 0.0000
vt 0.2482 0.2521 0.0000
vt 0.0216 0.2502 0.0000
vt 0.2482 0.2511 0.0000
vt 0.2482 0.2441 0.0000
vt 0.2482 0.2431 0.0000
vt 0.2482 0.2451 0.0000
vt 0.0216 0.2441 0.0000
vt 0.2482 0.2459 0.0000
vt 0.0216 0.2451 0.0000
vt 0.6961 0.8077 0.0000
vt 0.8077 0.0105 0.0000
vt 0.8063 0.0104 0.0000
vt 0.8053 0.7001 0.0000
vt 0.8053 0.6958 0.0000
vt 0.6194 0.8189 0.0000
vt 0.5981 0.7605 0.0000
vt 0.5981 0.7562 0.0000
vt 0.5981 0.7324 0.0000
vt 0.0957 0.6899 0.0000
vt 0.0971 0.6899 0.0000
vt 0.7186 0.7487 0.0000
vt 0.7186 0.7530 0.0000
vt 0.8099 0.2103 0.0000
vt 0.8084 0.1893 0.0000
vt 0.8098 0.1893 0.0000
vt 0.0216 0.1783 0.0000
vt 0.2482 0.1826 0.0000
vt 0.2912 0.3299 0.0000
vt 0.4209 0.3341 0.0000
vt 0.6961 0.7558 0.0000
vt 0.6961 0.7839 0.0000
vt 0.6975 0.7839 0.0000
vt 0.8053 0.6482 0.0000
vt 0.8053 0.6439 0.0000
vt 0.6194 0.8708 0.0000
vt 0.5981 0.7043 0.0000
vt 0.5965 0.6805 0.0000
vt 0.0971 0.7461 0.0000
vt 0.0957 0.7418 0.0000
vt 0.0957 0.7180 0.0000
vt 0.8101 0.2341 0.0000
vt 0.0216 0.2459 0.0000
vt 0.2482 0.2502 0.0000
vt 0.4209 0.4017 0.0000
vt 0.2695 0.6127 0.0000
vt 0.2697 0.6100 0.0000
vt 0.2700 0.6126 0.0000
vt 0.2691 0.6129 0.0000
vt 0.2688 0.6102 0.0000
vt 0.2671 0.6111 0.0000
vt 0.2688 0.6131 0.0000
vt 0.2630 0.6167 0.0000
vt 0.2657 0.6165 0.0000
vt 0.2657 0.6169 0.0000
vt 0.2632 0.6158 0.0000
vt 0.2659 0.6161 0.0000
vt 0.2641 0.6141 0.0000
vt 0.2661 0.6158 0.0000
vt 0.5633 0.5842 0.0000
vt 0.5636 0.5815 0.0000
vt 0.5638 0.5841 0.0000
vt 0.5629 0.5844 0.0000
vt 0.5626 0.5817 0.0000
vt 0.5610 0.5826 0.0000
vt 0.5626 0.5846 0.0000
vt 0.5568 0.5882 0.0000
vt 0.5595 0.5880 0.0000
vt 0.5594 0.5884 0.0000
vt 0.5570 0.5873 0.0000
vt 0.5597 0.5876 0.0000
vt 0.5579 0.5856 0.0000
vt 0.5599 0.5873 0.0000
vt 0.5290 0.3729 0.0000
vt 0.5288 0.3702 0.0000
vt 0.5293 0.3702 0.0000
vt 0.5281 0.3727 0.0000
vt 0.5284 0.3700 0.0000
vt 0.5264 0.3718 0.0000
vt 0.5281 0.3698 0.0000
vt 0.5250 0.3664 0.0000
vt 0.5224 0.3662 0.0000
vt 0.5250 0.3659 0.0000
vt 0.5252 0.3668 0.0000
vt 0.5225 0.3671 0.0000
vt 0.5234 0.3688 0.0000
vt 0.5254 0.3671 0.0000
vt 0.0162 0.6748 0.0000
vt 0.0160 0.6722 0.0000
vt 0.0164 0.6722 0.0000
vt 0.0153 0.6747 0.0000
vt 0.0156 0.6720 0.0000
vt 0.0136 0.6738 0.0000
vt 0.0153 0.6718 0.0000
vt 0.0122 0.6684 0.0000
vt 0.0095 0.6682 0.0000
vt 0.0122 0.6679 0.0000
vt 0.0124 0.6688 0.0000
vt 0.0097 0.6691 0.0000
vt 0.0106 0.6708 0.0000
vt 0.0126 0.6691 0.0000
vt 0.0122 0.3747 0.0000
vt 0.0095 0.3745 0.0000
vt 0.0121 0.3743 0.0000
vt 0.0124 0.3751 0.0000
vt 0.0097 0.3755 0.0000
vt 0.0106 0.3771 0.0000
vt 0.0126 0.3755 0.0000
vt 0.0162 0.3812 0.0000
vt 0.0160 0.3785 0.0000
vt 0.0165 0.3786 0.0000
vt 0.0153 0.3810 0.0000
vt 0.0156 0.3784 0.0000
vt 0.0136 0.3802 0.0000
vt 0.0153 0.3781 0.0000
vt 0.4810 0.5813 0.0000
vt 0.4836 0.5811 0.0000
vt 0.4836 0.5815 0.0000
vt 0.4811 0.5804 0.0000
vt 0.4838 0.5807 0.0000
vt 0.4820 0.5787 0.0000
vt 0.4840 0.5804 0.0000
vt 0.4874 0.5773 0.0000
vt 0.4876 0.5746 0.0000
vt 0.4879 0.5772 0.0000
vt 0.4870 0.5774 0.0000
vt 0.4867 0.5747 0.0000
vt 0.4850 0.5756 0.0000
vt 0.4867 0.5777 0.0000
vt 0.3157 0.6165 0.0000
vt 0.3184 0.6167 0.0000
vt 0.3158 0.6170 0.0000
vt 0.3155 0.6161 0.0000
vt 0.3182 0.6158 0.0000
vt 0.3173 0.6141 0.0000
vt 0.3153 0.6158 0.0000
vt 0.3117 0.6100 0.0000
vt 0.3119 0.6127 0.0000
vt 0.3115 0.6126 0.0000
vt 0.3126 0.6101 0.0000
vt 0.3123 0.6128 0.0000
vt 0.3143 0.6110 0.0000
vt 0.3126 0.6130 0.0000
vt 0.6096 0.5881 0.0000
vt 0.6123 0.5883 0.0000
vt 0.6097 0.5886 0.0000
vt 0.6095 0.5877 0.0000
vt 0.6121 0.5874 0.0000
vt 0.6113 0.5858 0.0000
vt 0.6092 0.5874 0.0000
vt 0.6056 0.5817 0.0000
vt 0.6058 0.5844 0.0000
vt 0.6054 0.5843 0.0000
vt 0.6065 0.5818 0.0000
vt 0.6062 0.5845 0.0000
vt 0.6082 0.5827 0.0000
vt 0.6065 0.5847 0.0000
vt 0.5778 0.3664 0.0000
vt 0.5751 0.3666 0.0000
vt 0.5752 0.3661 0.0000
vt 0.5776 0.3673 0.0000
vt 0.5750 0.3670 0.0000
vt 0.5767 0.3689 0.0000
vt 0.5747 0.3673 0.0000
vt 0.5713 0.3703 0.0000
vt 0.5711 0.3730 0.0000
vt 0.5709 0.3704 0.0000
vt 0.5717 0.3702 0.0000
vt 0.5720 0.3729 0.0000
vt 0.5737 0.3720 0.0000
vt 0.5720 0.3699 0.0000
vt 0.0650 0.6684 0.0000
vt 0.0623 0.6686 0.0000
vt 0.0624 0.6681 0.0000
vt 0.0648 0.6693 0.0000
vt 0.0621 0.6690 0.0000
vt 0.0639 0.6710 0.0000
vt 0.0619 0.6693 0.0000
vt 0.0585 0.6723 0.0000
vt 0.0583 0.6750 0.0000
vt 0.0580 0.6724 0.0000
vt 0.0589 0.6722 0.0000
vt 0.0592 0.6749 0.0000
vt 0.0609 0.6740 0.0000
vt 0.0592 0.6720 0.0000
vt 0.0586 0.3785 0.0000
vt 0.0584 0.3812 0.0000
vt 0.0581 0.3786 0.0000
vt 0.0590 0.3783 0.0000
vt 0.0593 0.3810 0.0000
vt 0.0610 0.3801 0.0000
vt 0.0593 0.3781 0.0000
vt 0.0650 0.3745 0.0000
vt 0.0624 0.3747 0.0000
vt 0.0624 0.3743 0.0000
vt 0.0649 0.3754 0.0000
vt 0.0622 0.3751 0.0000
vt 0.0640 0.3771 0.0000
vt 0.0620 0.3754 0.0000
vt 0.5298 0.5746 0.0000
vt 0.5300 0.5772 0.0000
vt 0.5295 0.5772 0.0000
vt 0.5307 0.5747 0.0000
vt 0.5304 0.5774 0.0000
vt 0.5324 0.5756 0.0000
vt 0.5307 0.5776 0.0000
vt 0.5338 0.5810 0.0000
vt 0.5365 0.5812 0.0000
vt 0.5339 0.5815 0.0000
vt 0.5336 0.5806 0.0000
vt 0.5363 0.5803 0.0000
vt 0.5354 0.5786 0.0000
vt 0.5334 0.5803 0.0000
vt 0.0122 0.6472 0.0000
vt 0.2907 0.6100 0.0000
vt 0.2907 0.6126 0.0000
vt 0.0373 0.3813 0.0000
vt 0.0373 0.3787 0.0000
vt 0.0372 0.6751 0.0000
vt 0.0372 0.6724 0.0000
vt 0.3160 0.6377 0.0000
vt 0.5087 0.5744 0.0000
vt 0.5087 0.5770 0.0000
vt 0.5500 0.3731 0.0000
vt 0.5500 0.3704 0.0000
vt 0.5846 0.5815 0.0000
vt 0.5846 0.5841 0.0000
vt 0.6194 0.8427 0.0000
vt 0.6180 0.8427 0.0000
vt 0.8053 0.6720 0.0000
vt 0.8039 0.6720 0.0000
vt 0.8085 0.2103 0.0000
vt 0.5967 0.7324 0.0000
vt 0.5250 0.3452 0.0000
vt 0.0121 0.3535 0.0000
vt 0.5339 0.6022 0.0000
vt 0.8077 0.1563 0.0000
vt 0.8076 0.1353 0.0000
vt 0.0419 0.4658 0.0000
vt 0.0462 0.5313 0.0000
vt 0.0419 0.5313 0.0000
vt 0.1095 0.4658 0.0000
vt 0.1138 0.5313 0.0000
vt 0.1095 0.5313 0.0000
vt 0.0470 0.5313 0.0000
vt 0.0462 0.4658 0.0000
vt 0.0470 0.4658 0.0000
vt 0.0480 0.5313 0.0000
vt 0.0481 0.4658 0.0000
vt 0.0490 0.4658 0.0000
vt 0.0490 0.5313 0.0000
vt 0.0411 0.4658 0.0000
vt 0.0411 0.5313 0.0000
vt 0.0400 0.4658 0.0000
vt 0.0400 0.5313 0.0000
vt 0.1147 0.5313 0.0000
vt 0.1138 0.4658 0.0000
vt 0.1147 0.4658 0.0000
vt 0.1157 0.5313 0.0000
vt 0.1157 0.4658 0.0000
vt 0.1166 0.5313 0.0000
vt 0.1087 0.4658 0.0000
vt 0.1087 0.5313 0.0000
vt 0.1077 0.4658 0.0000
vt 0.1077 0.5313 0.0000
vt 0.1067 0.5313 0.0000
vt 0.1067 0.4658 0.0000
vt 0.6097 0.6093 0.0000
vt 0.2493 0.3967 0.0000
vt 0.2211 0.3979 0.0000
vt 0.2211 0.3971 0.0000
vt 0.1573 0.3250 0.0000
vt 0.1288 0.3239 0.0000
vt 0.1578 0.3242 0.0000
vt 0.2822 0.0741 0.0000
vt 0.2821 0.0461 0.0000
vt 0.3082 0.4361 0.0000
vt 0.3715 0.4293 0.0000
vt 0.3431 0.4281 0.0000
vt 0.3721 0.4285 0.0000
vt 0.3171 0.0817 0.0000
vt 0.3455 0.0804 0.0000
vt 0.3461 0.0812 0.0000
vt 0.1862 0.3903 0.0000
vt 0.1854 0.3908 0.0000
vt 0.0939 0.3318 0.0000
vt 0.2881 0.0813 0.0000
vt 0.2878 0.0804 0.0000
vt 0.2887 0.0805 0.0000
vt 0.2872 0.0812 0.0000
vt 0.2868 0.0801 0.0000
vt 0.2862 0.0808 0.0000
vt 0.2861 0.0796 0.0000
vt 0.2823 0.0750 0.0000
vt 0.2814 0.0747 0.0000
vt 0.2827 0.0759 0.0000
vt 0.2816 0.0756 0.0000
vt 0.2832 0.0766 0.0000
vt 0.2820 0.0766 0.0000
vt 0.3809 0.1136 0.0000
vt 0.3805 0.1127 0.0000
vt 0.3814 0.1128 0.0000
vt 0.3799 0.1135 0.0000
vt 0.3796 0.1124 0.0000
vt 0.3789 0.1131 0.0000
vt 0.3789 0.1119 0.0000
vt 0.3750 0.1072 0.0000
vt 0.3741 0.1069 0.0000
vt 0.3749 0.1063 0.0000
vt 0.3754 0.1081 0.0000
vt 0.3743 0.1078 0.0000
vt 0.3759 0.1089 0.0000
vt 0.3747 0.1088 0.0000
vt 0.1582 0.3252 0.0000
vt 0.1587 0.3244 0.0000
vt 0.1591 0.3255 0.0000
vt 0.1597 0.3248 0.0000
vt 0.1598 0.3260 0.0000
vt 0.1636 0.3305 0.0000
vt 0.1645 0.3309 0.0000
vt 0.1637 0.3314 0.0000
vt 0.1632 0.3296 0.0000
vt 0.1643 0.3300 0.0000
vt 0.1627 0.3289 0.0000
vt 0.1639 0.3290 0.0000
vt 0.2502 0.3966 0.0000
vt 0.2498 0.3975 0.0000
vt 0.2511 0.3962 0.0000
vt 0.2508 0.3973 0.0000
vt 0.2519 0.3957 0.0000
vt 0.2518 0.3969 0.0000
vt 0.2567 0.3907 0.0000
vt 0.2557 0.3910 0.0000
vt 0.2559 0.3901 0.0000
vt 0.2565 0.3916 0.0000
vt 0.2554 0.3920 0.0000
vt 0.2561 0.3926 0.0000
vt 0.2549 0.3927 0.0000
vt 0.5127 0.0410 0.0000
vt 0.5131 0.0401 0.0000
vt 0.5136 0.0409 0.0000
vt 0.5118 0.0414 0.0000
vt 0.5121 0.0402 0.0000
vt 0.5111 0.0419 0.0000
vt 0.5112 0.0407 0.0000
vt 0.5064 0.0469 0.0000
vt 0.5073 0.0466 0.0000
vt 0.5072 0.0475 0.0000
vt 0.5066 0.0460 0.0000
vt 0.5077 0.0456 0.0000
vt 0.5070 0.0450 0.0000
vt 0.5082 0.0449 0.0000
vt 0.3139 0.4296 0.0000
vt 0.3142 0.4286 0.0000
vt 0.3148 0.4294 0.0000
vt 0.3129 0.4299 0.0000
vt 0.3133 0.4288 0.0000
vt 0.3122 0.4304 0.0000
vt 0.3123 0.4292 0.0000
vt 0.3074 0.4355 0.0000
vt 0.3083 0.4352 0.0000
vt 0.3076 0.4346 0.0000
vt 0.3087 0.4342 0.0000
vt 0.3080 0.4336 0.0000
vt 0.3092 0.4335 0.0000
vt 0.3528 0.0743 0.0000
vt 0.3519 0.0746 0.0000
vt 0.3520 0.0737 0.0000
vt 0.3527 0.0752 0.0000
vt 0.3516 0.0756 0.0000
vt 0.3523 0.0762 0.0000
vt 0.3511 0.0763 0.0000
vt 0.3464 0.0802 0.0000
vt 0.3473 0.0798 0.0000
vt 0.3470 0.0810 0.0000
vt 0.3481 0.0793 0.0000
vt 0.3480 0.0806 0.0000
vt 0.4452 0.1066 0.0000
vt 0.4442 0.1069 0.0000
vt 0.4444 0.1061 0.0000
vt 0.4450 0.1075 0.0000
vt 0.4439 0.1078 0.0000
vt 0.4446 0.1085 0.0000
vt 0.4434 0.1085 0.0000
vt 0.4388 0.1123 0.0000
vt 0.4385 0.1132 0.0000
vt 0.4379 0.1124 0.0000
vt 0.4398 0.1120 0.0000
vt 0.4394 0.1130 0.0000
vt 0.4405 0.1115 0.0000
vt 0.4404 0.1126 0.0000
vt 0.0931 0.3313 0.0000
vt 0.0940 0.3309 0.0000
vt 0.0932 0.3303 0.0000
vt 0.0943 0.3300 0.0000
vt 0.0936 0.3294 0.0000
vt 0.0948 0.3293 0.0000
vt 0.0995 0.3254 0.0000
vt 0.0998 0.3244 0.0000
vt 0.1004 0.3252 0.0000
vt 0.0986 0.3257 0.0000
vt 0.0989 0.3246 0.0000
vt 0.0978 0.3262 0.0000
vt 0.0979 0.3250 0.0000
vt 0.1863 0.3912 0.0000
vt 0.1867 0.3921 0.0000
vt 0.1856 0.3918 0.0000
vt 0.1872 0.3929 0.0000
vt 0.1860 0.3927 0.0000
vt 0.1921 0.3978 0.0000
vt 0.1918 0.3968 0.0000
vt 0.1927 0.3970 0.0000
vt 0.1912 0.3976 0.0000
vt 0.1908 0.3965 0.0000
vt 0.1902 0.3972 0.0000
vt 0.1901 0.3960 0.0000
vt 0.5765 0.0461 0.0000
vt 0.5775 0.0464 0.0000
vt 0.5767 0.0470 0.0000
vt 0.5762 0.0451 0.0000
vt 0.5773 0.0454 0.0000
vt 0.5757 0.0444 0.0000
vt 0.5769 0.0445 0.0000
vt 0.5705 0.0396 0.0000
vt 0.5709 0.0405 0.0000
vt 0.5700 0.0404 0.0000
vt 0.5715 0.0398 0.0000
vt 0.5718 0.0409 0.0000
vt 0.5725 0.0402 0.0000
vt 0.5726 0.0414 0.0000
vt 0.3780 0.4350 0.0000
vt 0.3789 0.4353 0.0000
vt 0.3781 0.4359 0.0000
vt 0.3776 0.4340 0.0000
vt 0.3788 0.4344 0.0000
vt 0.3771 0.4333 0.0000
vt 0.3783 0.4334 0.0000
vt 0.3725 0.4295 0.0000
vt 0.3730 0.4287 0.0000
vt 0.3734 0.4298 0.0000
vt 0.3740 0.4291 0.0000
vt 0.3741 0.4303 0.0000
vt 0.2855 0.0803 0.0000
vt 0.5104 0.0412 0.0000
vt 0.5075 0.0443 0.0000
vt 0.3782 0.1126 0.0000
vt 0.2525 0.3964 0.0000
vt 0.2556 0.3933 0.0000
vt 0.3085 0.4329 0.0000
vt 0.3115 0.4297 0.0000
vt 0.1604 0.3253 0.0000
vt 0.3487 0.0800 0.0000
vt 0.5732 0.0407 0.0000
vt 0.5763 0.0437 0.0000
vt 0.4441 0.1092 0.0000
vt 0.1865 0.3935 0.0000
vt 0.1895 0.3966 0.0000
vt 0.1966 0.3978 0.0000
vt 0.3748 0.4296 0.0000
vt 0.3778 0.4327 0.0000
vt 0.0972 0.3256 0.0000
vt 0.4096 0.1137 0.0000
vt 0.4096 0.1129 0.0000
vt 0.5417 0.0396 0.0000
vt 0.5417 0.0404 0.0000
vt 0.1288 0.3247 0.0000
vt 0.1969 0.3970 0.0000
vt 0.3171 0.0809 0.0000
vt 0.3431 0.4289 0.0000
vt 0.3745 0.0781 0.0000
vt 0.1638 0.3595 0.0000
vt 0.3782 0.4640 0.0000
vt 0.3147 0.5825 0.0000
vt 0.3358 0.5898 0.0000
vt 0.3074 0.5898 0.0000
vt 0.3568 0.5825 0.0000
vt 0.3358 0.5825 0.0000
vt 0.2593 0.1755 0.0000
vt 0.5683 0.4503 0.0000
vt 0.5756 0.4293 0.0000
vt 0.5756 0.4577 0.0000
vt 0.5683 0.4083 0.0000
vt 0.5756 0.4010 0.0000
vt 0.0998 0.5340 0.0000
vt 0.1026 0.5313 0.0000
vt 0.5616 0.4917 0.0000
vt 0.5406 0.4844 0.0000
vt 0.5690 0.4844 0.0000
vt 0.0779 0.4547 0.0000
vt 0.0998 0.4631 0.0000
vt 0.0779 0.4631 0.0000
vt 0.5196 0.4917 0.0000
vt 0.5406 0.4917 0.0000
vt 0.4239 0.3878 0.0000
vt 0.4323 0.3658 0.0000
vt 0.4323 0.3947 0.0000
vt 0.5759 0.2888 0.0000
vt 0.5549 0.2961 0.0000
vt 0.5549 0.2888 0.0000
vt 0.5338 0.2888 0.0000
vt 0.5307 0.2961 0.0000
vt 0.2885 0.3439 0.0000
vt 0.2801 0.3658 0.0000
vt 0.2801 0.3370 0.0000
vt 0.0189 0.1686 0.0000
vt 0.0105 0.1755 0.0000
vt 0.4607 0.5809 0.0000
vt 0.4534 0.6019 0.0000
vt 0.4534 0.5809 0.0000
vt 0.0189 0.1923 0.0000
vt 0.0105 0.2142 0.0000
vt 0.0105 0.1854 0.0000
vt 0.4534 0.5599 0.0000
vt 0.2885 0.3202 0.0000
vt 0.5057 0.1688 0.0000
vt 0.5130 0.1478 0.0000
vt 0.5130 0.1688 0.0000
vt 0.5130 0.1898 0.0000
vt 0.5057 0.1971 0.0000
vt 0.4239 0.3439 0.0000
vt 0.4323 0.3370 0.0000
vt 0.5130 0.4983 0.0000
vt 0.5057 0.4910 0.0000
vt 0.5825 0.2821 0.0000
vt 0.5898 0.2895 0.0000
vt 0.4323 0.3271 0.0000
vt 0.4468 0.5533 0.0000
vt 0.0188 0.2599 0.0000
vt 0.0104 0.2819 0.0000
vt 0.0105 0.2530 0.0000
vt 0.5196 0.1411 0.0000
vt 0.2885 0.4114 0.0000
vt 0.2801 0.4334 0.0000
vt 0.2801 0.4046 0.0000
vt 0.2510 0.2599 0.0000
vt 0.2594 0.2819 0.0000
vt 0.2510 0.2819 0.0000
vt 0.3081 0.5759 0.0000
vt 0.3081 0.5549 0.0000
vt 0.5616 0.4569 0.0000
vt 0.2912 0.3411 0.0000
vt 0.2801 0.3947 0.0000
vt 0.2801 0.3902 0.0000
vt 0.2885 0.3878 0.0000
vt 0.0559 0.4631 0.0000
vt 0.0532 0.4658 0.0000
vt 0.0216 0.1713 0.0000
vt 0.0216 0.2572 0.0000
vt 0.2510 0.2362 0.0000
vt 0.2482 0.2390 0.0000
vt 0.1235 0.5340 0.0000
vt 0.1166 0.5424 0.0000
vt 0.4211 0.3905 0.0000
vt 0.4211 0.3411 0.0000
vt 0.5683 0.4983 0.0000
vt 0.5756 0.4910 0.0000
vt 0.5272 0.2821 0.0000
vt 0.4239 0.4115 0.0000
vt 0.4323 0.4335 0.0000
vt 0.4239 0.4335 0.0000
vt 0.4468 0.6085 0.0000
vt 0.4541 0.6158 0.0000
vt 0.5196 0.1964 0.0000
vt 0.3634 0.5759 0.0000
vt 0.3707 0.5832 0.0000
vt 0.2593 0.2143 0.0000
vt 0.2510 0.2143 0.0000
vt 0.5616 0.4017 0.0000
vt 0.4211 0.4087 0.0000
vt 0.5265 0.2961 0.0000
vt 0.2912 0.4087 0.0000
vt 0.0559 0.5340 0.0000
vt 0.0779 0.5424 0.0000
vt 0.0490 0.5424 0.0000
vt 0.2482 0.2572 0.0000
vt 0.0216 0.1895 0.0000
vt 0.0188 0.2142 0.0000
vt 0.2510 0.1923 0.0000
vt 0.2482 0.1895 0.0000
vt 0.0102 0.4547 0.0000
vt 0.0391 0.4547 0.0000
vt 0.0102 0.5424 0.0000
vt 0.0391 0.5424 0.0000
vt 0.2912 0.3229 0.0000
vt 0.2885 0.3658 0.0000
vt 0.2593 0.1845 0.0000
vt 0.2593 0.1854 0.0000
vt 0.3138 0.5823 0.0000
vt 0.3056 0.5893 0.0000
vt 0.3122 0.5815 0.0000
vt 0.3129 0.5820 0.0000
vt 0.2593 0.1826 0.0000
vt 0.2593 0.1835 0.0000
vt 0.3092 0.5784 0.0000
vt 0.3048 0.5888 0.0000
vt 0.3018 0.5858 0.0000
vt 0.3065 0.5897 0.0000
vt 0.3013 0.5851 0.0000
vt 0.3086 0.5777 0.0000
vt 0.2593 0.1783 0.0000
vt 0.2593 0.1774 0.0000
vt 0.3083 0.5768 0.0000
vt 0.3008 0.5832 0.0000
vt 0.2593 0.1764 0.0000
vt 0.3009 0.5841 0.0000
vt 0.1157 0.4547 0.0000
vt 0.1166 0.4547 0.0000
vt 0.5132 0.4974 0.0000
vt 0.5062 0.4891 0.0000
vt 0.5140 0.4958 0.0000
vt 0.5135 0.4965 0.0000
vt 0.1138 0.4547 0.0000
vt 0.1147 0.4547 0.0000
vt 0.5097 0.4854 0.0000
vt 0.5171 0.4927 0.0000
vt 0.1095 0.4547 0.0000
vt 0.5058 0.4901 0.0000
vt 0.5104 0.4849 0.0000
vt 0.5178 0.4922 0.0000
vt 0.1086 0.4547 0.0000
vt 0.5187 0.4918 0.0000
vt 0.5123 0.4844 0.0000
vt 0.1076 0.4547 0.0000
vt 0.1067 0.4547 0.0000
vt 0.5114 0.4845 0.0000
vt 0.1076 0.5424 0.0000
vt 0.1067 0.5424 0.0000
vt 0.5681 0.4512 0.0000
vt 0.5751 0.4595 0.0000
vt 0.5672 0.4529 0.0000
vt 0.5677 0.4522 0.0000
vt 0.1095 0.5424 0.0000
vt 0.1086 0.5424 0.0000
vt 0.5642 0.4559 0.0000
vt 0.5746 0.4602 0.0000
vt 0.5716 0.4633 0.0000
vt 0.5755 0.4586 0.0000
vt 0.5708 0.4638 0.0000
vt 0.5635 0.4564 0.0000
vt 0.1138 0.5424 0.0000
vt 0.1147 0.5424 0.0000
vt 0.5626 0.4568 0.0000
vt 0.5690 0.4643 0.0000
vt 0.1157 0.5424 0.0000
vt 0.5699 0.4641 0.0000
vt 0.2801 0.3280 0.0000
vt 0.2801 0.3271 0.0000
vt 0.5823 0.2831 0.0000
vt 0.5893 0.2913 0.0000
vt 0.5815 0.2847 0.0000
vt 0.5820 0.2840 0.0000
vt 0.2801 0.3299 0.0000
vt 0.2801 0.3290 0.0000
vt 0.5784 0.2877 0.0000
vt 0.5888 0.2921 0.0000
vt 0.5858 0.2951 0.0000
vt 0.2801 0.3342 0.0000
vt 0.5897 0.2904 0.0000
vt 0.5851 0.2956 0.0000
vt 0.5777 0.2883 0.0000
vt 0.2801 0.3350 0.0000
vt 0.5768 0.2886 0.0000
vt 0.5832 0.2961 0.0000
vt 0.2801 0.3360 0.0000
vt 0.5841 0.2960 0.0000
vt 0.0105 0.1764 0.0000
vt 0.4541 0.5460 0.0000
vt 0.4477 0.5534 0.0000
vt 0.4560 0.5465 0.0000
vt 0.4493 0.5543 0.0000
vt 0.4486 0.5538 0.0000
vt 0.0105 0.1783 0.0000
vt 0.0105 0.1774 0.0000
vt 0.4597 0.5500 0.0000
vt 0.4524 0.5573 0.0000
vt 0.0105 0.1826 0.0000
vt 0.4550 0.5461 0.0000
vt 0.4602 0.5507 0.0000
vt 0.4529 0.5581 0.0000
vt 0.0105 0.1835 0.0000
vt 0.4532 0.5590 0.0000
vt 0.4607 0.5526 0.0000
vt 0.0105 0.1845 0.0000
vt 0.4606 0.5517 0.0000
vt 0.4323 0.3360 0.0000
vt 0.5057 0.1404 0.0000
vt 0.5132 0.1469 0.0000
vt 0.5062 0.1386 0.0000
vt 0.5140 0.1452 0.0000
vt 0.5135 0.1459 0.0000
vt 0.4323 0.3342 0.0000
vt 0.4323 0.3350 0.0000
vt 0.5097 0.1348 0.0000
vt 0.5067 0.1378 0.0000
vt 0.5058 0.1395 0.0000
vt 0.5171 0.1422 0.0000
vt 0.5104 0.1343 0.0000
vt 0.5178 0.1417 0.0000
vt 0.4323 0.3299 0.0000
vt 0.4323 0.3290 0.0000
vt 0.5187 0.1413 0.0000
vt 0.5123 0.1338 0.0000
vt 0.4323 0.3280 0.0000
vt 0.5114 0.1340 0.0000
vt 0.2593 0.2521 0.0000
vt 0.2593 0.2530 0.0000
vt 0.3632 0.5768 0.0000
vt 0.3702 0.5851 0.0000
vt 0.3624 0.5784 0.0000
vt 0.3629 0.5777 0.0000
vt 0.2593 0.2502 0.0000
vt 0.2593 0.2511 0.0000
vt 0.3667 0.5888 0.0000
vt 0.3593 0.5815 0.0000
vt 0.2593 0.2459 0.0000
vt 0.3706 0.5841 0.0000
vt 0.3660 0.5893 0.0000
vt 0.3586 0.5820 0.0000
vt 0.2593 0.2450 0.0000
vt 0.3577 0.5823 0.0000
vt 0.3641 0.5898 0.0000
vt 0.2593 0.2440 0.0000
vt 0.2593 0.2431 0.0000
vt 0.3650 0.5897 0.0000
vt 0.0481 0.4547 0.0000
vt 0.0490 0.4547 0.0000
vt 0.5626 0.4918 0.0000
vt 0.5708 0.4849 0.0000
vt 0.5642 0.4927 0.0000
vt 0.5635 0.4922 0.0000
vt 0.0462 0.4547 0.0000
vt 0.0471 0.4547 0.0000
vt 0.5672 0.4958 0.0000
vt 0.5716 0.4854 0.0000
vt 0.5746 0.4884 0.0000
vt 0.0419 0.4547 0.0000
vt 0.5699 0.4845 0.0000
vt 0.5751 0.4891 0.0000
vt 0.5677 0.4965 0.0000
vt 0.0410 0.4547 0.0000
vt 0.5681 0.4974 0.0000
vt 0.0400 0.4547 0.0000
vt 0.5755 0.4901 0.0000
vt 0.0400 0.5424 0.0000
vt 0.5690 0.3944 0.0000
vt 0.5626 0.4018 0.0000
vt 0.5708 0.3949 0.0000
vt 0.5642 0.4027 0.0000
vt 0.5635 0.4022 0.0000
vt 0.0419 0.5424 0.0000
vt 0.0410 0.5424 0.0000
vt 0.5746 0.3984 0.0000
vt 0.5672 0.4057 0.0000
vt 0.5699 0.3945 0.0000
vt 0.5751 0.3991 0.0000
vt 0.5677 0.4065 0.0000
vt 0.0462 0.5424 0.0000
vt 0.0471 0.5424 0.0000
vt 0.5681 0.4074 0.0000
vt 0.0481 0.5424 0.0000
vt 0.5755 0.4001 0.0000
vt 0.2801 0.3956 0.0000
vt 0.5329 0.2886 0.0000
vt 0.5247 0.2956 0.0000
vt 0.5313 0.2877 0.0000
vt 0.5320 0.2882 0.0000
vt 0.2801 0.3975 0.0000
vt 0.2801 0.3966 0.0000
vt 0.5209 0.2920 0.0000
vt 0.5282 0.2847 0.0000
vt 0.2801 0.4018 0.0000
vt 0.5256 0.2960 0.0000
vt 0.5204 0.2913 0.0000
vt 0.5277 0.2839 0.0000
vt 0.2801 0.4027 0.0000
vt 0.5274 0.2830 0.0000
vt 0.5199 0.2894 0.0000
vt 0.2801 0.4037 0.0000
vt 0.5200 0.2903 0.0000
vt 0.0105 0.2440 0.0000
vt 0.0105 0.2431 0.0000
vt 0.4607 0.6092 0.0000
vt 0.4532 0.6028 0.0000
vt 0.4602 0.6111 0.0000
vt 0.4524 0.6045 0.0000
vt 0.4529 0.6038 0.0000
vt 0.0105 0.2459 0.0000
vt 0.0105 0.2450 0.0000
vt 0.4493 0.6075 0.0000
vt 0.4597 0.6118 0.0000
vt 0.4567 0.6149 0.0000
vt 0.0105 0.2502 0.0000
vt 0.4606 0.6102 0.0000
vt 0.4560 0.6154 0.0000
vt 0.4486 0.6080 0.0000
vt 0.0105 0.2511 0.0000
vt 0.4477 0.6084 0.0000
vt 0.0105 0.2521 0.0000
vt 0.4550 0.6157 0.0000
vt 0.4323 0.4036 0.0000
vt 0.4323 0.4045 0.0000
vt 0.5122 0.2037 0.0000
vt 0.5187 0.1962 0.0000
vt 0.5104 0.2032 0.0000
vt 0.5170 0.1954 0.0000
vt 0.5178 0.1959 0.0000
vt 0.4323 0.4017 0.0000
vt 0.4323 0.4026 0.0000
vt 0.5067 0.1997 0.0000
vt 0.5097 0.2027 0.0000
vt 0.4323 0.3975 0.0000
vt 0.5113 0.2036 0.0000
vt 0.5140 0.1923 0.0000
vt 0.5062 0.1990 0.0000
vt 0.5135 0.1916 0.0000
vt 0.4323 0.3966 0.0000
vt 0.5132 0.1907 0.0000
vt 0.4323 0.3956 0.0000
vt 0.5058 0.1980 0.0000
vt 0.9178 0.8262 0.0000
vt 0.9202 0.8292 0.0000
vt 0.9198 0.8294 0.0000
vt 0.9427 0.6327 0.0000
vt 0.9403 0.6356 0.0000
vt 0.9423 0.6324 0.0000
vt 0.8953 0.8807 0.0000
vt 0.8977 0.8837 0.0000
vt 0.8973 0.8839 0.0000
vt 0.9427 0.8612 0.0000
vt 0.9404 0.8642 0.0000
vt 0.9423 0.8609 0.0000
vt 0.9154 0.7268 0.0000
vt 0.9178 0.7297 0.0000
vt 0.9174 0.7300 0.0000
vt 0.8467 0.8902 0.0000
vt 0.8492 0.8931 0.0000
vt 0.8487 0.8934 0.0000
vt 0.6028 0.9382 0.0000
vt 0.6004 0.9412 0.0000
vt 0.6024 0.9380 0.0000
vt 0.9391 0.2933 0.0000
vt 0.9415 0.2962 0.0000
vt 0.9411 0.2965 0.0000
vt 0.9190 0.6670 0.0000
vt 0.9166 0.6700 0.0000
vt 0.9186 0.6668 0.0000
vt 0.9190 0.5072 0.0000
vt 0.9166 0.5101 0.0000
vt 0.9186 0.5069 0.0000
vt 0.9190 0.0102 0.0000
vt 0.9214 0.0132 0.0000
vt 0.9210 0.0135 0.0000
vt 0.9178 0.5901 0.0000
vt 0.9154 0.5930 0.0000
vt 0.9174 0.5898 0.0000
vt 0.9202 0.8731 0.0000
vt 0.9178 0.8760 0.0000
vt 0.9198 0.8728 0.0000
vt 0.9403 0.5858 0.0000
vt 0.9427 0.5888 0.0000
vt 0.9423 0.5890 0.0000
vt 0.8977 0.9276 0.0000
vt 0.8953 0.9305 0.0000
vt 0.8973 0.9273 0.0000
vt 0.4264 0.7294 0.0000
vt 0.4259 0.7257 0.0000
vt 0.4264 0.7257 0.0000
vt 0.9178 0.7736 0.0000
vt 0.9154 0.7766 0.0000
vt 0.9174 0.7734 0.0000
vt 0.9321 0.9382 0.0000
vt 0.9298 0.9412 0.0000
vt 0.9316 0.9379 0.0000
vt 0.9344 0.2222 0.0000
vt 0.9368 0.2252 0.0000
vt 0.9364 0.2254 0.0000
vt 0.9380 0.1246 0.0000
vt 0.9355 0.1276 0.0000
vt 0.9376 0.1244 0.0000
vt 0.8147 0.8902 0.0000
vt 0.8172 0.8931 0.0000
vt 0.8168 0.8934 0.0000
vt 0.9166 0.4603 0.0000
vt 0.9190 0.4632 0.0000
vt 0.9186 0.4635 0.0000
vt 0.9178 0.4349 0.0000
vt 0.9154 0.4379 0.0000
vt 0.9174 0.4347 0.0000
vt 0.0094 0.6960 0.0000
vt 0.0118 0.6989 0.0000
vt 0.0114 0.6992 0.0000
vt 0.7634 0.7649 0.0000
vt 0.7639 0.5384 0.0000
vt 0.7639 0.7651 0.0000
vt 0.9427 0.6107 0.0000
vt 0.8977 0.9056 0.0000
vt 0.9418 0.8392 0.0000
vt 0.8712 0.5410 0.0000
vt 0.8717 0.4758 0.0000
vt 0.8717 0.5412 0.0000
vt 0.9178 0.7517 0.0000
vt 0.8717 0.5683 0.0000
vt 0.8712 0.6336 0.0000
vt 0.8712 0.5681 0.0000
vt 0.7437 0.0104 0.0000
vt 0.7433 0.2369 0.0000
vt 0.7433 0.0102 0.0000
vt 0.6336 0.6348 0.0000
vt 0.6331 0.5051 0.0000
vt 0.6336 0.5049 0.0000
vt 0.9190 0.4852 0.0000
vt 0.9202 0.8511 0.0000
vt 0.8499 0.3106 0.0000
vt 0.8503 0.4404 0.0000
vt 0.8499 0.4406 0.0000
vt 0.7651 0.0104 0.0000
vt 0.7646 0.2369 0.0000
vt 0.7646 0.0102 0.0000
vt 0.8503 0.6169 0.0000
vt 0.8499 0.6822 0.0000
vt 0.8499 0.6167 0.0000
vt 0.9404 0.8176 0.0000
vt 0.9408 0.8173 0.0000
vt 0.8712 0.8182 0.0000
vt 0.8717 0.7529 0.0000
vt 0.8717 0.8184 0.0000
vt 0.6983 0.7317 0.0000
vt 0.6987 0.5053 0.0000
vt 0.6987 0.7319 0.0000
vt 0.2411 0.6185 0.0000
vt 0.2416 0.7483 0.0000
vt 0.2411 0.7485 0.0000
vt 0.8527 0.1397 0.0000
vt 0.8522 0.0100 0.0000
vt 0.8527 0.0098 0.0000
vt 0.8913 0.5623 0.0000
vt 0.8942 0.5406 0.0000
vt 0.8942 0.5623 0.0000
vt 0.8913 0.5189 0.0000
vt 0.8913 0.5406 0.0000
vt 0.8238 0.8450 0.0000
vt 0.8267 0.8667 0.0000
vt 0.8238 0.8667 0.0000
vt 0.8238 0.8233 0.0000
vt 0.8267 0.8450 0.0000
vt 0.8889 0.2722 0.0000
vt 0.8918 0.2505 0.0000
vt 0.8918 0.2722 0.0000
vt 0.8889 0.2288 0.0000
vt 0.8889 0.2505 0.0000
vt 0.7184 0.8339 0.0000
vt 0.7212 0.8556 0.0000
vt 0.7184 0.8556 0.0000
vt 0.7184 0.8774 0.0000
vt 0.7212 0.8774 0.0000
vt 0.0426 0.7171 0.0000
vt 0.0397 0.6954 0.0000
vt 0.0426 0.6954 0.0000
vt 0.0397 0.7388 0.0000
vt 0.0397 0.7171 0.0000
vt 0.8953 0.4672 0.0000
vt 0.8924 0.4455 0.0000
vt 0.8953 0.4455 0.0000
vt 0.8924 0.4889 0.0000
vt 0.8924 0.4672 0.0000
vt 0.8913 0.7791 0.0000
vt 0.8942 0.7791 0.0000
vt 0.8948 0.8513 0.0000
vt 0.8977 0.8513 0.0000
vt 0.1646 0.7376 0.0000
vt 0.5774 0.8316 0.0000
vt 0.5803 0.8316 0.0000
vt 0.8711 0.8446 0.0000
vt 0.8740 0.8446 0.0000
vt 0.8930 0.1565 0.0000
vt 0.0634 0.7400 0.0000
vt 0.0663 0.7400 0.0000
vt 0.8723 0.1289 0.0000
vt 0.8752 0.1289 0.0000
vt 0.6478 0.8738 0.0000
vt 0.6449 0.8738 0.0000
vt 0.8913 0.3733 0.0000
vt 0.1179 0.6989 0.0000
vt 0.1208 0.6989 0.0000
vt 0.8953 0.6634 0.0000
vt 0.8942 0.5189 0.0000
vt 0.8913 0.5151 0.0000
vt 0.8942 0.5151 0.0000
vt 0.6537 0.6758 0.0000
vt 0.6508 0.8053 0.0000
vt 0.6508 0.6758 0.0000
vt 0.7212 0.8811 0.0000
vt 0.6982 0.2570 0.0000
vt 0.7011 0.4832 0.0000
vt 0.6982 0.4832 0.0000
vt 0.8238 0.8195 0.0000
vt 0.8267 0.8233 0.0000
vt 0.0426 0.7388 0.0000
vt 0.0397 0.7426 0.0000
vt 0.2612 0.6858 0.0000
vt 0.2641 0.7509 0.0000
vt 0.2612 0.7509 0.0000
vt 0.1026 0.4658 0.0000
vt 0.8889 0.2250 0.0000
vt 0.8918 0.2288 0.0000
vt 0.1208 0.5313 0.0000
vt 0.8942 0.7828 0.0000
vt 0.8913 0.7828 0.0000
vt 0.4500 0.7011 0.0000
vt 0.4471 0.6360 0.0000
vt 0.4500 0.6360 0.0000
vt 0.8711 0.8408 0.0000
vt 0.8977 0.8551 0.0000
vt 0.8948 0.8551 0.0000
vt 0.6366 0.2357 0.0000
vt 0.6395 0.0094 0.0000
vt 0.6395 0.2357 0.0000
vt 0.8901 0.1527 0.0000
vt 0.8901 0.1565 0.0000
vt 0.8953 0.4889 0.0000
vt 0.8924 0.4927 0.0000
vt 0.1617 0.7376 0.0000
vt 0.1646 0.7414 0.0000
vt 0.1617 0.7414 0.0000
vt 0.8261 0.7970 0.0000
vt 0.8290 0.6675 0.0000
vt 0.8290 0.7970 0.0000
vt 0.5774 0.8278 0.0000
vt 0.8913 0.5661 0.0000
vt 0.8338 0.2902 0.0000
vt 0.8309 0.1606 0.0000
vt 0.8338 0.1606 0.0000
vt 0.2912 0.3905 0.0000
vt 0.7212 0.8302 0.0000
vt 0.7184 0.8302 0.0000
vt 0.6632 0.0094 0.0000
vt 0.6603 0.2357 0.0000
vt 0.6603 0.0094 0.0000
vt 0.8267 0.8705 0.0000
vt 0.8238 0.8705 0.0000
vt 0.3737 0.7258 0.0000
vt 0.3766 0.7295 0.0000
vt 0.3737 0.7295 0.0000
vt 0.3825 0.6360 0.0000
vt 0.3796 0.7011 0.0000
vt 0.3796 0.6360 0.0000
vt 0.0531 0.5313 0.0000
vt 0.8889 0.2759 0.0000
vt 0.8918 0.2759 0.0000
vt 0.0663 0.7437 0.0000
vt 0.6674 0.4039 0.0000
vt 0.6703 0.3388 0.0000
vt 0.6703 0.4039 0.0000
vt 0.1179 0.6952 0.0000
vt 0.1208 0.6952 0.0000
vt 0.8723 0.1326 0.0000
vt 0.7207 0.4986 0.0000
vt 0.7236 0.7248 0.0000
vt 0.7207 0.7248 0.0000
vt 0.8924 0.6596 0.0000
vt 0.8953 0.6596 0.0000
vt 0.8924 0.4417 0.0000
vt 0.8953 0.4417 0.0000
vt 0.6478 0.8776 0.0000
vt 0.8261 0.3548 0.0000
vt 0.8290 0.4844 0.0000
vt 0.8261 0.4844 0.0000
vt 0.8942 0.3733 0.0000
vt 0.8913 0.3695 0.0000
vt 0.8942 0.3695 0.0000
vt 0.5419 0.1113 0.0000
vt 0.5419 0.1105 0.0000
vt 0.5140 0.1105 0.0000
vt 0.2560 0.5313 0.0000
vt 0.2840 0.7485 0.0000
vt 0.3077 0.7485 0.0000
vt 0.8076 0.0315 0.0000
vt 0.2840 0.7175 0.0000
vt 0.8098 0.3352 0.0000
vt 0.7850 0.3340 0.0000
vt 0.8087 0.2622 0.0000
vt 0.3077 0.7176 0.0000
vt 0.8038 0.5560 0.0000
vt 0.8051 0.7449 0.0000
vt 0.7200 0.7768 0.0000
vt 0.5978 0.8053 0.0000
vt 0.8051 0.5990 0.0000
vt 0.1290 0.3947 0.0000
vt 0.3433 0.4990 0.0000
vt 0.2553 0.3302 0.0000
vt 0.5079 0.1072 0.0000
vt 0.3089 0.4956 0.0000
vt 0.1898 0.3277 0.0000
vt 0.4095 0.0428 0.0000
vt 0.4445 0.0780 0.0000
vt 0.4239 0.2306 0.0000
vt 0.0188 0.1466 0.0000
vt 0.2801 0.2693 0.0000
vt 0.0188 0.0114 0.0000
vt 0.2884 0.1630 0.0000
vt 0.2593 0.0403 0.0000
vt 0.2801 0.2017 0.0000
vt 0.2419 0.4547 0.0000
vt 0.1743 0.4547 0.0000
vt 0.4323 0.1919 0.0000
vt 0.4258 0.6085 0.0000
vt 0.2593 0.1079 0.0000
vt 0.0105 0.0502 0.0000
vt 0.2510 0.1466 0.0000
vt 0.2807 0.4630 0.0000
vt 0.2807 0.5340 0.0000
vt 0.3018 0.5239 0.0000
vt 0.5097 0.4633 0.0000
vt 0.5746 0.5502 0.0000
vt 0.3948 0.6149 0.0000
vt 0.9395 0.7466 0.0000
vt 0.9395 0.6731 0.0000
vt 0.6008 0.8910 0.0000
vt 0.9170 0.6198 0.0000
vt 0.9407 0.4410 0.0000
vt 0.9158 0.5428 0.0000
vt 0.9347 0.1485 0.0000
vt 0.9395 0.5132 0.0000
vt 0.9407 0.3699 0.0000
vt 0.4472 0.7272 0.0000
vt 0.9359 0.0774 0.0000
vt 0.9158 0.3877 0.0000
vt 0.7864 0.0104 0.0000
vt 0.8717 0.6548 0.0000
vt 0.7634 0.8525 0.0000
vt 0.6024 0.9163 0.0000
vt 0.7836 0.7317 0.0000
vt 0.9186 0.6451 0.0000
vt 0.8717 0.3108 0.0000
vt 0.8688 0.2900 0.0000
vt 0.9174 0.5681 0.0000
vt 0.7646 0.4842 0.0000
vt 0.7836 0.8288 0.0000
vt 0.8041 0.7661 0.0000
vt 0.9307 0.9162 0.0000
vt 0.7437 0.4451 0.0000
vt 0.9376 0.1027 0.0000
vt 0.7433 0.8217 0.0000
vt 0.8499 0.4634 0.0000
vt 0.9174 0.4130 0.0000
vt 0.1854 0.7206 0.0000
vt 0.2131 0.5340 0.0000
vt 0.8913 0.7574 0.0000
vt 0.8948 0.8296 0.0000
vt 0.5774 0.8533 0.0000
vt 0.8711 0.8663 0.0000
vt 0.0634 0.7183 0.0000
vt 0.8723 0.1072 0.0000
vt 0.6478 0.8521 0.0000
vt 0.1179 0.7206 0.0000
vt 0.8924 0.7068 0.0000
vt 0.8486 0.8527 0.0000
vt 0.8764 0.0604 0.0000
vt 0.7106 0.2357 0.0000
vt 0.2091 0.6940 0.0000
vt 0.4021 0.6360 0.0000
vt 0.8924 0.5874 0.0000
vt 0.4275 0.7011 0.0000
vt 0.8740 0.8918 0.0000
vt 0.6869 0.0094 0.0000
vt 0.8930 0.2037 0.0000
vt 0.8290 0.5076 0.0000
vt 0.4211 0.2735 0.0000
vt 0.5803 0.8788 0.0000
vt 0.8314 0.1397 0.0000
vt 0.8764 0.0094 0.0000
vt 0.6561 0.4275 0.0000
vt 0.4921 0.7153 0.0000
vt 0.8924 0.6383 0.0000
vt 0.3998 0.7234 0.0000
vt 0.4725 0.6502 0.0000
vt 0.6757 0.4536 0.0000
vt 0.6449 0.8266 0.0000
vt 0.6733 0.7018 0.0000
vt 0.8051 0.5779 0.0000
vt 0.6194 0.8146 0.0000
vt 0.6961 0.8120 0.0000
vt 0.7861 0.2583 0.0000
vt 0.0957 0.6942 0.0000
vt 0.5981 0.7086 0.0000
vt 0.8051 0.4292 0.0000
vt 0.6194 0.8665 0.0000
vt 0.6961 0.7601 0.0000
vt 0.8101 0.2384 0.0000
vt 0.7861 0.4098 0.0000
vt 0.4209 0.3975 0.0000
vt 0.0957 0.7461 0.0000
vt 0.0971 0.7180 0.0000
vt 0.2679 0.6106 0.0000
vt 0.2636 0.6148 0.0000
vt 0.5617 0.5821 0.0000
vt 0.5574 0.5863 0.0000
vt 0.5272 0.3723 0.0000
vt 0.5229 0.3680 0.0000
vt 0.0144 0.6743 0.0000
vt 0.0101 0.6700 0.0000
vt 0.0101 0.3764 0.0000
vt 0.0144 0.3807 0.0000
vt 0.4815 0.5794 0.0000
vt 0.4858 0.5751 0.0000
vt 0.3179 0.6149 0.0000
vt 0.3136 0.6105 0.0000
vt 0.6118 0.5865 0.0000
vt 0.6075 0.5822 0.0000
vt 0.5773 0.3682 0.0000
vt 0.5729 0.3725 0.0000
vt 0.0644 0.6702 0.0000
vt 0.0601 0.6745 0.0000
vt 0.0602 0.3806 0.0000
vt 0.0645 0.3763 0.0000
vt 0.5316 0.5751 0.0000
vt 0.5359 0.5794 0.0000
vt 0.8063 0.1563 0.0000
vt 0.2825 0.0773 0.0000
vt 0.3752 0.1095 0.0000
vt 0.1634 0.3283 0.0000
vt 0.3518 0.0769 0.0000
vt 0.4411 0.1121 0.0000
vt 0.0941 0.3286 0.0000
vt 0.5683 0.4293 0.0000
vt 0.4239 0.3658 0.0000
vt 0.0188 0.2819 0.0000
vt 0.2884 0.4334 0.0000
vt 0.0779 0.5340 0.0000
vt 0.0102 0.4630 0.0000
vt 0.0102 0.5340 0.0000
vt 0.5067 0.4884 0.0000
vt 0.4567 0.5470 0.0000
vt 0.3697 0.5858 0.0000
vt 0.5716 0.3954 0.0000
vt 0.5239 0.2951 0.0000
vt 0.9182 0.8259 0.0000
vt 0.9407 0.6360 0.0000
vt 0.8957 0.8804 0.0000
vt 0.9408 0.8645 0.0000
vt 0.9158 0.7264 0.0000
vt 0.8471 0.8899 0.0000
vt 0.6008 0.9415 0.0000
vt 0.9395 0.2930 0.0000
vt 0.9170 0.6703 0.0000
vt 0.9170 0.5104 0.0000
vt 0.9193 0.0099 0.0000
vt 0.9158 0.5933 0.0000
vt 0.9182 0.8764 0.0000
vt 0.9407 0.5855 0.0000
vt 0.8957 0.9309 0.0000
vt 0.4259 0.7295 0.0000
vt 0.9158 0.7769 0.0000
vt 0.9301 0.9415 0.0000
vt 0.9347 0.2219 0.0000
vt 0.9359 0.1279 0.0000
vt 0.8151 0.8899 0.0000
vt 0.9170 0.4599 0.0000
vt 0.9158 0.4382 0.0000
vt 0.0098 0.6956 0.0000
vt 0.7634 0.5386 0.0000
vt 0.9423 0.6107 0.0000
vt 0.8973 0.9056 0.0000
vt 0.9413 0.8393 0.0000
vt 0.8712 0.4760 0.0000
vt 0.9174 0.7517 0.0000
vt 0.8717 0.6334 0.0000
vt 0.7437 0.2367 0.0000
vt 0.6331 0.6346 0.0000
vt 0.9186 0.4852 0.0000
vt 0.9198 0.8511 0.0000
vt 0.8503 0.3108 0.0000
vt 0.7651 0.2367 0.0000
vt 0.8503 0.6820 0.0000
vt 0.8712 0.7531 0.0000
vt 0.6983 0.5055 0.0000
vt 0.2416 0.6187 0.0000
vt 0.8522 0.1396 0.0000
vt 0.7212 0.8339 0.0000
vt 0.8924 0.6634 0.0000
vt 0.6537 0.8053 0.0000
vt 0.7184 0.8811 0.0000
vt 0.7011 0.2570 0.0000
vt 0.8267 0.8195 0.0000
vt 0.0426 0.7426 0.0000
vt 0.2641 0.6858 0.0000
vt 0.8918 0.2250 0.0000
vt 0.4471 0.7011 0.0000
vt 0.8740 0.8408 0.0000
vt 0.6366 0.0094 0.0000
vt 0.8930 0.1527 0.0000
vt 0.8953 0.4927 0.0000
vt 0.8261 0.6675 0.0000
vt 0.5803 0.8278 0.0000
vt 0.8942 0.5661 0.0000
vt 0.8309 0.2902 0.0000
vt 0.6632 0.2357 0.0000
vt 0.3766 0.7258 0.0000
vt 0.3825 0.7011 0.0000
vt 0.0634 0.7437 0.0000
vt 0.6674 0.3388 0.0000
vt 0.8752 0.1326 0.0000
vt 0.7236 0.4986 0.0000
vt 0.6449 0.8776 0.0000
vt 0.8290 0.3548 0.0000
# 2976 texture coords

o main_body
g main_body
usemtl Material__26
s 1
f 1585/2456/1008 1586/2457/1009 1587/2458/1009 
f 1587/2458/1009 1588/2459/1010 1589/2460/1011 
f 1589/2460/1011 1590/2461/1012 1591/2462/1013 
f 1592/2463/1014 1593/2464/1015 1594/2465/1016 
f 1595/2466/1015 1596/2467/1017 1593/2464/1015 
f 1597/2468/1018 1598/2469/1019 1596/2467/1017 
f 1599/2470/1008 1600/2471/1009 1601/2472/1009 
f 1601/2472/1009 1602/2473/1020 1603/2474/1011 
f 1603/2474/1011 1604/2475/1012 1605/2476/1013 
f 1606/2477/1014 1607/2478/1015 1608/2479/1016 
f 1609/2480/1015 1610/2481/1017 1607/2478/1015 
f 1611/2482/1018 1612/2483/1019 1610/2481/1017 
f 1613/2484/1021 1614/2485/1022 1615/2486/1023 
f 1616/2487/1022 1617/2488/1024 1614/2485/1022 
f 1618/2489/1025 1619/2490/1026 1617/2488/1024 
f 1620/2491/1027 1621/2492/1028 1622/2493/1028 
f 1622/2493/1028 1623/2494/1029 1624/2495/1030 
f 1624/2495/1030 1625/2496/1031 1626/2497/1032 
f 1627/2498/1021 1628/2499/1022 1629/2500/1023 
f 1630/2501/1033 1631/2502/1025 1628/2499/1022 
f 1632/2503/1024 1633/2504/1026 1631/2502/1025 
f 1634/2505/1027 1635/2506/1028 1636/2507/1028 
f 1636/2507/1028 1637/2508/1034 1638/2509/1035 
f 1638/2509/1035 1639/2510/1036 1640/2511/1032 
f 1641/2512/1027 1642/2513/1028 1643/2514/1028 
f 1643/2514/1028 1644/2515/1029 1645/2516/1030 
f 1645/2516/1030 1646/2517/1036 1647/2518/1032 
f 1648/2519/1021 1649/2520/1022 1650/2521/1023 
f 1651/2522/1022 1652/2523/1024 1649/2520/1022 
f 1653/2524/1024 1654/2525/1026 1652/2523/1024 
f 1655/2526/1014 1656/2527/1015 1657/2528/1016 
f 1658/2529/1037 1659/2530/1017 1656/2527/1015 
f 1660/2531/1018 1661/2532/1019 1659/2530/1017 
f 1662/2533/1008 1663/2534/1009 1664/2535/1009 
f 1664/2535/1009 1665/2536/1020 1666/2537/1038 
f 1666/2537/1038 1667/2538/1012 1668/2539/1013 
f 1669/2540/1039 1670/2541/1040 1671/2542/1039 
f 1672/2543/1041 1673/2544/1042 1670/2541/1040 
f 1674/2545/1043 1675/2546/1044 1673/2544/1042 
f 1676/2547/1045 1677/2548/1046 1678/2549/1047 
f 1679/2550/1046 1680/2551/1048 1677/2548/1046 
f 1681/2552/1049 1682/2553/1050 1680/2551/1048 
f 1683/2554/1039 1684/2555/1041 1685/2556/1039 
f 1686/2557/1041 1687/2558/1051 1684/2555/1041 
f 1688/2559/1051 1689/2560/1052 1687/2558/1051 
f 1690/2561/1047 1691/2562/1046 1692/2563/1047 
f 1693/2564/1046 1694/2565/1053 1691/2562/1046 
f 1695/2566/1053 1696/2567/1050 1694/2565/1053 
f 1697/2568/1054 1698/2569/1055 1699/2570/1056 
f 1699/2570/1056 1700/2571/1057 1701/2572/1058 
f 1701/2572/1058 1702/2573/1059 1703/2574/1060 
f 1704/2575/1061 1705/2576/1062 1706/2577/1063 
f 1707/2578/1064 1708/2579/1065 1705/2576/1062 
f 1709/2580/1066 1710/2581/1067 1708/2579/1065 
f 1711/2582/1054 1712/2583/1068 1713/2584/1068 
f 1713/2584/1068 1714/2585/1069 1715/2586/1070 
f 1715/2586/1070 1716/2587/1071 1717/2588/1072 
f 1718/2589/1073 1719/2590/1074 1720/2591/1075 
f 1721/2592/1074 1722/2593/1076 1719/2590/1074 
f 1723/2594/1076 1724/2595/1077 1722/2593/1076 
f 1725/2596/1078 1726/2597/1079 1727/2598/1080 
f 1728/2599/1079 1729/2600/1081 1726/2597/1079 
f 1730/2601/1081 1731/2602/1082 1729/2600/1081 
f 1732/2603/1083 1733/2604/1084 1734/2605/1084 
f 1734/2605/1084 1735/2606/1085 1736/2607/1086 
f 1736/2607/1086 1737/2608/1087 1738/2609/1088 
f 1739/2610/1078 1740/2611/1079 1741/2612/1080 
f 1742/2613/1089 1743/2614/1081 1740/2611/1079 
f 1744/2615/1090 1745/2616/1082 1743/2614/1081 
f 1746/2617/1083 1747/2618/1084 1748/2619/1084 
f 1748/2619/1084 1749/2620/1085 1750/2621/1091 
f 1750/2621/1091 1751/2622/1087 1752/2623/1088 
f 1753/2624/1092 1754/2625/1093 1755/2626/1094 
f 1755/2626/1094 1756/2627/1095 1757/2628/1096 
f 1757/2628/1096 1758/2629/1097 1759/2630/1098 
f 1760/2631/1078 1761/2632/1099 1762/2633/1100 
f 1763/2634/1099 1764/2635/1101 1761/2632/1099 
f 1765/2636/1101 1766/2637/1102 1764/2635/1101 
f 1767/2638/1073 1768/2639/1103 1769/2640/1075 
f 1770/2641/1103 1771/2642/1104 1768/2639/1103 
f 1772/2643/1104 1773/2644/1077 1771/2642/1104 
f 1774/2645/1054 1775/2646/1068 1776/2647/1068 
f 1776/2647/1068 1777/2648/1069 1778/2649/1070 
f 1778/2649/1070 1779/2650/1071 1780/2651/1105 
f 1781/2652/1106 1782/2653/1107 1783/2654/1106 
f 1784/2655/1108 1785/2656/1109 1782/2653/1107 
f 1786/2657/1110 1787/2658/1111 1785/2656/1109 
f 1788/2659/1112 1789/2660/1113 1790/2661/1114 
f 1790/2661/1114 1791/2662/1115 1792/2663/1116 
f 1792/2663/1116 1793/2664/1117 1794/2665/1118 
f 1795/2666/1106 1796/2667/1119 1797/2668/1120 
f 1798/2669/1119 1799/2670/1121 1796/2667/1119 
f 1800/2671/1121 1801/2672/1122 1799/2670/1121 
f 1802/2673/1123 1803/2674/1124 1804/2675/1123 
f 1805/2676/1124 1806/2677/1125 1803/2674/1124 
f 1807/2678/1125 1808/2679/1126 1806/2677/1125 
f 1809/2680/1127 1639/2510/1036 1633/2504/1026 
f 1810/2681/1128 1811/2682/1129 1634/2505/1027 
f 1604/2475/1012 1812/2683/1130 1605/2476/1013 
f 1813/2684/1131 1625/2496/1031 1619/2490/1026 
f 1590/2461/1012 1814/2685/1132 1591/2462/1013 
f 1815/2686/1133 1816/2687/1134 1585/2456/1008 
f 1817/2688/1130 1667/2538/1012 1661/2532/1019 
f 1818/2689/1128 1657/2528/1016 1819/2690/1128 
f 1646/2517/1036 1820/2691/1135 1647/2518/1032 
f 1821/2692/1133 1650/2693/1023 1822/2694/1133 
f 1689/2560/1052 1696/2567/1050 1823/2695/1136 
f 1824/2696/1137 1825/2697/1138 1675/2546/1044 
f 1826/2698/1139 1751/2622/1087 1745/2616/1082 
f 1827/2699/1133 1828/2700/1140 1746/2617/1083 
f 1716/2587/1071 1829/2701/1141 1717/2588/1072 
f 1830/2702/1139 1737/2608/1087 1731/2602/1082 
f 1703/2574/1060 1710/2581/1067 1831/2703/1142 
f 1832/2704/1143 1833/2705/1144 1697/2706/1054 
f 1834/2707/1141 1779/2650/1071 1773/2644/1077 
f 1769/2640/1075 1835/2708/1133 1767/2638/1073 
f 1759/2630/1098 1766/2637/1102 1836/2709/1145 
f 1762/2633/1100 1837/2710/1143 1760/2631/1078 
f 1838/2711/1146 1839/2712/1147 1801/2672/1122 
f 1840/2713/1148 1793/2664/1117 1787/2658/1111 
f 1841/2714/1149 1585/2715/1150 1587/2716/1151 
f 1842/2717/1152 1587/2716/1151 1589/2718/1153 
f 1842/2717/1152 1591/2719/1154 1843/2720/1154 
f 1844/2721/1155 1592/2722/1156 1845/2723/1156 
f 1846/2724/1157 1595/2725/1158 1844/2721/1155 
f 1846/2724/1157 1814/2726/1159 1597/2727/1157 
f 1847/2728/1160 1599/2729/1161 1601/2730/1162 
f 1848/2731/1153 1601/2730/1162 1603/2732/1153 
f 1848/2731/1153 1605/2733/1154 1849/2734/1154 
f 1850/2735/1163 1606/2736/1156 1851/2737/1156 
f 1852/2738/1164 1609/2739/1165 1850/2735/1163 
f 1852/2738/1164 1812/2740/1159 1611/2741/1166 
f 1853/2742/1167 1613/2743/1168 1854/2744/1168 
f 1855/2745/1169 1616/2746/1170 1853/2742/1167 
f 1855/2745/1169 1813/2747/1171 1618/2748/1172 
f 1856/2749/1173 1620/2750/1174 1622/2751/1175 
f 1857/2752/1176 1622/2751/1175 1624/2753/1177 
f 1857/2752/1176 1626/2754/1178 1858/2755/1178 
f 1859/2756/1170 1627/2757/1168 1860/2758/1179 
f 1861/2759/1172 1630/2760/1180 1859/2756/1170 
f 1861/2759/1172 1809/2761/1171 1632/2762/1181 
f 1862/2763/1173 1634/2764/1174 1636/2765/1182 
f 1863/2766/1176 1636/2765/1182 1638/2767/1177 
f 1863/2766/1176 1640/2768/1178 1864/2769/1178 
f 1865/2770/1173 1641/2771/1174 1643/2772/1175 
f 1866/2773/1176 1643/2772/1175 1645/2774/1177 
f 1866/2773/1176 1647/2775/1178 1867/2776/1178 
f 1868/2777/1183 1648/2778/1168 1869/2779/1168 
f 1870/2780/1172 1651/2781/1184 1868/2777/1183 
f 1870/2780/1172 1820/2782/1171 1653/2783/1169 
f 1871/2784/1155 1655/2785/1156 1872/2786/1156 
f 1873/2787/1164 1658/2788/1165 1871/2784/1155 
f 1873/2787/1164 1817/2789/1159 1660/2790/1166 
f 1874/2791/1151 1662/2792/1161 1664/2793/1185 
f 1875/2794/1153 1664/2793/1185 1666/2795/1152 
f 1875/2794/1153 1668/2796/1154 1876/2797/1154 
f 1877/2798/1186 1697/2799/1187 1699/2800/1188 
f 1878/2801/1189 1699/2800/1188 1701/2802/1189 
f 1878/2801/1189 1703/2803/1190 1879/2804/1190 
f 1880/2805/1191 1704/2806/1192 1881/2807/1193 
f 1882/2808/1194 1707/2809/1191 1880/2805/1191 
f 1882/2808/1194 1831/2810/1195 1709/2811/1196 
f 1883/2812/1197 1711/2813/1198 1713/2814/1197 
f 1884/2815/1199 1713/2814/1197 1715/2816/1200 
f 1884/2815/1199 1717/2817/1201 1885/2818/1201 
f 1886/2819/1202 1718/2820/1192 1887/2821/1193 
f 1888/2822/1203 1721/2823/1204 1886/2819/1202 
f 1888/2822/1203 1829/2824/1205 1723/2825/1206 
f 1889/2826/1207 1725/2827/1208 1890/2828/1208 
f 1891/2829/1209 1728/2830/1210 1889/2826/1207 
f 1891/2829/1209 1830/2831/1211 1730/2832/1212 
f 1892/2833/1213 1732/2834/1214 1734/2835/1215 
f 1893/2836/1216 1734/2835/1215 1736/2837/1217 
f 1893/2836/1216 1738/2838/1218 1894/2839/1218 
f 1895/2840/1207 1739/2841/1208 1896/2842/1208 
f 1897/2843/1219 1742/2844/1210 1895/2840/1207 
f 1897/2843/1219 1826/2845/1211 1744/2846/1212 
f 1898/2847/1220 1746/2848/1214 1748/2849/1215 
f 1899/2850/1216 1748/2849/1215 1750/2851/1221 
f 1899/2850/1216 1752/2852/1218 1900/2853/1218 
f 1901/2854/1222 1753/2855/1214 1755/2856/1222 
f 1902/2857/1223 1755/2856/1222 1757/2858/1224 
f 1902/2857/1223 1759/2859/1225 1903/2860/1226 
f 1904/2861/1227 1760/2862/1208 1905/2863/1208 
f 1906/2864/1228 1763/2865/1227 1904/2861/1227 
f 1906/2864/1228 1836/2866/1229 1765/2867/1230 
f 1907/2868/1204 1767/2869/1192 1908/2870/1192 
f 1909/2871/1206 1770/2872/1231 1907/2868/1204 
f 1909/2871/1206 1834/2873/1205 1772/2874/1203 
f 1910/2875/1197 1774/2876/1198 1776/2877/1197 
f 1911/2878/1199 1776/2877/1197 1778/2879/1199 
f 1911/2878/1199 1780/2880/1201 1912/2881/1201 
f 1913/2882/1174 1810/2883/1232 1634/2764/1174 
f 1914/2884/1171 1640/2768/1178 1809/2761/1171 
f 1915/2885/1159 1605/2733/1154 1812/2740/1159 
f 1916/2886/1171 1626/2754/1178 1813/2747/1171 
f 1917/2887/1161 1815/2888/1233 1585/2715/1150 
f 1918/2889/1159 1591/2719/1154 1814/2726/1159 
f 1919/2890/1159 1668/2796/1154 1817/2789/1159 
f 1872/2786/1156 1818/2891/1234 1920/2892/1234 
f 1869/2779/1168 1821/2893/1235 1921/2894/1235 
f 1922/2895/1171 1647/2775/1178 1820/2782/1171 
f 1923/2896/1214 1827/2897/1235 1746/2848/1214 
f 1924/2898/1211 1752/2852/1218 1826/2845/1211 
f 1925/2899/1205 1717/2817/1201 1829/2824/1205 
f 1926/2900/1211 1738/2838/1218 1830/2831/1211 
f 1927/2901/1187 1832/2902/1236 1697/2799/1187 
f 1928/2903/1195 1703/2803/1190 1831/2810/1195 
f 1908/2870/1192 1835/2904/1233 1929/2905/1233 
f 1930/2906/1205 1780/2880/1201 1834/2873/1205 
f 1931/2907/1237 1759/2859/1225 1836/2866/1229 
f 1905/2863/1208 1837/2908/1238 1932/2909/1238 
f 1933/2910/1239 1934/2911/1235 1732/2834/1214 
f 1887/2821/1193 1935/2912/1233 1936/2913/1233 
f 1937/2914/1140 1934/2915/1133 1938/2916/1133 
f 1720/2591/1075 1935/2917/1133 1718/2589/1073 
f 1939/2918/1214 1821/2893/1235 1753/2855/1214 
f 1881/2807/1193 1815/2888/1233 1940/2919/1233 
f 1941/2920/1140 1821/2692/1133 1822/2694/1133 
f 1706/2577/1063 1815/2686/1133 1704/2575/1061 
f 1942/2921/1161 1835/2904/1233 1662/2792/1161 
f 1860/2758/1179 1827/2897/1235 1943/2922/1235 
f 1835/2708/1133 1944/2923/1134 1662/2533/1008 
f 1827/2699/1133 1629/2500/1023 1945/2924/1133 
f 1946/2925/1174 1947/2926/1232 1620/2750/1174 
f 1851/2737/1156 1948/2927/1234 1949/2928/1234 
f 1947/2929/1128 1950/2930/1129 1620/2491/1027 
f 1948/2931/1128 1608/2932/1016 1951/2933/1128 
f 1952/2934/1174 1953/2935/1232 1641/2771/1174 
f 1845/2723/1156 1954/2936/1234 1955/2937/1234 
f 1953/2938/1128 1956/2939/1129 1641/2512/1027 
f 1954/2940/1128 1594/2941/1016 1957/2942/1128 
f 1958/2943/1198 1959/2944/1236 1774/2876/1198 
f 1896/2842/1208 1960/2945/1238 1961/2946/1238 
f 1962/2947/1240 1959/2948/1143 1963/2949/1143 
f 1741/2612/1080 1960/2950/1143 1739/2610/1078 
f 1964/2951/1241 1965/2952/1242 1966/2953/1243 
f 1967/2954/1244 1968/2955/1245 1969/2956/1246 
f 1970/2957/1147 1971/2958/1247 1972/2959/1248 
f 1972/2959/1248 1973/2960/1249 1974/2961/1250 
f 1975/2962/1251 1973/2960/1249 1976/2963/1112 
f 1966/2953/1243 1977/2964/1252 1978/2965/1253 
f 1978/2965/1253 1979/2966/1254 1980/2967/1255 
f 1981/2968/1256 1979/2966/1254 1982/2969/1106 
f 1983/2970/1136 1984/2971/1048 1985/2972/1257 
f 1985/2972/1257 1986/2973/1258 1987/2974/1259 
f 1988/2975/1045 1986/2973/1258 1989/2976/1045 
f 1969/2956/1246 1990/2977/1260 1991/2978/1043 
f 1991/2978/1043 1992/2979/1261 1993/2980/1262 
f 1994/2981/1263 1992/2979/1261 1995/2982/1264 
f 1996/2983/1198 1997/2984/1236 1711/2813/1198 
f 1935/2917/1133 1998/2985/1134 1599/2470/1008 
f 1999/2986/1150 1935/2912/1233 1599/2729/1161 
f 1854/2744/1168 1934/2911/1235 2000/2987/1235 
f 2001/2988/1143 1727/2598/1080 2002/2989/1143 
f 2003/2990/1240 1997/2991/1143 2004/2992/1143 
f 1890/2828/1208 2001/2993/1238 2005/2994/1238 
f 1934/2915/1133 1615/2486/1023 1938/2916/1133 
f 2006/2995/1265 2007/2996/1266 2008/2997/1265 
f 2009/2998/1267 2010/2999/1268 2011/3000/1268 
f 2012/3001/1269 2013/3002/1270 2014/3003/1269 
f 2015/3004/1271 2016/3005/1272 2017/3006/1272 
f 2018/3007/1273 2019/3008/1274 2020/3009/1274 
f 2021/3010/1267 2022/3011/1275 2023/3012/1267 
f 2024/3013/1276 2025/3014/1277 2026/3015/1276 
f 2027/3016/1278 2028/3017/1279 2029/3018/1279 
f 2030/3019/1280 2031/3020/1268 2032/3021/1268 
f 2033/3022/1281 2034/3023/1280 2030/3019/1280 
f 2035/3024/1282 2036/3025/1283 2033/3022/1281 
f 2037/3026/1284 2014/3003/1269 2038/3027/1284 
f 2039/3028/1285 2038/3027/1284 2040/3029/1286 
f 2041/3030/1287 2040/3029/1286 2042/3031/1288 
f 2043/3032/1289 2044/3033/1268 2045/3034/1268 
f 2046/3035/1290 2047/3036/1289 2043/3032/1289 
f 2048/3037/1291 2049/3038/1292 2046/3035/1290 
f 2050/3039/1284 2051/3040/1269 2052/3041/1293 
f 2053/3042/1285 2052/3041/1293 2054/3043/1286 
f 2055/3044/1294 2054/3043/1286 2056/3045/1295 
f 2057/3046/1280 2011/3000/1268 2010/2999/1268 
f 2058/3047/1281 2059/3048/1280 2057/3046/1280 
f 2060/3049/1291 2061/3050/1283 2058/3047/1281 
f 2062/3051/1284 2063/3052/1269 2064/3053/1293 
f 2065/3054/1285 2064/3053/1293 2066/3055/1286 
f 2067/3056/1294 2066/3055/1286 2068/3057/1295 
f 2069/3058/1296 2008/2997/1265 2070/3059/1297 
f 2071/3060/1298 2070/3059/1297 2072/3061/1299 
f 2073/3062/1300 2072/3061/1299 2074/3063/1301 
f 2075/3064/1302 2076/3065/1271 2077/3066/1271 
f 2078/3067/1303 2079/3068/1302 2075/3064/1302 
f 2080/3069/1304 2081/3070/1305 2078/3067/1303 
f 2082/3071/1306 2083/3072/1265 2084/3073/1306 
f 2085/3074/1298 2084/3073/1306 2086/3075/1299 
f 2087/3076/1307 2086/3075/1299 2088/3077/1308 
f 2089/3078/1309 2090/3079/1271 2091/3080/1271 
f 2092/3081/1303 2093/3082/1309 2089/3078/1309 
f 2094/3083/1310 2095/3084/1305 2092/3081/1303 
f 2096/3085/1306 2097/3086/1265 2098/3087/1306 
f 2099/3088/1298 2098/3087/1306 2100/3089/1299 
f 2101/3090/1307 2100/3089/1299 2102/3091/1308 
f 2103/3092/1309 2104/3093/1271 2015/3004/1271 
f 2105/3094/1303 2106/3095/1309 2103/3092/1309 
f 2107/3096/1310 2108/3097/1305 2105/3094/1303 
f 2109/3098/1311 2110/3099/1312 2111/3100/1312 
f 2112/3101/1313 2113/3102/1311 2109/3098/1311 
f 2114/3103/1314 2115/3104/1315 2112/3101/1313 
f 2116/3105/1316 2117/3106/1275 2118/3107/1316 
f 2119/3108/1317 2118/3107/1316 2120/3109/1318 
f 2121/3110/1319 2120/3109/1318 2122/3111/1320 
f 2123/3112/1311 2124/3113/1312 2125/3114/1312 
f 2126/3115/1313 2127/3116/1321 2123/3112/1311 
f 2128/3117/1322 2129/3118/1323 2126/3115/1313 
f 2130/3119/1324 2131/3120/1275 2132/3121/1324 
f 2133/3122/1317 2132/3121/1324 2134/3123/1317 
f 2135/3124/1325 2134/3123/1317 2136/3125/1320 
f 2137/3126/1326 2138/3127/1278 2027/3016/1278 
f 2139/3128/1327 2140/3129/1326 2137/3126/1326 
f 2141/3130/1328 2142/3131/1327 2139/3128/1327 
f 2143/3132/1329 2144/3133/1330 2145/3134/1329 
f 2146/3135/1331 2145/3134/1329 2147/3136/1331 
f 2148/3137/1332 2147/3136/1331 2149/3138/1332 
f 2150/3139/1333 2151/3140/1277 2152/3141/1334 
f 2153/3142/1335 2152/3141/1334 2154/3143/1335 
f 2155/3144/1336 2154/3143/1335 2156/3145/1337 
f 2157/3146/1338 2158/3147/1274 2159/3148/1339 
f 2160/3149/1340 2161/3150/1338 2157/3146/1338 
f 2162/3151/1341 2163/3152/1342 2160/3149/1340 
f 2164/3153/1343 2165/3154/1344 2166/3155/1343 
f 2167/3156/1345 2166/3155/1343 2168/3157/1346 
f 2169/3158/1347 2168/3157/1346 2170/3159/1348 
f 2171/3160/1349 2172/3161/1274 2173/3162/1274 
f 2174/3163/1350 2175/3164/1349 2171/3160/1349 
f 2176/3165/1351 2177/3166/1352 2174/3163/1350 
f 2178/3167/1343 2179/3168/1344 2180/3169/1343 
f 2181/3170/1345 2180/3169/1343 2182/3171/1346 
f 2183/3172/1347 2182/3171/1346 2184/3173/1348 
f 2185/3174/1353 2020/3009/1274 2019/3008/1274 
f 2186/3175/1350 2187/3176/1349 2185/3174/1353 
f 2188/3177/1351 2189/3178/1352 2186/3175/1350 
f 2041/3030/1287 2190/3179/1282 2035/3024/1282 
f 2088/3077/1308 2094/3083/1310 2087/3076/1307 
f 2055/3044/1294 2191/3180/1291 2048/3037/1291 
f 2074/3063/1301 2080/3069/1304 2073/3062/1300 
f 2102/3091/1308 2107/3096/1310 2101/3090/1307 
f 2067/3056/1294 2192/3181/1291 2060/3049/1291 
f 2114/3103/1314 2122/3111/1320 2193/3182/1354 
f 2194/3183/1351 2169/3158/1347 2170/3159/1348 
f 1720/3184/1355 2195/3185/1355 2196/3186/1355 
f 2128/3117/1322 2136/3125/1320 2197/3187/1322 
f 2156/3145/1337 2162/3151/1341 2155/3144/1336 
f 2198/3188/1351 2183/3172/1347 2184/3173/1348 
f 2141/3130/1328 2149/3138/1332 2199/3189/1328 
f 2200/3190/1275 2201/3191/1356 2131/3120/1275 
f 2202/3192/1330 2009/2998/1267 2144/3133/1330 
f 2159/3148/1339 2007/2996/1266 2203/3193/1266 
f 2032/3021/1268 2021/3010/1267 2023/3012/1267 
f 2204/3194/1265 2018/3007/1273 2097/3086/1265 
f 2091/3080/1271 2205/3195/1272 2206/3196/1272 
f 2207/3197/1269 2208/3198/1270 2051/3040/1269 
f 2077/3066/1271 2209/3199/1272 2210/3200/1272 
f 2211/3201/1269 2212/3202/1270 2063/3052/1269 
f 2213/3203/1344 2214/3204/1357 2179/3168/1344 
f 2111/3100/1312 2215/3205/1358 2216/3206/1358 
f 2201/3191/1356 2045/3034/1268 2044/3033/1268 
f 1998/3207/1355 2195/3185/1355 2217/3208/1355 
f 2218/3209/1358 2125/3114/1312 2124/3113/1312 
f 2219/3210/1357 2220/3211/1344 2221/3212/1357 
f 1629/3213/1359 2023/3214/1359 1945/3215/1359 
f 2023/3214/1359 1828/3216/1359 1945/3215/1359 
f 2021/3217/1360 2222/3218/1360 2117/3219/1361 
f 1615/3220/1359 2223/3221/1359 1938/3222/1359 
f 1937/3223/1359 2223/3221/1359 2200/3224/1359 
f 2224/3225/1360 2225/3226/1360 2226/3227/1360 
f 2009/3228/1360 2227/3229/1360 2144/3230/1362 
f 1816/3231/1355 2203/3232/1355 2006/3233/1355 
f 1706/3234/1355 2203/3232/1355 2228/3235/1355 
f 2007/3236/1360 2229/3237/1360 2008/3238/1363 
f 2230/3239/1143 2016/3240/1143 2104/3241/1364 
f 1769/3242/1355 2231/3243/1355 2232/3244/1355 
f 2233/3245/1360 2018/3246/1360 2234/3247/1360 
f 2231/3243/1355 1944/3248/1355 2232/3244/1355 
f 2209/3249/1143 2235/3250/1143 2236/3251/1143 
f 1650/3252/1359 2237/3253/1359 1822/3254/1359 
f 1941/3255/1359 2237/3253/1359 2202/3256/1359 
f 2238/3257/1360 2009/3228/1360 2011/3258/1365 
f 1608/3259/1355 2206/3260/1355 1951/3261/1355 
f 2239/3262/1366 2240/3263/1143 2241/3264/1143 
f 1594/3265/1355 2210/3266/1355 1957/3267/1355 
f 2242/3268/1143 2212/3269/1143 2243/3270/1143 
f 1657/3271/1355 2017/3272/1355 1819/3273/1355 
f 2214/3274/1128 2244/3275/1128 2179/3276/1367 
f 2245/3277/1359 1956/3278/1359 2246/3279/1359 
f 2024/3280/1128 2247/3281/1128 2151/3282/1368 
f 2215/3283/1128 2248/3284/1128 2249/3285/1128 
f 1811/3286/1359 2250/3287/1359 2012/3288/1359 
f 2251/3289/1359 1950/3290/1359 2252/3291/1359 
f 2229/3237/1360 1671/2542/1039 2008/3238/1363 
f 2253/3292/1360 2254/3293/1112 2255/3294/1360 
f 2256/3295/1360 1975/2962/1251 2257/3296/1360 
f 2230/3239/1143 1690/2561/1047 2258/3297/1143 
f 2244/3275/1128 1797/2668/1120 2179/3276/1367 
f 2248/3284/1128 1795/2666/1106 2259/3298/1128 
f 2205/3299/1143 2260/3300/1143 2261/3301/1143 
f 2262/3302/1143 2208/3303/1143 2263/3304/1143 
f 2227/3229/1360 1788/2659/1112 2144/3230/1362 
f 2238/3257/1360 1669/2540/1039 2264/3305/1360 
f 2221/3306/1355 2003/3307/1355 2004/3308/1355 
f 2265/3309/1128 2266/3310/1369 2267/3311/1128 
f 2026/3312/1355 1833/3313/1355 2268/3314/1355 
f 2028/3315/1128 2269/3316/1128 2270/3317/1128 
f 2271/3318/1370 2272/3319/1133 2273/3320/1133 
f 1962/3321/1355 2274/3322/1355 2213/3323/1355 
f 1762/3324/1359 2029/3325/1359 2275/3326/1359 
f 2276/3327/1143 2277/3328/1371 2278/3329/1143 
f 1741/3330/1359 2216/3331/1359 2279/3332/1359 
f 2280/3333/1143 2281/3334/1372 2282/3335/1143 
f 1727/3336/1359 2283/3337/1359 2002/3338/1359 
f 2284/3339/1373 2285/3340/1128 2286/3341/1128 
f 2269/3316/1128 1781/2652/1106 2287/3342/1128 
f 2247/3281/1128 1783/2654/1106 2151/3282/1368 
f 2225/3226/1360 2256/3295/1360 2226/3227/1360 
f 2288/3343/1360 1683/2554/1039 2289/3344/1360 
f 2233/3245/1360 1685/2556/1039 2097/3345/1363 
f 2018/3246/1360 2290/3346/1360 2234/3247/1360 
f 2013/3347/1143 2291/3348/1143 2014/3349/1374 
f 2219/3350/1128 2292/3351/1128 2165/3352/1367 
f 2293/3353/1128 2218/3354/1128 2124/3355/1375 
f 2235/3250/1143 1676/2547/1045 2294/3356/1143 
f 2007/3236/1360 2253/3292/1360 2295/3357/1360 
f 1683/2554/1039 2034/3358/1376 1686/2557/1041 
f 2032/3359/1359 1628/3360/1359 2030/3361/1359 
f 2033/3362/1359 1633/3363/1359 2035/3364/1359 
f 1688/2559/1051 2190/3365/1377 2296/3366/1378 
f 1639/3367/1359 2035/3364/1359 1633/3363/1359 
f 2190/3365/1377 1696/2567/1050 2296/3366/1378 
f 1686/2557/1041 2036/3368/1379 1688/2559/1051 
f 2030/3361/1359 1631/3369/1359 2033/3362/1359 
f 2039/3370/1359 1639/3367/1359 1637/3371/1359 
f 1694/2565/1053 2042/3372/1380 2040/3373/1381 
f 2012/3288/1359 1635/3374/1359 1811/3286/1359 
f 1692/2563/1047 2038/3375/1382 2014/3349/1374 
f 2037/3376/1359 1637/3371/1359 1635/3374/1359 
f 1691/2562/1046 2040/3373/1381 2038/3375/1382 
f 1988/2975/1045 2093/3377/1383 1987/2974/1259 
f 2091/3378/1355 1607/3379/1355 2089/3380/1355 
f 2092/3381/1355 1612/3382/1355 2094/3383/1355 
f 1985/2972/1257 2297/3384/1384 1983/2970/1136 
f 2087/3385/1355 1612/3382/1355 1604/3386/1355 
f 1968/2955/1245 2297/3384/1384 2088/3387/1385 
f 1987/2974/1259 2095/3388/1386 1985/2972/1257 
f 2089/3380/1355 1610/3389/1355 2092/3381/1355 
f 2085/3390/1355 1604/3386/1355 1602/3391/1355 
f 1990/2977/1260 2088/3387/1385 2086/3392/1387 
f 2217/3208/1355 1600/3393/1355 1998/3207/1355 
f 1995/2982/1264 2084/3394/1388 2083/3395/1363 
f 2082/3396/1355 1602/3391/1355 1600/3393/1355 
f 1992/2979/1261 2086/3392/1387 2084/3394/1388 
f 1994/2981/1263 2047/3397/1376 1993/2980/1262 
f 2045/3398/1359 1614/3399/1359 2043/3400/1359 
f 2046/3401/1359 1619/3402/1359 2048/3403/1359 
f 1991/2978/1043 2191/3404/1389 1969/2956/1246 
f 1625/3405/1359 2048/3403/1359 1619/3402/1359 
f 2191/3404/1389 1967/2954/1244 1969/2956/1246 
f 1993/2980/1262 2049/3406/1379 1991/2978/1043 
f 2043/3400/1359 1617/3407/1359 2046/3401/1359 
f 2053/3408/1359 1625/3405/1359 1623/3409/1359 
f 1984/2971/1048 2056/3410/1380 2054/3411/1390 
f 2207/3412/1359 1621/3413/1359 1950/3290/1359 
f 1989/2976/1045 2052/3414/1382 2051/3415/1391 
f 2050/3416/1359 1623/3409/1359 1621/3413/1359 
f 1986/2973/1258 2054/3411/1390 2052/3414/1382 
f 1676/2547/1045 2079/3417/1383 1679/2550/1046 
f 2077/3418/1355 1593/3419/1355 2075/3420/1355 
f 2078/3421/1355 1598/3422/1355 2080/3423/1355 
f 1681/2552/1049 2298/3424/1384 1825/2697/1138 
f 2073/3425/1355 1598/3422/1355 1590/3426/1355 
f 1675/2546/1044 2298/3424/1384 2074/3427/1385 
f 1679/2550/1046 2081/3428/1386 1681/2552/1049 
f 2075/3420/1355 1596/3429/1355 2078/3421/1355 
f 2071/3430/1355 1590/3426/1355 1588/3431/1355 
f 1673/2544/1042 2074/3427/1385 2072/3432/1387 
f 2006/3233/1355 1586/3433/1355 1816/3231/1355 
f 1671/2542/1039 2070/3434/1388 2008/3238/1363 
f 2069/3435/1355 1588/3431/1355 1586/3433/1355 
f 1670/2541/1040 2072/3432/1387 2070/3434/1388 
f 1690/2561/1047 2106/3436/1383 1693/2564/1046 
f 2015/3437/1355 1656/3438/1355 2103/3439/1355 
f 2105/3440/1355 1661/3441/1355 2107/3442/1355 
f 1695/2566/1053 2299/3443/1384 1823/2695/1136 
f 2101/3444/1355 1661/3441/1355 1667/3445/1355 
f 1689/2560/1052 2299/3443/1384 2102/3446/1385 
f 1693/2564/1046 2108/3447/1386 1695/2566/1053 
f 2103/3439/1355 1659/3448/1355 2105/3440/1355 
f 2099/3449/1355 1667/3445/1355 1665/3450/1355 
f 1687/2558/1051 2102/3446/1385 2100/3451/1387 
f 2204/3452/1355 1663/3453/1355 1944/3248/1355 
f 1685/2556/1039 2098/3454/1388 2097/3345/1363 
f 2096/3455/1355 1665/3450/1355 1663/3453/1355 
f 1684/2555/1041 2100/3451/1387 2098/3454/1388 
f 1669/2540/1039 2059/3456/1376 1672/2543/1041 
f 2010/3457/1359 1649/3458/1359 2057/3459/1359 
f 2058/3460/1359 1654/3461/1359 2060/3462/1359 
f 1674/2545/1043 2192/3463/1389 1824/2696/1137 
f 2060/3462/1359 1646/3464/1359 2067/3465/1359 
f 2192/3463/1389 1682/2553/1050 1824/2696/1137 
f 1672/2543/1041 2061/3466/1379 1674/2545/1043 
f 2057/3459/1359 1652/3467/1359 2058/3460/1359 
f 2065/3468/1359 1646/3464/1359 1644/3469/1359 
f 1680/2551/1048 2068/3470/1380 2066/3471/1390 
f 2211/3472/1392 1642/3473/1359 1956/3278/1359 
f 1678/2549/1047 2064/3474/1382 2063/3475/1391 
f 2062/3476/1359 1644/3469/1359 1642/3473/1359 
f 1677/2548/1046 2066/3471/1390 2064/3474/1382 
f 1795/2666/1106 2113/3477/1393 1798/2669/1119 
f 2111/3478/1359 1740/3479/1359 2109/3480/1359 
f 2112/3481/1359 1745/3482/1359 2114/3483/1359 
f 1800/2671/1121 2193/3484/1394 1838/2711/1146 
f 2121/3485/1359 1745/3482/1359 1751/3486/1359 
f 1838/2711/1146 2122/3487/1395 1808/2679/1126 
f 1798/2669/1119 2115/3488/1396 1800/2671/1121 
f 2109/3480/1359 1743/3489/1359 2112/3481/1359 
f 2119/3490/1359 1751/3486/1359 1749/3491/1359 
f 1806/2677/1125 2122/3487/1395 2120/3492/1397 
f 2022/3493/1359 1747/3494/1359 1828/3216/1359 
f 1804/2675/1123 2118/3495/1398 2117/3219/1361 
f 2116/3496/1359 1749/3491/1359 1747/3494/1359 
f 1803/2674/1124 2120/3492/1397 2118/3495/1398 
f 1975/2962/1251 2175/3497/1399 1974/2961/1250 
f 2173/3498/1355 1719/3499/1355 2171/3500/1355 
f 2174/3501/1355 1724/3502/1355 2176/3503/1355 
f 1972/2959/1248 2194/3504/1400 1970/2957/1147 
f 1716/3505/1355 2176/3503/1355 1724/3502/1355 
f 1965/2952/1242 2194/3504/1400 2170/3506/1401 
f 1974/2961/1250 2177/3507/1402 1972/2959/1248 
f 2171/3500/1355 1722/3508/1355 2174/3501/1355 
f 2167/3509/1355 1716/3505/1355 1714/3510/1355 
f 1977/2964/1252 2170/3506/1401 2168/3511/1403 
f 2220/3512/1355 1712/3513/1355 2003/3307/1355 
f 1982/2969/1106 2166/3514/1404 2165/3352/1367 
f 2164/3515/1355 1714/3510/1355 1712/3513/1355 
f 1979/2966/1254 2168/3511/1403 2166/3514/1404 
f 1981/2968/1256 2127/3516/1393 1980/2967/1255 
f 2125/3517/1359 1726/3518/1359 2123/3519/1359 
f 2126/3520/1359 1731/3521/1359 2128/3522/1359 
f 1978/2965/1253 2197/3523/1394 1966/2953/1243 
f 2135/3524/1359 1731/3521/1359 1737/3525/1359 
f 2197/3523/1394 1964/2951/1241 1966/2953/1243 
f 1980/2967/1255 2129/3526/1396 1978/2965/1253 
f 2123/3519/1359 1729/3527/1359 2126/3520/1359 
f 2133/3528/1359 1737/3525/1359 1735/3529/1359 
f 1971/2958/1247 2136/3530/1395 2134/3531/1397 
f 2200/3224/1359 1733/3532/1359 1937/3223/1359 
f 1976/2963/1112 2132/3533/1398 2131/3534/1361 
f 2130/3535/1359 1735/3529/1359 1733/3532/1359 
f 1973/2960/1249 2134/3531/1397 2132/3533/1398 
f 2254/3293/1112 2161/3536/1405 1789/2660/1113 
f 2159/3537/1355 1705/3538/1355 2157/3539/1355 
f 2160/3540/1355 1710/3541/1355 2162/3542/1355 
f 1791/2662/1115 2300/3543/1406 1793/2664/1117 
f 2155/3544/1355 1710/3541/1355 1702/3545/1355 
f 2156/3546/1407 1793/2664/1117 2300/3543/1406 
f 1789/2660/1113 2163/3547/1408 1791/2662/1115 
f 2157/3539/1355 1708/3548/1355 2160/3540/1355 
f 2153/3549/1355 1702/3545/1355 1700/3550/1355 
f 1785/2656/1109 2156/3546/1407 2154/3551/1409 
f 2025/3552/1355 1698/3553/1355 1833/3313/1355 
f 1783/2654/1106 2152/3554/1410 2151/3282/1368 
f 2150/3555/1355 1700/3550/1355 1698/3553/1355 
f 1782/2653/1107 2154/3551/1409 2152/3554/1410 
f 1802/2673/1123 2187/3556/1399 1805/2676/1124 
f 2019/3557/1355 1768/3558/1355 2185/3559/1355 
f 2186/3560/1355 1773/3561/1355 2188/3562/1355 
f 1807/2678/1125 2198/3563/1400 1839/2712/1147 
f 1779/3564/1355 2188/3562/1355 1773/3561/1355 
f 2184/3565/1401 1839/2712/1147 2198/3563/1400 
f 1805/2676/1124 2189/3566/1402 1807/2678/1125 
f 2185/3559/1355 1771/3567/1355 2186/3560/1355 
f 2181/3568/1355 1779/3564/1355 1777/3569/1355 
f 1799/2670/1121 2184/3565/1401 2182/3570/1403 
f 2213/3323/1355 1775/3571/1355 1962/3321/1355 
f 1797/2668/1120 2180/3572/1404 2179/3276/1367 
f 2178/3573/1355 1777/3569/1355 1775/3571/1355 
f 1796/2667/1119 2182/3570/1403 2180/3572/1404 
f 1781/2652/1106 2140/3574/1411 1784/2655/1108 
f 2027/3575/1359 1761/3576/1359 2137/3577/1359 
f 2139/3578/1359 1766/3579/1359 2141/3580/1359 
f 1786/2657/1110 2199/3581/1412 1840/2713/1148 
f 1766/3579/1359 2148/3582/1359 2141/3580/1359 
f 1840/2713/1148 2149/3583/1413 1794/2665/1118 
f 1784/2655/1108 2142/3584/1414 1786/2657/1110 
f 2137/3577/1359 1764/3585/1359 2139/3578/1359 
f 2146/3586/1359 1758/3587/1359 1756/3588/1359 
f 1792/2663/1116 2149/3583/1413 2147/3589/1415 
f 2202/3256/1359 1754/3590/1359 1941/3255/1359 
f 1788/2659/1112 2145/3591/1416 2144/3230/1362 
f 2143/3592/1392 1756/3588/1359 1754/3590/1359 
f 1790/2661/1114 2147/3589/1415 2145/3591/1416 
f 2301/3593/1417 2238/3594/1417 2264/3595/1418 
f 2302/3596/1419 2233/3597/1420 2303/3598/1419 
f 2304/3599/1417 2288/3600/1418 2289/3601/1418 
f 2305/3602/1420 2224/3603/1420 2306/3604/1419 
f 2307/3605/1421 2308/3606/1422 2309/3607/1418 
f 2310/3608/1423 2260/3609/1424 2311/3610/1424 
f 2312/3611/1425 2262/3612/1425 2313/3613/1426 
f 2314/3614/1424 2230/3615/1424 2258/3616/1424 
f 2315/3617/1427 2291/3618/1426 2316/3619/1426 
f 2317/3620/1428 2229/3621/1429 2318/3622/1419 
f 2319/3623/1423 2235/3624/1430 2294/3625/1424 
f 2320/3626/1427 2242/3627/1431 2321/3628/1426 
f 2322/3629/1432 2227/3630/1433 2323/3631/1432 
f 2324/3632/1434 2290/3633/1435 2325/3634/1434 
f 2326/3635/1436 2222/3636/1437 2327/3637/1437 
f 2328/3638/1438 2256/3639/1434 2257/3640/1434 
f 2329/3641/1432 2330/3642/1433 2331/3643/1432 
f 2332/3644/1439 2292/3645/1440 2333/3646/1441 
f 2334/3647/1442 2293/3648/1443 2335/3649/1444 
f 2336/3650/1439 2244/3651/1440 2337/3652/1440 
f 2338/3653/1442 2248/3654/1444 2259/3655/1444 
f 2339/3656/1438 2253/3657/1438 2255/3658/1434 
f 2340/3659/1445 2247/3660/1446 2341/3661/1447 
f 2342/3662/1448 2269/3663/1448 2287/3664/1448 
f 2343/3665/1449 2304/3666/1449 2289/3667/1449 
f 2234/3668/1450 2303/3598/1451 2233/3597/1450 
f 2344/3669/1452 2345/3670/1453 2346/3671/1452 
f 2226/3672/1451 2306/3604/1450 2224/3603/1450 
f 2347/3673/1449 2307/3674/1449 2309/3675/1449 
f 2348/3676/1453 2349/3677/1453 2350/3678/1454 
f 2351/3679/1455 2310/3680/1455 2311/3681/1455 
f 2263/3682/1456 2313/3613/1457 2262/3612/1457 
f 2261/3683/1458 2352/3684/1459 2353/3685/1458 
f 2354/3686/1455 2314/3687/1455 2258/3688/1455 
f 2355/3689/1460 2316/3619/1461 2291/3618/1461 
f 2356/3690/1462 2357/3691/1462 2358/3692/1462 
f 2359/3693/1449 2301/3694/1449 2264/3695/1449 
f 2295/3696/1450 2318/3622/1450 2229/3621/1450 
f 2360/3697/1453 2361/3698/1453 2362/3699/1453 
f 2363/3700/1455 2319/3701/1455 2294/3702/1455 
f 2243/3703/1456 2321/3628/1463 2242/3627/1460 
f 2236/3704/1459 2364/3705/1464 2365/3706/1459 
f 2366/3707/1465 2324/3708/1465 2325/3709/1465 
f 2234/3668/1450 2367/3710/1451 2368/3711/1450 
f 2344/3669/1452 2327/3637/1453 2222/3636/1453 
f 2369/3712/1465 2328/3713/1465 2257/3714/1465 
f 2226/3672/1451 2370/3715/1466 2371/3716/1450 
f 2348/3676/1453 2331/3643/1453 2330/3642/1453 
f 2372/3717/1467 2373/3718/1468 2374/3719/1469 
f 2375/3720/1470 2334/3721/1470 2335/3722/1470 
f 2376/3723/1471 2333/3724/1472 2292/3725/1472 
f 2377/3726/1470 2338/3727/1470 2259/3728/1470 
f 2249/3729/1473 2378/3730/1474 2379/3731/1473 
f 2380/3732/1475 2337/3652/1475 2244/3651/1475 
f 2381/3733/1465 2339/3734/1465 2255/3735/1465 
f 2295/3696/1450 2382/3736/1450 2383/3737/1450 
f 2360/3697/1453 2323/3631/1453 2227/3630/1453 
f 2287/3738/1476 2340/3739/1477 2342/3740/1476 
f 2270/3741/1478 2384/3742/1479 2385/3743/1478 
f 2386/3744/1480 2341/3661/1481 2247/3660/1481 
f 2362/3745/1355 2387/3746/1355 2323/3747/1355 
f 2388/3748/1355 2362/3745/1355 2361/3749/1355 
f 2327/3750/1355 2389/3751/1355 2390/3752/1355 
f 2346/3753/1355 2391/3754/1355 2389/3751/1355 
f 2021/3217/1360 2288/3343/1360 2344/3755/1360 
f 2350/3756/1355 2392/3757/1355 2331/3758/1355 
f 2350/3756/1355 2393/3759/1355 2394/3760/1355 
f 2201/3761/1360 2330/3762/1360 2131/3534/1361 
f 2308/3763/1360 2201/3761/1360 2044/3764/1365 
f 2368/3765/1359 2395/3766/1359 2396/3767/1359 
f 2397/3768/1359 2368/3765/1359 2396/3767/1359 
f 2371/3769/1359 2398/3770/1359 2399/3771/1359 
f 2400/3772/1359 2371/3769/1359 2399/3771/1359 
f 2383/3773/1359 2401/3774/1359 2402/3775/1359 
f 2403/3776/1359 2383/3773/1359 2402/3775/1359 
f 2404/3777/1359 2352/3778/1359 2405/3779/1359 
f 2406/3780/1359 2357/3781/1359 2407/3782/1359 
f 2365/3783/1359 2408/3784/1359 2409/3785/1359 
f 2321/3786/1355 2410/3787/1355 2411/3788/1355 
f 2313/3789/1355 2412/3790/1355 2413/3791/1355 
f 2414/3792/1355 2415/3793/1355 2416/3794/1355 
f 2417/3795/1359 2418/3796/1359 2333/3797/1359 
f 2419/3798/1359 2420/3799/1359 2337/3800/1359 
f 2341/3801/1359 2421/3802/1359 2422/3803/1359 
f 2385/3804/1355 2423/3805/1355 2424/3806/1355 
f 2425/3807/1355 2374/3808/1355 2373/3809/1355 
f 2378/3810/1355 2426/3811/1355 2379/3812/1355 
f 2427/3813/1482 2361/3749/1482 2301/3814/1482 
f 2427/3815/1128 2317/3816/1128 2428/3817/1128 
f 2359/3818/1360 1669/2540/1039 1671/2542/1039 
f 2397/3768/1483 2302/3819/1483 2303/3820/1483 
f 2429/3821/1128 2304/3822/1128 2302/3823/1128 
f 2343/3824/1360 1683/2554/1039 1685/2556/1039 
f 2345/3825/1482 2430/3826/1482 2391/3754/1482 
f 2306/3827/1483 2431/3828/1483 2305/3829/1483 
f 2307/3830/1128 2431/3831/1128 2432/3832/1128 
f 1994/2981/1263 2347/3833/1360 2309/3834/1360 
f 2308/3763/1360 1994/2981/1263 2309/3834/1360 
f 2349/3835/1482 2432/3836/1482 2393/3759/1482 
f 2311/3837/1143 1989/2976/1045 2351/3838/1143 
f 2433/3839/1484 2352/3778/1484 2310/3840/1484 
f 2310/3841/1133 2434/3842/1133 2433/3843/1133 
f 2413/3791/1485 2312/3844/1485 2313/3789/1485 
f 2435/3845/1484 2357/3781/1484 2314/3846/1484 
f 2435/3847/1133 2315/3848/1133 2436/3849/1133 
f 2354/3850/1143 1690/2561/1047 1692/2563/1047 
f 2414/3792/1485 2315/3851/1485 2316/3852/1485 
f 2318/3853/1483 2428/3854/1483 2317/3855/1483 
f 2437/3856/1484 2364/3857/1484 2319/3858/1484 
f 2437/3859/1133 2320/3860/1133 2438/3861/1133 
f 1678/2549/1047 2294/3356/1143 1676/2547/1045 
f 2411/3788/1485 2320/3862/1485 2321/3786/1485 
f 2323/3747/1486 2439/3863/1486 2322/3864/1486 
f 2339/3865/1143 2439/3866/1143 2440/3867/1143 
f 2255/3294/1360 1788/2659/1112 2381/3868/1360 
f 1802/2673/1123 2366/3869/1360 2325/3870/1360 
f 2324/3871/1487 2395/3766/1487 2367/3872/1487 
f 2441/3873/1143 2326/3874/1143 2442/3875/1143 
f 2326/3876/1486 2390/3752/1486 2442/3877/1486 
f 2443/3878/1487 2370/3879/1487 2328/3880/1487 
f 2329/3881/1143 2443/3882/1143 2328/3883/1143 
f 2369/3884/1360 1975/2962/1251 1976/2963/1112 
f 2330/3762/1360 1976/2963/1112 2131/3534/1361 
f 2444/3885/1486 2331/3758/1486 2392/3757/1486 
f 2418/3886/1484 2332/3887/1484 2333/3888/1484 
f 2332/3889/1133 2445/3890/1133 2334/3891/1133 
f 2375/3892/1128 1981/2968/1256 1982/2969/1106 
f 2445/3893/1485 2373/3809/1485 2334/3894/1485 
f 2337/3800/1484 2446/3895/1484 2336/3896/1484 
f 2338/3897/1133 2446/3898/1133 2447/3899/1133 
f 2259/3298/1128 1797/2668/1120 2377/3900/1128 
f 2447/3901/1485 2378/3810/1485 2338/3902/1485 
f 2440/3903/1487 2382/3904/1487 2339/3905/1487 
f 2422/3803/1484 2340/3906/1484 2341/3801/1484 
f 2342/3907/1133 2448/3908/1133 2449/3909/1133 
f 1781/2652/1106 2450/3910/1128 2287/3342/1128 
f 2449/3911/1485 2384/3912/1485 2342/3913/1485 
f 2224/3225/1360 1995/2982/1264 2083/3395/1363 
f 2451/3914/1488 2452/3915/1489 2453/3916/1490 
f 2454/3917/1489 2455/3918/1491 2452/3915/1489 
f 2456/3919/1491 2457/3920/1492 2455/3918/1491 
f 2458/3921/1493 2459/3922/1494 2460/3923/1495 
f 2461/3924/1496 2462/3925/1493 2458/3921/1493 
f 2463/3926/1497 2464/3927/1498 2461/3924/1496 
f 2465/3928/1488 2466/3929/1489 2467/3930/1490 
f 2468/3931/1489 2469/3932/1499 2466/3929/1489 
f 2470/3933/1499 2471/3934/1492 2469/3932/1499 
f 2472/3935/1493 2473/3936/1494 2474/3937/1495 
f 2475/3938/1496 2476/3939/1493 2472/3935/1493 
f 2477/3940/1497 2478/3941/1498 2475/3938/1496 
f 2479/3942/1500 2480/3943/1501 2481/3944/1502 
f 2482/3945/1503 2483/3946/1500 2479/3942/1500 
f 2484/3947/1504 2485/3948/1505 2482/3945/1503 
f 2486/3949/1506 2487/3950/1507 2488/3951/1508 
f 2489/3952/1507 2490/3953/1509 2487/3954/1507 
f 2491/3955/1510 2492/3956/1511 2490/3953/1509 
f 2493/3957/1500 2494/3958/1501 2495/3959/1502 
f 2496/3960/1512 2497/3961/1500 2493/3957/1500 
f 2498/3962/1504 2499/3963/1513 2496/3960/1512 
f 2500/3964/1506 2501/3965/1507 2502/3966/1508 
f 2503/3967/1507 2504/3968/1509 2501/3965/1507 
f 2505/3969/1510 2506/3970/1511 2504/3968/1509 
f 2507/3971/1506 2508/3972/1507 2509/3973/1508 
f 2510/3974/1507 2511/3975/1509 2508/3972/1507 
f 2512/3976/1510 2513/3977/1511 2511/3975/1509 
f 2514/3978/1500 2515/3979/1501 2516/3980/1502 
f 2517/3981/1503 2518/3982/1500 2514/3978/1500 
f 2519/3983/1504 2520/3984/1513 2517/3981/1503 
f 2521/3985/1493 2522/3986/1514 2523/3987/1495 
f 2524/3988/1496 2525/3989/1493 2521/3985/1493 
f 2526/3990/1497 2527/3991/1498 2524/3988/1496 
f 2528/3992/1488 2529/3993/1515 2530/3994/1490 
f 2531/3995/1489 2532/3996/1499 2529/3993/1515 
f 2533/3997/1499 2534/3998/1492 2532/3996/1499 
f 2535/3999/1516 2536/4000/1517 2537/4001/1517 
f 2538/4002/1518 2539/4003/1516 2535/3999/1516 
f 2540/4004/1519 2541/4005/1520 2538/4002/1518 
f 2542/4006/1521 2543/4007/1522 2277/3328/1371 
f 2544/4008/1523 2545/4009/1524 2542/4006/1521 
f 2546/4010/1525 2547/4011/1526 2544/4008/1523 
f 2548/4012/1516 2549/4013/1517 2550/4014/1517 
f 2551/4015/1527 2552/4016/1516 2548/4012/1516 
f 2553/4017/1528 2554/4018/1527 2551/4015/1527 
f 2555/4019/1521 2556/4020/1371 2281/3334/1372 
f 2557/4021/1529 2558/4022/1521 2555/4019/1521 
f 2559/4023/1525 2560/4024/1529 2557/4021/1529 
f 2561/4025/1530 2562/4026/1531 2563/4027/1532 
f 2564/4028/1533 2565/4029/1534 2562/4026/1531 
f 2566/4030/1535 2567/4031/1536 2565/4029/1534 
f 2568/4032/1537 2569/4033/1538 2570/4034/1539 
f 2571/4035/1540 2572/4036/1541 2568/4032/1537 
f 2573/4037/1542 2574/4038/1543 2571/4035/1540 
f 2575/4039/1544 2576/4040/1545 2577/4041/1546 
f 2578/4042/1545 2579/4043/1547 2576/4040/1545 
f 2580/4044/1548 2581/4045/1549 2579/4043/1547 
f 2582/4046/1550 2583/4047/1551 2584/4048/1552 
f 2585/4049/1553 2586/4050/1550 2582/4046/1550 
f 2587/4051/1554 2588/4052/1555 2585/4049/1553 
f 2589/4053/1556 2590/4054/1557 2591/4055/1558 
f 2592/4056/1559 2593/4057/1556 2589/4053/1556 
f 2594/4058/1560 2595/4059/1561 2592/4060/1559 
f 2596/4061/1562 2597/4062/1563 2598/4063/1564 
f 2599/4064/1563 2600/4065/1565 2597/4062/1563 
f 2601/4066/1565 2602/4067/1566 2600/4065/1565 
f 2603/4068/1556 2604/4069/1557 2605/4070/1558 
f 2606/4071/1559 2607/4072/1556 2603/4068/1556 
f 2608/4073/1560 2609/4074/1561 2606/4071/1559 
f 2610/4075/1562 2611/4076/1563 2612/4077/1564 
f 2613/4078/1563 2614/4079/1565 2611/4076/1563 
f 2615/4080/1567 2616/4081/1566 2614/4079/1565 
f 2617/4082/1562 2618/4083/1568 2619/4084/1569 
f 2620/4085/1570 2621/4086/1571 2618/4083/1568 
f 2622/4087/1572 2623/4088/1573 2621/4086/1571 
f 2624/4089/1574 2625/4090/1575 2626/4091/1576 
f 2627/4092/1577 2628/4093/1578 2624/4089/1574 
f 2629/4094/1579 2630/4095/1580 2627/4092/1577 
f 2631/4096/1550 2632/4097/1551 2633/4098/1552 
f 2634/4099/1581 2635/4100/1550 2631/4096/1550 
f 2636/4101/1582 2637/4102/1583 2634/4099/1581 
f 2638/4103/1544 2639/4104/1545 2640/4105/1546 
f 2641/4106/1545 2642/4107/1547 2639/4104/1545 
f 2643/4108/1548 2644/4109/1549 2642/4107/1547 
f 2645/4110/1584 2646/4111/1585 2647/4112/1585 
f 2648/4113/1586 2649/4114/1587 2645/4110/1584 
f 2650/4115/1588 2651/4116/1589 2648/4113/1586 
f 2652/4117/1590 2653/4118/1591 2654/4119/1592 
f 2655/4120/1593 2656/4121/1594 2653/4118/1591 
f 2657/4122/1595 2658/4123/1596 2656/4121/1594 
f 2659/4124/1597 2660/4125/1598 2661/4126/1598 
f 2662/4127/1599 2663/4128/1597 2659/4124/1597 
f 2664/4129/1600 2665/4130/1599 2662/4127/1599 
f 2666/4131/1601 2271/3318/1370 2667/4132/1370 
f 2668/4133/1602 2669/4134/1601 2666/4131/1601 
f 2670/4135/1603 2671/4136/1602 2668/4133/1602 
f 2506/3970/1511 2672/4137/1604 2498/3962/1504 
f 2502/4138/1508 1810/2681/1128 2500/4139/1506 
f 2673/4140/1605 2471/3934/1492 2674/4141/1606 
f 2492/3956/1511 2675/4142/1604 2484/3947/1504 
f 2676/4143/1605 2457/3920/1492 2677/4144/1606 
f 2453/3916/1490 2678/4145/1360 2451/3914/1488 
f 2534/3998/1492 2679/4146/1605 2526/4147/1497 
f 1818/2689/1128 2523/3987/1495 2522/3986/1514 
f 2680/4148/1607 2513/3977/1511 2681/4149/1608 
f 2682/4150/1360 2516/4151/1502 2515/4152/1501 
f 2683/4153/1609 2684/4154/1610 2553/4017/1528 
f 2685/4155/1609 2686/4156/1611 2540/4004/1519 
f 2616/4081/1566 2687/4157/1612 2608/4073/1560 
f 2688/4158/1360 2612/4077/1564 2689/4159/1360 
f 2690/4160/1613 2581/4045/1549 2691/4161/1614 
f 2602/4067/1566 2692/4162/1612 2594/4058/1560 
f 2693/4163/1615 2573/4037/1542 2567/4031/1536 
f 1832/2704/1143 2563/4027/1532 2268/4164/1143 
f 2644/4165/1549 2694/4166/1613 2636/4101/1582 
f 2695/4167/1360 2633/4098/1552 2632/4097/1551 
f 2696/4168/1616 2629/4094/1579 2623/4088/1573 
f 1837/2710/1143 2626/4091/1576 2625/4090/1575 
f 2697/4169/1617 2698/4170/1618 2664/4129/1600 
f 2658/4123/1596 2699/4171/1619 2650/4115/1588 
f 2700/4172/1620 2451/4173/1621 2701/4174/1621 
f 2702/4175/1622 2454/4176/1623 2700/4172/1620 
f 2677/4177/1624 2702/4175/1622 2703/4178/1624 
f 2459/4179/1625 2704/4180/1626 2705/4181/1625 
f 2462/4182/1627 2706/4183/1628 2704/4180/1626 
f 2706/4183/1628 2676/4184/1629 2707/4185/1629 
f 2708/4186/1623 2465/4187/1621 2709/4188/1630 
f 2710/4189/1631 2468/4190/1623 2708/4186/1623 
f 2674/4191/1624 2710/4189/1631 2711/4192/1624 
f 2473/4193/1625 2712/4194/1626 2713/4195/1625 
f 2476/4196/1632 2714/4197/1628 2712/4194/1626 
f 2714/4197/1628 2673/4198/1629 2715/4199/1629 
f 2480/4200/1633 2716/4201/1634 2717/4202/1633 
f 2483/4203/1635 2718/4204/1636 2716/4201/1634 
f 2718/4204/1636 2675/4205/1637 2719/4206/1637 
f 2720/4207/1638 2486/4208/1639 2721/4209/1639 
f 2722/4210/1640 2489/4211/1638 2720/4207/1638 
f 2723/4212/1641 2722/4210/1640 2724/4213/1641 
f 2494/4214/1633 2725/4215/1635 2726/4216/1633 
f 2497/4217/1642 2727/4218/1636 2725/4215/1635 
f 2727/4218/1636 2672/4219/1637 2728/4220/1637 
f 2729/4221/1638 2500/4222/1639 2730/4223/1639 
f 2731/4224/1640 2503/4225/1643 2729/4221/1638 
f 2732/4226/1641 2731/4224/1640 2733/4227/1641 
f 2734/4228/1638 2507/4229/1639 2735/4230/1639 
f 2736/4231/1640 2510/4232/1638 2734/4228/1638 
f 2681/4233/1641 2736/4231/1640 2737/4234/1641 
f 2515/4235/1633 2738/4236/1634 2739/4237/1633 
f 2518/4238/1635 2740/4239/1636 2738/4236/1634 
f 2740/4239/1636 2680/4240/1637 2741/4241/1637 
f 2522/4242/1625 2742/4243/1627 2743/4244/1625 
f 2525/4245/1644 2744/4246/1628 2742/4243/1627 
f 2744/4246/1628 2679/4247/1629 2745/4248/1629 
f 2746/4249/1623 2528/4250/1621 2747/4251/1621 
f 2748/4252/1645 2531/4253/1623 2746/4249/1623 
f 2749/4254/1624 2748/4252/1645 2750/4255/1624 
f 2751/4256/1646 2561/4257/1647 2752/4258/1647 
f 2753/4259/1648 2564/4260/1649 2751/4256/1646 
f 2693/4261/1650 2753/4259/1648 2754/4262/1650 
f 2569/4263/1651 2755/4264/1652 2756/4265/1653 
f 2572/4266/1652 2757/4267/1654 2755/4264/1652 
f 2757/4267/1654 2758/4268/1655 2759/4269/1655 
f 2760/4270/1656 2575/4271/1657 2761/4272/1657 
f 2762/4273/1658 2578/4274/1656 2760/4270/1656 
f 2691/4275/1659 2762/4273/1658 2763/4276/1659 
f 2583/4277/1653 2764/4278/1660 2765/4279/1653 
f 2586/4280/1661 2766/4281/1662 2764/4278/1660 
f 2766/4281/1662 2690/4282/1663 2767/4283/1663 
f 2590/4284/1664 2768/4285/1665 2769/4286/1664 
f 2593/4287/1665 2770/4288/1666 2768/4285/1665 
f 2770/4288/1666 2692/4289/1667 2771/4290/1667 
f 2772/4291/1668 2596/4292/1669 2773/4293/1669 
f 2774/4294/1670 2599/4295/1668 2772/4291/1668 
f 2775/4296/1671 2774/4294/1670 2776/4297/1671 
f 2604/4298/1664 2777/4299/1672 2778/4300/1664 
f 2607/4301/1665 2779/4302/1673 2777/4299/1672 
f 2779/4302/1673 2687/4303/1667 2780/4304/1667 
f 2781/4305/1674 2610/4306/1669 2782/4307/1675 
f 2783/4308/1670 2613/4309/1668 2781/4305/1674 
f 2784/4310/1671 2783/4308/1670 2785/4311/1671 
f 2786/4312/1676 2617/4313/1675 2787/4314/1675 
f 2788/4315/1677 2620/4316/1678 2786/4312/1676 
f 2696/4317/1679 2788/4315/1677 2789/4318/1680 
f 2625/4319/1664 2790/4320/1681 2791/4321/1664 
f 2628/4322/1681 2792/4323/1682 2790/4320/1681 
f 2792/4323/1682 2793/4324/1683 2794/4325/1684 
f 2632/4326/1651 2795/4327/1661 2796/4328/1651 
f 2635/4329/1661 2797/4330/1685 2795/4327/1661 
f 2797/4330/1685 2694/4331/1663 2798/4332/1663 
f 2799/4333/1656 2638/4334/1657 2800/4335/1657 
f 2801/4336/1658 2641/4337/1656 2799/4333/1656 
f 2802/4338/1659 2801/4336/1658 2803/4339/1659 
f 2730/4223/1639 1810/2883/1232 2804/4340/1232 
f 2728/4220/1637 2732/4226/1641 2733/4227/1641 
f 2715/4199/1629 2674/4191/1624 2711/4192/1624 
f 2719/4206/1637 2723/4212/1641 2724/4213/1641 
f 2701/4174/1621 2678/4341/1686 2805/4342/1686 
f 2707/4185/1629 2677/4177/1624 2703/4178/1624 
f 2745/4248/1629 2749/4254/1624 2750/4255/1624 
f 1818/2891/1234 2743/4244/1625 1920/2892/1234 
f 2682/4343/1687 2739/4237/1633 2806/4344/1687 
f 2741/4241/1637 2681/4233/1641 2737/4234/1641 
f 2782/4307/1675 2688/4345/1687 2807/4346/1687 
f 2687/4303/1667 2785/4311/1671 2780/4304/1667 
f 2767/4283/1663 2691/4275/1659 2763/4276/1659 
f 2771/4290/1667 2775/4296/1671 2776/4297/1671 
f 2752/4258/1647 1832/2902/1236 2808/4347/1236 
f 2759/4269/1655 2693/4261/1650 2754/4262/1650 
f 2695/4348/1686 2796/4328/1651 2809/4349/1686 
f 2798/4332/1663 2802/4338/1659 2803/4339/1659 
f 2794/4325/1684 2696/4317/1679 2789/4318/1680 
f 1837/2908/1238 2791/4321/1664 1932/2909/1238 
f 2773/4293/1669 2810/4350/1687 2811/4351/1687 
f 2812/4352/1686 2765/4279/1653 2813/4353/1686 
f 2810/4354/1360 2598/4063/1564 2814/4355/1360 
f 2584/4048/1552 2812/4356/1360 2815/4357/1360 
f 2787/4314/1675 2682/4343/1687 2806/4344/1687 
f 2678/4341/1686 2756/4265/1653 2805/4342/1686 
f 2682/4150/1360 2619/4084/1569 2816/4358/1360 
f 2570/4034/1539 2678/4145/1360 2817/4359/1360 
f 2747/4251/1621 2695/4348/1686 2809/4349/1686 
f 2688/4345/1687 2726/4216/1633 2807/4346/1687 
f 2530/3994/1490 2695/4167/1360 2528/3992/1488 
f 2688/4158/1360 2495/3959/1502 2494/3958/1501 
f 2721/4209/1639 1947/2926/1232 2818/4360/1232 
f 1948/2927/1234 2713/4195/1625 1949/2928/1234 
f 2488/3951/1508 1947/2929/1128 2486/3949/1506 
f 1948/2931/1128 2474/3937/1495 2473/3936/1494 
f 2735/4230/1639 1953/2935/1232 2819/4361/1232 
f 1954/2936/1234 2705/4181/1625 1955/2937/1234 
f 2509/3973/1508 1953/2938/1128 2507/3971/1506 
f 1954/2940/1128 2460/3923/1495 2459/3922/1494 
f 2800/4335/1657 1959/2944/1236 2820/4362/1236 
f 1960/2945/1238 2778/4300/1664 1961/2946/1238 
f 1959/2948/1143 2640/4105/1546 1963/2949/1143 
f 2605/4363/1558 1960/2950/1143 2279/4364/1143 
f 2821/4365/1688 2822/4366/1689 2823/4367/1690 
f 2824/4368/1691 2825/4369/1692 2826/4370/1693 
f 2827/4371/1694 2828/4372/1695 2829/4373/1696 
f 2830/4374/1697 2829/4373/1696 2831/4375/1698 
f 2830/4374/1697 2832/4376/1699 2833/4377/1590 
f 2834/4378/1700 2823/4367/1690 2835/4379/1701 
f 2836/4380/1702 2835/4379/1701 2837/4381/1703 
f 2836/4380/1702 2284/3339/1373 2266/3310/1369 
f 2838/4382/1704 2839/4383/1705 2840/4384/1706 
f 2841/4385/1707 2840/4384/1706 2842/4386/1708 
f 2841/4385/1707 2239/3262/1366 2843/4387/1522 
f 2844/4388/1709 2826/4370/1693 2845/4389/1710 
f 2846/4390/1711 2845/4389/1710 2847/4391/1712 
f 2846/4390/1711 2848/4392/1713 2849/4393/1714 
f 2761/4272/1657 1997/2984/1236 2850/4394/1236 
f 2812/4356/1360 2467/3930/1490 2815/4357/1360 
f 2709/4188/1630 2812/4352/1686 2813/4353/1686 
f 2810/4350/1687 2717/4202/1633 2811/4351/1687 
f 2591/4055/1558 2001/2988/1143 2002/2989/1143 
f 1997/2991/1143 2577/4041/1546 2004/2992/1143 
f 2001/2993/1238 2769/4286/1664 2005/2994/1238 
f 2810/4354/1360 2481/3944/1502 2480/3943/1501 
f 2851/4395/1715 2852/4396/1716 2853/4397/1717 
f 2854/4398/1718 2855/4399/1719 2856/4400/1718 
f 2857/4401/1720 2013/3002/1270 2250/4402/1270 
f 2016/3005/1272 2858/4403/1721 2017/3006/1272 
f 2859/4404/1722 2860/4405/1723 2861/4406/1722 
f 2862/4407/1719 2863/4408/1724 2864/4409/1724 
f 2024/3013/1276 2865/4410/1725 2866/4411/1725 
f 2028/3017/1279 2867/4412/1726 2029/3018/1279 
f 2868/4413/1718 2869/4414/1727 2870/4415/1718 
f 2871/4416/1728 2872/4417/1729 2869/4414/1727 
f 2873/4418/1730 2874/4419/1731 2872/4417/1729 
f 2875/4420/1732 2876/4421/1720 2857/4401/1720 
f 2877/4422/1733 2878/4423/1732 2875/4420/1732 
f 2879/4424/1734 2880/4425/1735 2877/4422/1733 
f 2881/4426/1718 2882/4427/1736 2883/4428/1718 
f 2884/4429/1727 2885/4430/1729 2882/4427/1736 
f 2886/4431/1729 2887/4432/1737 2885/4430/1729 
f 2888/4433/1738 2889/4434/1720 2890/4435/1720 
f 2891/4436/1733 2892/4437/1739 2888/4433/1738 
f 2893/4438/1740 2894/4439/1735 2891/4436/1733 
f 2856/4400/1718 2895/4440/1728 2854/4398/1718 
f 2896/4441/1728 2897/4442/1729 2895/4440/1728 
f 2898/4443/1730 2899/4444/1737 2897/4442/1729 
f 2900/4445/1738 2901/4446/1720 2902/4447/1720 
f 2903/4448/1733 2904/4449/1732 2900/4445/1738 
f 2905/4450/1740 2906/4451/1735 2903/4448/1733 
f 2907/4452/1741 2908/4453/1715 2851/4395/1715 
f 2909/4454/1742 2910/4455/1743 2907/4452/1741 
f 2911/4456/1744 2912/4457/1745 2909/4454/1742 
f 2913/4458/1721 2914/4459/1746 2915/4460/1721 
f 2916/4461/1747 2917/4462/1748 2914/4459/1746 
f 2918/4463/1749 2919/4464/1750 2917/4462/1748 
f 2920/4465/1751 2921/4466/1715 2922/4467/1715 
f 2923/4468/1752 2924/4469/1751 2920/4465/1751 
f 2925/4470/1753 2926/4471/1745 2923/4468/1752 
f 2927/4472/1721 2928/4473/1754 2929/4474/1721 
f 2930/4475/1754 2931/4476/1749 2928/4473/1754 
f 2932/4477/1749 2933/4478/1755 2931/4476/1749 
f 2934/4479/1743 2935/4480/1715 2936/4481/1715 
f 2937/4482/1752 2938/4483/1751 2934/4479/1743 
f 2939/4484/1753 2940/4485/1745 2937/4482/1752 
f 2941/4486/1721 2942/4487/1754 2858/4403/1721 
f 2943/4488/1754 2944/4489/1748 2942/4487/1754 
f 2945/4490/1749 2946/4491/1755 2944/4489/1748 
f 2947/4492/1756 2948/4493/1757 2949/4494/1756 
f 2950/4495/1757 2951/4496/1758 2948/4493/1757 
f 2952/4497/1759 2953/4498/1760 2951/4496/1758 
f 2954/4499/1761 2864/4409/1724 2863/4408/1724 
f 2955/4500/1762 2956/4501/1761 2954/4499/1761 
f 2957/4502/1763 2958/4503/1764 2955/4500/1762 
f 2959/4504/1756 2960/4505/1765 2961/4506/1756 
f 2962/4507/1766 2963/4508/1758 2960/4505/1765 
f 2964/4509/1759 2965/4510/1767 2963/4508/1758 
f 2966/4511/1768 2967/4512/1724 2968/4513/1724 
f 2969/4514/1769 2970/4515/1768 2966/4511/1768 
f 2971/4516/1770 2972/4517/1771 2969/4514/1769 
f 2973/4518/1726 2974/4519/1772 2867/4412/1726 
f 2975/4520/1773 2976/4521/1774 2974/4519/1772 
f 2977/4522/1774 2978/4523/1775 2976/4521/1774 
f 2979/4524/1776 2980/4525/1777 2981/4526/1778 
f 2982/4527/1779 2983/4528/1776 2979/4524/1776 
f 2984/4529/1780 2985/4530/1781 2982/4527/1779 
f 2986/4531/1782 2866/4411/1725 2865/4410/1725 
f 2987/4532/1783 2988/4533/1784 2986/4531/1782 
f 2989/4534/1785 2990/4535/1786 2987/4532/1783 
f 2991/4536/1787 2992/4537/1788 2993/4538/1789 
f 2994/4539/1788 2995/4540/1790 2992/4537/1788 
f 2996/4541/1791 2997/4542/1792 2995/4540/1790 
f 2998/4543/1793 2999/4544/1794 3000/4545/1794 
f 3001/4546/1795 3002/4547/1793 2998/4543/1793 
f 3003/4548/1796 3004/4549/1797 3001/4546/1795 
f 3005/4550/1722 3006/4551/1798 3007/4552/1722 
f 3008/4553/1798 3009/4554/1799 3006/4551/1798 
f 3010/4555/1800 3011/4556/1801 3009/4554/1799 
f 3012/4557/1793 3013/4558/1794 3014/4559/1794 
f 3015/4560/1795 3016/4561/1793 3012/4557/1793 
f 3017/4562/1796 3018/4563/1797 3015/4560/1795 
f 2861/4406/1722 3019/4564/1798 2859/4404/1722 
f 3020/4565/1798 3021/4566/1799 3019/4564/1798 
f 3022/4567/1800 3023/4568/1801 3021/4566/1799 
f 3024/4569/1802 2879/4424/1734 2874/4419/1731 
f 3025/4570/1753 2933/4478/1755 3026/4571/1803 
f 3027/4572/1802 2893/4438/1740 2887/4432/1737 
f 3028/4573/1744 2919/4464/1750 3029/4574/1804 
f 2939/4484/1753 3030/4575/1803 3031/4576/1753 
f 3032/4577/1802 2905/4450/1740 2899/4444/1737 
f 2953/4498/1760 3033/4578/1763 2957/4502/1763 
f 3003/4548/1796 3034/4579/1805 3035/4580/1796 
f 3036/4581/1806 2971/4516/1770 2965/4510/1767 
f 3037/4582/1807 2997/4542/1792 3038/4583/1808 
f 2993/4538/1789 3039/4584/1809 2991/4536/1787 
f 3017/4562/1796 3040/4585/1805 3041/4586/1796 
f 2978/4523/1775 3042/4587/1780 2984/4529/1780 
f 2968/4513/1724 3043/4588/1810 3044/4589/1810 
f 3045/4590/1723 3007/4552/1722 3046/4591/1723 
f 2981/4526/1778 2855/4399/1719 3047/4592/1719 
f 2852/4396/1716 3048/4593/1809 2853/4397/1717 
f 2862/4407/1719 2870/4415/1718 3049/4594/1719 
f 2936/4481/1715 2860/4405/1723 3050/4595/1811 
f 2205/3195/1272 2929/4474/1721 2206/3196/1272 
f 2890/4435/1720 2208/3198/1270 2251/4596/1270 
f 2209/3199/1272 2915/4460/1721 2210/3200/1272 
f 2902/4447/1720 2212/3202/1270 2245/4597/1270 
f 3014/4559/1794 2214/3204/1357 2274/4598/1357 
f 2215/3205/1358 2949/4494/1756 2216/3206/1358 
f 2883/4428/1718 3043/4588/1810 2881/4426/1718 
f 3045/4590/1723 2922/4467/1715 2921/4466/1715 
f 2961/4506/1756 2218/3209/1358 2959/4504/1756 
f 2219/3210/1357 3000/4545/1794 2999/4544/1794 
f 2495/4599/1359 3049/4600/1359 2870/4601/1359 
f 2612/4602/1359 3049/4600/1359 2689/4603/1359 
f 2280/3333/1143 2013/3347/1143 2876/4604/1812 
f 2481/4605/1359 3044/4606/1359 2883/4607/1359 
f 3044/4606/1359 2598/4608/1359 2968/4609/1359 
f 2848/4392/1713 3051/4610/1133 3052/4611/1133 
f 2584/4612/1355 3046/4613/1355 3007/4614/1355 
f 3045/4615/1133 3053/4616/1133 3054/4617/1133 
f 2467/4618/1355 3046/4613/1355 2815/4619/1355 
f 3055/4620/1133 2855/4621/1133 2980/4622/1813 
f 2453/4623/1355 2853/4624/1355 2817/4625/1355 
f 2570/4626/1355 2853/4624/1355 3048/4627/1355 
f 3056/4628/1133 2852/4629/1133 2908/4630/1814 
f 2016/3240/1143 3057/4631/1143 2941/4632/1815 
f 3050/4633/1355 2633/4634/1355 3058/4635/1355 
f 3059/4636/1133 2860/4637/1133 2935/4638/1814 
f 2530/4639/1355 3050/4633/1355 3058/4635/1355 
f 3060/4640/1143 2209/3249/1143 2236/3251/1143 
f 3047/4641/1359 2516/4642/1359 2816/4643/1359 
f 3047/4641/1359 2619/4644/1359 2981/4645/1359 
f 2855/4621/1133 3061/4646/1133 2856/4647/1816 
f 2474/4648/1355 2206/3260/1355 2929/4649/1355 
f 2460/4650/1355 2210/3266/1355 2915/4651/1355 
f 2276/3327/1143 2212/3269/1143 2901/4652/1817 
f 2017/3272/1355 2523/4653/1355 1819/3273/1355 
f 3062/4654/1128 2214/4655/1128 3013/4656/1818 
f 2509/4657/1359 2245/3277/1359 2246/3279/1359 
f 3063/4658/1128 2024/4659/1128 2866/4660/1818 
f 3064/4661/1128 2215/4662/1128 2249/4663/1128 
f 2502/4664/1359 2250/3287/1359 3065/4665/1359 
f 2488/4666/1359 2251/3289/1359 2252/3291/1359 
f 2262/3302/1143 1989/2976/1045 2051/3415/1391 
f 3056/4628/1133 2537/4001/1517 3066/4667/1133 
f 2991/4668/1819 3039/4669/1133 3067/4670/1133 
f 2832/4376/1699 3068/4671/1133 3069/4672/1133 
f 2556/4020/1371 3057/4631/1143 3070/4673/1143 
f 3062/4654/1128 2661/4126/1598 3071/4674/1128 
f 3072/4675/1133 2667/4132/1370 3073/4676/1133 
f 2240/3263/1143 2205/3299/1143 2261/3301/1143 
f 3074/4677/1143 2208/3303/1143 2889/4678/1812 
f 3055/4620/1133 2652/4117/1590 3075/4679/1133 
f 2536/4000/1517 3061/4646/1133 3076/4680/1133 
f 2221/3306/1355 2577/4681/1355 3000/4682/1355 
f 2563/4683/1355 2026/3312/1355 2268/3314/1355 
f 3077/4684/1128 2028/4685/1128 2270/4686/1128 
f 2274/3322/1355 2640/4687/1355 3014/4688/1355 
f 2029/3325/1359 2626/4689/1359 2275/3326/1359 
f 2605/4690/1359 2216/3331/1359 2949/4691/1359 
f 2862/4692/1133 3072/4675/1133 3078/4693/1133 
f 2283/3337/1359 2591/4694/1359 2002/3338/1359 
f 2292/3351/1128 1982/2969/1106 2165/3352/1367 
f 2646/4111/1585 3077/4684/1128 3079/4695/1128 
f 2570/4626/1355 3048/4627/1355 2993/4696/1355 
f 3063/4658/1128 2647/4112/1585 3080/4697/1128 
f 3081/4698/1133 3043/4699/1133 2967/4700/1820 
f 3068/4671/1133 3045/4615/1133 3054/4617/1133 
f 2660/4125/1598 3064/4661/1128 3082/4701/1128 
f 3059/4636/1133 2550/4014/1517 3083/4702/1133 
f 2272/3319/1133 2860/4637/1133 3084/4703/1133 
f 2549/4013/1517 3085/4704/1133 3086/4705/1133 
f 2265/3309/1128 2219/4706/1128 2999/4707/1818 
f 2218/4708/1128 2285/3340/1128 2959/4709/1821 
f 2543/4007/1522 3060/4640/1143 3087/4710/1143 
f 3067/4670/1133 2852/4629/1133 3088/4711/1133 
f 2549/4013/1517 2871/4712/1822 2868/4713/1823 
f 2870/4601/1359 2493/4714/1359 2495/4599/1359 
f 2872/4715/1359 2498/4716/1359 2496/4717/1359 
f 2554/4018/1527 3024/4718/1824 2873/4719/1825 
f 2506/4720/1359 2874/4721/1359 2879/4722/1359 
f 2559/4023/1525 3024/4718/1824 2684/4154/1610 
f 2552/4016/1516 2873/4719/1825 2871/4712/1822 
f 2869/4723/1359 2496/4717/1359 2493/4714/1359 
f 2506/4720/1359 2877/4724/1359 2504/4725/1359 
f 3089/4726/1826 2557/4021/1529 2880/4727/1827 
f 2501/4728/1359 2857/4729/1359 2502/4664/1359 
f 2878/4730/1828 2281/3334/1372 2876/4604/1812 
f 2504/4725/1359 2875/4731/1359 2501/4728/1359 
f 2880/4727/1827 2555/4019/1521 2878/4730/1828 
f 2239/3262/1366 2930/4732/1829 2927/4733/1815 
f 2929/4649/1355 2472/4734/1355 2474/4648/1355 
f 2931/4735/1355 2477/4736/1355 2475/4737/1355 
f 2840/4384/1706 3026/4738/1830 2932/4739/1831 
f 2477/4736/1355 2925/4740/1355 2471/4741/1355 
f 3026/4738/1830 2824/4368/1691 3025/4742/1832 
f 2842/4386/1708 2932/4739/1831 2930/4732/1829 
f 2928/4743/1355 2475/4737/1355 2472/4734/1355 
f 2471/4741/1355 2923/4744/1355 2469/4745/1355 
f 3025/4742/1832 2844/4388/1709 2926/4746/1833 
f 2466/4747/1355 2922/4748/1355 2467/4618/1355 
f 2924/4749/1834 2849/4393/1714 2921/4750/1814 
f 2469/4745/1355 2920/4751/1355 2466/4747/1355 
f 2926/4746/1833 2846/4390/1711 2924/4749/1834 
f 2848/4392/1713 2884/4752/1822 2881/4753/1823 
f 2883/4607/1359 2479/4754/1359 2481/4605/1359 
f 2885/4755/1359 2484/4756/1359 2482/4757/1359 
f 2845/4389/1710 3027/4758/1835 2886/4759/1825 
f 2492/4760/1359 2887/4761/1359 2893/4762/1359 
f 2825/4369/1692 3027/4758/1835 2826/4370/1693 
f 2847/4391/1712 2886/4759/1825 2884/4752/1822 
f 2882/4763/1359 2482/4757/1359 2479/4754/1359 
f 2492/4760/1359 2891/4764/1359 2490/4765/1359 
f 3090/4766/1826 2838/4382/1704 2894/4767/1827 
f 2487/4768/1359 2890/4769/1359 2488/4666/1359 
f 2892/4770/1828 2843/4387/1522 2889/4678/1812 
f 2490/4765/1359 2888/4771/1359 2487/4768/1359 
f 2894/4767/1827 2841/4385/1707 2892/4770/1828 
f 2543/4007/1522 2916/4772/1829 2913/4773/1815 
f 2915/4651/1355 2458/4774/1355 2460/4650/1355 
f 2917/4775/1355 2463/4776/1355 2461/4777/1355 
f 2547/4011/1526 3029/4778/1836 2918/4779/1831 
f 2457/4780/1355 2919/4781/1355 2911/4782/1355 
f 3028/4783/1832 2685/4155/1609 2540/4004/1519 
f 2545/4009/1524 2918/4779/1831 2916/4772/1829 
f 2914/4784/1355 2461/4777/1355 2458/4774/1355 
f 2457/4780/1355 2909/4785/1355 2455/4786/1355 
f 3028/4783/1832 2538/4002/1518 2912/4787/1833 
f 2452/4788/1355 2851/4789/1355 2453/4623/1355 
f 2910/4790/1834 2537/4001/1517 2908/4630/1814 
f 2455/4786/1355 2907/4791/1355 2452/4788/1355 
f 2912/4787/1833 2535/3999/1516 2910/4790/1834 
f 2556/4020/1371 2943/4792/1829 2941/4632/1815 
f 2858/4793/1355 2521/4794/1355 2523/4653/1355 
f 2944/4795/1355 2526/4796/1355 2524/4797/1355 
f 2560/4024/1529 3030/4798/1836 2945/4799/1831 
f 2526/4796/1355 2939/4800/1355 2534/4801/1355 
f 3030/4798/1836 2553/4017/1528 3031/4802/1832 
f 2558/4022/1521 2945/4799/1831 2943/4792/1829 
f 2942/4803/1355 2524/4797/1355 2521/4794/1355 
f 2534/4801/1355 2937/4804/1355 2532/4805/1355 
f 3031/4802/1832 2551/4015/1527 2940/4806/1833 
f 2529/4807/1355 2936/4808/1355 2530/4639/1355 
f 2938/4809/1837 2550/4014/1517 2935/4638/1814 
f 2532/4805/1355 2934/4810/1355 2529/4807/1355 
f 2940/4806/1833 2548/4012/1516 2938/4809/1837 
f 2536/4000/1517 2896/4811/1822 2856/4647/1816 
f 2854/4812/1359 2514/4813/1359 2516/4642/1359 
f 2897/4814/1359 2519/4815/1359 2517/4816/1359 
f 2541/4005/1520 3032/4817/1824 2898/4818/1838 
f 2905/4819/1359 2519/4815/1359 2899/4820/1359 
f 2546/4010/1525 3032/4817/1824 2686/4156/1611 
f 2539/4003/1516 2898/4818/1838 2896/4811/1822 
f 2895/4821/1359 2517/4816/1359 2514/4813/1359 
f 2513/4822/1359 2903/4823/1359 2511/4824/1359 
f 3091/4825/1839 2544/4008/1523 2906/4826/1827 
f 2508/4827/1359 2902/4828/1359 2509/4657/1359 
f 2904/4829/1828 2277/3328/1371 2901/4652/1817 
f 2511/4824/1359 2900/4830/1359 2508/4827/1359 
f 2906/4826/1827 2542/4006/1521 2904/4829/1828 
f 2660/4125/1598 2950/4831/1840 2947/4832/1821 
f 2949/4691/1359 2603/4833/1359 2605/4690/1359 
f 2951/4834/1359 2608/4835/1359 2606/4836/1359 
f 2665/4130/1599 3092/4837/1841 2952/4838/1842 
f 2608/4835/1359 2957/4839/1359 2616/4840/1359 
f 2698/4170/1618 3033/4841/1843 3092/4837/1841 
f 2663/4128/1597 2952/4838/1842 2950/4831/1840 
f 2948/4842/1359 2606/4836/1359 2603/4833/1359 
f 2616/4840/1359 2955/4843/1359 2614/4844/1359 
f 3033/4841/1843 2668/4133/1602 2958/4845/1844 
f 2611/4846/1359 2863/4847/1359 2612/4602/1359 
f 2956/4848/1845 2667/4132/1370 2864/4849/1820 
f 2614/4844/1359 2954/4850/1359 2611/4846/1359 
f 2958/4845/1844 2666/4131/1601 2956/4848/1845 
f 2832/4376/1699 3008/4851/1846 3005/4852/1847 
f 3007/4614/1355 2582/4853/1355 2584/4612/1355 
f 3009/4854/1355 2587/4855/1355 2585/4856/1355 
f 2829/4373/1696 3034/4857/1848 3010/4858/1849 
f 2581/4859/1355 3011/4860/1355 3003/4861/1355 
f 3034/4857/1848 2821/4365/1688 3035/4862/1850 
f 2831/4375/1698 3010/4858/1849 3008/4851/1846 
f 3006/4863/1355 2585/4856/1355 2582/4853/1355 
f 2581/4859/1355 3001/4864/1355 2579/4865/1355 
f 3035/4862/1850 2834/4378/1700 3004/4866/1851 
f 2576/4867/1355 3000/4682/1355 2577/4681/1355 
f 3002/4868/1852 2266/3310/1369 2999/4707/1818 
f 2579/4865/1355 2998/4869/1355 2576/4867/1355 
f 3004/4866/1851 2836/4380/1702 3002/4868/1852 
f 2284/3339/1373 2962/4870/1840 2959/4709/1821 
f 2961/4871/1359 2589/4872/1359 2591/4694/1359 
f 2963/4873/1359 2594/4874/1359 2592/4875/1359 
f 2835/4379/1701 3036/4876/1841 2964/4877/1842 
f 2594/4874/1359 2971/4878/1359 2602/4879/1359 
f 2822/4366/1689 3036/4876/1841 2823/4367/1690 
f 2837/4381/1703 2964/4877/1842 2962/4870/1840 
f 2960/4880/1359 2592/4875/1359 2589/4872/1359 
f 2602/4879/1359 2969/4881/1359 2600/4882/1359 
f 3093/4883/1843 2827/4371/1694 2972/4884/1844 
f 2597/4885/1359 2968/4609/1359 2598/4608/1359 
f 2970/4886/1845 2833/4377/1590 2967/4700/1820 
f 2600/4882/1359 2966/4887/1359 2597/4885/1359 
f 2972/4884/1844 2830/4374/1697 2970/4886/1845 
f 2654/4119/1592 2994/4888/1853 2991/4668/1819 
f 2993/4696/1355 2568/4889/1355 2570/4626/1355 
f 2995/4890/1355 2573/4891/1355 2571/4892/1355 
f 2656/4121/1594 3038/4893/1854 2996/4894/1855 
f 2573/4891/1355 2989/4895/1355 2567/4896/1355 
f 3037/4897/1856 2658/4123/1596 2650/4115/1588 
f 2653/4118/1591 2996/4894/1855 2994/4888/1853 
f 2992/4898/1355 2571/4892/1355 2568/4889/1355 
f 2567/4896/1355 2987/4899/1355 2565/4900/1355 
f 3037/4897/1856 2648/4113/1586 2990/4901/1857 
f 2562/4902/1355 2865/4903/1355 2563/4683/1355 
f 2988/4904/1858 2647/4112/1585 2866/4660/1818 
f 2565/4900/1355 2986/4905/1355 2562/4902/1355 
f 2990/4901/1857 2645/4110/1584 2988/4904/1858 
f 2271/3318/1370 3020/4906/1846 2861/4907/1847 
f 2859/4908/1355 2631/4909/1355 2633/4634/1355 
f 3021/4910/1355 2636/4911/1355 2634/4912/1355 
f 2671/4136/1602 3040/4913/1848 3022/4914/1849 
f 2644/4915/1355 3023/4916/1355 3017/4917/1355 
f 3041/4918/1850 2697/4169/1617 2664/4129/1600 
f 2669/4134/1601 3022/4914/1849 3020/4906/1846 
f 3019/4919/1355 2634/4912/1355 2631/4909/1355 
f 2644/4915/1355 3015/4920/1355 2642/4921/1355 
f 3041/4918/1850 2662/4127/1599 3018/4922/1851 
f 2639/4923/1355 3014/4688/1355 2640/4687/1355 
f 3016/4924/1852 2661/4126/1598 3013/4656/1818 
f 2642/4921/1355 3012/4925/1355 2639/4923/1355 
f 3018/4922/1851 2659/4124/1597 3016/4924/1852 
f 2646/4111/1585 2975/4926/1859 2973/4927/1860 
f 2867/4928/1359 2624/4929/1359 2626/4689/1359 
f 2976/4930/1359 2629/4931/1359 2627/4932/1359 
f 2651/4116/1589 3094/4933/1861 2977/4934/1862 
f 2984/4935/1359 2629/4931/1359 2978/4936/1359 
f 2699/4171/1619 3042/4937/1863 3094/4933/1861 
f 2649/4114/1587 2977/4934/1862 2975/4926/1859 
f 2974/4938/1359 2627/4932/1359 2624/4929/1359 
f 2623/4939/1359 2982/4940/1359 2621/4941/1359 
f 3042/4937/1863 2657/4122/1595 2985/4942/1864 
f 2618/4943/1359 2981/4645/1359 2619/4644/1359 
f 2983/4944/1865 2652/4117/1590 2980/4622/1813 
f 2621/4941/1359 2979/4945/1359 2618/4943/1359 
f 2985/4942/1864 2655/4120/1593 2983/4944/1865 
f 3095/4946/1866 3061/4947/1867 3096/4948/1866 
f 3059/4949/1868 3097/4950/1868 3098/4951/1868 
f 3099/4952/1869 3085/4953/1870 3100/4954/1870 
f 3053/4955/1868 3101/4956/1871 3102/4957/1868 
f 3103/4958/1866 3051/4959/1869 3104/4960/1870 
f 3105/4961/1872 2240/4962/1873 3106/4963/1874 
f 3074/4964/1875 3107/4965/1876 3108/4966/1875 
f 3109/4967/1872 3057/4968/1873 3110/4969/1873 
f 2280/4970/1877 3111/4971/1878 3112/4972/1877 
f 3056/4973/1871 3113/4974/1879 3114/4975/1868 
f 3115/4976/1873 3060/4977/1874 3116/4978/1873 
f 2276/4979/1875 3117/4980/1878 3118/4981/1875 
f 3055/4982/1880 3119/4983/1881 3120/4984/1882 
f 3121/4985/1883 2272/4986/1884 3122/4987/1883 
f 3072/4988/1885 3123/4989/1880 3124/4990/1885 
f 3125/4991/1884 3068/4992/1883 3126/4993/1883 
f 3081/4994/1880 3127/4995/1881 3128/4996/1882 
f 2265/4997/1886 3129/4998/1887 3130/4999/1886 
f 3131/5000/1888 2285/5001/1888 3132/5002/1889 
f 3062/5003/1886 3133/5004/1887 3134/5005/1886 
f 3135/5006/1890 3064/5007/1889 3136/5008/1889 
f 3137/5009/1891 3067/5010/1892 3138/5011/1883 
f 3063/5012/1893 3139/5013/1894 3140/5014/1895 
f 3141/5015/1896 3077/5016/1896 3142/5017/1896 
f 3099/5018/1897 3083/5019/1897 3086/5020/1897 
f 3098/4951/1898 3084/5021/1899 3059/4949/1899 
f 3078/5022/1900 3100/4954/1901 3085/4953/1901 
f 3102/4957/1899 3054/5023/1898 3053/4955/1899 
f 3103/5024/1897 3143/5025/1897 3052/5026/1897 
f 3144/5027/1901 3104/4960/1901 3051/4959/1902 
f 3105/5028/1903 3145/5029/1903 2241/5030/1903 
f 3108/4966/1457 2263/3682/1456 3074/4964/1457 
f 2261/3683/1458 3106/4963/1459 2240/4962/1459 
f 3109/5031/1903 2282/5032/1903 3070/5033/1903 
f 3112/4972/1461 2355/3689/1460 2280/4970/1461 
f 2356/3690/1462 3110/4969/1462 3057/4968/1462 
f 3076/5034/1897 3113/5035/1897 3066/5036/1897 
f 3114/4975/1899 3088/5037/1899 3056/4973/1899 
f 3146/5038/1901 3096/4948/1901 3061/4947/1901 
f 3087/5039/1903 3117/5040/1903 2278/5041/1903 
f 3118/4981/1460 2243/3703/1456 2276/4979/1460 
f 2236/3704/1459 3116/4978/1464 3060/4977/1459 
f 3121/5042/1904 3073/5043/1904 2273/5044/1904 
f 3084/5021/1899 3122/4987/1898 2272/4986/1899 
f 3124/4990/1901 3078/5022/1900 3072/4988/1901 
f 3125/5045/1904 3147/5046/1904 3069/5047/1904 
f 3054/5023/1898 3126/5048/1905 3068/5049/1906 
f 3128/4996/1901 3144/5027/1901 3081/4994/1901 
f 2372/3717/1467 3132/5002/1468 2285/5001/1468 
f 3131/5050/1907 2267/5051/1907 2286/5052/1907 
f 3130/4999/1472 2376/3723/1471 2265/4997/1472 
f 3135/5053/1907 3071/5054/1907 3082/5055/1907 
f 2249/3729/1473 3136/5008/1474 3064/5007/1474 
f 3134/5005/1475 2380/3732/1475 3062/5003/1471 
f 3148/5056/1904 3119/5057/1904 3075/5058/1904 
f 3088/5037/1899 3138/5011/1899 3067/5010/1899 
f 3120/4984/1901 3146/5038/1901 3055/4982/1901 
f 3079/5059/1908 3139/5060/1909 3080/5061/1910 
f 2270/3741/1911 3142/5017/1912 3077/5016/1912 
f 3140/5014/1481 2386/3744/1480 3063/5012/1481 
f 3149/5062/1355 3150/5063/1355 3120/5064/1355 
f 3151/5065/1355 3150/5063/1355 3152/5066/1355 
f 3153/5067/1355 3124/5068/1355 3154/5069/1355 
f 3155/5070/1355 3156/5071/1355 3153/5067/1355 
f 2862/4692/1133 3085/4704/1133 2868/4713/1823 
f 3157/5072/1355 3158/5073/1355 3128/5074/1355 
f 3159/5075/1355 3158/5073/1355 3160/5076/1355 
f 3161/5077/1359 3162/5078/1359 3163/5079/1359 
f 3164/5080/1359 3162/5078/1359 3098/5081/1359 
f 3165/5082/1359 3166/5083/1359 3126/5084/1359 
f 3165/5082/1359 3167/5085/1359 3168/5086/1359 
f 3169/5087/1359 3170/5088/1359 3138/5089/1359 
f 3169/5087/1359 3171/5090/1359 3172/5091/1359 
f 3106/5092/1359 2404/3777/1359 3173/5093/1359 
f 3110/5094/1359 2406/3780/1359 3174/5095/1359 
f 3175/5096/1359 2365/3783/1359 2409/3785/1359 
f 2410/3787/1355 3118/5097/1355 3176/5098/1355 
f 2412/3790/1355 3108/5099/1355 3177/5100/1355 
f 2415/3793/1355 3178/5101/1355 2416/3794/1355 
f 3179/5102/1359 2417/3795/1359 3130/5103/1359 
f 3180/5104/1359 2419/3798/1359 3134/5105/1359 
f 2421/3802/1359 3140/5106/1359 3181/5107/1359 
f 3182/5108/1355 2385/3804/1355 2424/3806/1355 
f 2374/3808/1355 3183/5109/1355 3132/5110/1355 
f 2426/3811/1355 3136/5111/1355 2379/3812/1355 
f 3096/5112/1482 3184/5113/1482 3095/5114/1482 
f 3113/5115/1128 3184/5116/1128 3185/5117/1128 
f 2536/4000/1517 3066/4667/1133 2537/4001/1517 
f 3097/5118/1483 3164/5080/1483 3098/5081/1483 
f 3186/5119/1128 3099/5120/1128 3187/5121/1128 
f 2549/4013/1517 3083/4702/1133 2550/4014/1517 
f 3187/5122/1482 3100/5123/1482 3155/5070/1482 
f 3102/5124/1483 3188/5125/1483 3167/5085/1483 
f 3188/5126/1128 3103/5127/1128 3189/5128/1128 
f 3143/5129/1133 2848/4392/1713 3052/4611/1133 
f 3189/5130/1482 3104/5131/1482 3159/5075/1482 
f 3145/5132/1143 2239/3262/1366 2241/3264/1143 
f 3106/5092/1913 3190/5133/1913 3105/5134/1913 
f 3191/5135/1360 3105/5136/1360 3190/5137/1360 
f 3107/5138/1914 3177/5100/1914 3108/5099/1914 
f 3110/5094/1913 3192/5139/1913 3109/5140/1913 
f 3111/5141/1360 3192/5142/1360 3193/5143/1360 
f 2556/4020/1371 2282/3335/1143 2281/3334/1372 
f 3111/5144/1914 3178/5101/1914 3112/5145/1914 
f 3114/5146/1483 3185/5147/1483 3171/5090/1483 
f 3116/5148/1913 3194/5149/1913 3115/5150/1913 
f 3117/5151/1360 3194/5152/1360 3195/5153/1360 
f 2277/3328/1371 3087/4710/1143 2278/3329/1143 
f 3117/5154/1914 3176/5098/1914 3118/5097/1914 
f 3120/5064/1486 3196/5155/1486 3149/5062/1486 
f 3196/5156/1143 3137/5157/1143 3197/5158/1143 
f 3148/5159/1133 2652/4117/1590 2654/4119/1592 
f 3073/4676/1133 2271/3318/1370 2273/3320/1133 
f 3121/5160/1487 3161/5077/1487 3198/5161/1487 
f 3198/5162/1143 3123/5163/1143 3121/5164/1143 
f 3154/5069/1486 3123/5165/1486 3199/5166/1486 
f 3126/5167/1487 3200/5168/1487 3125/5169/1487 
f 3200/5170/1143 3127/5171/1143 3125/5172/1143 
f 2832/4376/1699 3147/5173/1133 2833/4377/1590 
f 3201/5174/1486 3128/5074/1486 3127/5175/1486 
f 3129/5176/1913 3179/5102/1913 3130/5103/1913 
f 3202/5177/1360 3129/5178/1360 3131/5179/1360 
f 2284/3339/1373 2267/3311/1128 2266/3310/1369 
f 3132/5110/1914 3202/5180/1914 3131/5181/1914 
f 3134/5105/1913 3203/5182/1913 3180/5104/1913 
f 3203/5183/1360 3135/5184/1360 3204/5185/1360 
f 3071/4674/1128 2660/4125/1598 3082/4701/1128 
f 3136/5111/1914 3204/5186/1914 3135/5187/1914 
f 3138/5089/1487 3197/5188/1487 3137/5189/1487 
f 3139/5190/1913 3181/5107/1913 3140/5106/1913 
f 3205/5191/1360 3141/5192/1360 3206/5193/1360 
f 2646/4111/1585 3080/4697/1128 2647/4112/1585 
f 3142/5194/1914 3206/5195/1914 3141/5196/1914 
f 2290/3346/1360 1802/2673/1123 2325/3870/1360 
f 3053/4616/1133 2849/4393/1714 3143/5129/1133 
f 2173/3162/1274 2225/5197/1273 2195/5198/1273 
f 2217/5199/1265 2225/5197/1273 2083/3072/1265 
f 3043/4699/1133 3051/4610/1133 2881/4753/1823 
f 3081/4698/1133 2833/4377/1590 3147/5173/1133 
f 3074/4677/1143 2843/4387/1522 3145/5132/1143 
f 2293/3353/1128 1981/2968/1256 2335/5200/1128 
f 2260/3300/1143 1988/2975/1045 2311/3837/1143 
f 2242/3268/1143 1678/2549/1047 2063/3475/1391 
f 2222/3218/1360 1804/2675/1123 2117/3219/1361 
f 2291/3348/1143 1692/2563/1047 2014/3349/1374 
f 1585/2456/1008 1816/2687/1134 1586/2457/1009 
f 1587/2458/1009 1586/2457/1009 1588/2459/1010 
f 1589/2460/1011 1588/2459/1010 1590/2461/1012 
f 1592/2463/1014 1595/2466/1015 1593/2464/1015 
f 1595/2466/1015 1597/2468/1018 1596/2467/1017 
f 1597/2468/1018 1814/2685/1132 1598/2469/1019 
f 1599/2470/1008 1998/2985/1134 1600/2471/1009 
f 1601/2472/1009 1600/2471/1009 1602/2473/1020 
f 1603/2474/1011 1602/2473/1020 1604/2475/1012 
f 1606/2477/1014 1609/2480/1015 1607/2478/1015 
f 1609/2480/1015 1611/2482/1018 1610/2481/1017 
f 1611/2482/1018 1812/2683/1130 1612/2483/1019 
f 1613/2484/1021 1616/2487/1022 1614/2485/1022 
f 1616/2487/1022 1618/2489/1025 1617/2488/1024 
f 1618/2489/1025 1813/2684/1131 1619/2490/1026 
f 1620/2491/1027 1950/2930/1129 1621/2492/1028 
f 1622/2493/1028 1621/2492/1028 1623/2494/1029 
f 1624/2495/1030 1623/2494/1029 1625/2496/1031 
f 1627/2498/1021 1630/2501/1033 1628/2499/1022 
f 1630/2501/1033 1632/2503/1024 1631/2502/1025 
f 1632/2503/1024 1809/2680/1127 1633/2504/1026 
f 1634/2505/1027 1811/2682/1129 1635/2506/1028 
f 1636/2507/1028 1635/2506/1028 1637/2508/1034 
f 1638/2509/1035 1637/2508/1034 1639/2510/1036 
f 1641/2512/1027 1956/2939/1129 1642/2513/1028 
f 1643/2514/1028 1642/2513/1028 1644/2515/1029 
f 1645/2516/1030 1644/2515/1029 1646/2517/1036 
f 1648/2519/1021 1651/2522/1022 1649/2520/1022 
f 1651/2522/1022 1653/2524/1024 1652/2523/1024 
f 1653/2524/1024 1820/2691/1135 1654/2525/1026 
f 1655/2526/1014 1658/2529/1037 1656/2527/1015 
f 1658/2529/1037 1660/2531/1018 1659/2530/1017 
f 1660/2531/1018 1817/2688/1130 1661/2532/1019 
f 1662/2533/1008 1944/2923/1134 1663/2534/1009 
f 1664/2535/1009 1663/2534/1009 1665/2536/1020 
f 1666/2537/1038 1665/2536/1020 1667/2538/1012 
f 1669/2540/1039 1672/2543/1041 1670/2541/1040 
f 1672/2543/1041 1674/2545/1043 1673/2544/1042 
f 1674/2545/1043 1824/2696/1137 1675/2546/1044 
f 1676/2547/1045 1679/2550/1046 1677/2548/1046 
f 1679/2550/1046 1681/2552/1049 1680/2551/1048 
f 1681/2552/1049 1825/2697/1138 1682/2553/1050 
f 1683/2554/1039 1686/2557/1041 1684/2555/1041 
f 1686/2557/1041 1688/2559/1051 1687/2558/1051 
f 1688/2559/1051 2296/3366/1378 1689/2560/1052 
f 1690/2561/1047 1693/2564/1046 1691/2562/1046 
f 1693/2564/1046 1695/2566/1053 1694/2565/1053 
f 1695/2566/1053 1823/2695/1136 1696/2567/1050 
f 1697/2568/1054 1833/5201/1144 1698/2569/1055 
f 1699/2570/1056 1698/2569/1055 1700/2571/1057 
f 1701/2572/1058 1700/2571/1057 1702/2573/1059 
f 1704/2575/1061 1707/2578/1064 1705/2576/1062 
f 1707/2578/1064 1709/2580/1066 1708/2579/1065 
f 1709/2580/1066 1831/2703/1142 1710/2581/1067 
f 1711/2582/1054 2003/5202/1240 1712/2583/1068 
f 1713/2584/1068 1712/2583/1068 1714/2585/1069 
f 1715/2586/1070 1714/2585/1069 1716/2587/1071 
f 1718/2589/1073 1721/2592/1074 1719/2590/1074 
f 1721/2592/1074 1723/2594/1076 1722/2593/1076 
f 1723/2594/1076 1829/2701/1141 1724/2595/1077 
f 1725/2596/1078 1728/2599/1079 1726/2597/1079 
f 1728/2599/1079 1730/2601/1081 1729/2600/1081 
f 1730/2601/1081 1830/2702/1139 1731/2602/1082 
f 1732/2603/1083 1937/2914/1140 1733/2604/1084 
f 1734/2605/1084 1733/2604/1084 1735/2606/1085 
f 1736/2607/1086 1735/2606/1085 1737/2608/1087 
f 1739/2610/1078 1742/2613/1089 1740/2611/1079 
f 1742/2613/1089 1744/2615/1090 1743/2614/1081 
f 1744/2615/1090 1826/2698/1139 1745/2616/1082 
f 1746/2617/1083 1828/2700/1140 1747/2618/1084 
f 1748/2619/1084 1747/2618/1084 1749/2620/1085 
f 1750/2621/1091 1749/2620/1085 1751/2622/1087 
f 1753/2624/1092 1941/2920/1140 1754/2625/1093 
f 1755/2626/1094 1754/2625/1093 1756/2627/1095 
f 1757/2628/1096 1756/2627/1095 1758/2629/1097 
f 1760/2631/1078 1763/2634/1099 1761/2632/1099 
f 1763/2634/1099 1765/2636/1101 1764/2635/1101 
f 1765/2636/1101 1836/2709/1145 1766/2637/1102 
f 1767/2638/1073 1770/2641/1103 1768/2639/1103 
f 1770/2641/1103 1772/2643/1104 1771/2642/1104 
f 1772/2643/1104 1834/2707/1141 1773/2644/1077 
f 1774/2645/1054 1962/2947/1240 1775/2646/1068 
f 1776/2647/1068 1775/2646/1068 1777/2648/1069 
f 1778/2649/1070 1777/2648/1069 1779/2650/1071 
f 1781/2652/1106 1784/2655/1108 1782/2653/1107 
f 1784/2655/1108 1786/2657/1110 1785/2656/1109 
f 1786/2657/1110 1840/2713/1148 1787/2658/1111 
f 1788/2659/1112 2254/3293/1112 1789/2660/1113 
f 1790/2661/1114 1789/2660/1113 1791/2662/1115 
f 1792/2663/1116 1791/2662/1115 1793/2664/1117 
f 1795/2666/1106 1798/2669/1119 1796/2667/1119 
f 1798/2669/1119 1800/2671/1121 1799/2670/1121 
f 1800/2671/1121 1838/2711/1146 1801/2672/1122 
f 1802/2673/1123 1805/2676/1124 1803/2674/1124 
f 1805/2676/1124 1807/2678/1125 1806/2677/1125 
f 1807/2678/1125 1839/2712/1147 1808/2679/1126 
f 1809/2680/1127 1640/2511/1032 1639/2510/1036 
f 1810/2681/1128 3065/5203/1128 1811/2682/1129 
f 1604/2475/1012 1612/2483/1019 1812/2683/1130 
f 1813/2684/1131 1626/2497/1032 1625/2496/1031 
f 1590/2461/1012 1598/2469/1019 1814/2685/1132 
f 1815/2686/1133 2228/5204/1133 1816/2687/1134 
f 1817/2688/1130 1668/2539/1013 1667/2538/1012 
f 1818/2689/1128 1655/2526/1014 1657/2528/1016 
f 1646/2517/1036 1654/2525/1026 1820/2691/1135 
f 1821/2692/1133 1648/5205/1021 1650/2693/1023 
f 1689/2560/1052 2296/3366/1378 1696/2567/1050 
f 1824/2696/1137 1682/2553/1050 1825/2697/1138 
f 1826/2698/1139 1752/2623/1088 1751/2622/1087 
f 1827/2699/1133 1945/2924/1133 1828/2700/1140 
f 1716/2587/1071 1724/2595/1077 1829/2701/1141 
f 1830/2702/1139 1738/2609/1088 1737/2608/1087 
f 1703/2574/1060 1702/2573/1059 1710/2581/1067 
f 1832/2704/1143 2268/4164/1143 1833/2705/1144 
f 1834/2707/1141 1780/2651/1105 1779/2650/1071 
f 1769/2640/1075 2232/5206/1133 1835/2708/1133 
f 1759/2630/1098 1758/2629/1097 1766/2637/1102 
f 1762/2633/1100 2275/5207/1143 1837/2710/1143 
f 1838/2711/1146 1808/2679/1126 1839/2712/1147 
f 1840/2713/1148 1794/2665/1118 1793/2664/1117 
f 1841/2714/1149 1917/2887/1161 1585/2715/1150 
f 1842/2717/1152 1841/2714/1149 1587/2716/1151 
f 1842/2717/1152 1589/2718/1153 1591/2719/1154 
f 1844/2721/1155 1595/2725/1158 1592/2722/1156 
f 1846/2724/1157 1597/2727/1157 1595/2725/1158 
f 1846/2724/1157 1918/2889/1159 1814/2726/1159 
f 1847/2728/1160 1999/2986/1150 1599/2729/1161 
f 1848/2731/1153 1847/2728/1160 1601/2730/1162 
f 1848/2731/1153 1603/2732/1153 1605/2733/1154 
f 1850/2735/1163 1609/2739/1165 1606/2736/1156 
f 1852/2738/1164 1611/2741/1166 1609/2739/1165 
f 1852/2738/1164 1915/2885/1159 1812/2740/1159 
f 1853/2742/1167 1616/2746/1170 1613/2743/1168 
f 1855/2745/1169 1618/2748/1172 1616/2746/1170 
f 1855/2745/1169 1916/2886/1171 1813/2747/1171 
f 1856/2749/1173 1946/2925/1174 1620/2750/1174 
f 1857/2752/1176 1856/2749/1173 1622/2751/1175 
f 1857/2752/1176 1624/2753/1177 1626/2754/1178 
f 1859/2756/1170 1630/2760/1180 1627/2757/1168 
f 1861/2759/1172 1632/2762/1181 1630/2760/1180 
f 1861/2759/1172 1914/2884/1171 1809/2761/1171 
f 1862/2763/1173 1913/2882/1174 1634/2764/1174 
f 1863/2766/1176 1862/2763/1173 1636/2765/1182 
f 1863/2766/1176 1638/2767/1177 1640/2768/1178 
f 1865/2770/1173 1952/2934/1174 1641/2771/1174 
f 1866/2773/1176 1865/2770/1173 1643/2772/1175 
f 1866/2773/1176 1645/2774/1177 1647/2775/1178 
f 1868/2777/1183 1651/2781/1184 1648/2778/1168 
f 1870/2780/1172 1653/2783/1169 1651/2781/1184 
f 1870/2780/1172 1922/2895/1171 1820/2782/1171 
f 1871/2784/1155 1658/2788/1165 1655/2785/1156 
f 1873/2787/1164 1660/2790/1166 1658/2788/1165 
f 1873/2787/1164 1919/2890/1159 1817/2789/1159 
f 1874/2791/1151 1942/2921/1161 1662/2792/1161 
f 1875/2794/1153 1874/2791/1151 1664/2793/1185 
f 1875/2794/1153 1666/2795/1152 1668/2796/1154 
f 1877/2798/1186 1927/2901/1187 1697/2799/1187 
f 1878/2801/1189 1877/2798/1186 1699/2800/1188 
f 1878/2801/1189 1701/2802/1189 1703/2803/1190 
f 1880/2805/1191 1707/2809/1191 1704/2806/1192 
f 1882/2808/1194 1709/2811/1196 1707/2809/1191 
f 1882/2808/1194 1928/2903/1195 1831/2810/1195 
f 1883/2812/1197 1996/2983/1198 1711/2813/1198 
f 1884/2815/1199 1883/2812/1197 1713/2814/1197 
f 1884/2815/1199 1715/2816/1200 1717/2817/1201 
f 1886/2819/1202 1721/2823/1204 1718/2820/1192 
f 1888/2822/1203 1723/2825/1206 1721/2823/1204 
f 1888/2822/1203 1925/2899/1205 1829/2824/1205 
f 1889/2826/1207 1728/2830/1210 1725/2827/1208 
f 1891/2829/1209 1730/2832/1212 1728/2830/1210 
f 1891/2829/1209 1926/2900/1211 1830/2831/1211 
f 1892/2833/1213 1933/2910/1239 1732/2834/1214 
f 1893/2836/1216 1892/2833/1213 1734/2835/1215 
f 1893/2836/1216 1736/2837/1217 1738/2838/1218 
f 1895/2840/1207 1742/2844/1210 1739/2841/1208 
f 1897/2843/1219 1744/2846/1212 1742/2844/1210 
f 1897/2843/1219 1924/2898/1211 1826/2845/1211 
f 1898/2847/1220 1923/2896/1214 1746/2848/1214 
f 1899/2850/1216 1898/2847/1220 1748/2849/1215 
f 1899/2850/1216 1750/2851/1221 1752/2852/1218 
f 1901/2854/1222 1939/2918/1214 1753/2855/1214 
f 1902/2857/1223 1901/2854/1222 1755/2856/1222 
f 1902/2857/1223 1757/2858/1224 1759/2859/1225 
f 1904/2861/1227 1763/2865/1227 1760/2862/1208 
f 1906/2864/1228 1765/2867/1230 1763/2865/1227 
f 1906/2864/1228 1931/2907/1237 1836/2866/1229 
f 1907/2868/1204 1770/2872/1231 1767/2869/1192 
f 1909/2871/1206 1772/2874/1203 1770/2872/1231 
f 1909/2871/1206 1930/2906/1205 1834/2873/1205 
f 1910/2875/1197 1958/2943/1198 1774/2876/1198 
f 1911/2878/1199 1910/2875/1197 1776/2877/1197 
f 1911/2878/1199 1778/2879/1199 1780/2880/1201 
f 1913/2882/1174 2804/4340/1232 1810/2883/1232 
f 1914/2884/1171 1864/2769/1178 1640/2768/1178 
f 1915/2885/1159 1849/2734/1154 1605/2733/1154 
f 1916/2886/1171 1858/2755/1178 1626/2754/1178 
f 1917/2887/1161 1940/2919/1233 1815/2888/1233 
f 1918/2889/1159 1843/2720/1154 1591/2719/1154 
f 1919/2890/1159 1876/2797/1154 1668/2796/1154 
f 1872/2786/1156 1655/2785/1156 1818/2891/1234 
f 1869/2779/1168 1648/2778/1168 1821/2893/1235 
f 1922/2895/1171 1867/2776/1178 1647/2775/1178 
f 1923/2896/1214 1943/2922/1235 1827/2897/1235 
f 1924/2898/1211 1900/2853/1218 1752/2852/1218 
f 1925/2899/1205 1885/2818/1201 1717/2817/1201 
f 1926/2900/1211 1894/2839/1218 1738/2838/1218 
f 1927/2901/1187 2808/4347/1236 1832/2902/1236 
f 1928/2903/1195 1879/2804/1190 1703/2803/1190 
f 1908/2870/1192 1767/2869/1192 1835/2904/1233 
f 1930/2906/1205 1912/2881/1201 1780/2880/1201 
f 1931/2907/1237 1903/2860/1226 1759/2859/1225 
f 1905/2863/1208 1760/2862/1208 1837/2908/1238 
f 1933/2910/1239 2000/2987/1235 1934/2911/1235 
f 1887/2821/1193 1718/2820/1192 1935/2912/1233 
f 1937/2914/1140 1732/2603/1083 1934/2915/1133 
f 1720/2591/1075 2196/5208/1133 1935/2917/1133 
f 1939/2918/1214 1921/2894/1235 1821/2893/1235 
f 1881/2807/1193 1704/2806/1192 1815/2888/1233 
f 1941/2920/1140 1753/2624/1092 1821/2692/1133 
f 1706/2577/1063 2228/5204/1133 1815/2686/1133 
f 1942/2921/1161 1929/2905/1233 1835/2904/1233 
f 1860/2758/1179 1627/2757/1168 1827/2897/1235 
f 1835/2708/1133 2232/5206/1133 1944/2923/1134 
f 1827/2699/1133 1627/2498/1021 1629/2500/1023 
f 1946/2925/1174 2818/4360/1232 1947/2926/1232 
f 1851/2737/1156 1606/2736/1156 1948/2927/1234 
f 1947/2929/1128 2252/5209/1128 1950/2930/1129 
f 1948/2931/1128 1606/5210/1014 1608/2932/1016 
f 1952/2934/1174 2819/4361/1232 1953/2935/1232 
f 1845/2723/1156 1592/2722/1156 1954/2936/1234 
f 1953/2938/1128 2246/5211/1128 1956/2939/1129 
f 1954/2940/1128 1592/5212/1014 1594/2941/1016 
f 1958/2943/1198 2820/4362/1236 1959/2944/1236 
f 1896/2842/1208 1739/2841/1208 1960/2945/1238 
f 1962/2947/1240 1774/2645/1054 1959/2948/1143 
f 1741/2612/1080 2279/4364/1143 1960/2950/1143 
f 1964/2951/1241 1970/2957/1147 1965/2952/1242 
f 1967/2954/1244 1983/2970/1136 1968/2955/1245 
f 1970/2957/1147 1964/2951/1241 1971/2958/1247 
f 1972/2959/1248 1971/2958/1247 1973/2960/1249 
f 1975/2962/1251 1974/2961/1250 1973/2960/1249 
f 1966/2953/1243 1965/2952/1242 1977/2964/1252 
f 1978/2965/1253 1977/2964/1252 1979/2966/1254 
f 1981/2968/1256 1980/2967/1255 1979/2966/1254 
f 1983/2970/1136 1967/2954/1244 1984/2971/1048 
f 1985/2972/1257 1984/2971/1048 1986/2973/1258 
f 1988/2975/1045 1987/2974/1259 1986/2973/1258 
f 1969/2956/1246 1968/2955/1245 1990/2977/1260 
f 1991/2978/1043 1990/2977/1260 1992/2979/1261 
f 1994/2981/1263 1993/2980/1262 1992/2979/1261 
f 1996/2983/1198 2850/4394/1236 1997/2984/1236 
f 1935/2917/1133 2196/5208/1133 1998/2985/1134 
f 1999/2986/1150 1936/2913/1233 1935/2912/1233 
f 1854/2744/1168 1613/2743/1168 1934/2911/1235 
f 2001/2988/1143 1725/2596/1078 1727/2598/1080 
f 2003/2990/1240 1711/5213/1054 1997/2991/1143 
f 1890/2828/1208 1725/2827/1208 2001/2993/1238 
f 1934/2915/1133 1613/2484/1021 1615/2486/1023 
f 2006/2995/1265 2203/3193/1266 2007/2996/1266 
f 2009/2998/1267 2237/5214/1267 2010/2999/1268 
f 2012/3001/1269 2250/4402/1270 2013/3002/1270 
f 2015/3004/1271 2104/3093/1271 2016/3005/1272 
f 2018/3007/1273 2231/5215/1915 2019/3008/1274 
f 2021/3010/1267 2117/3106/1275 2022/3011/1275 
f 2024/3013/1276 2151/3140/1277 2025/3014/1277 
f 2027/3016/1278 2138/3127/1278 2028/3017/1279 
f 2030/3019/1280 2034/3023/1280 2031/3020/1268 
f 2033/3022/1281 2036/3025/1283 2034/3023/1280 
f 2035/3024/1282 2190/3179/1282 2036/3025/1283 
f 2037/3026/1284 2012/3001/1269 2014/3003/1269 
f 2039/3028/1285 2037/3026/1284 2038/3027/1284 
f 2041/3030/1287 2039/3028/1285 2040/3029/1286 
f 2043/3032/1289 2047/3036/1289 2044/3033/1268 
f 2046/3035/1290 2049/3038/1292 2047/3036/1289 
f 2048/3037/1291 2191/3180/1291 2049/3038/1292 
f 2050/3039/1284 2207/3197/1269 2051/3040/1269 
f 2053/3042/1285 2050/3039/1284 2052/3041/1293 
f 2055/3044/1294 2053/3042/1285 2054/3043/1286 
f 2057/3046/1280 2059/3048/1280 2011/3000/1268 
f 2058/3047/1281 2061/3050/1283 2059/3048/1280 
f 2060/3049/1291 2192/3181/1291 2061/3050/1283 
f 2062/3051/1284 2211/3201/1269 2063/3052/1269 
f 2065/3054/1285 2062/3051/1284 2064/3053/1293 
f 2067/3056/1294 2065/3054/1285 2066/3055/1286 
f 2069/3058/1296 2006/2995/1265 2008/2997/1265 
f 2071/3060/1298 2069/3058/1296 2070/3059/1297 
f 2073/3062/1300 2071/3060/1298 2072/3061/1299 
f 2075/3064/1302 2079/3068/1302 2076/3065/1271 
f 2078/3067/1303 2081/3070/1305 2079/3068/1302 
f 2080/3069/1304 2298/5216/1304 2081/3070/1305 
f 2082/3071/1306 2217/5199/1265 2083/3072/1265 
f 2085/3074/1298 2082/3071/1306 2084/3073/1306 
f 2087/3076/1307 2085/3074/1298 2086/3075/1299 
f 2089/3078/1309 2093/3082/1309 2090/3079/1271 
f 2092/3081/1303 2095/3084/1305 2093/3082/1309 
f 2094/3083/1310 2297/5217/1310 2095/3084/1305 
f 2096/3085/1306 2204/3194/1265 2097/3086/1265 
f 2099/3088/1298 2096/3085/1306 2098/3087/1306 
f 2101/3090/1307 2099/3088/1298 2100/3089/1299 
f 2103/3092/1309 2106/3095/1309 2104/3093/1271 
f 2105/3094/1303 2108/3097/1305 2106/3095/1309 
f 2107/3096/1310 2299/5218/1310 2108/3097/1305 
f 2109/3098/1311 2113/3102/1311 2110/3099/1312 
f 2112/3101/1313 2115/3104/1315 2113/3102/1311 
f 2114/3103/1314 2193/3182/1354 2115/3104/1315 
f 2116/3105/1316 2022/3011/1275 2117/3106/1275 
f 2119/3108/1317 2116/3105/1316 2118/3107/1316 
f 2121/3110/1319 2119/3108/1317 2120/3109/1318 
f 2123/3112/1311 2127/3116/1321 2124/3113/1312 
f 2126/3115/1313 2129/3118/1323 2127/3116/1321 
f 2128/3117/1322 2197/3187/1322 2129/3118/1323 
f 2130/3119/1324 2200/3190/1275 2131/3120/1275 
f 2133/3122/1317 2130/3119/1324 2132/3121/1324 
f 2135/3124/1325 2133/3122/1317 2134/3123/1317 
f 2137/3126/1326 2140/3129/1326 2138/3127/1278 
f 2139/3128/1327 2142/3131/1327 2140/3129/1326 
f 2141/3130/1328 2199/3189/1328 2142/3131/1327 
f 2143/3132/1329 2202/3192/1330 2144/3133/1330 
f 2146/3135/1331 2143/3132/1329 2145/3134/1329 
f 2148/3137/1332 2146/3135/1331 2147/3136/1331 
f 2150/3139/1333 2025/3014/1277 2151/3140/1277 
f 2153/3142/1335 2150/3139/1333 2152/3141/1334 
f 2155/3144/1336 2153/3142/1335 2154/3143/1335 
f 2157/3146/1338 2161/3150/1338 2158/3147/1274 
f 2160/3149/1340 2163/3152/1342 2161/3150/1338 
f 2162/3151/1341 2300/5219/1916 2163/3152/1342 
f 2164/3153/1343 2220/3211/1344 2165/3154/1344 
f 2167/3156/1345 2164/3153/1343 2166/3155/1343 
f 2169/3158/1347 2167/3156/1345 2168/3157/1346 
f 2171/3160/1349 2175/3164/1349 2172/3161/1274 
f 2174/3163/1350 2177/3166/1352 2175/3164/1349 
f 2176/3165/1351 2194/3183/1351 2177/3166/1352 
f 2178/3167/1343 2213/3203/1344 2179/3168/1344 
f 2181/3170/1345 2178/3167/1343 2180/3169/1343 
f 2183/3172/1347 2181/3170/1345 2182/3171/1346 
f 2185/3174/1353 2187/3176/1349 2020/3009/1274 
f 2186/3175/1350 2189/3178/1352 2187/3176/1349 
f 2188/3177/1351 2198/3188/1351 2189/3178/1352 
f 2041/3030/1287 2042/3031/1288 2190/3179/1282 
f 2088/3077/1308 2297/5217/1310 2094/3083/1310 
f 2055/3044/1294 2056/3045/1295 2191/3180/1291 
f 2074/3063/1301 2298/5216/1304 2080/3069/1304 
f 2102/3091/1308 2299/5218/1310 2107/3096/1310 
f 2067/3056/1294 2068/3057/1295 2192/3181/1291 
f 2114/3103/1314 2121/3110/1319 2122/3111/1320 
f 2194/3183/1351 2176/3165/1351 2169/3158/1347 
f 1720/3184/1355 2173/3498/1355 2195/3185/1355 
f 2128/3117/1322 2135/3124/1325 2136/3125/1320 
f 2156/3145/1337 2300/5219/1916 2162/3151/1341 
f 2198/3188/1351 2188/3177/1351 2183/3172/1347 
f 2141/3130/1328 2148/3137/1332 2149/3138/1332 
f 2200/3190/1275 2223/5220/1356 2201/3191/1356 
f 2202/3192/1330 2237/5214/1267 2009/2998/1267 
f 2159/3148/1339 2158/3147/1274 2007/2996/1266 
f 2032/3021/1268 2031/3020/1268 2021/3010/1267 
f 2204/3194/1265 2231/5215/1915 2018/3007/1273 
f 2091/3080/1271 2090/3079/1271 2205/3195/1272 
f 2207/3197/1269 2251/4596/1270 2208/3198/1270 
f 2077/3066/1271 2076/3065/1271 2209/3199/1272 
f 2211/3201/1269 2245/4597/1270 2212/3202/1270 
f 2213/3203/1344 2274/4598/1357 2214/3204/1357 
f 2111/3100/1312 2110/3099/1312 2215/3205/1358 
f 2201/3191/1356 2223/5220/1356 2045/3034/1268 
f 1998/3207/1355 2196/3186/1355 2195/3185/1355 
f 2218/3209/1358 2283/5221/1358 2125/3114/1312 
f 2219/3210/1357 2165/3154/1344 2220/3211/1344 
f 1629/3213/1359 2032/3359/1359 2023/3214/1359 
f 2023/3214/1359 2022/3493/1359 1828/3216/1359 
f 2021/3217/1360 2344/3755/1360 2222/3218/1360 
f 1615/3220/1359 2045/3398/1359 2223/3221/1359 
f 1937/3223/1359 1938/3222/1359 2223/3221/1359 
f 2224/3225/1360 2083/3395/1363 2225/3226/1360 
f 2009/3228/1360 2360/5222/1360 2227/3229/1360 
f 1816/3231/1355 2228/3235/1355 2203/3232/1355 
f 1706/3234/1355 2159/3537/1355 2203/3232/1355 
f 2007/3236/1360 2295/3357/1360 2229/3237/1360 
f 2230/3239/1143 2356/5223/1143 2016/3240/1143 
f 1769/3242/1355 2019/3557/1355 2231/3243/1355 
f 2233/3245/1360 2097/3345/1363 2018/3246/1360 
f 2231/3243/1355 2204/3452/1355 1944/3248/1355 
f 2209/3249/1143 2076/5224/1364 2235/3250/1143 
f 1650/3252/1359 2010/3457/1359 2237/3253/1359 
f 1941/3255/1359 1822/3254/1359 2237/3253/1359 
f 2238/3257/1360 2360/5222/1360 2009/3228/1360 
f 1608/3259/1355 2091/3378/1355 2206/3260/1355 
f 2239/3262/1366 2927/4733/1815 2240/3263/1143 
f 1594/3265/1355 2077/3418/1355 2210/3266/1355 
f 2242/3268/1143 2063/3475/1391 2212/3269/1143 
f 1657/3271/1355 2015/3437/1355 2017/3272/1355 
f 2214/3274/1128 2380/5225/1128 2244/3275/1128 
f 2245/3277/1359 2211/3472/1392 1956/3278/1359 
f 2024/3280/1128 2386/5226/1128 2247/3281/1128 
f 2215/3283/1128 2110/5227/1375 2248/3284/1128 
f 1811/3286/1359 3065/4665/1359 2250/3287/1359 
f 2251/3289/1359 2207/3412/1359 1950/3290/1359 
f 2229/3237/1360 2359/3818/1360 1671/2542/1039 
f 2253/3292/1360 2158/5228/1917 2254/3293/1112 
f 2256/3295/1360 2172/5229/1917 1975/2962/1251 
f 2230/3239/1143 2104/3241/1364 1690/2561/1047 
f 2244/3275/1128 2377/3900/1128 1797/2668/1120 
f 2248/3284/1128 2110/5227/1375 1795/2666/1106 
f 2205/3299/1143 2090/5230/1364 2260/3300/1143 
f 2262/3302/1143 2051/3415/1391 2208/3303/1143 
f 2227/3229/1360 2381/3868/1360 1788/2659/1112 
f 2238/3257/1360 2011/3258/1365 1669/2540/1039 
f 2221/3306/1355 2220/3512/1355 2003/3307/1355 
f 2265/3309/1128 2999/4707/1818 2266/3310/1369 
f 2026/3312/1355 2025/3552/1355 1833/3313/1355 
f 2028/3315/1128 2138/5231/1918 2269/3316/1128 
f 2271/3318/1370 2861/4907/1847 2272/3319/1133 
f 1962/3321/1355 1963/5232/1355 2274/3322/1355 
f 1762/3324/1359 2027/3575/1359 2029/3325/1359 
f 2276/3327/1143 2901/4652/1817 2277/3328/1371 
f 1741/3330/1359 2111/3478/1359 2216/3331/1359 
f 2280/3333/1143 2876/4604/1812 2281/3334/1372 
f 1727/3336/1359 2125/3517/1359 2283/3337/1359 
f 2284/3339/1373 2959/4709/1821 2285/3340/1128 
f 2269/3316/1128 2138/5231/1918 1781/2652/1106 
f 2247/3281/1128 2450/3910/1128 1783/2654/1106 
f 2225/3226/1360 2172/5229/1917 2256/3295/1360 
f 2288/3343/1360 2031/5233/1919 1683/2554/1039 
f 2233/3245/1360 2343/3824/1360 1685/2556/1039 
f 2018/3246/1360 2020/5234/1917 2290/3346/1360 
f 2013/3347/1143 2355/5235/1143 2291/3348/1143 
f 2219/3350/1128 2376/5236/1128 2292/3351/1128 
f 2293/3353/1128 2372/5237/1128 2218/3354/1128 
f 2235/3250/1143 2076/5224/1364 1676/2547/1045 
f 2007/3236/1360 2158/5228/1917 2253/3292/1360 
f 1683/2554/1039 2031/5233/1919 2034/3358/1376 
f 2032/3359/1359 1629/3213/1359 1628/3360/1359 
f 2033/3362/1359 1631/3369/1359 1633/3363/1359 
f 1688/2559/1051 2036/3368/1379 2190/3365/1377 
f 1639/3367/1359 2041/5238/1359 2035/3364/1359 
f 2190/3365/1377 2042/3372/1380 1696/2567/1050 
f 1686/2557/1041 2034/3358/1376 2036/3368/1379 
f 2030/3361/1359 1628/3360/1359 1631/3369/1359 
f 2039/3370/1359 2041/5238/1359 1639/3367/1359 
f 1694/2565/1053 1696/2567/1050 2042/3372/1380 
f 2012/3288/1359 2037/3376/1359 1635/3374/1359 
f 1692/2563/1047 1691/2562/1046 2038/3375/1382 
f 2037/3376/1359 2039/3370/1359 1637/3371/1359 
f 1691/2562/1046 1694/2565/1053 2040/3373/1381 
f 1988/2975/1045 2090/5230/1364 2093/3377/1383 
f 2091/3378/1355 1608/3259/1355 1607/3379/1355 
f 2092/3381/1355 1610/3389/1355 1612/3382/1355 
f 1985/2972/1257 2095/3388/1386 2297/3384/1384 
f 2087/3385/1355 2094/3383/1355 1612/3382/1355 
f 1968/2955/1245 1983/2970/1136 2297/3384/1384 
f 1987/2974/1259 2093/3377/1383 2095/3388/1386 
f 2089/3380/1355 1607/3379/1355 1610/3389/1355 
f 2085/3390/1355 2087/3385/1355 1604/3386/1355 
f 1990/2977/1260 1968/2955/1245 2088/3387/1385 
f 2217/3208/1355 2082/3396/1355 1600/3393/1355 
f 1995/2982/1264 1992/2979/1261 2084/3394/1388 
f 2082/3396/1355 2085/3390/1355 1602/3391/1355 
f 1992/2979/1261 1990/2977/1260 2086/3392/1387 
f 1994/2981/1263 2044/3764/1365 2047/3397/1376 
f 2045/3398/1359 1615/3220/1359 1614/3399/1359 
f 2046/3401/1359 1617/3407/1359 1619/3402/1359 
f 1991/2978/1043 2049/3406/1379 2191/3404/1389 
f 1625/3405/1359 2055/5239/1359 2048/3403/1359 
f 2191/3404/1389 2056/3410/1380 1967/2954/1244 
f 1993/2980/1262 2047/3397/1376 2049/3406/1379 
f 2043/3400/1359 1614/3399/1359 1617/3407/1359 
f 2053/3408/1359 2055/5239/1359 1625/3405/1359 
f 1984/2971/1048 1967/2954/1244 2056/3410/1380 
f 2207/3412/1359 2050/3416/1359 1621/3413/1359 
f 1989/2976/1045 1986/2973/1258 2052/3414/1382 
f 2050/3416/1359 2053/3408/1359 1623/3409/1359 
f 1986/2973/1258 1984/2971/1048 2054/3411/1390 
f 1676/2547/1045 2076/5224/1364 2079/3417/1383 
f 2077/3418/1355 1594/3265/1355 1593/3419/1355 
f 2078/3421/1355 1596/3429/1355 1598/3422/1355 
f 1681/2552/1049 2081/3428/1386 2298/3424/1384 
f 2073/3425/1355 2080/3423/1355 1598/3422/1355 
f 1675/2546/1044 1825/2697/1138 2298/3424/1384 
f 1679/2550/1046 2079/3417/1383 2081/3428/1386 
f 2075/3420/1355 1593/3419/1355 1596/3429/1355 
f 2071/3430/1355 2073/3425/1355 1590/3426/1355 
f 1673/2544/1042 1675/2546/1044 2074/3427/1385 
f 2006/3233/1355 2069/3435/1355 1586/3433/1355 
f 1671/2542/1039 1670/2541/1040 2070/3434/1388 
f 2069/3435/1355 2071/3430/1355 1588/3431/1355 
f 1670/2541/1040 1673/2544/1042 2072/3432/1387 
f 1690/2561/1047 2104/3241/1364 2106/3436/1383 
f 2015/3437/1355 1657/3271/1355 1656/3438/1355 
f 2105/3440/1355 1659/3448/1355 1661/3441/1355 
f 1695/2566/1053 2108/3447/1386 2299/3443/1384 
f 2101/3444/1355 2107/3442/1355 1661/3441/1355 
f 1689/2560/1052 1823/2695/1136 2299/3443/1384 
f 1693/2564/1046 2106/3436/1383 2108/3447/1386 
f 2103/3439/1355 1656/3438/1355 1659/3448/1355 
f 2099/3449/1355 2101/3444/1355 1667/3445/1355 
f 1687/2558/1051 1689/2560/1052 2102/3446/1385 
f 2204/3452/1355 2096/3455/1355 1663/3453/1355 
f 1685/2556/1039 1684/2555/1041 2098/3454/1388 
f 2096/3455/1355 2099/3449/1355 1665/3450/1355 
f 1684/2555/1041 1687/2558/1051 2100/3451/1387 
f 1669/2540/1039 2011/3258/1365 2059/3456/1376 
f 2010/3457/1359 1650/3252/1359 1649/3458/1359 
f 2058/3460/1359 1652/3467/1359 1654/3461/1359 
f 1674/2545/1043 2061/3466/1379 2192/3463/1389 
f 2060/3462/1359 1654/3461/1359 1646/3464/1359 
f 2192/3463/1389 2068/3470/1380 1682/2553/1050 
f 1672/2543/1041 2059/3456/1376 2061/3466/1379 
f 2057/3459/1359 1649/3458/1359 1652/3467/1359 
f 2065/3468/1359 2067/3465/1359 1646/3464/1359 
f 1680/2551/1048 1682/2553/1050 2068/3470/1380 
f 2211/3472/1392 2062/3476/1359 1642/3473/1359 
f 1678/2549/1047 1677/2548/1046 2064/3474/1382 
f 2062/3476/1359 2065/3468/1359 1644/3469/1359 
f 1677/2548/1046 1680/2551/1048 2066/3471/1390 
f 1795/2666/1106 2110/5227/1375 2113/3477/1393 
f 2111/3478/1359 1741/3330/1359 1740/3479/1359 
f 2112/3481/1359 1743/3489/1359 1745/3482/1359 
f 1800/2671/1121 2115/3488/1396 2193/3484/1394 
f 2121/3485/1359 2114/3483/1359 1745/3482/1359 
f 1838/2711/1146 2193/3484/1394 2122/3487/1395 
f 1798/2669/1119 2113/3477/1393 2115/3488/1396 
f 2109/3480/1359 1740/3479/1359 1743/3489/1359 
f 2119/3490/1359 2121/3485/1359 1751/3486/1359 
f 1806/2677/1125 1808/2679/1126 2122/3487/1395 
f 2022/3493/1359 2116/3496/1359 1747/3494/1359 
f 1804/2675/1123 1803/2674/1124 2118/3495/1398 
f 2116/3496/1359 2119/3490/1359 1749/3491/1359 
f 1803/2674/1124 1806/2677/1125 2120/3492/1397 
f 1975/2962/1251 2172/5229/1917 2175/3497/1399 
f 2173/3498/1355 1720/3184/1355 1719/3499/1355 
f 2174/3501/1355 1722/3508/1355 1724/3502/1355 
f 1972/2959/1248 2177/3507/1402 2194/3504/1400 
f 1716/3505/1355 2169/5240/1355 2176/3503/1355 
f 1965/2952/1242 1970/2957/1147 2194/3504/1400 
f 1974/2961/1250 2175/3497/1399 2177/3507/1402 
f 2171/3500/1355 1719/3499/1355 1722/3508/1355 
f 2167/3509/1355 2169/5240/1355 1716/3505/1355 
f 1977/2964/1252 1965/2952/1242 2170/3506/1401 
f 2220/3512/1355 2164/3515/1355 1712/3513/1355 
f 1982/2969/1106 1979/2966/1254 2166/3514/1404 
f 2164/3515/1355 2167/3509/1355 1714/3510/1355 
f 1979/2966/1254 1977/2964/1252 2168/3511/1403 
f 1981/2968/1256 2124/3355/1375 2127/3516/1393 
f 2125/3517/1359 1727/3336/1359 1726/3518/1359 
f 2126/3520/1359 1729/3527/1359 1731/3521/1359 
f 1978/2965/1253 2129/3526/1396 2197/3523/1394 
f 2135/3524/1359 2128/3522/1359 1731/3521/1359 
f 2197/3523/1394 2136/3530/1395 1964/2951/1241 
f 1980/2967/1255 2127/3516/1393 2129/3526/1396 
f 2123/3519/1359 1726/3518/1359 1729/3527/1359 
f 2133/3528/1359 2135/3524/1359 1737/3525/1359 
f 1971/2958/1247 1964/2951/1241 2136/3530/1395 
f 2200/3224/1359 2130/3535/1359 1733/3532/1359 
f 1976/2963/1112 1973/2960/1249 2132/3533/1398 
f 2130/3535/1359 2133/3528/1359 1735/3529/1359 
f 1973/2960/1249 1971/2958/1247 2134/3531/1397 
f 2254/3293/1112 2158/5228/1917 2161/3536/1405 
f 2159/3537/1355 1706/3234/1355 1705/3538/1355 
f 2160/3540/1355 1708/3548/1355 1710/3541/1355 
f 1791/2662/1115 2163/3547/1408 2300/3543/1406 
f 2155/3544/1355 2162/3542/1355 1710/3541/1355 
f 2156/3546/1407 1787/2658/1111 1793/2664/1117 
f 1789/2660/1113 2161/3536/1405 2163/3547/1408 
f 2157/3539/1355 1705/3538/1355 1708/3548/1355 
f 2153/3549/1355 2155/3544/1355 1702/3545/1355 
f 1785/2656/1109 1787/2658/1111 2156/3546/1407 
f 2025/3552/1355 2150/3555/1355 1698/3553/1355 
f 1783/2654/1106 1782/2653/1107 2152/3554/1410 
f 2150/3555/1355 2153/3549/1355 1700/3550/1355 
f 1782/2653/1107 1785/2656/1109 2154/3551/1409 
f 1802/2673/1123 2020/5234/1917 2187/3556/1399 
f 2019/3557/1355 1769/3242/1355 1768/3558/1355 
f 2186/3560/1355 1771/3567/1355 1773/3561/1355 
f 1807/2678/1125 2189/3566/1402 2198/3563/1400 
f 1779/3564/1355 2183/5241/1355 2188/3562/1355 
f 2184/3565/1401 1801/2672/1122 1839/2712/1147 
f 1805/2676/1124 2187/3556/1399 2189/3566/1402 
f 2185/3559/1355 1768/3558/1355 1771/3567/1355 
f 2181/3568/1355 2183/5241/1355 1779/3564/1355 
f 1799/2670/1121 1801/2672/1122 2184/3565/1401 
f 2213/3323/1355 2178/3573/1355 1775/3571/1355 
f 1797/2668/1120 1796/2667/1119 2180/3572/1404 
f 2178/3573/1355 2181/3568/1355 1777/3569/1355 
f 1796/2667/1119 1799/2670/1121 2182/3570/1403 
f 1781/2652/1106 2138/5231/1918 2140/3574/1411 
f 2027/3575/1359 1762/3324/1359 1761/3576/1359 
f 2139/3578/1359 1764/3585/1359 1766/3579/1359 
f 1786/2657/1110 2142/3584/1414 2199/3581/1412 
f 1766/3579/1359 1758/3587/1359 2148/3582/1359 
f 1840/2713/1148 2199/3581/1412 2149/3583/1413 
f 1784/2655/1108 2140/3574/1411 2142/3584/1414 
f 2137/3577/1359 1761/3576/1359 1764/3585/1359 
f 2146/3586/1359 2148/3582/1359 1758/3587/1359 
f 1792/2663/1116 1794/2665/1118 2149/3583/1413 
f 2202/3256/1359 2143/3592/1392 1754/3590/1359 
f 1788/2659/1112 1790/2661/1114 2145/3591/1416 
f 2143/3592/1392 2146/3586/1359 1756/3588/1359 
f 1790/2661/1114 1792/2663/1116 2147/3589/1415 
f 2301/3593/1417 2361/3698/1421 2238/3594/1417 
f 2302/3596/1419 2343/5242/1419 2233/3597/1420 
f 2304/3599/1417 2345/3670/1418 2288/3600/1418 
f 2305/3602/1420 2347/5243/1420 2224/3603/1420 
f 2307/3605/1421 2349/3677/1421 2308/3606/1422 
f 2310/3608/1423 2352/3684/1430 2260/3609/1424 
f 2312/3611/1425 2351/5244/1426 2262/3612/1425 
f 2314/3614/1424 2357/3691/1424 2230/3615/1424 
f 2315/3617/1427 2354/5245/1425 2291/3618/1426 
f 2317/3620/1428 2359/5246/1419 2229/3621/1429 
f 2319/3623/1423 2364/3705/1424 2235/3624/1430 
f 2320/3626/1427 2363/5247/1425 2242/3627/1431 
f 2322/3629/1432 2381/5248/1437 2227/3630/1433 
f 2324/3632/1434 2367/3710/1434 2290/3633/1435 
f 2326/3635/1436 2366/5249/1436 2222/3636/1437 
f 2328/3638/1438 2370/3715/1434 2256/3639/1434 
f 2329/3641/1432 2369/5250/1437 2330/3642/1433 
f 2332/3644/1439 2375/5251/1441 2292/3645/1440 
f 2334/3647/1442 2373/3718/1444 2293/3648/1443 
f 2336/3650/1439 2377/5252/1440 2244/3651/1440 
f 2338/3653/1442 2378/3730/1444 2248/3654/1444 
f 2339/3656/1438 2382/3736/1434 2253/3657/1438 
f 2340/3659/1445 2450/5253/1920 2247/3660/1446 
f 2342/3662/1448 2384/3742/1448 2269/3663/1448 
f 2343/3665/1449 2302/5254/1449 2304/3666/1449 
f 2234/3668/1450 2368/3711/1450 2303/3598/1451 
f 2344/3669/1452 2288/3600/1453 2345/3670/1453 
f 2226/3672/1451 2371/3716/1450 2306/3604/1450 
f 2347/3673/1449 2305/5255/1449 2307/3674/1449 
f 2348/3676/1453 2308/3606/1454 2349/3677/1453 
f 2351/3679/1455 2312/5256/1455 2310/3680/1455 
f 2263/3682/1456 3207/5257/1921 2313/3613/1457 
f 2261/3683/1458 2260/3609/1459 2352/3684/1459 
f 2354/3686/1455 2315/5258/1455 2314/3687/1455 
f 2355/3689/1460 2415/5259/1460 2316/3619/1461 
f 2356/3690/1462 2230/3615/1458 2357/3691/1462 
f 2359/3693/1449 2317/5260/1449 2301/3694/1449 
f 2295/3696/1450 2383/3737/1450 2318/3622/1450 
f 2360/3697/1453 2238/3594/1453 2361/3698/1453 
f 2363/3700/1455 2320/5261/1455 2319/3701/1455 
f 2243/3703/1456 3208/5262/1456 2321/3628/1463 
f 2236/3704/1459 2235/3624/1459 2364/3705/1464 
f 2366/3707/1465 2326/5263/1465 2324/3708/1465 
f 2234/3668/1450 2290/3633/1450 2367/3710/1451 
f 2344/3669/1452 2346/3671/1452 2327/3637/1453 
f 2369/3712/1465 2329/5264/1465 2328/3713/1465 
f 2226/3672/1451 2256/3639/1922 2370/3715/1466 
f 2348/3676/1453 2350/3678/1454 2331/3643/1453 
f 2372/3717/1467 2293/3648/1468 2373/3718/1468 
f 2375/3720/1470 2332/5265/1470 2334/3721/1470 
f 2376/3723/1471 2417/5266/1471 2333/3724/1472 
f 2377/3726/1470 2336/5267/1470 2338/3727/1470 
f 2249/3729/1473 2248/3654/1474 2378/3730/1474 
f 2380/3732/1475 2419/5268/1475 2337/3652/1475 
f 2381/3733/1465 2322/5269/1465 2339/3734/1465 
f 2295/3696/1450 2253/3657/1450 2382/3736/1450 
f 2360/3697/1453 2362/3699/1453 2323/3631/1453 
f 2287/3738/1476 2450/5270/1923 2340/3739/1477 
f 2270/3741/1478 2269/3663/1479 2384/3742/1479 
f 2386/3744/1480 3209/5271/1480 2341/3661/1481 
f 2362/3745/1355 3210/5272/1355 2387/3746/1355 
f 2388/3748/1355 3210/5272/1355 2362/3745/1355 
f 2327/3750/1355 2346/3753/1355 2389/3751/1355 
f 2346/3753/1355 2345/3825/1355 2391/3754/1355 
f 2021/3217/1360 2031/5233/1919 2288/3343/1360 
f 2350/3756/1355 2394/3760/1355 2392/3757/1355 
f 2350/3756/1355 2349/3835/1355 2393/3759/1355 
f 2201/3761/1360 2348/5273/1360 2330/3762/1360 
f 2308/3763/1360 2348/5273/1360 2201/3761/1360 
f 2368/3765/1359 2367/3872/1359 2395/3766/1359 
f 2397/3768/1359 2303/3820/1359 2368/3765/1359 
f 2371/3769/1359 2370/3879/1359 2398/3770/1359 
f 2400/3772/1359 2306/3827/1359 2371/3769/1359 
f 2383/3773/1359 2382/3904/1359 2401/3774/1359 
f 2403/3776/1359 2318/3853/1359 2383/3773/1359 
f 2404/3777/1359 2353/5274/1359 2352/3778/1359 
f 2406/3780/1359 2358/5275/1359 2357/3781/1359 
f 2365/3783/1359 2364/3857/1359 2408/3784/1359 
f 2321/3786/1355 3208/5276/1355 2410/3787/1355 
f 2313/3789/1355 3207/5277/1355 2412/3790/1355 
f 2414/3792/1355 2316/3852/1355 2415/3793/1355 
f 2417/3795/1359 3211/5278/1359 2418/3796/1359 
f 2419/3798/1359 3212/5279/1359 2420/3799/1359 
f 2341/3801/1359 3209/5280/1359 2421/3802/1359 
f 2385/3804/1355 2384/3912/1355 2423/3805/1355 
f 2425/3807/1355 3213/5281/1355 2374/3808/1355 
f 2378/3810/1355 3214/5282/1355 2426/3811/1355 
f 2427/3813/1482 2388/3748/1482 2361/3749/1482 
f 2427/3815/1128 2301/5283/1128 2317/3816/1128 
f 2359/3818/1360 2264/3305/1360 1669/2540/1039 
f 2397/3768/1483 2429/5284/1483 2302/3819/1483 
f 2429/3821/1128 2430/5285/1128 2304/3822/1128 
f 2343/3824/1360 2289/3344/1360 1683/2554/1039 
f 2345/3825/1482 2304/5286/1482 2430/3826/1482 
f 2306/3827/1483 2400/3772/1483 2431/3828/1483 
f 2307/3830/1128 2305/5287/1128 2431/3831/1128 
f 1994/2981/1263 1995/2982/1264 2347/3833/1360 
f 2308/3763/1360 2044/3764/1365 1994/2981/1263 
f 2349/3835/1482 2307/5288/1482 2432/3836/1482 
f 2311/3837/1143 1988/2975/1045 1989/2976/1045 
f 2433/3839/1484 2405/3779/1484 2352/3778/1484 
f 2310/3841/1133 2312/5289/1133 2434/3842/1133 
f 2413/3791/1485 2434/5290/1485 2312/3844/1485 
f 2435/3845/1484 2407/3782/1484 2357/3781/1484 
f 2435/3847/1133 2314/5291/1133 2315/3848/1133 
f 2354/3850/1143 2258/3297/1143 1690/2561/1047 
f 2414/3792/1485 2436/5292/1485 2315/3851/1485 
f 2318/3853/1483 2403/3776/1483 2428/3854/1483 
f 2437/3856/1484 2408/3784/1484 2364/3857/1484 
f 2437/3859/1133 2319/5293/1133 2320/3860/1133 
f 1678/2549/1047 2363/5294/1143 2294/3356/1143 
f 2411/3788/1485 2438/5295/1485 2320/3862/1485 
f 2323/3747/1486 2387/3746/1486 2439/3863/1486 
f 2339/3865/1143 2322/5296/1143 2439/3866/1143 
f 2255/3294/1360 2254/3293/1112 1788/2659/1112 
f 1802/2673/1123 1804/2675/1123 2366/3869/1360 
f 2324/3871/1487 2441/5297/1487 2395/3766/1487 
f 2441/3873/1143 2324/5298/1143 2326/3874/1143 
f 2326/3876/1486 2327/3750/1486 2390/3752/1486 
f 2443/3878/1487 2398/3770/1487 2370/3879/1487 
f 2329/3881/1143 2444/5299/1143 2443/3882/1143 
f 2369/3884/1360 2257/3296/1360 1975/2962/1251 
f 2330/3762/1360 2369/3884/1360 1976/2963/1112 
f 2444/3885/1486 2329/5300/1486 2331/3758/1486 
f 2418/3886/1484 3215/5301/1484 2332/3887/1484 
f 2332/3889/1133 3215/5302/1133 2445/3890/1133 
f 2375/3892/1128 2335/5200/1128 1981/2968/1256 
f 2445/3893/1485 2425/3807/1485 2373/3809/1485 
f 2337/3800/1484 2420/3799/1484 2446/3895/1484 
f 2338/3897/1133 2336/5303/1133 2446/3898/1133 
f 2259/3298/1128 1795/2666/1106 1797/2668/1120 
f 2447/3901/1485 3214/5282/1485 2378/3810/1485 
f 2440/3903/1487 2401/3774/1487 2382/3904/1487 
f 2422/3803/1484 2448/5304/1484 2340/3906/1484 
f 2342/3907/1133 2340/5305/1133 2448/3908/1133 
f 1781/2652/1106 1783/2654/1106 2450/3910/1128 
f 2449/3911/1485 2423/3805/1485 2384/3912/1485 
f 2224/3225/1360 2347/3833/1360 1995/2982/1264 
f 2451/3914/1488 2454/3917/1489 2452/3915/1489 
f 2454/3917/1489 2456/3919/1491 2455/3918/1491 
f 2456/3919/1491 2677/4144/1606 2457/3920/1492 
f 2458/3921/1493 2462/3925/1493 2459/3922/1494 
f 2461/3924/1496 2464/3927/1498 2462/3925/1493 
f 2463/3926/1497 2676/4143/1605 2464/3927/1498 
f 2465/3928/1488 2468/3931/1489 2466/3929/1489 
f 2468/3931/1489 2470/3933/1499 2469/3932/1499 
f 2470/3933/1499 2674/4141/1606 2471/3934/1492 
f 2472/3935/1493 2476/3939/1493 2473/3936/1494 
f 2475/3938/1496 2478/3941/1498 2476/3939/1493 
f 2477/3940/1497 2673/4140/1605 2478/3941/1498 
f 2479/3942/1500 2483/3946/1500 2480/3943/1501 
f 2482/3945/1503 2485/3948/1505 2483/3946/1500 
f 2484/3947/1504 2675/4142/1604 2485/3948/1505 
f 2486/3949/1506 2489/5306/1507 2487/3950/1507 
f 2489/3952/1507 2491/3955/1510 2490/3953/1509 
f 2491/3955/1510 2723/5307/1924 2492/3956/1511 
f 2493/3957/1500 2497/3961/1500 2494/3958/1501 
f 2496/3960/1512 2499/3963/1513 2497/3961/1500 
f 2498/3962/1504 2672/4137/1604 2499/3963/1513 
f 2500/3964/1506 2503/3967/1507 2501/3965/1507 
f 2503/3967/1507 2505/3969/1510 2504/3968/1509 
f 2505/3969/1510 2732/5308/1924 2506/3970/1511 
f 2507/3971/1506 2510/3974/1507 2508/3972/1507 
f 2510/3974/1507 2512/3976/1510 2511/3975/1509 
f 2512/3976/1510 2681/4149/1608 2513/3977/1511 
f 2514/3978/1500 2518/3982/1500 2515/3979/1501 
f 2517/3981/1503 2520/3984/1513 2518/3982/1500 
f 2519/3983/1504 2680/4148/1607 2520/3984/1513 
f 2521/3985/1493 2525/3989/1493 2522/3986/1514 
f 2524/3988/1496 2527/3991/1498 2525/3989/1493 
f 2526/3990/1497 2679/5309/1605 2527/3991/1498 
f 2528/3992/1488 2531/3995/1489 2529/3993/1515 
f 2531/3995/1489 2533/3997/1499 2532/3996/1499 
f 2533/3997/1499 2749/5310/1606 2534/3998/1492 
f 2535/3999/1516 2539/4003/1516 2536/4000/1517 
f 2538/4002/1518 2541/4005/1520 2539/4003/1516 
f 2540/4004/1519 2686/4156/1611 2541/4005/1520 
f 2542/4006/1521 2545/4009/1524 2543/4007/1522 
f 2544/4008/1523 2547/4011/1526 2545/4009/1524 
f 2546/4010/1525 2685/4155/1609 2547/4011/1526 
f 2548/4012/1516 2552/4016/1516 2549/4013/1517 
f 2551/4015/1527 2554/4018/1527 2552/4016/1516 
f 2553/4017/1528 2684/4154/1610 2554/4018/1527 
f 2555/4019/1521 2558/4022/1521 2556/4020/1371 
f 2557/4021/1529 2560/4024/1529 2558/4022/1521 
f 2559/4023/1525 2683/4153/1609 2560/4024/1529 
f 2561/4025/1530 2564/4028/1533 2562/4026/1531 
f 2564/4028/1533 2566/4030/1535 2565/4029/1534 
f 2566/4030/1535 2693/4163/1615 2567/4031/1536 
f 2568/4032/1537 2572/4036/1541 2569/4033/1538 
f 2571/4035/1540 2574/4038/1543 2572/4036/1541 
f 2573/4037/1542 2758/5311/1925 2574/4038/1543 
f 2575/4039/1544 2578/4042/1545 2576/4040/1545 
f 2578/4042/1545 2580/4044/1548 2579/4043/1547 
f 2580/4044/1548 2691/4161/1614 2581/4045/1549 
f 2582/4046/1550 2586/4050/1550 2583/4047/1551 
f 2585/4049/1553 2588/4052/1555 2586/4050/1550 
f 2587/4051/1554 2690/4160/1613 2588/4052/1555 
f 2589/4053/1556 2593/4057/1556 2590/4054/1557 
f 2592/4056/1559 2595/5312/1561 2593/4057/1556 
f 2594/4058/1560 2692/4162/1612 2595/4059/1561 
f 2596/4061/1562 2599/4064/1563 2597/4062/1563 
f 2599/4064/1563 2601/4066/1565 2600/4065/1565 
f 2601/4066/1565 2775/5313/1926 2602/4067/1566 
f 2603/4068/1556 2607/4072/1556 2604/4069/1557 
f 2606/4071/1559 2609/4074/1561 2607/4072/1556 
f 2608/4073/1560 2687/4157/1612 2609/4074/1561 
f 2610/4075/1562 2613/4078/1563 2611/4076/1563 
f 2613/4078/1563 2615/4080/1567 2614/4079/1565 
f 2615/4080/1567 2784/5314/1927 2616/4081/1566 
f 2617/4082/1562 2620/4085/1570 2618/4083/1568 
f 2620/4085/1570 2622/4087/1572 2621/4086/1571 
f 2622/4087/1572 2696/4168/1616 2623/4088/1573 
f 2624/4089/1574 2628/4093/1578 2625/4090/1575 
f 2627/4092/1577 2630/4095/1580 2628/4093/1578 
f 2629/4094/1579 2793/5315/1928 2630/4095/1580 
f 2631/4096/1550 2635/4100/1550 2632/4097/1551 
f 2634/4099/1581 2637/4102/1583 2635/4100/1550 
f 2636/4101/1582 2694/4166/1613 2637/4102/1583 
f 2638/4103/1544 2641/4106/1545 2639/4104/1545 
f 2641/4106/1545 2643/4108/1548 2642/4107/1547 
f 2643/4108/1548 2802/5316/1929 2644/4109/1549 
f 2645/4110/1584 2649/4114/1587 2646/4111/1585 
f 2648/4113/1586 2651/4116/1589 2649/4114/1587 
f 2650/4115/1588 2699/4171/1619 2651/4116/1589 
f 2652/4117/1590 2655/4120/1593 2653/4118/1591 
f 2655/4120/1593 2657/4122/1595 2656/4121/1594 
f 2657/4122/1595 3216/5317/1930 2658/4123/1596 
f 2659/4124/1597 2663/4128/1597 2660/4125/1598 
f 2662/4127/1599 2665/4130/1599 2663/4128/1597 
f 2664/4129/1600 2698/4170/1618 2665/4130/1599 
f 2666/4131/1601 2669/4134/1601 2271/3318/1370 
f 2668/4133/1602 2671/4136/1602 2669/4134/1601 
f 2670/4135/1603 2697/4169/1617 2671/4136/1602 
f 2506/3970/1511 2732/5308/1924 2672/4137/1604 
f 2502/4138/1508 3065/5203/1128 1810/2681/1128 
f 2673/4140/1605 2477/3940/1497 2471/3934/1492 
f 2492/3956/1511 2723/5307/1924 2675/4142/1604 
f 2676/4143/1605 2463/3926/1497 2457/3920/1492 
f 2453/3916/1490 2817/4359/1360 2678/4145/1360 
f 2534/3998/1492 2749/5310/1606 2679/4146/1605 
f 1818/2689/1128 1819/2690/1128 2523/3987/1495 
f 2680/4148/1607 2519/3983/1504 2513/3977/1511 
f 2682/4150/1360 2816/4358/1360 2516/4151/1502 
f 2683/4153/1609 2559/4023/1525 2684/4154/1610 
f 2685/4155/1609 2546/4010/1525 2686/4156/1611 
f 2616/4081/1566 2784/5314/1927 2687/4157/1612 
f 2688/4158/1360 2610/4075/1562 2612/4077/1564 
f 2690/4160/1613 2587/4051/1554 2581/4045/1549 
f 2602/4067/1566 2775/5313/1926 2692/4162/1612 
f 2693/4163/1615 2758/5311/1925 2573/4037/1542 
f 1832/2704/1143 2561/4025/1530 2563/4027/1532 
f 2644/4165/1549 2802/5318/1929 2694/4166/1613 
f 2695/4167/1360 3058/5319/1360 2633/4098/1552 
f 2696/4168/1616 2793/5315/1928 2629/4094/1579 
f 1837/2710/1143 2275/5207/1143 2626/4091/1576 
f 2697/4169/1617 2670/4135/1603 2698/4170/1618 
f 2658/4123/1596 3216/5317/1930 2699/4171/1619 
f 2700/4172/1620 2454/4176/1623 2451/4173/1621 
f 2702/4175/1622 2456/5320/1631 2454/4176/1623 
f 2677/4177/1624 2456/5320/1631 2702/4175/1622 
f 2459/4179/1625 2462/4182/1627 2704/4180/1626 
f 2462/4182/1627 2464/5321/1931 2706/4183/1628 
f 2706/4183/1628 2464/5321/1931 2676/4184/1629 
f 2708/4186/1623 2468/4190/1623 2465/4187/1621 
f 2710/4189/1631 2470/5322/1631 2468/4190/1623 
f 2674/4191/1624 2470/5322/1631 2710/4189/1631 
f 2473/4193/1625 2476/4196/1632 2712/4194/1626 
f 2476/4196/1632 2478/5323/1932 2714/4197/1628 
f 2714/4197/1628 2478/5323/1932 2673/4198/1629 
f 2480/4200/1633 2483/4203/1635 2716/4201/1634 
f 2483/4203/1635 2485/5324/1933 2718/4204/1636 
f 2718/4204/1636 2485/5324/1933 2675/4205/1637 
f 2720/4207/1638 2489/4211/1638 2486/4208/1639 
f 2722/4210/1640 2491/5325/1934 2489/4211/1638 
f 2723/4212/1641 2491/5325/1934 2722/4210/1640 
f 2494/4214/1633 2497/4217/1642 2725/4215/1635 
f 2497/4217/1642 2499/5326/1933 2727/4218/1636 
f 2727/4218/1636 2499/5326/1933 2672/4219/1637 
f 2729/4221/1638 2503/4225/1643 2500/4222/1639 
f 2731/4224/1640 2505/5327/1934 2503/4225/1643 
f 2732/4226/1641 2505/5327/1934 2731/4224/1640 
f 2734/4228/1638 2510/4232/1638 2507/4229/1639 
f 2736/4231/1640 2512/5328/1934 2510/4232/1638 
f 2681/4233/1641 2512/5328/1934 2736/4231/1640 
f 2515/4235/1633 2518/4238/1635 2738/4236/1634 
f 2518/4238/1635 2520/5329/1933 2740/4239/1636 
f 2740/4239/1636 2520/5329/1933 2680/4240/1637 
f 2522/4242/1625 2525/4245/1644 2742/4243/1627 
f 2525/4245/1644 2527/5330/1932 2744/4246/1628 
f 2744/4246/1628 2527/5330/1932 2679/4247/1629 
f 2746/4249/1623 2531/4253/1623 2528/4250/1621 
f 2748/4252/1645 2533/5331/1631 2531/4253/1623 
f 2749/4254/1624 2533/5331/1631 2748/4252/1645 
f 2751/4256/1646 2564/4260/1649 2561/4257/1647 
f 2753/4259/1648 2566/5332/1648 2564/4260/1649 
f 2693/4261/1650 2566/5332/1648 2753/4259/1648 
f 2569/4263/1651 2572/4266/1652 2755/4264/1652 
f 2572/4266/1652 2574/5333/1935 2757/4267/1654 
f 2757/4267/1654 2574/5333/1935 2758/4268/1655 
f 2760/4270/1656 2578/4274/1656 2575/4271/1657 
f 2762/4273/1658 2580/5334/1936 2578/4274/1656 
f 2691/4275/1659 2580/5334/1936 2762/4273/1658 
f 2583/4277/1653 2586/4280/1661 2764/4278/1660 
f 2586/4280/1661 2588/5335/1685 2766/4281/1662 
f 2766/4281/1662 2588/5335/1685 2690/4282/1663 
f 2590/4284/1664 2593/4287/1665 2768/4285/1665 
f 2593/4287/1665 2595/5336/1937 2770/4288/1666 
f 2770/4288/1666 2595/5336/1937 2692/4289/1667 
f 2772/4291/1668 2599/4295/1668 2596/4292/1669 
f 2774/4294/1670 2601/5337/1938 2599/4295/1668 
f 2775/4296/1671 2601/5337/1938 2774/4294/1670 
f 2604/4298/1664 2607/4301/1665 2777/4299/1672 
f 2607/4301/1665 2609/5338/1937 2779/4302/1673 
f 2779/4302/1673 2609/5338/1937 2687/4303/1667 
f 2781/4305/1674 2613/4309/1668 2610/4306/1669 
f 2783/4308/1670 2615/5339/1938 2613/4309/1668 
f 2784/4310/1671 2615/5339/1938 2783/4308/1670 
f 2786/4312/1676 2620/4316/1678 2617/4313/1675 
f 2788/4315/1677 2622/5340/1939 2620/4316/1678 
f 2696/4317/1679 2622/5340/1939 2788/4315/1677 
f 2625/4319/1664 2628/4322/1681 2790/4320/1681 
f 2628/4322/1681 2630/5341/1940 2792/4323/1682 
f 2792/4323/1682 2630/5341/1940 2793/4324/1683 
f 2632/4326/1651 2635/4329/1661 2795/4327/1661 
f 2635/4329/1661 2637/5342/1662 2797/4330/1685 
f 2797/4330/1685 2637/5342/1662 2694/4331/1663 
f 2799/4333/1656 2641/4337/1656 2638/4334/1657 
f 2801/4336/1658 2643/5343/1936 2641/4337/1656 
f 2802/4338/1659 2643/5343/1936 2801/4336/1658 
f 2730/4223/1639 2500/4222/1639 1810/2883/1232 
f 2728/4220/1637 2672/4219/1637 2732/4226/1641 
f 2715/4199/1629 2673/4198/1629 2674/4191/1624 
f 2719/4206/1637 2675/4205/1637 2723/4212/1641 
f 2701/4174/1621 2451/4173/1621 2678/4341/1686 
f 2707/4185/1629 2676/4184/1629 2677/4177/1624 
f 2745/4248/1629 2679/4247/1629 2749/4254/1624 
f 1818/2891/1234 2522/4242/1625 2743/4244/1625 
f 2682/4343/1687 2515/4235/1633 2739/4237/1633 
f 2741/4241/1637 2680/4240/1637 2681/4233/1641 
f 2782/4307/1675 2610/4306/1669 2688/4345/1687 
f 2687/4303/1667 2784/4310/1671 2785/4311/1671 
f 2767/4283/1663 2690/4282/1663 2691/4275/1659 
f 2771/4290/1667 2692/4289/1667 2775/4296/1671 
f 2752/4258/1647 2561/4257/1647 1832/2902/1236 
f 2759/4269/1655 2758/4268/1655 2693/4261/1650 
f 2695/4348/1686 2632/4326/1651 2796/4328/1651 
f 2798/4332/1663 2694/4331/1663 2802/4338/1659 
f 2794/4325/1684 2793/4324/1683 2696/4317/1679 
f 1837/2908/1238 2625/4319/1664 2791/4321/1664 
f 2773/4293/1669 2596/4292/1669 2810/4350/1687 
f 2812/4352/1686 2583/4277/1653 2765/4279/1653 
f 2810/4354/1360 2596/4061/1562 2598/4063/1564 
f 2584/4048/1552 2583/4047/1551 2812/4356/1360 
f 2787/4314/1675 2617/4313/1675 2682/4343/1687 
f 2678/4341/1686 2569/4263/1651 2756/4265/1653 
f 2682/4150/1360 2617/4082/1562 2619/4084/1569 
f 2570/4034/1539 2569/4033/1538 2678/4145/1360 
f 2747/4251/1621 2528/4250/1621 2695/4348/1686 
f 2688/4345/1687 2494/4214/1633 2726/4216/1633 
f 2530/3994/1490 3058/5319/1360 2695/4167/1360 
f 2688/4158/1360 2689/4159/1360 2495/3959/1502 
f 2721/4209/1639 2486/4208/1639 1947/2926/1232 
f 1948/2927/1234 2473/4193/1625 2713/4195/1625 
f 2488/3951/1508 2252/5209/1128 1947/2929/1128 
f 1948/2931/1128 1951/2933/1128 2474/3937/1495 
f 2735/4230/1639 2507/4229/1639 1953/2935/1232 
f 1954/2936/1234 2459/4179/1625 2705/4181/1625 
f 2509/3973/1508 2246/5211/1128 1953/2938/1128 
f 1954/2940/1128 1957/2942/1128 2460/3923/1495 
f 2800/4335/1657 2638/4334/1657 1959/2944/1236 
f 1960/2945/1238 2604/4298/1664 2778/4300/1664 
f 1959/2948/1143 2638/4103/1544 2640/4105/1546 
f 2605/4363/1558 2604/5344/1557 1960/2950/1143 
f 2821/4365/1688 2828/4372/1695 2822/4366/1689 
f 2824/4368/1691 2839/4383/1705 2825/4369/1692 
f 2827/4371/1694 2822/4366/1689 2828/4372/1695 
f 2830/4374/1697 2827/4371/1694 2829/4373/1696 
f 2830/4374/1697 2831/4375/1698 2832/4376/1699 
f 2834/4378/1700 2821/4365/1688 2823/4367/1690 
f 2836/4380/1702 2834/4378/1700 2835/4379/1701 
f 2836/4380/1702 2837/4381/1703 2284/3339/1373 
f 2838/4382/1704 2825/4369/1692 2839/4383/1705 
f 2841/4385/1707 2838/4382/1704 2840/4384/1706 
f 2841/4385/1707 2842/4386/1708 2239/3262/1366 
f 2844/4388/1709 2824/4368/1691 2826/4370/1693 
f 2846/4390/1711 2844/4388/1709 2845/4389/1710 
f 2846/4390/1711 2847/4391/1712 2848/4392/1713 
f 2761/4272/1657 2575/4271/1657 1997/2984/1236 
f 2812/4356/1360 2465/3928/1488 2467/3930/1490 
f 2709/4188/1630 2465/4187/1621 2812/4352/1686 
f 2810/4350/1687 2480/4200/1633 2717/4202/1633 
f 2591/4055/1558 2590/4054/1557 2001/2988/1143 
f 1997/2991/1143 2575/4039/1544 2577/4041/1546 
f 2001/2993/1238 2590/4284/1664 2769/4286/1664 
f 2810/4354/1360 2814/4355/1360 2481/3944/1502 
f 2851/4395/1715 2908/4453/1715 2852/4396/1716 
f 2854/4398/1718 3047/4592/1719 2855/4399/1719 
f 2857/4401/1720 2876/4421/1720 2013/3002/1270 
f 2016/3005/1272 2941/4486/1721 2858/4403/1721 
f 2859/4404/1722 3050/4595/1811 2860/4405/1723 
f 2862/4407/1719 3049/4594/1719 2863/4408/1724 
f 2024/3013/1276 2026/3015/1276 2865/4410/1725 
f 2028/3017/1279 2973/4518/1726 2867/4412/1726 
f 2868/4413/1718 2871/4416/1728 2869/4414/1727 
f 2871/4416/1728 2873/4418/1730 2872/4417/1729 
f 2873/4418/1730 3024/4569/1802 2874/4419/1731 
f 2875/4420/1732 2878/4423/1732 2876/4421/1720 
f 2877/4422/1733 2880/4425/1735 2878/4423/1732 
f 2879/4424/1734 3089/5345/1941 2880/4425/1735 
f 2881/4426/1718 2884/4429/1727 2882/4427/1736 
f 2884/4429/1727 2886/4431/1729 2885/4430/1729 
f 2886/4431/1729 3027/4572/1802 2887/4432/1737 
f 2888/4433/1738 2892/4437/1739 2889/4434/1720 
f 2891/4436/1733 2894/4439/1735 2892/4437/1739 
f 2893/4438/1740 3090/5346/1740 2894/4439/1735 
f 2856/4400/1718 2896/4441/1728 2895/4440/1728 
f 2896/4441/1728 2898/4443/1730 2897/4442/1729 
f 2898/4443/1730 3032/4577/1802 2899/4444/1737 
f 2900/4445/1738 2904/4449/1732 2901/4446/1720 
f 2903/4448/1733 2906/4451/1735 2904/4449/1732 
f 2905/4450/1740 3091/5347/1740 2906/4451/1735 
f 2907/4452/1741 2910/4455/1743 2908/4453/1715 
f 2909/4454/1742 2912/4457/1745 2910/4455/1743 
f 2911/4456/1744 3028/4573/1744 2912/4457/1745 
f 2913/4458/1721 2916/4461/1747 2914/4459/1746 
f 2916/4461/1747 2918/4463/1749 2917/4462/1748 
f 2918/4463/1749 3029/4574/1804 2919/4464/1750 
f 2920/4465/1751 2924/4469/1751 2921/4466/1715 
f 2923/4468/1752 2926/4471/1745 2924/4469/1751 
f 2925/4470/1753 3025/4570/1753 2926/4471/1745 
f 2927/4472/1721 2930/4475/1754 2928/4473/1754 
f 2930/4475/1754 2932/4477/1749 2931/4476/1749 
f 2932/4477/1749 3026/4571/1803 2933/4478/1755 
f 2934/4479/1743 2938/4483/1751 2935/4480/1715 
f 2937/4482/1752 2940/4485/1745 2938/4483/1751 
f 2939/4484/1753 3031/4576/1753 2940/4485/1745 
f 2941/4486/1721 2943/4488/1754 2942/4487/1754 
f 2943/4488/1754 2945/4490/1749 2944/4489/1748 
f 2945/4490/1749 3030/4575/1803 2946/4491/1755 
f 2947/4492/1756 2950/4495/1757 2948/4493/1757 
f 2950/4495/1757 2952/4497/1759 2951/4496/1758 
f 2952/4497/1759 3092/5348/1942 2953/4498/1760 
f 2954/4499/1761 2956/4501/1761 2864/4409/1724 
f 2955/4500/1762 2958/4503/1764 2956/4501/1761 
f 2957/4502/1763 3033/4578/1763 2958/4503/1764 
f 2959/4504/1756 2962/4507/1766 2960/4505/1765 
f 2962/4507/1766 2964/4509/1759 2963/4508/1758 
f 2964/4509/1759 3036/4581/1806 2965/4510/1767 
f 2966/4511/1768 2970/4515/1768 2967/4512/1724 
f 2969/4514/1769 2972/4517/1771 2970/4515/1768 
f 2971/4516/1770 3093/5349/1770 2972/4517/1771 
f 2973/4518/1726 2975/4520/1773 2974/4519/1772 
f 2975/4520/1773 2977/4522/1774 2976/4521/1774 
f 2977/4522/1774 3094/5350/1943 2978/4523/1775 
f 2979/4524/1776 2983/4528/1776 2980/4525/1777 
f 2982/4527/1779 2985/4530/1781 2983/4528/1776 
f 2984/4529/1780 3042/4587/1780 2985/4530/1781 
f 2986/4531/1782 2988/4533/1784 2866/4411/1725 
f 2987/4532/1783 2990/4535/1786 2988/4533/1784 
f 2989/4534/1785 3037/4582/1807 2990/4535/1786 
f 2991/4536/1787 2994/4539/1788 2992/4537/1788 
f 2994/4539/1788 2996/4541/1791 2995/4540/1790 
f 2996/4541/1791 3038/4583/1808 2997/4542/1792 
f 2998/4543/1793 3002/4547/1793 2999/4544/1794 
f 3001/4546/1795 3004/4549/1797 3002/4547/1793 
f 3003/4548/1796 3035/4580/1796 3004/4549/1797 
f 3005/4550/1722 3008/4553/1798 3006/4551/1798 
f 3008/4553/1798 3010/4555/1800 3009/4554/1799 
f 3010/4555/1800 3034/4579/1805 3011/4556/1801 
f 3012/4557/1793 3016/4561/1793 3013/4558/1794 
f 3015/4560/1795 3018/4563/1797 3016/4561/1793 
f 3017/4562/1796 3041/4586/1796 3018/4563/1797 
f 2861/4406/1722 3020/4565/1798 3019/4564/1798 
f 3020/4565/1798 3022/4567/1800 3021/4566/1799 
f 3022/4567/1800 3040/4585/1805 3023/4568/1801 
f 3024/4569/1802 3089/5345/1941 2879/4424/1734 
f 3025/4570/1753 2925/4470/1753 2933/4478/1755 
f 3027/4572/1802 3090/5346/1740 2893/4438/1740 
f 3028/4573/1744 2911/4456/1744 2919/4464/1750 
f 2939/4484/1753 2946/4491/1755 3030/4575/1803 
f 3032/4577/1802 3091/5347/1740 2905/4450/1740 
f 2953/4498/1760 3092/5348/1942 3033/4578/1763 
f 3003/4548/1796 3011/4556/1801 3034/4579/1805 
f 3036/4581/1806 3093/5349/1770 2971/4516/1770 
f 3037/4582/1807 2989/4534/1785 2997/4542/1792 
f 2993/4538/1789 3048/4593/1809 3039/4584/1809 
f 3017/4562/1796 3023/4568/1801 3040/4585/1805 
f 2978/4523/1775 3094/5350/1943 3042/4587/1780 
f 2968/4513/1724 2967/4512/1724 3043/4588/1810 
f 3045/4590/1723 3005/4550/1722 3007/4552/1722 
f 2981/4526/1778 2980/4525/1777 2855/4399/1719 
f 2852/4396/1716 3039/4584/1809 3048/4593/1809 
f 2862/4407/1719 2868/4413/1718 2870/4415/1718 
f 2936/4481/1715 2935/4480/1715 2860/4405/1723 
f 2205/3195/1272 2927/4472/1721 2929/4474/1721 
f 2890/4435/1720 2889/4434/1720 2208/3198/1270 
f 2209/3199/1272 2913/4458/1721 2915/4460/1721 
f 2902/4447/1720 2901/4446/1720 2212/3202/1270 
f 3014/4559/1794 3013/4558/1794 2214/3204/1357 
f 2215/3205/1358 2947/4492/1756 2949/4494/1756 
f 2883/4428/1718 3044/4589/1810 3043/4588/1810 
f 3045/4590/1723 3046/4591/1723 2922/4467/1715 
f 2961/4506/1756 2283/5221/1358 2218/3209/1358 
f 2219/3210/1357 2221/3212/1357 3000/4545/1794 
f 2495/4599/1359 2689/4603/1359 3049/4600/1359 
f 2612/4602/1359 2863/4847/1359 3049/4600/1359 
f 2280/3333/1143 2355/5235/1143 2013/3347/1143 
f 2481/4605/1359 2814/5351/1359 3044/4606/1359 
f 3044/4606/1359 2814/5351/1359 2598/4608/1359 
f 2848/4392/1713 2881/4753/1823 3051/4610/1133 
f 2584/4612/1355 2815/4619/1355 3046/4613/1355 
f 3045/4615/1133 2921/4750/1814 3053/4616/1133 
f 2467/4618/1355 2922/4748/1355 3046/4613/1355 
f 3055/4620/1133 3146/5352/1133 2855/4621/1133 
f 2453/4623/1355 2851/4789/1355 2853/4624/1355 
f 2570/4626/1355 2817/4625/1355 2853/4624/1355 
f 3056/4628/1133 3088/4711/1133 2852/4629/1133 
f 2016/3240/1143 2356/5223/1143 3057/4631/1143 
f 3050/4633/1355 2859/4908/1355 2633/4634/1355 
f 3059/4636/1133 3084/4703/1133 2860/4637/1133 
f 2530/4639/1355 2936/4808/1355 3050/4633/1355 
f 3060/4640/1143 2913/4773/1815 2209/3249/1143 
f 3047/4641/1359 2854/4812/1359 2516/4642/1359 
f 3047/4641/1359 2816/4643/1359 2619/4644/1359 
f 2855/4621/1133 3146/5352/1133 3061/4646/1133 
f 2474/4648/1355 1951/3261/1355 2206/3260/1355 
f 2460/4650/1355 1957/3267/1355 2210/3266/1355 
f 2276/3327/1143 2243/3270/1143 2212/3269/1143 
f 2017/3272/1355 2858/4793/1355 2523/4653/1355 
f 3062/4654/1128 2380/5353/1128 2214/4655/1128 
f 2509/4657/1359 2902/4828/1359 2245/3277/1359 
f 3063/4658/1128 2386/5354/1128 2024/4659/1128 
f 3064/4661/1128 2947/4832/1821 2215/4662/1128 
f 2502/4664/1359 2857/4729/1359 2250/3287/1359 
f 2488/4666/1359 2890/4769/1359 2251/3289/1359 
f 2262/3302/1143 2351/3838/1143 1989/2976/1045 
f 3056/4628/1133 2908/4630/1814 2537/4001/1517 
f 3067/4670/1133 3148/5159/1133 2654/4119/1592 
f 2654/4119/1592 2991/4668/1819 3067/4670/1133 
f 2832/4376/1699 3005/4852/1847 3068/4671/1133 
f 2556/4020/1371 2941/4632/1815 3057/4631/1143 
f 3062/4654/1128 3013/4656/1818 2661/4126/1598 
f 3072/4675/1133 2864/4849/1820 2667/4132/1370 
f 2240/3263/1143 2927/4733/1815 2205/3299/1143 
f 3074/4677/1143 2263/3304/1143 2208/3303/1143 
f 3055/4620/1133 2980/4622/1813 2652/4117/1590 
f 2536/4000/1517 2856/4647/1816 3061/4646/1133 
f 2221/3306/1355 2004/3308/1355 2577/4681/1355 
f 2563/4683/1355 2865/4903/1355 2026/3312/1355 
f 3077/4684/1128 2973/4927/1860 2028/4685/1128 
f 2274/3322/1355 1963/5232/1355 2640/4687/1355 
f 2029/3325/1359 2867/4928/1359 2626/4689/1359 
f 2605/4690/1359 2279/3332/1359 2216/3331/1359 
f 2862/4692/1133 2864/4849/1820 3072/4675/1133 
f 2283/3337/1359 2961/4871/1359 2591/4694/1359 
f 2292/3351/1128 2375/3892/1128 1982/2969/1106 
f 2646/4111/1585 2973/4927/1860 3077/4684/1128 
f 3063/4658/1128 2866/4660/1818 2647/4112/1585 
f 3081/4698/1133 3144/5355/1133 3043/4699/1133 
f 3068/4671/1133 3005/4852/1847 3045/4615/1133 
f 2660/4125/1598 2947/4832/1821 3064/4661/1128 
f 3059/4636/1133 2935/4638/1814 2550/4014/1517 
f 2272/3319/1133 2861/4907/1847 2860/4637/1133 
f 2549/4013/1517 2868/4713/1823 3085/4704/1133 
f 2265/3309/1128 2376/5356/1128 2219/4706/1128 
f 2218/4708/1128 2372/5357/1128 2285/3340/1128 
f 2543/4007/1522 2913/4773/1815 3060/4640/1143 
f 3067/4670/1133 3039/4669/1133 2852/4629/1133 
f 2549/4013/1517 2552/4016/1516 2871/4712/1822 
f 2870/4601/1359 2869/4723/1359 2493/4714/1359 
f 2872/4715/1359 2874/4721/1359 2498/4716/1359 
f 2554/4018/1527 2684/4154/1610 3024/4718/1824 
f 2506/4720/1359 2498/4716/1359 2874/4721/1359 
f 2559/4023/1525 3089/4726/1826 3024/4718/1824 
f 2552/4016/1516 2554/4018/1527 2873/4719/1825 
f 2869/4723/1359 2872/4715/1359 2496/4717/1359 
f 2506/4720/1359 2879/4722/1359 2877/4724/1359 
f 3089/4726/1826 2559/4023/1525 2557/4021/1529 
f 2501/4728/1359 2875/4731/1359 2857/4729/1359 
f 2878/4730/1828 2555/4019/1521 2281/3334/1372 
f 2504/4725/1359 2877/4724/1359 2875/4731/1359 
f 2880/4727/1827 2557/4021/1529 2555/4019/1521 
f 2239/3262/1366 2842/4386/1708 2930/4732/1829 
f 2929/4649/1355 2928/4743/1355 2472/4734/1355 
f 2931/4735/1355 2933/5358/1355 2477/4736/1355 
f 2840/4384/1706 2839/4383/1705 3026/4738/1830 
f 2477/4736/1355 2933/5358/1355 2925/4740/1355 
f 3026/4738/1830 2839/4383/1705 2824/4368/1691 
f 2842/4386/1708 2840/4384/1706 2932/4739/1831 
f 2928/4743/1355 2931/4735/1355 2475/4737/1355 
f 2471/4741/1355 2925/4740/1355 2923/4744/1355 
f 3025/4742/1832 2824/4368/1691 2844/4388/1709 
f 2466/4747/1355 2920/4751/1355 2922/4748/1355 
f 2924/4749/1834 2846/4390/1711 2849/4393/1714 
f 2469/4745/1355 2923/4744/1355 2920/4751/1355 
f 2926/4746/1833 2844/4388/1709 2846/4390/1711 
f 2848/4392/1713 2847/4391/1712 2884/4752/1822 
f 2883/4607/1359 2882/4763/1359 2479/4754/1359 
f 2885/4755/1359 2887/4761/1359 2484/4756/1359 
f 2845/4389/1710 2826/4370/1693 3027/4758/1835 
f 2492/4760/1359 2484/4756/1359 2887/4761/1359 
f 2825/4369/1692 3090/4766/1826 3027/4758/1835 
f 2847/4391/1712 2845/4389/1710 2886/4759/1825 
f 2882/4763/1359 2885/4755/1359 2482/4757/1359 
f 2492/4760/1359 2893/4762/1359 2891/4764/1359 
f 3090/4766/1826 2825/4369/1692 2838/4382/1704 
f 2487/4768/1359 2888/4771/1359 2890/4769/1359 
f 2892/4770/1828 2841/4385/1707 2843/4387/1522 
f 2490/4765/1359 2891/4764/1359 2888/4771/1359 
f 2894/4767/1827 2838/4382/1704 2841/4385/1707 
f 2543/4007/1522 2545/4009/1524 2916/4772/1829 
f 2915/4651/1355 2914/4784/1355 2458/4774/1355 
f 2917/4775/1355 2919/4781/1355 2463/4776/1355 
f 2547/4011/1526 2685/4155/1609 3029/4778/1836 
f 2457/4780/1355 2463/4776/1355 2919/4781/1355 
f 3028/4783/1832 3029/4778/1836 2685/4155/1609 
f 2545/4009/1524 2547/4011/1526 2918/4779/1831 
f 2914/4784/1355 2917/4775/1355 2461/4777/1355 
f 2457/4780/1355 2911/4782/1355 2909/4785/1355 
f 3028/4783/1832 2540/4004/1519 2538/4002/1518 
f 2452/4788/1355 2907/4791/1355 2851/4789/1355 
f 2910/4790/1834 2535/3999/1516 2537/4001/1517 
f 2455/4786/1355 2909/4785/1355 2907/4791/1355 
f 2912/4787/1833 2538/4002/1518 2535/3999/1516 
f 2556/4020/1371 2558/4022/1521 2943/4792/1829 
f 2858/4793/1355 2942/4803/1355 2521/4794/1355 
f 2944/4795/1355 2946/5359/1355 2526/4796/1355 
f 2560/4024/1529 2683/4153/1609 3030/4798/1836 
f 2526/4796/1355 2946/5359/1355 2939/4800/1355 
f 3030/4798/1836 2683/4153/1609 2553/4017/1528 
f 2558/4022/1521 2560/4024/1529 2945/4799/1831 
f 2942/4803/1355 2944/4795/1355 2524/4797/1355 
f 2534/4801/1355 2939/4800/1355 2937/4804/1355 
f 3031/4802/1832 2553/4017/1528 2551/4015/1527 
f 2529/4807/1355 2934/4810/1355 2936/4808/1355 
f 2938/4809/1837 2548/4012/1516 2550/4014/1517 
f 2532/4805/1355 2937/4804/1355 2934/4810/1355 
f 2940/4806/1833 2551/4015/1527 2548/4012/1516 
f 2536/4000/1517 2539/4003/1516 2896/4811/1822 
f 2854/4812/1359 2895/4821/1359 2514/4813/1359 
f 2897/4814/1359 2899/4820/1359 2519/4815/1359 
f 2541/4005/1520 2686/4156/1611 3032/4817/1824 
f 2905/4819/1359 2513/4822/1359 2519/4815/1359 
f 2546/4010/1525 3091/4825/1839 3032/4817/1824 
f 2539/4003/1516 2541/4005/1520 2898/4818/1838 
f 2895/4821/1359 2897/4814/1359 2517/4816/1359 
f 2513/4822/1359 2905/4819/1359 2903/4823/1359 
f 3091/4825/1839 2546/4010/1525 2544/4008/1523 
f 2508/4827/1359 2900/4830/1359 2902/4828/1359 
f 2904/4829/1828 2542/4006/1521 2277/3328/1371 
f 2511/4824/1359 2903/4823/1359 2900/4830/1359 
f 2906/4826/1827 2544/4008/1523 2542/4006/1521 
f 2660/4125/1598 2663/4128/1597 2950/4831/1840 
f 2949/4691/1359 2948/4842/1359 2603/4833/1359 
f 2951/4834/1359 2953/5360/1359 2608/4835/1359 
f 2665/4130/1599 2698/4170/1618 3092/4837/1841 
f 2608/4835/1359 2953/5360/1359 2957/4839/1359 
f 2698/4170/1618 2670/4135/1603 3033/4841/1843 
f 2663/4128/1597 2665/4130/1599 2952/4838/1842 
f 2948/4842/1359 2951/4834/1359 2606/4836/1359 
f 2616/4840/1359 2957/4839/1359 2955/4843/1359 
f 3033/4841/1843 2670/4135/1603 2668/4133/1602 
f 2611/4846/1359 2954/4850/1359 2863/4847/1359 
f 2956/4848/1845 2666/4131/1601 2667/4132/1370 
f 2614/4844/1359 2955/4843/1359 2954/4850/1359 
f 2958/4845/1844 2668/4133/1602 2666/4131/1601 
f 2832/4376/1699 2831/4375/1698 3008/4851/1846 
f 3007/4614/1355 3006/4863/1355 2582/4853/1355 
f 3009/4854/1355 3011/4860/1355 2587/4855/1355 
f 2829/4373/1696 2828/4372/1695 3034/4857/1848 
f 2581/4859/1355 2587/4855/1355 3011/4860/1355 
f 3034/4857/1848 2828/4372/1695 2821/4365/1688 
f 2831/4375/1698 2829/4373/1696 3010/4858/1849 
f 3006/4863/1355 3009/4854/1355 2585/4856/1355 
f 2581/4859/1355 3003/4861/1355 3001/4864/1355 
f 3035/4862/1850 2821/4365/1688 2834/4378/1700 
f 2576/4867/1355 2998/4869/1355 3000/4682/1355 
f 3002/4868/1852 2836/4380/1702 2266/3310/1369 
f 2579/4865/1355 3001/4864/1355 2998/4869/1355 
f 3004/4866/1851 2834/4378/1700 2836/4380/1702 
f 2284/3339/1373 2837/4381/1703 2962/4870/1840 
f 2961/4871/1359 2960/4880/1359 2589/4872/1359 
f 2963/4873/1359 2965/5361/1359 2594/4874/1359 
f 2835/4379/1701 2823/4367/1690 3036/4876/1841 
f 2594/4874/1359 2965/5361/1359 2971/4878/1359 
f 2822/4366/1689 3093/4883/1843 3036/4876/1841 
f 2837/4381/1703 2835/4379/1701 2964/4877/1842 
f 2960/4880/1359 2963/4873/1359 2592/4875/1359 
f 2602/4879/1359 2971/4878/1359 2969/4881/1359 
f 3093/4883/1843 2822/4366/1689 2827/4371/1694 
f 2597/4885/1359 2966/4887/1359 2968/4609/1359 
f 2970/4886/1845 2830/4374/1697 2833/4377/1590 
f 2600/4882/1359 2969/4881/1359 2966/4887/1359 
f 2972/4884/1844 2827/4371/1694 2830/4374/1697 
f 2654/4119/1592 2653/4118/1591 2994/4888/1853 
f 2993/4696/1355 2992/4898/1355 2568/4889/1355 
f 2995/4890/1355 2997/5362/1355 2573/4891/1355 
f 2656/4121/1594 2658/4123/1596 3038/4893/1854 
f 2573/4891/1355 2997/5362/1355 2989/4895/1355 
f 3037/4897/1856 3038/4893/1854 2658/4123/1596 
f 2653/4118/1591 2656/4121/1594 2996/4894/1855 
f 2992/4898/1355 2995/4890/1355 2571/4892/1355 
f 2567/4896/1355 2989/4895/1355 2987/4899/1355 
f 3037/4897/1856 2650/4115/1588 2648/4113/1586 
f 2562/4902/1355 2986/4905/1355 2865/4903/1355 
f 2988/4904/1858 2645/4110/1584 2647/4112/1585 
f 2565/4900/1355 2987/4899/1355 2986/4905/1355 
f 2990/4901/1857 2648/4113/1586 2645/4110/1584 
f 2271/3318/1370 2669/4134/1601 3020/4906/1846 
f 2859/4908/1355 3019/4919/1355 2631/4909/1355 
f 3021/4910/1355 3023/4916/1355 2636/4911/1355 
f 2671/4136/1602 2697/4169/1617 3040/4913/1848 
f 2644/4915/1355 2636/4911/1355 3023/4916/1355 
f 3041/4918/1850 3040/4913/1848 2697/4169/1617 
f 2669/4134/1601 2671/4136/1602 3022/4914/1849 
f 3019/4919/1355 3021/4910/1355 2634/4912/1355 
f 2644/4915/1355 3017/4917/1355 3015/4920/1355 
f 3041/4918/1850 2664/4129/1600 2662/4127/1599 
f 2639/4923/1355 3012/4925/1355 3014/4688/1355 
f 3016/4924/1852 2659/4124/1597 2661/4126/1598 
f 2642/4921/1355 3015/4920/1355 3012/4925/1355 
f 3018/4922/1851 2662/4127/1599 2659/4124/1597 
f 2646/4111/1585 2649/4114/1587 2975/4926/1859 
f 2867/4928/1359 2974/4938/1359 2624/4929/1359 
f 2976/4930/1359 2978/4936/1359 2629/4931/1359 
f 2651/4116/1589 2699/4171/1619 3094/4933/1861 
f 2984/4935/1359 2623/4939/1359 2629/4931/1359 
f 2699/4171/1619 3216/5317/1930 3042/4937/1863 
f 2649/4114/1587 2651/4116/1589 2977/4934/1862 
f 2974/4938/1359 2976/4930/1359 2627/4932/1359 
f 2623/4939/1359 2984/4935/1359 2982/4940/1359 
f 3042/4937/1863 3216/5317/1930 2657/4122/1595 
f 2618/4943/1359 2979/4945/1359 2981/4645/1359 
f 2983/4944/1865 2655/4120/1593 2652/4117/1590 
f 2621/4941/1359 2982/4940/1359 2979/4945/1359 
f 2985/4942/1864 2657/4122/1595 2655/4120/1593 
f 3095/4946/1866 3076/5363/1870 3061/4947/1867 
f 3059/4949/1868 3083/5364/1868 3097/4950/1868 
f 3099/4952/1869 3086/5365/1869 3085/4953/1870 
f 3053/4955/1868 3143/5366/1871 3101/4956/1871 
f 3103/4958/1866 3052/5367/1870 3051/4959/1869 
f 3105/4961/1872 2241/5368/1874 2240/4962/1873 
f 3074/4964/1875 3145/5369/1875 3107/4965/1876 
f 3109/4967/1872 3070/5370/1873 3057/4968/1873 
f 2280/4970/1877 2282/5371/1944 3111/4971/1878 
f 3056/4973/1871 3066/5372/1868 3113/4974/1879 
f 3115/4976/1873 3087/5373/1873 3060/4977/1874 
f 2276/4979/1875 2278/5374/1944 3117/4980/1878 
f 3055/4982/1880 3075/5375/1885 3119/4983/1881 
f 3121/4985/1883 2273/5376/1883 2272/4986/1884 
f 3072/4988/1885 3073/5377/1880 3123/4989/1880 
f 3125/4991/1884 3069/5378/1884 3068/4992/1883 
f 3081/4994/1880 3147/5379/1885 3127/4995/1881 
f 2265/4997/1886 2267/5380/1945 3129/4998/1887 
f 3131/5000/1888 2286/5381/1889 2285/5001/1888 
f 3062/5003/1886 3071/5382/1886 3133/5004/1887 
f 3135/5006/1890 3082/5383/1888 3064/5007/1889 
f 3137/5009/1891 3148/5384/1883 3067/5010/1892 
f 3063/5012/1893 3080/5385/1946 3139/5013/1894 
f 3141/5015/1896 3079/5386/1896 3077/5016/1896 
f 3099/5018/1897 3097/5387/1897 3083/5019/1897 
f 3098/4951/1898 3162/5388/1899 3084/5021/1899 
f 3078/5022/1900 3156/5389/1900 3100/4954/1901 
f 3102/4957/1899 3165/5390/1899 3054/5023/1898 
f 3103/5024/1897 3101/5391/1897 3143/5025/1897 
f 3144/5027/1901 3158/5392/1902 3104/4960/1901 
f 3105/5028/1903 3107/5393/1903 3145/5029/1903 
f 3108/4966/1457 3207/5257/1921 2263/3682/1456 
f 2261/3683/1458 2353/3685/1458 3106/4963/1459 
f 3109/5031/1903 3111/5394/1903 2282/5032/1903 
f 3112/4972/1461 2415/5259/1460 2355/3689/1460 
f 2356/3690/1462 2358/3692/1462 3110/4969/1462 
f 3076/5034/1897 3095/5395/1897 3113/5035/1897 
f 3114/4975/1899 3169/5396/1898 3088/5037/1899 
f 3146/5038/1901 3150/5397/1902 3096/4948/1901 
f 3087/5039/1903 3115/5398/1903 3117/5040/1903 
f 3118/4981/1460 3208/5262/1456 2243/3703/1456 
f 2236/3704/1459 2365/3706/1459 3116/4978/1464 
f 3121/5042/1904 3123/5399/1904 3073/5043/1904 
f 3084/5021/1899 3162/5388/1899 3122/4987/1898 
f 3124/4990/1901 3156/5389/1900 3078/5022/1900 
f 3125/5045/1904 3127/5400/1904 3147/5046/1904 
f 3054/5023/1898 3165/5390/1899 3126/5048/1905 
f 3128/4996/1901 3158/5392/1902 3144/5027/1901 
f 2372/3717/1467 2374/3719/1469 3132/5002/1468 
f 3131/5050/1907 3129/5401/1907 2267/5051/1907 
f 3130/4999/1472 2417/5266/1471 2376/3723/1471 
f 3135/5053/1907 3133/5402/1907 3071/5054/1907 
f 2249/3729/1473 2379/3731/1473 3136/5008/1474 
f 3134/5005/1475 2419/5268/1475 2380/3732/1475 
f 3148/5056/1904 3137/5403/1904 3119/5057/1904 
f 3088/5037/1899 3169/5396/1898 3138/5011/1899 
f 3120/4984/1901 3150/5397/1902 3146/5038/1901 
f 3079/5059/1908 3141/5404/1908 3139/5060/1909 
f 2270/3741/1911 2385/3743/1911 3142/5017/1912 
f 3140/5014/1481 3209/5271/1480 2386/3744/1480 
f 3149/5062/1355 3152/5066/1355 3150/5063/1355 
f 3151/5065/1355 3096/5112/1355 3150/5063/1355 
f 3153/5067/1355 3156/5071/1355 3124/5068/1355 
f 3155/5070/1355 3100/5123/1355 3156/5071/1355 
f 2862/4692/1133 3078/4693/1133 3085/4704/1133 
f 3157/5072/1355 3160/5076/1355 3158/5073/1355 
f 3159/5075/1355 3104/5131/1355 3158/5073/1355 
f 3161/5077/1359 3122/5405/1359 3162/5078/1359 
f 3164/5080/1359 3163/5079/1359 3162/5078/1359 
f 3165/5082/1359 3168/5086/1359 3166/5083/1359 
f 3165/5082/1359 3102/5124/1359 3167/5085/1359 
f 3169/5087/1359 3172/5091/1359 3170/5088/1359 
f 3169/5087/1359 3114/5146/1359 3171/5090/1359 
f 3106/5092/1359 2353/5274/1359 2404/3777/1359 
f 3110/5094/1359 2358/5275/1359 2406/3780/1359 
f 3175/5096/1359 3116/5148/1359 2365/3783/1359 
f 2410/3787/1355 3208/5276/1355 3118/5097/1355 
f 2412/3790/1355 3207/5277/1355 3108/5099/1355 
f 2415/3793/1355 3112/5145/1355 3178/5101/1355 
f 3179/5102/1359 3211/5278/1359 2417/3795/1359 
f 3180/5104/1359 3212/5279/1359 2419/3798/1359 
f 2421/3802/1359 3209/5280/1359 3140/5106/1359 
f 3182/5108/1355 3142/5194/1355 2385/3804/1355 
f 2374/3808/1355 3213/5281/1355 3183/5109/1355 
f 2426/3811/1355 3217/5406/1355 3136/5111/1355 
f 3096/5112/1482 3151/5065/1482 3184/5113/1482 
f 3113/5115/1128 3095/5407/1128 3184/5116/1128 
f 2536/4000/1517 3076/4680/1133 3066/4667/1133 
f 3097/5118/1483 3186/5408/1483 3164/5080/1483 
f 3186/5119/1128 3097/5409/1128 3099/5120/1128 
f 2549/4013/1517 3086/4705/1133 3083/4702/1133 
f 3187/5122/1482 3099/5410/1482 3100/5123/1482 
f 3102/5124/1483 3101/5411/1483 3188/5125/1483 
f 3188/5126/1128 3101/5412/1128 3103/5127/1128 
f 3143/5129/1133 2849/4393/1714 2848/4392/1713 
f 3189/5130/1482 3103/5413/1482 3104/5131/1482 
f 3145/5132/1143 2843/4387/1522 2239/3262/1366 
f 3106/5092/1913 3173/5093/1913 3190/5133/1913 
f 3191/5135/1360 3107/5414/1360 3105/5136/1360 
f 3107/5138/1914 3191/5415/1914 3177/5100/1914 
f 3110/5094/1913 3174/5095/1913 3192/5139/1913 
f 3111/5141/1360 3109/5416/1360 3192/5142/1360 
f 2556/4020/1371 3070/4673/1143 2282/3335/1143 
f 3111/5144/1914 3193/5417/1914 3178/5101/1914 
f 3114/5146/1483 3113/5418/1483 3185/5147/1483 
f 3116/5148/1913 3175/5096/1913 3194/5149/1913 
f 3117/5151/1360 3115/5419/1360 3194/5152/1360 
f 2277/3328/1371 2543/4007/1522 3087/4710/1143 
f 3117/5154/1914 3195/5420/1914 3176/5098/1914 
f 3120/5064/1486 3119/5421/1486 3196/5155/1486 
f 3196/5156/1143 3119/5422/1143 3137/5157/1143 
f 3148/5159/1133 3075/4679/1133 2652/4117/1590 
f 3073/4676/1133 2667/4132/1370 2271/3318/1370 
f 3121/5160/1487 3122/5405/1487 3161/5077/1487 
f 3198/5162/1143 3199/5423/1143 3123/5163/1143 
f 3154/5069/1486 3124/5068/1486 3123/5165/1486 
f 3126/5167/1487 3166/5424/1487 3200/5168/1487 
f 3200/5170/1143 3201/5425/1143 3127/5171/1143 
f 2832/4376/1699 3069/4672/1133 3147/5173/1133 
f 3201/5174/1486 3157/5072/1486 3128/5074/1486 
f 3129/5176/1913 3218/5426/1913 3179/5102/1913 
f 3202/5177/1360 3218/5427/1360 3129/5178/1360 
f 2284/3339/1373 2286/3341/1128 2267/3311/1128 
f 3132/5110/1914 3183/5109/1914 3202/5180/1914 
f 3134/5105/1913 3133/5428/1913 3203/5182/1913 
f 3203/5183/1360 3133/5429/1360 3135/5184/1360 
f 3071/4674/1128 2661/4126/1598 2660/4125/1598 
f 3136/5111/1914 3217/5406/1914 3204/5186/1914 
f 3138/5089/1487 3170/5088/1487 3197/5188/1487 
f 3139/5190/1913 3205/5430/1913 3181/5107/1913 
f 3205/5191/1360 3139/5431/1360 3141/5192/1360 
f 2646/4111/1585 3079/4695/1128 3080/4697/1128 
f 3142/5194/1914 3182/5108/1914 3206/5195/1914 
f 2290/3346/1360 2020/5234/1917 1802/2673/1123 
f 3053/4616/1133 2921/4750/1814 2849/4393/1714 
f 2173/3162/1274 2172/3161/1274 2225/5197/1273 
f 2217/5199/1265 2195/5198/1273 2225/5197/1273 
f 3043/4699/1133 3144/5355/1133 3051/4610/1133 
f 3081/4698/1133 2967/4700/1820 2833/4377/1590 
f 3074/4677/1143 2889/4678/1812 2843/4387/1522 
f 2293/3353/1128 2124/3355/1375 1981/2968/1256 
f 2260/3300/1143 2090/5230/1364 1988/2975/1045 
f 2242/3268/1143 2363/5294/1143 1678/2549/1047 
f 2222/3218/1360 2366/3869/1360 1804/2675/1123 
f 2291/3348/1143 2354/3850/1143 1692/2563/1047 
# 0 polygons - 2956 triangles

#
# object base
#

v  0.7009 0.3655 0.0655
v  0.6391 0.3511 0.0655
v  0.7009 0.2172 0.0655
v  0.7635 0.3655 -0.0465
v  0.7623 5.2696 -0.0539
v  0.7635 5.2696 -0.0465
v  0.7623 0.3655 -0.0539
v  0.7591 5.2696 -0.0616
v  0.7591 0.3655 -0.0616
v  0.7548 5.2696 -0.0675
v  0.7009 5.2696 -0.1091
v  0.7082 0.3655 -0.1079
v  0.7009 0.3655 -0.1091
v  0.7082 5.2696 -0.1079
v  0.7159 0.3655 -0.1047
v  0.7159 5.2696 -0.1047
v  0.7219 0.3655 -0.1004
v  0.7635 5.2696 0.0029
v  0.7623 0.3655 0.0103
v  0.7635 0.3655 0.0029
v  0.7623 5.2696 0.0103
v  0.7591 0.3655 0.0180
v  0.7591 5.2696 0.0180
v  0.7548 0.3655 0.0239
v  0.7082 5.2696 0.0643
v  0.7009 5.2696 0.0655
v  0.7082 0.3655 0.0643
v  0.7159 5.2696 0.0611
v  0.7159 0.3655 0.0611
v  0.7219 5.2696 0.0568
v  0.7009 5.4457 -0.1091
v  0.7082 5.4457 -0.1079
v  0.7159 5.4457 -0.1047
v  0.7219 5.2696 -0.1004
v  0.7623 5.4457 -0.0539
v  0.7635 5.4457 -0.0465
v  0.7591 5.4457 -0.0616
v  0.7548 5.4457 -0.0675
v  0.7082 5.4457 0.0643
v  0.7009 5.4457 0.0655
v  0.7159 5.4457 0.0611
v  0.7219 5.4457 0.0568
v  0.7635 5.4457 0.0029
v  0.7623 5.4457 0.0103
v  0.7591 5.4457 0.0180
v  0.7548 5.2696 0.0239
v  0.7009 7.1747 -0.1091
v  0.7082 7.1747 -0.1079
v  0.7159 7.1747 -0.1047
v  0.7219 5.4457 -0.1004
v  0.7623 7.1747 -0.0539
v  0.7635 7.1747 -0.0465
v  0.7591 7.1747 -0.0616
v  0.7548 7.1747 -0.0675
v  0.7082 7.1747 0.0643
v  0.7009 7.1747 0.0655
v  0.7159 7.1747 0.0611
v  0.7219 7.1747 0.0568
v  0.7635 7.1747 0.0029
v  0.7623 7.1747 0.0103
v  0.7591 7.1747 0.0180
v  0.7548 5.4457 0.0239
v  0.7623 7.3507 -0.0539
v  0.7635 7.3507 -0.0465
v  0.7591 7.3507 -0.0616
v  0.7548 7.3507 -0.0675
v  0.7009 7.3507 -0.1091
v  0.7082 7.3507 -0.1079
v  0.7159 7.3507 -0.1047
v  0.7219 7.1747 -0.1004
v  0.7635 7.3507 0.0029
v  0.7623 7.3507 0.0103
v  0.7591 7.3507 0.0180
v  0.7548 7.1747 0.0239
v  0.7082 7.3507 0.0643
v  0.7009 7.3507 0.0655
v  0.7159 7.3507 0.0611
v  0.7219 7.3507 0.0568
v  0.7219 0.3655 0.0568
v  0.7635 5.2696 -0.0218
v  0.7635 0.3655 -0.0218
v  0.7548 0.3655 -0.0675
v  0.7635 5.4457 -0.0218
v  0.7635 7.1747 -0.0218
v  0.7548 7.3507 0.0239
v  0.7635 7.3507 -0.0218
v  0.7219 7.3507 -0.1004
v  0.6366 5.4338 -0.1063
v  0.4735 5.4338 -0.0218
v  0.6366 5.4338 -0.0218
v  0.6535 5.4457 0.0655
v  0.6535 5.2696 0.0655
v  0.6535 7.1747 -0.1091
v  0.6391 7.3363 -0.1091
v  0.6535 7.3507 -0.1091
v  0.6535 7.3507 0.0655
v  0.6535 7.1747 0.0655
v  0.7009 10.3617 -0.1063
v  0.7082 10.3589 -0.1079
v  0.7009 10.3589 -0.1091
v  0.7145 10.3617 -0.1022
v  0.7074 10.3617 -0.1052
v  0.7219 10.3589 -0.1004
v  0.7159 10.3589 -0.1047
v  0.7596 10.3617 -0.0531
v  0.7635 10.3589 -0.0465
v  0.7623 10.3589 -0.0539
v  0.7591 10.3589 -0.0616
v  0.7566 10.3617 -0.0602
v  0.7548 10.3589 -0.0675
v  0.7526 10.3617 -0.0657
v  0.7009 10.3617 0.0627
v  0.7082 10.3589 0.0643
v  0.7074 10.3617 0.0616
v  0.7145 10.3617 0.0587
v  0.7159 10.3589 0.0611
v  0.7219 10.3589 0.0568
v  0.7201 10.3617 0.0546
v  0.7596 10.3617 0.0095
v  0.7635 10.3589 0.0029
v  0.7606 10.3617 0.0027
v  0.7591 10.3589 0.0180
v  0.7623 10.3589 0.0103
v  0.7566 10.3617 0.0166
v  0.7548 10.3589 0.0239
v  0.7526 10.3617 0.0221
v  0.7635 10.3589 -0.0218
v  0.7606 10.3617 -0.0218
v  0.7201 10.3617 -0.0982
v  0.7606 10.3617 -0.0463
v  0.4668 0.3536 0.0609
v  0.4732 0.3510 0.0655
v  0.4735 0.3536 0.0627
v  0.4621 0.3536 0.0562
v  0.4653 0.3510 0.0634
v  0.4575 0.3509 0.0498
v  0.4596 0.3509 0.0576
v  0.4668 0.3536 -0.1044
v  0.4732 0.3510 -0.1091
v  0.4653 0.3510 -0.1070
v  0.4621 0.3536 -0.0998
v  0.4596 0.3509 -0.1012
v  0.4575 0.3509 -0.0934
v  0.4603 0.3536 -0.0930
v  0.4668 5.2815 0.0609
v  0.4732 5.2841 0.0655
v  0.4653 5.2841 0.0634
v  0.4668 5.4338 0.0609
v  0.4732 5.4312 0.0655
v  0.4735 5.4338 0.0627
v  0.4621 5.2815 0.0562
v  0.4596 5.2841 0.0576
v  0.4621 5.4338 0.0562
v  0.4653 5.4312 0.0634
v  0.4575 5.2842 0.0498
v  0.4603 5.2815 0.0494
v  0.4575 5.4311 0.0498
v  0.4596 5.4312 0.0576
v  0.4668 5.4338 -0.1044
v  0.4732 5.4312 -0.1091
v  0.4653 5.4312 -0.1070
v  0.4668 5.2815 -0.1044
v  0.4732 5.2841 -0.1091
v  0.4735 5.2815 -0.1063
v  0.4621 5.4338 -0.0998
v  0.4596 5.4312 -0.1012
v  0.4621 5.2815 -0.0998
v  0.4653 5.2841 -0.1070
v  0.4575 5.4311 -0.0934
v  0.4603 5.4338 -0.0930
v  0.4575 5.2842 -0.0934
v  0.4596 5.2841 -0.1012
v  0.4621 7.1865 -0.0998
v  0.4575 7.1892 -0.0934
v  0.4596 7.1892 -0.1012
v  0.4621 7.3389 -0.0998
v  0.4575 7.3362 -0.0934
v  0.4603 7.3389 -0.0930
v  0.4653 7.1892 -0.1070
v  0.4668 7.1865 -0.1044
v  0.4653 7.3363 -0.1070
v  0.4596 7.3362 -0.1012
v  0.4732 7.1891 -0.1091
v  0.4735 7.1865 -0.1063
v  0.4668 7.3389 -0.1044
v  0.4732 7.3363 -0.1091
v  0.4621 7.3389 0.0562
v  0.4575 7.3362 0.0498
v  0.4596 7.3362 0.0576
v  0.4621 7.1865 0.0562
v  0.4575 7.1892 0.0498
v  0.4603 7.1865 0.0494
v  0.4653 7.3363 0.0634
v  0.4668 7.3389 0.0609
v  0.4653 7.1892 0.0634
v  0.4596 7.1892 0.0576
v  0.4732 7.3363 0.0655
v  0.4735 7.3389 0.0627
v  0.4668 7.1865 0.0609
v  0.4732 7.1891 0.0655
v  0.4575 0.3509 -0.0218
v  0.4603 0.3536 -0.0218
v  0.4603 0.3536 0.0494
v  0.4603 5.2815 -0.0930
v  0.4575 5.2842 -0.0218
v  0.4575 5.4311 -0.0218
v  0.4603 5.4338 -0.0218
v  0.4603 5.2815 -0.0218
v  0.4603 5.4338 0.0494
v  0.4603 7.1865 -0.0930
v  0.4575 7.1892 -0.0218
v  0.4575 7.3362 -0.0218
v  0.4603 7.3389 -0.0218
v  0.4603 7.3389 0.0494
v  0.6366 0.3536 -0.1063
v  0.6535 0.3655 -0.1091
v  0.6391 0.3511 -0.1091
v  0.6366 0.3536 0.0627
v  0.6535 0.3655 0.0655
v  0.6510 0.3680 0.0627
v  0.6366 5.2815 -0.1063
v  0.6535 5.2696 -0.1091
v  0.6510 5.2671 -0.1063
v  0.6366 5.2815 0.0627
v  0.6391 5.2840 0.0655
v  0.6535 5.4457 -0.1091
v  0.6391 5.4313 -0.1091
v  0.6366 5.4338 0.0627
v  0.6510 5.4482 0.0627
v  0.6366 7.1865 -0.1063
v  0.6510 7.1722 -0.1063
v  0.6366 7.1865 0.0627
v  0.6391 7.1891 0.0655
v  0.6366 7.3389 -0.1063
v  0.6366 7.3389 0.0627
v  0.6510 7.3533 0.0627
v  0.6665 10.3589 0.0655
v  0.6510 10.3473 0.0627
v  0.6535 10.3459 0.0655
v  0.6665 10.3589 -0.1091
v  0.6510 10.3473 -0.1063
v  0.6654 10.3617 -0.1063
v  0.4735 0.3536 -0.1063
v  0.6510 0.3680 -0.1063
v  0.4735 5.4338 -0.1063
v  0.6391 5.4313 0.0655
v  0.6510 5.4482 -0.1063
v  0.6510 7.1722 0.0627
v  0.4735 7.3389 -0.1063
v  0.6391 7.3363 0.0655
v  0.6510 7.3533 -0.1063
v  0.6535 10.3459 -0.1091
v  0.7009 10.3589 0.0655
v  0.7009 10.3617 -0.0218
v  0.7009 10.3459 0.0655
v  0.6654 10.3617 -0.0218
v  0.6654 10.3617 0.0627
v  0.7159 10.3459 0.0611
v  0.7219 10.3459 0.0568
v  0.7591 10.3459 0.0180
v  0.7635 10.3459 -0.0218
v  0.7635 10.3459 0.0029
v  0.7623 10.3459 -0.0539
v  0.7635 10.3459 -0.0465
v  0.7591 10.3459 -0.0616
v  0.7219 10.3459 -0.1004
v  0.7159 10.3459 -0.1047
v  0.7009 10.3459 -0.1091
v  0.7082 10.3459 -0.1079
v  0.4735 5.2815 0.0627
v  0.4735 7.1865 0.0627
v  0.4732 0.2172 0.0655
v  0.6510 0.2172 0.0655
v  0.6391 5.2840 -0.1091
v  0.6391 7.1891 -0.1091
v  0.7009 0.2172 -0.1091
v  0.6510 0.2172 -0.1091
v  0.6366 0.3536 -0.0218
v  0.6510 0.3680 -0.0218
v  0.6510 5.2671 -0.0218
v  0.6366 5.2815 -0.0218
v  0.6510 5.2671 0.0627
v  0.6510 5.4482 -0.0218
v  0.6510 7.1722 -0.0218
v  0.6366 7.1865 -0.0218
v  0.6366 7.3389 -0.0218
v  0.6510 7.3533 -0.0218
v  0.6510 10.3473 -0.0218
v  0.7591 0.2139 -0.0530
v  0.7635 0.2172 -0.0465
v  0.7602 0.2139 -0.0463
v  0.7562 0.2139 -0.0599
v  0.7623 0.2172 -0.0539
v  0.7548 0.2172 -0.0675
v  0.7591 0.2172 -0.0616
v  0.7009 0.2139 -0.1058
v  0.7082 0.2172 -0.1079
v  0.7072 0.2139 -0.1048
v  0.7143 0.2139 -0.1018
v  0.7159 0.2172 -0.1047
v  0.7219 0.2172 -0.1004
v  0.7198 0.2139 -0.0979
v  0.7591 0.2139 0.0094
v  0.7635 0.2172 0.0029
v  0.7623 0.2172 0.0103
v  0.7562 0.2139 0.0163
v  0.7591 0.2172 0.0180
v  0.7548 0.2172 0.0239
v  0.7523 0.2139 0.0218
v  0.7009 0.2139 0.0622
v  0.7082 0.2172 0.0643
v  0.7143 0.2139 0.0582
v  0.7072 0.2139 0.0612
v  0.7219 0.2172 0.0568
v  0.7159 0.2172 0.0611
v  0.6510 0.2139 0.0622
v  0.6510 0.2139 -0.1058
v  0.7523 0.2139 -0.0654
v  0.7635 0.2172 -0.0218
v  0.7602 0.2139 0.0027
v  0.7602 0.2139 -0.0218
v  0.4670 0.2139 0.0604
v  0.4653 0.2172 0.0634
v  0.4596 0.2172 0.0576
v  0.4625 0.2139 0.0559
v  0.4575 0.2172 0.0498
v  0.4608 0.2139 0.0493
v  0.4670 0.2139 -0.1040
v  0.4732 0.2172 -0.1091
v  0.4735 0.2139 -0.1058
v  0.4596 0.2172 -0.1012
v  0.4653 0.2172 -0.1070
v  0.4625 0.2139 -0.0995
v  0.4575 0.2172 -0.0934
v  0.4608 0.2139 -0.0929
v  0.4575 0.2172 -0.0218
v  0.4735 0.2139 0.0622
v  0.4735 7.3389 -0.0218
v  0.4735 5.2815 -0.0218
v  0.4735 7.1865 -0.0218
v  0.7623 10.3459 0.0103
v  0.7548 10.3459 0.0239
v  0.7082 10.3459 0.0643
v  0.7548 10.3459 -0.0675
v  0.4603 7.1865 -0.0218
v  0.4735 0.3536 -0.0218
v  0.7198 0.2139 0.0543
v  0.4608 0.2139 -0.0218
# 348 vertices

vn 0.0215 -0.0000 0.9998
vn -0.0000 -0.0000 1.0000
vn 0.0185 -0.0000 0.9998
vn 0.9993 -0.0000 -0.0363
vn 0.9605 -0.0000 -0.2784
vn 0.8760 -0.0000 -0.4823
vn 0.8761 -0.0000 -0.4822
vn 0.7223 -0.0000 -0.6916
vn 0.0213 -0.0000 -0.9998
vn 0.2784 -0.0000 -0.9605
vn 0.0215 -0.0000 -0.9998
vn 0.2785 -0.0000 -0.9604
vn 0.4823 -0.0000 -0.8760
vn 0.6916 -0.0000 -0.7223
vn 0.9993 -0.0000 0.0363
vn 0.9605 -0.0000 0.2784
vn 0.9993 -0.0000 0.0364
vn 0.8760 -0.0000 0.4823
vn 0.7223 -0.0000 0.6916
vn 0.2785 -0.0000 0.9604
vn 0.0213 -0.0000 0.9998
vn 0.2784 -0.0000 0.9605
vn 0.4823 -0.0000 0.8760
vn 0.6916 -0.0000 0.7223
vn 1.0000 -0.0000 -0.0000
vn -0.0000 1.0000 -0.0000
vn -0.0000 -0.0000 -1.0000
vn 0.0185 0.7080 -0.7060
vn 0.1978 0.7080 -0.6779
vn 0.0185 0.7080 -0.7059
vn 0.3396 0.7096 -0.6174
vn 0.1979 0.7080 -0.6779
vn 0.4890 0.7076 -0.5101
vn 0.3395 0.7096 -0.6174
vn 0.6767 0.7096 -0.1961
vn 0.7058 0.7079 -0.0250
vn 0.6767 0.7097 -0.1961
vn 0.6171 0.7096 -0.3400
vn 0.6172 0.7096 -0.3399
vn 0.5100 0.7077 -0.4890
vn 0.5100 0.7076 -0.4890
vn 0.0185 0.7081 0.7059
vn 0.1978 0.7080 0.6779
vn 0.1979 0.7080 0.6779
vn 0.3396 0.7096 0.6174
vn 0.4890 0.7076 0.5100
vn 0.6768 0.7096 0.1961
vn 0.7058 0.7080 0.0250
vn 0.6172 0.7096 0.3400
vn 0.6173 0.7095 0.3399
vn 0.5102 0.7076 0.4889
vn 0.7072 0.7070 -0.0000
vn 0.7073 0.7070 -0.0000
vn 0.4890 0.7076 -0.5100
vn 0.7059 0.7079 -0.0250
vn -0.3355 0.7426 0.5797
vn -0.0080 0.7402 0.6724
vn -0.0081 0.7402 0.6724
vn -0.5857 0.7388 0.3334
vn -0.3355 0.7425 0.5797
vn -0.6881 0.7254 0.0170
vn -0.3355 0.7426 -0.5797
vn -0.0080 0.7402 -0.6724
vn -0.5857 0.7388 -0.3334
vn -0.6881 0.7254 -0.0170
vn -0.3355 -0.7425 0.5797
vn -0.0081 -0.7402 0.6724
vn -0.3356 -0.7425 0.5796
vn -0.3354 0.7426 0.5797
vn -0.5857 -0.7388 0.3334
vn -0.5857 -0.7388 0.3335
vn -0.6881 -0.7254 0.0170
vn -0.3355 -0.7425 -0.5797
vn -0.0081 -0.7402 -0.6724
vn -0.0080 -0.7402 -0.6724
vn -0.5857 0.7388 -0.3333
vn -0.5857 -0.7388 -0.3334
vn -0.3356 -0.7425 -0.5796
vn -0.6881 -0.7254 -0.0170
vn -0.5859 -0.7387 -0.3332
vn -0.6880 -0.7255 -0.0170
vn -0.5859 -0.7386 -0.3333
vn -0.5872 0.7372 -0.3343
vn -0.6896 0.7240 -0.0171
vn -0.6896 0.7239 -0.0170
vn -0.3354 -0.7426 -0.5797
vn -0.3364 0.7407 -0.5815
vn -0.5872 0.7372 -0.3344
vn -0.0082 -0.7402 -0.6724
vn -0.3365 0.7407 -0.5815
vn -0.0081 0.7380 -0.6747
vn -0.5872 0.7372 0.3344
vn -0.6896 0.7239 0.0171
vn -0.5871 0.7372 0.3344
vn -0.5858 -0.7387 0.3333
vn -0.6880 -0.7255 0.0170
vn -0.6879 -0.7256 0.0171
vn -0.3364 0.7407 0.5816
vn -0.3365 0.7407 0.5815
vn -0.3354 -0.7426 0.5797
vn -0.5859 -0.7386 0.3334
vn -0.0081 0.7380 0.6747
vn -0.3355 -0.7426 0.5796
vn -0.6895 0.7243 -0.0000
vn -0.6895 0.7242 -0.0000
vn -0.6898 -0.7240 -0.0000
vn -0.6898 0.7240 -0.0000
vn -0.6894 0.7244 -0.0000
vn -0.6894 -0.7244 -0.0000
vn -0.6879 -0.7256 -0.0171
vn -0.6896 -0.7242 -0.0000
vn -0.6908 0.7230 -0.0000
vn -0.6907 0.7231 -0.0000
vn -0.6896 0.7240 0.0170
vn -0.4384 0.4379 -0.7849
vn -0.4385 0.4380 -0.7848
vn -0.4384 0.4380 -0.7848
vn -0.4384 0.4379 0.7849
vn -0.4385 0.4380 0.7848
vn -0.4384 0.4380 0.7848
vn -0.4384 -0.4379 -0.7849
vn -0.4384 -0.4380 -0.7848
vn -0.4385 -0.4380 -0.7848
vn -0.4385 -0.4380 0.7848
vn -0.4384 -0.4380 0.7848
vn -0.4385 -0.4381 0.7848
vn -0.4385 -0.4381 0.7847
vn -0.4362 0.4359 -0.7872
vn -0.4363 0.4360 -0.7871
vn -0.4362 0.4358 0.7873
vn -0.4363 0.4360 0.7871
vn -0.4362 0.4359 0.7872
vn -0.5005 0.5006 0.7063
vn -0.5005 0.5005 0.7064
vn -0.5004 0.5005 0.7065
vn -0.5005 0.5006 -0.7063
vn -0.5005 0.5005 -0.7064
vn -0.0001 0.7400 -0.6726
vn -0.0081 0.7402 -0.6724
vn -0.7460 -0.0000 -0.6660
vn -0.0001 0.7400 0.6726
vn -0.7460 -0.0000 0.6660
vn -0.0001 -0.7400 -0.6726
vn -0.0001 -0.7400 0.6726
vn -0.7459 -0.0000 -0.6660
vn -0.0001 0.7379 -0.6750
vn -0.0001 0.7378 0.6750
vn -0.7423 -0.0000 -0.6701
vn -0.7424 -0.0000 -0.6699
vn -0.0000 0.7080 -0.7063
vn -0.0000 0.7079 -0.7063
vn -0.7424 -0.0000 0.6699
vn -0.7423 -0.0000 0.6700
vn -0.0000 0.7080 0.7063
vn 0.0185 0.7080 0.7060
vn 0.0214 -0.0000 0.9998
vn 0.0242 -0.0000 0.9997
vn -0.0001 1.0000 -0.0000
vn 0.6915 -0.0000 0.7223
vn 0.4822 -0.0000 0.8760
vn 0.0004 1.0000 -0.0000
vn 0.9993 -0.0000 -0.0364
vn -0.9996 -0.0000 0.0266
vn -1.0000 -0.0000 -0.0000
vn -0.0000 -1.0000 -0.0000
vn -0.9996 -0.0000 -0.0266
vn -0.0002 1.0000 -0.0000
vn 0.0001 1.0000 -0.0000
vn 0.0002 1.0000 -0.0000
vn -0.0118 -0.0000 0.9999
vn -0.9659 -0.0000 -0.2588
vn -0.0122 -0.0000 -0.9999
vn -0.4997 -0.0000 -0.8662
vn -0.7071 -0.0000 -0.7071
vn -0.0122 -0.0000 0.9999
vn -0.4997 -0.0000 0.8662
vn -0.9659 -0.0000 0.2588
vn -0.7071 -0.0000 0.7071
vn -0.4993 -0.0000 -0.8664
vn -0.4999 -0.0000 -0.8661
vn -0.4993 -0.0000 0.8664
vn -0.4994 -0.0000 0.8664
vn 0.0185 -0.0000 -0.9998
vn -0.7071 0.7071 -0.0000
vn -0.7071 -0.7071 -0.0000
vn 0.6768 -0.7095 -0.1961
vn 0.7059 -0.7079 -0.0249
vn 0.6172 -0.7095 -0.3400
vn 0.5100 -0.7076 -0.4890
vn 0.0135 -0.7086 -0.7055
vn 0.1978 -0.7082 -0.6777
vn 0.3397 -0.7095 -0.6174
vn 0.3396 -0.7095 -0.6174
vn 0.4890 -0.7076 -0.5100
vn 0.6768 -0.7095 0.1961
vn 0.7059 -0.7079 0.0249
vn 0.6172 -0.7095 0.3399
vn 0.6172 -0.7095 0.3400
vn 0.5100 -0.7076 0.4890
vn 0.0135 -0.7085 0.7056
vn 0.1978 -0.7082 0.6777
vn 0.0136 -0.7086 0.7055
vn 0.3397 -0.7095 0.6174
vn 0.4890 -0.7076 0.5100
vn 0.3396 -0.7095 0.6174
vn -0.0000 -0.7085 0.7057
vn 0.0136 -0.7085 -0.7056
vn -0.0000 -0.7085 -0.7057
vn 0.7071 -0.7071 -0.0000
vn -0.3452 -0.7193 0.6029
vn -0.0074 -0.7089 0.7053
vn -0.6031 -0.7193 0.3449
vn -0.7059 -0.7081 0.0174
vn -0.3452 -0.7193 -0.6029
vn -0.0074 -0.7089 -0.7053
vn -0.6030 -0.7193 -0.3450
vn -0.6031 -0.7193 -0.3449
vn -0.7059 -0.7081 -0.0174
vn -0.0118 0.0001 -0.9999
vn -0.0118 -0.0000 -0.9999
vn -0.5000 -0.0000 -0.8660
vn -0.5000 -0.0000 0.8660
vn 0.0008 1.0000 -0.0000
vn 0.0005 1.0000 -0.0000
vn 0.0242 -0.0000 -0.9997
vn 0.4822 -0.0000 -0.8761
vn -0.0080 -0.7402 0.6724
vn -0.0082 -0.7402 0.6724
vn -0.4362 0.4360 -0.7872
vn -0.4361 0.4358 0.7873
vn -0.5004 0.5005 -0.7065
vn -0.0001 0.7378 -0.6750
vn -0.0000 0.7082 0.7060
# 233 vertex normals

vt 0.4714 0.0182 0.0000
vt 0.4682 0.0174 0.0000
vt 0.4715 0.0108 0.0000
vt 0.4786 0.0182 0.0000
vt 0.4789 0.2673 0.0000
vt 0.4786 0.2673 0.0000
vt 0.4789 0.0182 0.0000
vt 0.4794 0.2673 0.0000
vt 0.4794 0.0182 0.0000
vt 0.4797 0.2673 0.0000
vt 0.4833 0.2673 0.0000
vt 0.4829 0.0182 0.0000
vt 0.4833 0.0182 0.0000
vt 0.4829 0.2673 0.0000
vt 0.4825 0.0182 0.0000
vt 0.4825 0.2673 0.0000
vt 0.4821 0.0182 0.0000
vt 0.4761 0.2673 0.0000
vt 0.4757 0.0182 0.0000
vt 0.4761 0.0182 0.0000
vt 0.4757 0.2673 0.0000
vt 0.4753 0.0182 0.0000
vt 0.4753 0.2673 0.0000
vt 0.4749 0.0182 0.0000
vt 0.4717 0.2673 0.0000
vt 0.4713 0.2673 0.0000
vt 0.4717 0.0182 0.0000
vt 0.4721 0.2673 0.0000
vt 0.4722 0.0182 0.0000
vt 0.4725 0.2673 0.0000
vt 0.4833 0.2762 0.0000
vt 0.4829 0.2762 0.0000
vt 0.4825 0.2762 0.0000
vt 0.4821 0.2673 0.0000
vt 0.4789 0.2762 0.0000
vt 0.4786 0.2762 0.0000
vt 0.4794 0.2762 0.0000
vt 0.4797 0.2762 0.0000
vt 0.4717 0.2762 0.0000
vt 0.4713 0.2762 0.0000
vt 0.4721 0.2762 0.0000
vt 0.4725 0.2762 0.0000
vt 0.4761 0.2762 0.0000
vt 0.4757 0.2762 0.0000
vt 0.4753 0.2762 0.0000
vt 0.4749 0.2673 0.0000
vt 0.4833 0.3641 0.0000
vt 0.4829 0.3641 0.0000
vt 0.4825 0.3641 0.0000
vt 0.4821 0.2762 0.0000
vt 0.4789 0.3641 0.0000
vt 0.4786 0.3641 0.0000
vt 0.4794 0.3641 0.0000
vt 0.4797 0.3641 0.0000
vt 0.4717 0.3641 0.0000
vt 0.4713 0.3641 0.0000
vt 0.4721 0.3641 0.0000
vt 0.4725 0.3641 0.0000
vt 0.4761 0.3641 0.0000
vt 0.4757 0.3641 0.0000
vt 0.4753 0.3641 0.0000
vt 0.4749 0.2762 0.0000
vt 0.4789 0.3730 0.0000
vt 0.4786 0.3730 0.0000
vt 0.4794 0.3730 0.0000
vt 0.4797 0.3730 0.0000
vt 0.4833 0.3730 0.0000
vt 0.4829 0.3730 0.0000
vt 0.4825 0.3730 0.0000
vt 0.4821 0.3641 0.0000
vt 0.4761 0.3730 0.0000
vt 0.4757 0.3730 0.0000
vt 0.4753 0.3730 0.0000
vt 0.4749 0.3641 0.0000
vt 0.4717 0.3730 0.0000
vt 0.4713 0.3730 0.0000
vt 0.4721 0.3730 0.0000
vt 0.4725 0.3730 0.0000
vt 0.4725 0.0182 0.0000
vt 0.4773 0.2673 0.0000
vt 0.4773 0.0182 0.0000
vt 0.4797 0.0182 0.0000
vt 0.4773 0.2762 0.0000
vt 0.4773 0.3641 0.0000
vt 0.4749 0.3730 0.0000
vt 0.4773 0.3730 0.0000
vt 0.4821 0.3730 0.0000
vt 0.3420 0.6192 0.0000
vt 0.3463 0.6109 0.0000
vt 0.3463 0.6192 0.0000
vt 0.4689 0.2762 0.0000
vt 0.4689 0.2673 0.0000
vt 0.4857 0.3641 0.0000
vt 0.4864 0.3723 0.0000
vt 0.4857 0.3730 0.0000
vt 0.4689 0.3730 0.0000
vt 0.4689 0.3641 0.0000
vt 0.1923 0.3053 0.0000
vt 0.1926 0.3056 0.0000
vt 0.1922 0.3055 0.0000
vt 0.1929 0.3053 0.0000
vt 0.1926 0.3054 0.0000
vt 0.1934 0.3054 0.0000
vt 0.1930 0.3055 0.0000
vt 0.1957 0.3034 0.0000
vt 0.1961 0.3031 0.0000
vt 0.1959 0.3035 0.0000
vt 0.1957 0.3038 0.0000
vt 0.1955 0.3037 0.0000
vt 0.1954 0.3041 0.0000
vt 0.1952 0.3039 0.0000
vt 0.1936 0.2967 0.0000
vt 0.1940 0.2965 0.0000
vt 0.1939 0.2968 0.0000
vt 0.1943 0.2970 0.0000
vt 0.1944 0.2968 0.0000
vt 0.1947 0.2971 0.0000
vt 0.1946 0.2972 0.0000
vt 0.1964 0.3000 0.0000
vt 0.1966 0.3004 0.0000
vt 0.1964 0.3004 0.0000
vt 0.1965 0.2995 0.0000
vt 0.1966 0.3000 0.0000
vt 0.1963 0.2996 0.0000
vt 0.1963 0.2992 0.0000
vt 0.1961 0.2993 0.0000
vt 0.1964 0.3018 0.0000
vt 0.1961 0.3017 0.0000
vt 0.1933 0.3052 0.0000
vt 0.1959 0.3030 0.0000
vt 0.0117 0.5653 0.0000
vt 0.0120 0.5650 0.0000
vt 0.0120 0.5652 0.0000
vt 0.0116 0.5654 0.0000
vt 0.0117 0.5652 0.0000
vt 0.0113 0.5654 0.0000
vt 0.0115 0.5653 0.0000
vt 0.0107 0.5715 0.0000
vt 0.0109 0.5719 0.0000
vt 0.0105 0.5716 0.0000
vt 0.0105 0.5713 0.0000
vt 0.0104 0.5713 0.0000
vt 0.0104 0.5710 0.0000
vt 0.0105 0.5710 0.0000
vt 0.2649 0.5651 0.0000
vt 0.2647 0.5647 0.0000
vt 0.2651 0.5649 0.0000
vt 0.6387 0.3431 0.0000
vt 0.6391 0.3430 0.0000
vt 0.6390 0.3432 0.0000
vt 0.2651 0.5653 0.0000
vt 0.2653 0.5653 0.0000
vt 0.6384 0.3430 0.0000
vt 0.6388 0.3429 0.0000
vt 0.2653 0.5656 0.0000
vt 0.2651 0.5656 0.0000
vt 0.6380 0.3428 0.0000
vt 0.6384 0.3429 0.0000
vt 0.6308 0.3424 0.0000
vt 0.6304 0.3423 0.0000
vt 0.6308 0.3423 0.0000
vt 0.2644 0.5719 0.0000
vt 0.2641 0.5722 0.0000
vt 0.2641 0.5720 0.0000
vt 0.6311 0.3424 0.0000
vt 0.6311 0.3423 0.0000
vt 0.2646 0.5718 0.0000
vt 0.2645 0.5721 0.0000
vt 0.6315 0.3423 0.0000
vt 0.6315 0.3425 0.0000
vt 0.2649 0.5715 0.0000
vt 0.2648 0.5718 0.0000
vt 0.6233 0.4470 0.0000
vt 0.6236 0.4473 0.0000
vt 0.6232 0.4471 0.0000
vt 0.0391 0.2956 0.0000
vt 0.0390 0.2952 0.0000
vt 0.0392 0.2952 0.0000
vt 0.6230 0.4469 0.0000
vt 0.6231 0.4468 0.0000
vt 0.0389 0.2960 0.0000
vt 0.0389 0.2956 0.0000
vt 0.6229 0.4465 0.0000
vt 0.6231 0.4465 0.0000
vt 0.0391 0.2960 0.0000
vt 0.0390 0.2964 0.0000
vt 0.0396 0.2874 0.0000
vt 0.0394 0.2878 0.0000
vt 0.0394 0.2874 0.0000
vt 0.6300 0.4474 0.0000
vt 0.6298 0.4477 0.0000
vt 0.6298 0.4475 0.0000
vt 0.0395 0.2870 0.0000
vt 0.0397 0.2870 0.0000
vt 0.6304 0.4474 0.0000
vt 0.6301 0.4476 0.0000
vt 0.0396 0.2866 0.0000
vt 0.0398 0.2866 0.0000
vt 0.6303 0.4473 0.0000
vt 0.6305 0.4470 0.0000
vt 0.0107 0.5684 0.0000
vt 0.0109 0.5684 0.0000
vt 0.0114 0.5655 0.0000
vt 0.2647 0.5714 0.0000
vt 0.2651 0.5686 0.0000
vt 0.6347 0.3428 0.0000
vt 0.6347 0.3429 0.0000
vt 0.2649 0.5685 0.0000
vt 0.6380 0.3430 0.0000
vt 0.6236 0.4471 0.0000
vt 0.6267 0.4475 0.0000
vt 0.0394 0.2915 0.0000
vt 0.0396 0.2915 0.0000
vt 0.0396 0.2878 0.0000
vt 0.0185 0.5729 0.0000
vt 0.0196 0.5732 0.0000
vt 0.0185 0.5731 0.0000
vt 0.0186 0.5639 0.0000
vt 0.0196 0.5636 0.0000
vt 0.0197 0.5639 0.0000
vt 0.2570 0.5729 0.0000
vt 0.2560 0.5732 0.0000
vt 0.2559 0.5730 0.0000
vt 0.2571 0.5639 0.0000
vt 0.2560 0.5636 0.0000
vt 0.2570 0.5637 0.0000
vt 0.6231 0.3436 0.0000
vt 0.6224 0.3442 0.0000
vt 0.6230 0.3434 0.0000
vt 0.6459 0.3460 0.0000
vt 0.6466 0.3468 0.0000
vt 0.6464 0.3469 0.0000
vt 0.6226 0.4378 0.0000
vt 0.6224 0.4368 0.0000
vt 0.6226 0.4367 0.0000
vt 0.6322 0.4389 0.0000
vt 0.6325 0.4380 0.0000
vt 0.6324 0.4388 0.0000
vt 0.0403 0.3047 0.0000
vt 0.0410 0.3056 0.0000
vt 0.0402 0.3049 0.0000
vt 0.0424 0.2785 0.0000
vt 0.0431 0.2777 0.0000
vt 0.0433 0.2779 0.0000
vt 0.1916 0.2965 0.0000
vt 0.1905 0.2967 0.0000
vt 0.1905 0.2965 0.0000
vt 0.1906 0.3051 0.0000
vt 0.1897 0.3048 0.0000
vt 0.1907 0.3049 0.0000
vt 0.0110 0.5717 0.0000
vt 0.0196 0.5730 0.0000
vt 0.6304 0.3425 0.0000
vt 0.6461 0.3459 0.0000
vt 0.6226 0.3443 0.0000
vt 0.6323 0.4379 0.0000
vt 0.0392 0.2964 0.0000
vt 0.0422 0.2783 0.0000
vt 0.0411 0.3054 0.0000
vt 0.1897 0.3050 0.0000
vt 0.1936 0.2964 0.0000
vt 0.7265 0.4240 0.0000
vt 0.7253 0.4240 0.0000
vt 0.7253 0.4210 0.0000
vt 0.4713 0.5252 0.0000
vt 0.4717 0.5258 0.0000
vt 0.4713 0.5258 0.0000
vt 0.7295 0.4210 0.0000
vt 0.7253 0.4191 0.0000
vt 0.7295 0.4191 0.0000
vt 0.4689 0.5252 0.0000
vt 0.4721 0.5252 0.0000
vt 0.4725 0.5258 0.0000
vt 0.4721 0.5258 0.0000
vt 0.4725 0.5252 0.0000
vt 0.4749 0.5258 0.0000
vt 0.4753 0.5252 0.0000
vt 0.4773 0.5252 0.0000
vt 0.4761 0.5258 0.0000
vt 0.4761 0.5252 0.0000
vt 0.7212 0.4216 0.0000
vt 0.7210 0.4213 0.0000
vt 0.7210 0.4210 0.0000
vt 0.4789 0.5252 0.0000
vt 0.4786 0.5252 0.0000
vt 0.4786 0.5258 0.0000
vt 0.4773 0.5258 0.0000
vt 0.4794 0.5252 0.0000
vt 0.4797 0.5258 0.0000
vt 0.4794 0.5258 0.0000
vt 0.4821 0.5252 0.0000
vt 0.4789 0.5258 0.0000
vt 0.4825 0.5252 0.0000
vt 0.4833 0.5252 0.0000
vt 0.7210 0.4191 0.0000
vt 0.4829 0.5252 0.0000
vt 0.4585 0.2680 0.0000
vt 0.4549 0.2755 0.0000
vt 0.4549 0.2680 0.0000
vt 0.2646 0.5649 0.0000
vt 0.4997 0.2680 0.0000
vt 0.4961 0.2755 0.0000
vt 0.4961 0.2680 0.0000
vt 0.3499 0.6102 0.0000
vt 0.3502 0.6103 0.0000
vt 0.3505 0.6106 0.0000
vt 0.3423 0.6103 0.0000
vt 0.3427 0.6102 0.0000
vt 0.3420 0.6109 0.0000
vt 0.4549 0.3648 0.0000
vt 0.4585 0.3723 0.0000
vt 0.4549 0.3723 0.0000
vt 0.3502 0.7176 0.0000
vt 0.3499 0.7177 0.0000
vt 0.3506 0.7170 0.0000
vt 0.4997 0.3648 0.0000
vt 0.4961 0.3723 0.0000
vt 0.4961 0.3648 0.0000
vt 0.3427 0.7177 0.0000
vt 0.3423 0.7176 0.0000
vt 0.3421 0.7174 0.0000
vt 0.7289 0.2562 0.0000
vt 0.7292 0.2563 0.0000
vt 0.7294 0.2565 0.0000
vt 0.7213 0.2563 0.0000
vt 0.7216 0.2562 0.0000
vt 0.7210 0.2568 0.0000
vt 0.4604 0.0106 0.0000
vt 0.4690 0.0107 0.0000
vt 0.4957 0.2680 0.0000
vt 0.4957 0.2755 0.0000
vt 0.4864 0.2680 0.0000
vt 0.4948 0.2755 0.0000
vt 0.4864 0.2755 0.0000
vt 0.4948 0.2680 0.0000
vt 0.4953 0.2755 0.0000
vt 0.4953 0.2680 0.0000
vt 0.4598 0.2755 0.0000
vt 0.4594 0.2680 0.0000
vt 0.4598 0.2680 0.0000
vt 0.4682 0.2755 0.0000
vt 0.4682 0.2680 0.0000
vt 0.4589 0.2755 0.0000
vt 0.4589 0.2680 0.0000
vt 0.4594 0.2755 0.0000
vt 0.4957 0.3723 0.0000
vt 0.4957 0.3648 0.0000
vt 0.4953 0.3648 0.0000
vt 0.4948 0.3723 0.0000
vt 0.4948 0.3648 0.0000
vt 0.4864 0.3648 0.0000
vt 0.4953 0.3723 0.0000
vt 0.4594 0.3648 0.0000
vt 0.4598 0.3723 0.0000
vt 0.4594 0.3723 0.0000
vt 0.4682 0.3648 0.0000
vt 0.4598 0.3648 0.0000
vt 0.4585 0.3648 0.0000
vt 0.4589 0.3723 0.0000
vt 0.4589 0.3648 0.0000
vt 0.4831 0.0108 0.0000
vt 0.4856 0.0107 0.0000
vt 0.4864 0.0174 0.0000
vt 0.0187 0.5684 0.0000
vt 0.0199 0.5684 0.0000
vt 0.4857 0.0182 0.0000
vt 0.4689 0.0182 0.0000
vt 0.2557 0.5685 0.0000
vt 0.4857 0.2673 0.0000
vt 0.4857 0.2762 0.0000
vt 0.2570 0.5685 0.0000
vt 0.2559 0.5639 0.0000
vt 0.3420 0.6202 0.0000
vt 0.3463 0.6202 0.0000
vt 0.3420 0.7077 0.0000
vt 0.3506 0.6192 0.0000
vt 0.3506 0.6202 0.0000
vt 0.3463 0.7077 0.0000
vt 0.7295 0.4213 0.0000
vt 0.7293 0.4216 0.0000
vt 0.7291 0.4219 0.0000
vt 0.3420 0.7087 0.0000
vt 0.3506 0.7077 0.0000
vt 0.3463 0.7087 0.0000
vt 0.7253 0.2651 0.0000
vt 0.7210 0.2661 0.0000
vt 0.7210 0.2651 0.0000
vt 0.7253 0.2661 0.0000
vt 0.7210 0.4181 0.0000
vt 0.4682 0.3723 0.0000
vt 0.7295 0.2661 0.0000
vt 0.7253 0.4181 0.0000
vt 0.4789 0.0106 0.0000
vt 0.4785 0.0109 0.0000
vt 0.4785 0.0106 0.0000
vt 0.4793 0.0106 0.0000
vt 0.4789 0.0109 0.0000
vt 0.4797 0.0109 0.0000
vt 0.4793 0.0109 0.0000
vt 0.4831 0.0106 0.0000
vt 0.4828 0.0108 0.0000
vt 0.4828 0.0106 0.0000
vt 0.4823 0.0106 0.0000
vt 0.4824 0.0109 0.0000
vt 0.4820 0.0108 0.0000
vt 0.4820 0.0106 0.0000
vt 0.4757 0.0106 0.0000
vt 0.4761 0.0109 0.0000
vt 0.4757 0.0109 0.0000
vt 0.4753 0.0106 0.0000
vt 0.4753 0.0109 0.0000
vt 0.4749 0.0109 0.0000
vt 0.4749 0.0106 0.0000
vt 0.4715 0.0106 0.0000
vt 0.4719 0.0109 0.0000
vt 0.4723 0.0106 0.0000
vt 0.4719 0.0106 0.0000
vt 0.4726 0.0109 0.0000
vt 0.4723 0.0109 0.0000
vt 0.4690 0.0104 0.0000
vt 0.4856 0.0104 0.0000
vt 0.4797 0.0106 0.0000
vt 0.4773 0.0108 0.0000
vt 0.4761 0.0106 0.0000
vt 0.4773 0.0106 0.0000
vt 0.4600 0.0103 0.0000
vt 0.4600 0.0106 0.0000
vt 0.4596 0.0105 0.0000
vt 0.4596 0.0103 0.0000
vt 0.4592 0.0104 0.0000
vt 0.4593 0.0102 0.0000
vt 0.4947 0.0103 0.0000
vt 0.4943 0.0105 0.0000
vt 0.4943 0.0103 0.0000
vt 0.4950 0.0105 0.0000
vt 0.4947 0.0105 0.0000
vt 0.4950 0.0103 0.0000
vt 0.4954 0.0104 0.0000
vt 0.4954 0.0102 0.0000
vt 0.4988 0.0096 0.0000
vt 0.4604 0.0103 0.0000
vt 0.4559 0.0096 0.0000
vt 0.7295 0.2651 0.0000
vt 0.7253 0.2568 0.0000
vt 0.7295 0.2568 0.0000
vt 0.2642 0.5685 0.0000
vt 0.4549 0.0163 0.0000
vt 0.4998 0.0163 0.0000
vt 0.4962 0.0167 0.0000
vt 0.4958 0.0168 0.0000
vt 0.4954 0.0168 0.0000
vt 0.4950 0.0169 0.0000
vt 0.4593 0.0168 0.0000
vt 0.4585 0.0167 0.0000
vt 0.4589 0.0168 0.0000
vt 0.3506 0.6109 0.0000
vt 0.3506 0.7087 0.0000
vt 0.3463 0.7170 0.0000
vt 0.3420 0.7170 0.0000
vt 0.7275 0.4236 0.0000
vt 0.7272 0.4238 0.0000
vt 0.7268 0.4239 0.0000
vt 0.7214 0.4219 0.0000
vt 0.7240 0.4240 0.0000
vt 0.7230 0.4236 0.0000
vt 0.7237 0.4239 0.0000
vt 0.7233 0.4238 0.0000
vt 0.4757 0.5258 0.0000
vt 0.4757 0.5252 0.0000
vt 0.4749 0.5252 0.0000
vt 0.4753 0.5258 0.0000
vt 0.4717 0.5252 0.0000
vt 0.4696 0.5258 0.0000
vt 0.4850 0.5258 0.0000
vt 0.4833 0.5258 0.0000
vt 0.4797 0.5252 0.0000
vt 0.4829 0.5258 0.0000
vt 0.4825 0.5258 0.0000
vt 0.4821 0.5258 0.0000
vt 0.7253 0.2562 0.0000
vt 0.7211 0.2565 0.0000
vt 0.3463 0.7177 0.0000
vt 0.3505 0.7174 0.0000
vt 0.3463 0.6102 0.0000
vt 0.3421 0.6106 0.0000
vt 0.0115 0.5685 0.0000
vt 0.6304 0.4470 0.0000
vt 0.6267 0.4473 0.0000
vt 0.0186 0.5637 0.0000
vt 0.2570 0.5731 0.0000
vt 0.6224 0.4377 0.0000
vt 0.1916 0.2967 0.0000
vt 0.4857 0.5252 0.0000
vt 0.4585 0.2755 0.0000
vt 0.4997 0.2755 0.0000
vt 0.4997 0.3723 0.0000
vt 0.4597 0.0169 0.0000
vt 0.7295 0.4181 0.0000
vt 0.4726 0.0106 0.0000
vt 0.4987 0.0094 0.0000
vt 0.4559 0.0094 0.0000
# 501 texture coords

o base
g base
usemtl Material__26
s 1
f 3219/5432/1947 3220/5433/1948 3221/5434/1949 
f 3222/5435/1950 3223/5436/1951 3224/5437/1950 
f 3225/5438/1951 3226/5439/1952 3223/5436/1951 
f 3227/5440/1953 3228/5441/1954 3226/5439/1952 
f 3229/5442/1955 3230/5443/1956 3231/5444/1957 
f 3232/5445/1958 3233/5446/1959 3230/5443/1956 
f 3234/5447/1959 3235/5448/1960 3233/5446/1959 
f 3236/5449/1961 3237/5450/1962 3238/5451/1963 
f 3239/5452/1962 3240/5453/1964 3237/5450/1962 
f 3241/5454/1964 3242/5455/1965 3240/5453/1964 
f 3219/5432/1947 3243/5456/1966 3244/5457/1967 
f 3245/5458/1968 3246/5459/1969 3243/5456/1966 
f 3247/5460/1969 3248/5461/1970 3246/5459/1969 
f 3249/5462/1955 3232/5445/1958 3229/5442/1955 
f 3250/5463/1956 3234/5447/1959 3232/5445/1958 
f 3251/5464/1959 3252/5465/1960 3234/5447/1959 
f 3224/5437/1950 3253/5466/1951 3254/5467/1950 
f 3223/5436/1951 3255/5468/1952 3253/5466/1951 
f 3226/5439/1952 3256/5469/1954 3255/5468/1952 
f 3244/5457/1967 3257/5470/1968 3258/5471/1967 
f 3243/5456/1966 3259/5472/1969 3257/5470/1968 
f 3246/5459/1969 3260/5473/1970 3259/5472/1969 
f 3261/5474/1961 3239/5452/1962 3236/5449/1961 
f 3262/5475/1962 3241/5454/1964 3239/5452/1962 
f 3263/5476/1964 3264/5477/1965 3241/5454/1964 
f 3265/5478/1955 3250/5463/1956 3249/5462/1955 
f 3266/5479/1956 3251/5464/1959 3250/5463/1956 
f 3267/5480/1959 3268/5481/1960 3251/5464/1959 
f 3254/5467/1950 3269/5482/1951 3270/5483/1950 
f 3253/5466/1951 3271/5484/1952 3269/5482/1951 
f 3255/5468/1952 3272/5485/1954 3271/5484/1952 
f 3258/5471/1967 3273/5486/1968 3274/5487/1967 
f 3257/5470/1968 3275/5488/1969 3273/5486/1968 
f 3259/5472/1969 3276/5489/1970 3275/5488/1969 
f 3277/5490/1961 3262/5475/1962 3261/5474/1961 
f 3278/5491/1962 3263/5476/1964 3262/5475/1962 
f 3279/5492/1964 3280/5493/1965 3263/5476/1964 
f 3270/5483/1950 3281/5494/1951 3282/5495/1950 
f 3269/5482/1951 3283/5496/1952 3281/5494/1951 
f 3271/5484/1952 3284/5497/1954 3283/5496/1952 
f 3285/5498/1955 3266/5479/1956 3265/5478/1955 
f 3286/5499/1956 3267/5480/1959 3266/5479/1956 
f 3287/5500/1959 3288/5501/1960 3267/5480/1959 
f 3289/5502/1961 3278/5491/1962 3277/5490/1961 
f 3290/5503/1962 3279/5492/1964 3278/5491/1962 
f 3291/5504/1964 3292/5505/1965 3279/5492/1964 
f 3274/5487/1967 3293/5506/1968 3294/5507/1967 
f 3273/5486/1968 3295/5508/1969 3293/5506/1968 
f 3275/5488/1969 3296/5509/1970 3295/5508/1969 
f 3264/5477/1965 3297/5510/1970 3242/5455/1965 
f 3222/5435/1950 3298/5511/1971 3299/5512/1971 
f 3300/5513/1954 3252/5465/1960 3228/5441/1954 
f 3248/5461/1970 3280/5493/1965 3260/5473/1970 
f 3224/5437/1950 3301/5514/1971 3298/5511/1971 
f 3268/5481/1960 3228/5441/1954 3252/5465/1960 
f 3260/5473/1970 3292/5505/1965 3276/5489/1970 
f 3254/5467/1950 3302/5515/1971 3301/5514/1971 
f 3288/5501/1960 3256/5469/1954 3268/5481/1960 
f 3303/5516/1965 3276/5489/1970 3292/5505/1965 
f 3270/5483/1950 3304/5517/1971 3302/5515/1971 
f 3272/5485/1954 3305/5518/1960 3284/5497/1954 
f 3302/5515/1971 3289/5502/1961 3277/5490/1961 
f 3301/5514/1971 3277/5490/1961 3261/5474/1961 
f 3298/5511/1971 3261/5474/1961 3236/5449/1961 
f 3299/5512/1971 3236/5449/1961 3238/5451/1963 
f 3306/5519/1972 3307/5520/1972 3308/5521/1972 
f 3244/5457/1967 3309/5522/1948 3310/5523/1948 
f 3311/5524/1973 3312/5525/1973 3313/5526/1973 
f 3274/5487/1967 3314/5527/1948 3315/5528/1948 
f 3316/5529/1974 3317/5530/1975 3318/5531/1976 
f 3319/5532/1977 3317/5530/1975 3320/5533/1978 
f 3319/5532/1977 3321/5534/1979 3322/5535/1980 
f 3323/5536/1981 3324/5537/1982 3325/5538/1983 
f 3323/5536/1981 3326/5539/1984 3327/5540/1985 
f 3327/5540/1985 3328/5541/1986 3329/5542/1987 
f 3330/5543/1988 3331/5544/1989 3332/5545/1990 
f 3333/5546/1991 3331/5544/1989 3334/5547/1991 
f 3333/5546/1991 3335/5548/1992 3336/5549/1992 
f 3337/5550/1993 3338/5551/1994 3339/5552/1994 
f 3337/5550/1993 3340/5553/1995 3341/5554/1993 
f 3342/5555/1996 3343/5556/1997 3340/5553/1995 
f 3336/5549/1992 3343/5556/1997 3344/5557/1997 
f 3339/5552/1994 3345/5558/1998 3346/5559/1999 
f 3347/5560/2000 3328/5541/1986 3321/5534/1979 
f 3348/5561/2001 3345/5558/1998 3324/5537/1982 
f 3349/5562/2002 3350/5563/2003 3351/5564/2004 
f 3352/5565/2005 3353/5566/2006 3349/5562/2002 
f 3352/5565/2005 3354/5567/2007 3355/5568/2005 
f 3356/5569/2008 3357/5570/2009 3358/5571/2008 
f 3359/5572/2010 3358/5571/2008 3360/5573/2010 
f 3359/5572/2010 3361/5574/2011 3362/5575/2011 
f 3363/5576/2012 3364/5577/2013 3365/5578/2014 
f 3366/5579/2015 3367/5580/2003 3368/5581/2004 
f 3369/5582/2016 3365/5578/2014 3370/5583/2017 
f 3371/5584/2005 3372/5585/2002 3366/5579/2015 
f 3369/5582/2016 3373/5586/2018 3374/5587/2018 
f 3371/5584/2005 3375/5588/2007 3376/5589/2005 
f 3377/5590/2008 3378/5591/2009 3379/5592/2008 
f 3380/5593/2019 3381/5594/2020 3382/5595/2021 
f 3383/5596/2022 3379/5592/2008 3384/5597/2010 
f 3385/5598/2023 3386/5599/2024 3380/5593/2019 
f 3383/5596/2022 3387/5600/2011 3388/5601/2011 
f 3385/5598/2023 3389/5602/2025 3390/5603/2023 
f 3391/5604/2026 3392/5605/2027 3393/5606/2028 
f 3394/5607/2029 3395/5608/2030 3396/5609/2031 
f 3391/5604/2026 3397/5610/2032 3398/5611/2032 
f 3394/5607/2029 3399/5612/2033 3400/5613/2034 
f 3398/5611/2032 3401/5614/2020 3402/5615/2035 
f 3403/5616/2036 3404/5617/2037 3399/5612/2033 
f 3405/5618/2038 3406/5619/2039 3407/5620/2040 
f 3408/5621/2041 3409/5622/2042 3410/5623/2043 
f 3405/5618/2038 3411/5624/2044 3412/5625/2045 
f 3408/5621/2041 3413/5626/2046 3414/5627/2047 
f 3412/5625/2045 3415/5628/2048 3416/5629/2048 
f 3417/5630/2049 3418/5631/2013 3413/5626/2046 
f 3362/5575/2011 3419/5632/2050 3420/5633/2051 
f 3421/5634/2007 3419/5632/2050 3354/5567/2007 
f 3422/5635/2025 3423/5636/2052 3389/5602/2025 
f 3388/5601/2011 3424/5637/2053 3425/5638/2054 
f 3374/5587/2018 3423/5636/2052 3426/5639/2055 
f 3427/5640/2007 3424/5637/2053 3375/5588/2007 
f 3428/5641/2056 3429/5642/2057 3392/5605/2027 
f 3396/5609/2031 3430/5643/2058 3431/5644/2059 
f 3429/5642/2057 3410/5623/2043 3409/5622/2042 
f 3432/5645/2060 3430/5643/2058 3406/5619/2039 
f 3433/5646/2061 3434/5647/2062 3435/5648/2063 
f 3436/5649/2064 3437/5650/2065 3438/5651/2066 
f 3439/5652/2067 3440/5653/2068 3441/5654/2069 
f 3442/5655/2070 3310/5656/2071 3443/5657/2070 
f 3306/5658/2063 3444/5659/2063 3445/5660/2062 
f 3446/5661/2064 3309/5662/2066 3447/5663/2065 
f 3448/5664/2068 3311/5665/2068 3449/5666/2068 
f 3450/5667/2071 3315/5668/2072 3451/5669/2073 
f 3452/5670/2074 3313/5671/2075 3312/5672/2074 
f 3453/5673/2076 3314/5674/2077 3454/5675/2078 
f 3455/5676/2079 3456/5677/2080 3457/5678/2081 
f 3458/5679/2082 3459/5680/2083 3460/5681/2082 
f 3433/5646/2084 3357/5570/2009 3461/5682/2085 
f 3441/5654/2086 3434/5647/2086 3462/5683/2086 
f 3350/5563/2003 3436/5649/2087 3351/5564/2004 
f 3310/5656/2088 3438/5651/2088 3437/5650/2088 
f 3381/5594/2020 3439/5652/2089 3382/5595/2021 
f 3306/5658/2084 3378/5591/2009 3463/5684/2085 
f 3364/5577/2013 3442/5655/2090 3443/5657/2090 
f 3446/5661/2087 3367/5580/2003 3464/5685/2087 
f 3449/5666/2091 3444/5659/2086 3465/5686/2086 
f 3309/5662/2088 3466/5687/2088 3447/5663/2088 
f 3401/5614/2020 3448/5664/2089 3402/5615/2035 
f 3452/5670/2092 3404/5617/2037 3467/5688/2037 
f 3418/5631/2013 3450/5667/2090 3451/5669/2090 
f 3453/5673/2093 3415/5628/2048 3468/5689/2093 
f 3469/5690/2094 3470/5691/2095 3313/5671/2095 
f 3316/5529/1974 3458/5679/2096 3460/5681/2097 
f 3457/5678/2098 3454/5675/2099 3314/5674/2098 
f 3330/5543/1988 3455/5676/2100 3471/5692/2101 
f 3339/5693/1972 3346/5694/1972 3472/5695/1972 
f 3473/5696/2102 3331/5697/1968 3471/5698/2103 
f 3330/5699/1972 3474/5700/1972 3475/5701/2104 
f 3294/5507/1967 3457/5702/1948 3314/5527/1948 
f 3476/5703/1969 3335/5704/2105 3334/5705/2106 
f 3477/5706/1970 3343/5707/1965 3335/5704/2105 
f 3331/5697/1968 3476/5703/1969 3334/5705/2106 
f 3478/5708/1964 3303/5516/1965 3291/5504/1964 
f 3479/5709/1971 3338/5710/1963 3480/5711/1961 
f 3480/5711/1961 3290/5503/1962 3289/5502/1961 
f 3290/5503/1962 3478/5708/1964 3291/5504/1964 
f 3319/5712/1972 3320/5713/2107 3316/5714/1972 
f 3282/5495/1950 3481/5715/1951 3482/5716/2108 
f 3479/5709/1971 3324/5717/1950 3345/5718/1971 
f 3483/5719/1952 3328/5720/1954 3326/5721/1952 
f 3484/5722/1960 3284/5497/1954 3305/5518/1960 
f 3481/5715/1951 3326/5721/1952 3325/5723/1951 
f 3485/5724/1959 3305/5518/1960 3287/5500/1959 
f 3313/5526/1973 3486/5725/1955 3285/5498/1955 
f 3486/5725/1955 3286/5499/1956 3285/5498/1955 
f 3474/5700/1972 3316/5714/1972 3460/5726/1972 
f 3487/5727/1956 3287/5500/1959 3286/5499/1956 
f 3421/5634/1972 3352/5565/1972 3349/5562/1972 
f 3359/5572/1972 3362/5575/1972 3461/5682/1972 
f 3373/5728/2109 3424/5729/2110 3423/5730/2110 
f 3369/5582/2111 3374/5587/2111 3488/5731/2111 
f 3423/5732/2110 3387/5733/2112 3389/5734/2112 
f 3422/5635/2111 3385/5598/2111 3380/5593/2111 
f 3427/5735/1972 3371/5736/2113 3366/5737/2114 
f 3383/5738/2114 3388/5739/1972 3463/5740/1972 
f 3429/5741/2110 3406/5742/2109 3430/5743/2110 
f 3408/5744/2111 3410/5745/2111 3489/5746/2111 
f 3429/5747/2110 3395/5748/2112 3392/5749/2112 
f 3428/5750/2111 3391/5751/2111 3398/5752/2111 
f 3432/5753/1972 3405/5754/2113 3412/5755/2115 
f 3394/5756/1972 3396/5757/1972 3467/5758/1972 
f 3220/5433/1948 3490/5759/2116 3491/5760/1948 
f 3390/5761/2117 3387/5733/2112 3384/5762/2117 
f 3492/5763/1973 3378/5764/2118 3445/5765/1973 
f 3381/5766/2118 3379/5767/2119 3378/5764/2118 
f 3386/5768/2119 3384/5762/2120 3379/5767/2119 
f 3367/5769/2121 3365/5770/2122 3364/5771/2121 
f 3464/5772/1948 3364/5771/2121 3443/5773/1948 
f 3376/5774/2123 3373/5728/2109 3370/5775/2123 
f 3372/5776/2122 3370/5775/2124 3365/5770/2122 
f 3392/5749/2112 3400/5777/2117 3393/5778/2117 
f 3397/5779/2125 3404/5780/2118 3401/5781/2118 
f 3493/5782/1973 3404/5780/2118 3312/5525/1973 
f 3393/5778/2120 3399/5783/2126 3397/5779/2125 
f 3413/5784/2127 3415/5785/2121 3411/5786/2128 
f 3451/5787/1948 3415/5785/2121 3418/5788/2121 
f 3409/5789/2109 3407/5790/2123 3406/5742/2109 
f 3414/5791/2124 3411/5786/2128 3407/5790/2124 
f 3494/5792/2129 3495/5793/1973 3435/5794/1973 
f 3496/5795/2130 3462/5683/2130 3433/5646/2130 
f 3497/5796/2110 3441/5654/2110 3462/5683/2110 
f 3434/5797/1973 3229/5442/1955 3231/5444/1957 
f 3219/5432/1947 3310/5523/1948 3437/5798/1948 
f 3491/5760/1948 3221/5434/1949 3220/5433/1948 
f 3436/5649/2130 3497/5796/2130 3496/5795/2130 
f 3438/5651/2110 3498/5799/2110 3497/5796/2110 
f 3249/5462/1955 3440/5800/1973 3444/5801/1973 
f 3498/5799/2131 3439/5652/2131 3441/5654/2131 
f 3499/5802/2111 3382/5595/2111 3439/5652/2111 
f 3500/5803/2131 3499/5802/2131 3498/5799/2131 
f 3444/5801/1973 3492/5763/1973 3445/5765/1973 
f 3308/5521/2130 3465/5804/2130 3306/5519/2130 
f 3501/5805/2110 3449/5806/2110 3465/5804/2110 
f 3444/5801/1973 3265/5478/1955 3249/5462/1955 
f 3258/5471/1967 3315/5528/1948 3309/5522/1948 
f 3310/5523/1948 3464/5772/1948 3443/5773/1948 
f 3446/5807/2130 3501/5805/2130 3308/5521/2130 
f 3447/5808/2110 3502/5809/2110 3501/5805/2110 
f 3332/5810/1972 3333/5811/1972 3336/5812/1972 
f 3502/5809/2131 3448/5813/2131 3449/5806/2131 
f 3330/5699/1972 3332/5810/1972 3336/5812/1972 
f 3466/5814/2131 3503/5815/2131 3502/5809/2131 
f 3265/5478/1955 3313/5526/1973 3285/5498/1955 
f 3504/5816/2130 3469/5817/2130 3452/5818/2130 
f 3505/5819/2110 3459/5820/2110 3469/5817/2110 
f 3315/5528/1948 3468/5821/1948 3451/5787/1948 
f 3504/5816/2130 3454/5822/2130 3505/5819/2130 
f 3454/5822/2110 3506/5823/2110 3505/5819/2110 
f 3506/5823/2130 3460/5726/2130 3459/5820/2130 
f 3506/5823/2130 3475/5701/2130 3474/5700/2130 
f 3507/5824/2132 3508/5825/2133 3509/5826/2133 
f 3510/5827/2134 3511/5828/2132 3507/5824/2132 
f 3510/5827/2134 3512/5829/2135 3513/5830/2134 
f 3514/5831/2136 3515/5832/2137 3516/5833/2137 
f 3517/5834/2138 3515/5832/2137 3518/5835/2139 
f 3517/5834/2138 3519/5836/2140 3520/5837/2140 
f 3521/5838/2141 3522/5839/2142 3523/5840/2141 
f 3524/5841/2143 3523/5840/2141 3525/5842/2144 
f 3524/5841/2143 3526/5843/2145 3527/5844/2145 
f 3528/5845/2146 3529/5846/2147 3221/5434/2148 
f 3530/5847/2149 3529/5846/2147 3531/5848/2147 
f 3530/5847/2149 3532/5849/2150 3533/5850/2151 
f 3221/5434/2148 3534/5851/2152 3528/5845/2146 
f 3494/5792/2153 3535/5852/2154 3495/5793/2154 
f 3519/5836/2140 3536/5853/2135 3520/5837/2140 
f 3537/5854/2155 3538/5855/2142 3539/5856/2155 
f 3532/5849/2150 3527/5844/2145 3526/5843/2145 
f 3537/5854/2155 3509/5826/2133 3508/5825/2133 
f 3540/5857/2156 3490/5759/2157 3541/5858/2156 
f 3540/5857/2156 3542/5859/2158 3543/5860/2158 
f 3543/5860/2158 3544/5861/2159 3545/5862/2159 
f 3546/5863/2160 3547/5864/2161 3548/5865/2161 
f 3546/5863/2160 3549/5866/2162 3550/5867/2160 
f 3551/5868/2163 3552/5869/2164 3549/5866/2162 
f 3553/5870/2164 3554/5871/2131 3552/5869/2164 
f 3548/5865/2161 3495/5793/2154 3535/5852/2154 
f 3491/5760/2152 3555/5872/2157 3534/5851/2152 
f 3554/5873/2131 3545/5862/2159 3544/5861/2159 
f 3453/5874/1972 3556/5875/1972 3416/5876/2114 
f 3547/5864/2165 3435/5794/1973 3495/5793/1973 
f 3442/5655/2111 3557/5877/2111 3499/5802/2111 
f 3238/5451/1963 3523/5840/1962 3522/5839/1963 
f 3537/5854/1971 3238/5451/1963 3522/5839/1963 
f 3240/5453/1964 3526/5843/1965 3525/5842/1964 
f 3242/5455/1965 3532/5849/1970 3526/5843/1965 
f 3237/5450/1962 3525/5842/1964 3523/5840/1962 
f 3533/5850/1969 3297/5510/1970 3247/5460/1969 
f 3221/5434/1949 3245/5458/1968 3219/5432/1947 
f 3529/5846/1968 3247/5460/1969 3245/5458/1968 
f 3231/5444/1957 3515/5832/1958 3494/5792/2129 
f 3233/5446/1959 3519/5836/1960 3518/5835/1959 
f 3512/5829/1954 3235/5448/1960 3300/5513/1954 
f 3230/5443/1956 3518/5835/1959 3515/5832/1958 
f 3513/5830/1952 3300/5513/1954 3227/5440/1953 
f 3508/5825/1950 3299/5512/1971 3537/5854/1971 
f 3508/5825/1950 3225/5438/1951 3222/5435/1950 
f 3511/5828/1951 3227/5440/1953 3225/5438/1951 
f 3544/5861/2109 3419/5878/2110 3554/5873/2110 
f 3552/5869/2112 3419/5879/2110 3361/5880/2112 
f 3549/5866/2117 3361/5880/2112 3360/5881/2117 
f 3547/5864/2165 3358/5882/2126 3357/5883/2166 
f 3550/5867/2167 3360/5881/2120 3358/5882/2126 
f 3490/5759/2116 3353/5884/2127 3541/5858/2168 
f 3542/5859/2123 3354/5885/2109 3544/5861/2109 
f 3541/5858/2168 3355/5886/2124 3542/5859/2124 
f 3308/5521/1972 3368/5887/1972 3446/5807/1972 
f 3231/5444/1957 3435/5794/1973 3434/5797/1973 
f 3452/5818/1972 3556/5875/1972 3504/5816/1972 
f 3450/5888/2111 3558/5889/2111 3503/5815/2111 
f 3503/5815/2111 3402/5890/2111 3448/5813/2111 
f 3472/5695/1972 3330/5699/1972 3336/5812/1972 
f 3336/5812/1972 3344/5891/1972 3472/5695/1972 
f 3344/5891/1972 3342/5892/1972 3339/5693/1972 
f 3472/5695/1972 3344/5891/1972 3339/5693/1972 
f 3342/5892/1972 3337/5893/2169 3339/5693/1972 
f 3316/5714/1972 3472/5695/1972 3347/5894/2114 
f 3472/5695/1972 3346/5694/1972 3348/5895/1972 
f 3329/5896/1972 3348/5895/1972 3323/5897/2170 
f 3472/5695/1972 3348/5895/1972 3329/5896/1972 
f 3323/5897/2170 3327/5898/1972 3329/5896/1972 
f 3329/5896/1972 3347/5894/2114 3472/5695/1972 
f 3347/5894/2114 3319/5712/1972 3316/5714/1972 
f 3304/5517/1971 3482/5716/2108 3479/5709/1971 
f 3477/5706/1970 3295/5508/1969 3296/5509/1970 
f 3480/5711/1961 3341/5899/1962 3559/5900/1962 
f 3477/5706/1970 3303/5516/1965 3560/5901/1965 
f 3559/5900/1962 3340/5902/1964 3478/5708/1964 
f 3473/5696/2102 3293/5506/1968 3561/5903/1968 
f 3561/5903/1968 3295/5508/1969 3476/5703/1969 
f 3478/5708/1964 3343/5707/1965 3560/5901/1965 
f 3473/5696/2102 3455/5904/1948 3457/5702/1948 
f 3486/5725/1955 3458/5905/1973 3318/5906/2171 
f 3483/5719/1952 3284/5497/1954 3562/5907/1954 
f 3486/5725/1955 3317/5908/1956 3487/5727/1956 
f 3484/5722/1960 3328/5720/1954 3562/5907/1954 
f 3483/5719/1952 3281/5494/1951 3283/5496/1952 
f 3487/5727/1956 3322/5909/2172 3485/5724/1959 
f 3485/5724/1959 3321/5910/1960 3484/5722/1960 
f 3482/5716/2108 3325/5723/1951 3324/5717/1950 
f 3304/5517/1971 3480/5711/1961 3289/5502/1961 
f 3412/5755/2115 3416/5876/2114 3432/5753/1972 
f 3416/5876/2114 3556/5875/1972 3432/5753/1972 
f 3556/5875/1972 3431/5911/1972 3432/5753/1972 
f 3431/5911/1972 3556/5875/1972 3396/5757/1972 
f 3556/5875/1972 3467/5758/1972 3396/5757/1972 
f 3467/5758/1972 3403/5912/1972 3394/5756/1972 
f 3563/5913/2111 3558/5889/2111 3410/5745/2111 
f 3558/5889/2111 3489/5746/2111 3410/5745/2111 
f 3489/5746/2111 3417/5914/2111 3408/5744/2111 
f 3398/5752/2111 3402/5890/2111 3428/5750/2111 
f 3402/5890/2111 3558/5889/2111 3428/5750/2111 
f 3558/5889/2111 3563/5913/2111 3428/5750/2111 
f 3426/5639/2111 3557/5877/2111 3374/5587/2111 
f 3557/5877/2111 3488/5731/2111 3374/5587/2111 
f 3488/5731/2111 3363/5576/2111 3369/5582/2111 
f 3380/5593/2111 3382/5595/2111 3422/5635/2111 
f 3382/5595/2111 3557/5877/2111 3422/5635/2111 
f 3557/5877/2111 3426/5639/2111 3422/5635/2111 
f 3366/5737/2114 3368/5887/1972 3427/5735/1972 
f 3368/5887/1972 3307/5520/1972 3427/5735/1972 
f 3307/5520/1972 3425/5915/1972 3427/5735/1972 
f 3425/5915/1972 3307/5520/1972 3388/5739/1972 
f 3307/5520/1972 3463/5740/1972 3388/5739/1972 
f 3463/5740/1972 3377/5916/2113 3383/5738/2114 
f 3496/5795/1972 3351/5564/1972 3436/5649/1972 
f 3433/5646/1972 3564/5917/1972 3496/5795/1972 
f 3349/5562/1972 3351/5564/1972 3421/5634/1972 
f 3351/5564/1972 3564/5917/1972 3421/5634/1972 
f 3564/5917/1972 3420/5633/1972 3421/5634/1972 
f 3420/5633/1972 3564/5917/1972 3362/5575/1972 
f 3564/5917/1972 3461/5682/1972 3362/5575/1972 
f 3461/5682/1972 3356/5569/1972 3359/5572/1972 
f 3219/5432/1947 3437/5798/1948 3220/5433/1948 
f 3222/5435/1950 3225/5438/1951 3223/5436/1951 
f 3225/5438/1951 3227/5440/1953 3226/5439/1952 
f 3227/5440/1953 3300/5513/1954 3228/5441/1954 
f 3229/5442/1955 3232/5445/1958 3230/5443/1956 
f 3232/5445/1958 3234/5447/1959 3233/5446/1959 
f 3234/5447/1959 3252/5465/1960 3235/5448/1960 
f 3236/5449/1961 3239/5452/1962 3237/5450/1962 
f 3239/5452/1962 3241/5454/1964 3240/5453/1964 
f 3241/5454/1964 3264/5477/1965 3242/5455/1965 
f 3219/5432/1947 3245/5458/1968 3243/5456/1966 
f 3245/5458/1968 3247/5460/1969 3246/5459/1969 
f 3247/5460/1969 3297/5510/1970 3248/5461/1970 
f 3249/5462/1955 3250/5463/1956 3232/5445/1958 
f 3250/5463/1956 3251/5464/1959 3234/5447/1959 
f 3251/5464/1959 3268/5481/1960 3252/5465/1960 
f 3224/5437/1950 3223/5436/1951 3253/5466/1951 
f 3223/5436/1951 3226/5439/1952 3255/5468/1952 
f 3226/5439/1952 3228/5441/1954 3256/5469/1954 
f 3244/5457/1967 3243/5456/1966 3257/5470/1968 
f 3243/5456/1966 3246/5459/1969 3259/5472/1969 
f 3246/5459/1969 3248/5461/1970 3260/5473/1970 
f 3261/5474/1961 3262/5475/1962 3239/5452/1962 
f 3262/5475/1962 3263/5476/1964 3241/5454/1964 
f 3263/5476/1964 3280/5493/1965 3264/5477/1965 
f 3265/5478/1955 3266/5479/1956 3250/5463/1956 
f 3266/5479/1956 3267/5480/1959 3251/5464/1959 
f 3267/5480/1959 3288/5501/1960 3268/5481/1960 
f 3254/5467/1950 3253/5466/1951 3269/5482/1951 
f 3253/5466/1951 3255/5468/1952 3271/5484/1952 
f 3255/5468/1952 3256/5469/1954 3272/5485/1954 
f 3258/5471/1967 3257/5470/1968 3273/5486/1968 
f 3257/5470/1968 3259/5472/1969 3275/5488/1969 
f 3259/5472/1969 3260/5473/1970 3276/5489/1970 
f 3277/5490/1961 3278/5491/1962 3262/5475/1962 
f 3278/5491/1962 3279/5492/1964 3263/5476/1964 
f 3279/5492/1964 3292/5505/1965 3280/5493/1965 
f 3270/5483/1950 3269/5482/1951 3281/5494/1951 
f 3269/5482/1951 3271/5484/1952 3283/5496/1952 
f 3271/5484/1952 3272/5485/1954 3284/5497/1954 
f 3285/5498/1955 3286/5499/1956 3266/5479/1956 
f 3286/5499/1956 3287/5500/1959 3267/5480/1959 
f 3287/5500/1959 3305/5518/1960 3288/5501/1960 
f 3289/5502/1961 3290/5503/1962 3278/5491/1962 
f 3290/5503/1962 3291/5504/1964 3279/5492/1964 
f 3291/5504/1964 3303/5516/1965 3292/5505/1965 
f 3274/5487/1967 3273/5486/1968 3293/5506/1968 
f 3273/5486/1968 3275/5488/1969 3295/5508/1969 
f 3275/5488/1969 3276/5489/1970 3296/5509/1970 
f 3264/5477/1965 3248/5461/1970 3297/5510/1970 
f 3222/5435/1950 3224/5437/1950 3298/5511/1971 
f 3300/5513/1954 3235/5448/1960 3252/5465/1960 
f 3248/5461/1970 3264/5477/1965 3280/5493/1965 
f 3224/5437/1950 3254/5467/1950 3301/5514/1971 
f 3268/5481/1960 3256/5469/1954 3228/5441/1954 
f 3260/5473/1970 3280/5493/1965 3292/5505/1965 
f 3254/5467/1950 3270/5483/1950 3302/5515/1971 
f 3288/5501/1960 3272/5485/1954 3256/5469/1954 
f 3303/5516/1965 3296/5509/1970 3276/5489/1970 
f 3270/5483/1950 3282/5495/1950 3304/5517/1971 
f 3272/5485/1954 3288/5501/1960 3305/5518/1960 
f 3302/5515/1971 3304/5517/1971 3289/5502/1961 
f 3301/5514/1971 3302/5515/1971 3277/5490/1961 
f 3298/5511/1971 3301/5514/1971 3261/5474/1961 
f 3299/5512/1971 3298/5511/1971 3236/5449/1961 
f 3306/5519/1972 3463/5740/1972 3307/5520/1972 
f 3244/5457/1967 3258/5471/1967 3309/5522/1948 
f 3311/5524/1973 3493/5782/1973 3312/5525/1973 
f 3274/5487/1967 3294/5507/1967 3314/5527/1948 
f 3316/5529/1974 3320/5533/1978 3317/5530/1975 
f 3319/5532/1977 3322/5535/1980 3317/5530/1975 
f 3319/5532/1977 3347/5560/2000 3321/5534/1979 
f 3323/5536/1981 3348/5561/2001 3324/5537/1982 
f 3323/5536/1981 3325/5538/1983 3326/5539/1984 
f 3327/5540/1985 3326/5539/1984 3328/5541/1986 
f 3330/5543/1988 3471/5692/2101 3331/5544/1989 
f 3333/5546/1991 3332/5545/1990 3331/5544/1989 
f 3333/5546/1991 3334/5547/1991 3335/5548/1992 
f 3337/5550/1993 3341/5554/1993 3338/5551/1994 
f 3337/5550/1993 3342/5555/1996 3340/5553/1995 
f 3342/5555/1996 3344/5557/1997 3343/5556/1997 
f 3336/5549/1992 3335/5548/1992 3343/5556/1997 
f 3339/5552/1994 3338/5551/1994 3345/5558/1998 
f 3347/5560/2000 3329/5542/1987 3328/5541/1986 
f 3348/5561/2001 3346/5559/1999 3345/5558/1998 
f 3349/5562/2002 3353/5566/2006 3350/5563/2003 
f 3352/5565/2005 3355/5568/2005 3353/5566/2006 
f 3352/5565/2005 3421/5634/2007 3354/5567/2007 
f 3356/5569/2008 3461/5682/2085 3357/5570/2009 
f 3359/5572/2010 3356/5569/2008 3358/5571/2008 
f 3359/5572/2010 3360/5573/2010 3361/5574/2011 
f 3363/5576/2012 3488/5731/2173 3364/5577/2013 
f 3366/5579/2015 3372/5585/2002 3367/5580/2003 
f 3369/5582/2016 3363/5576/2012 3365/5578/2014 
f 3371/5584/2005 3376/5589/2005 3372/5585/2002 
f 3369/5582/2016 3370/5583/2017 3373/5586/2018 
f 3371/5584/2005 3427/5640/2007 3375/5588/2007 
f 3377/5590/2008 3463/5684/2085 3378/5591/2009 
f 3380/5593/2019 3386/5599/2024 3381/5594/2020 
f 3383/5596/2022 3377/5590/2008 3379/5592/2008 
f 3385/5598/2023 3390/5603/2023 3386/5599/2024 
f 3383/5596/2022 3384/5597/2010 3387/5600/2011 
f 3385/5598/2023 3422/5635/2025 3389/5602/2025 
f 3391/5604/2026 3428/5641/2056 3392/5605/2027 
f 3394/5607/2029 3400/5613/2034 3395/5608/2030 
f 3391/5604/2026 3393/5606/2028 3397/5610/2032 
f 3394/5607/2029 3403/5616/2036 3399/5612/2033 
f 3398/5611/2032 3397/5610/2032 3401/5614/2020 
f 3403/5616/2036 3467/5688/2037 3404/5617/2037 
f 3405/5618/2038 3432/5645/2060 3406/5619/2039 
f 3408/5621/2041 3414/5627/2047 3409/5622/2042 
f 3405/5618/2038 3407/5620/2040 3411/5624/2044 
f 3408/5621/2041 3417/5630/2049 3413/5626/2046 
f 3412/5625/2045 3411/5624/2044 3415/5628/2048 
f 3417/5630/2049 3489/5918/2174 3418/5631/2013 
f 3362/5575/2011 3361/5574/2011 3419/5632/2050 
f 3421/5634/2007 3420/5633/2051 3419/5632/2050 
f 3422/5635/2025 3426/5639/2055 3423/5636/2052 
f 3388/5601/2011 3387/5600/2011 3424/5637/2053 
f 3374/5587/2018 3373/5586/2018 3423/5636/2052 
f 3427/5640/2007 3425/5638/2054 3424/5637/2053 
f 3428/5641/2056 3563/5919/2057 3429/5642/2057 
f 3396/5609/2031 3395/5608/2030 3430/5643/2058 
f 3429/5642/2057 3563/5919/2057 3410/5623/2043 
f 3432/5645/2060 3431/5644/2059 3430/5643/2058 
f 3433/5646/2061 3462/5683/2063 3434/5647/2062 
f 3436/5649/2064 3220/5920/2066 3437/5650/2065 
f 3439/5652/2067 3492/5921/2069 3440/5653/2068 
f 3442/5655/2070 3500/5803/2070 3310/5656/2071 
f 3306/5658/2063 3465/5686/2062 3444/5659/2063 
f 3446/5661/2064 3464/5685/2065 3309/5662/2066 
f 3448/5664/2068 3493/5922/2069 3311/5665/2068 
f 3450/5667/2071 3466/5687/2071 3315/5668/2072 
f 3452/5670/2074 3469/5690/2175 3313/5671/2075 
f 3453/5673/2076 3468/5689/2176 3314/5674/2077 
f 3455/5676/2079 3475/5923/2079 3456/5677/2080 
f 3458/5679/2082 3470/5691/2177 3459/5680/2083 
f 3433/5646/2084 3435/5648/2084 3357/5570/2009 
f 3441/5654/2086 3440/5653/2086 3434/5647/2086 
f 3350/5563/2003 3220/5920/2087 3436/5649/2087 
f 3310/5656/2088 3500/5803/2088 3438/5651/2088 
f 3381/5594/2020 3492/5921/2089 3439/5652/2089 
f 3306/5658/2084 3445/5660/2084 3378/5591/2009 
f 3364/5577/2013 3488/5731/2173 3442/5655/2090 
f 3446/5661/2087 3368/5581/2004 3367/5580/2003 
f 3449/5666/2091 3311/5665/2091 3444/5659/2086 
f 3309/5662/2088 3315/5668/2088 3466/5687/2088 
f 3401/5614/2020 3493/5922/2089 3448/5664/2089 
f 3452/5670/2092 3312/5672/2178 3404/5617/2037 
f 3418/5631/2013 3489/5918/2174 3450/5667/2090 
f 3453/5673/2093 3416/5629/2048 3415/5628/2048 
f 3469/5690/2094 3459/5680/2095 3470/5691/2095 
f 3316/5529/1974 3318/5531/1976 3458/5679/2096 
f 3457/5678/2098 3456/5677/2098 3454/5675/2099 
f 3330/5543/1988 3475/5923/2179 3455/5676/2100 
f 3473/5696/2102 3561/5903/1968 3331/5697/1968 
f 3330/5699/1972 3472/5695/1972 3474/5700/1972 
f 3294/5507/1967 3473/5696/2102 3457/5702/1948 
f 3476/5703/1969 3477/5706/1970 3335/5704/2105 
f 3477/5706/1970 3560/5901/1965 3343/5707/1965 
f 3331/5697/1968 3561/5903/1968 3476/5703/1969 
f 3478/5708/1964 3560/5901/1965 3303/5516/1965 
f 3479/5709/1971 3345/5718/1971 3338/5710/1963 
f 3480/5711/1961 3559/5900/1962 3290/5503/1962 
f 3290/5503/1962 3559/5900/1962 3478/5708/1964 
f 3282/5495/1950 3281/5494/1951 3481/5715/1951 
f 3479/5709/1971 3482/5716/2108 3324/5717/1950 
f 3483/5719/1952 3562/5907/1954 3328/5720/1954 
f 3484/5722/1960 3562/5907/1954 3284/5497/1954 
f 3481/5715/1951 3483/5719/1952 3326/5721/1952 
f 3485/5724/1959 3484/5722/1960 3305/5518/1960 
f 3313/5526/1973 3470/5924/1973 3486/5725/1955 
f 3486/5725/1955 3487/5727/1956 3286/5499/1956 
f 3474/5700/1972 3472/5695/1972 3316/5714/1972 
f 3487/5727/1956 3485/5724/1959 3287/5500/1959 
f 3373/5728/2109 3375/5925/2109 3424/5729/2110 
f 3423/5732/2110 3424/5926/2110 3387/5733/2112 
f 3429/5741/2110 3409/5789/2109 3406/5742/2109 
f 3429/5747/2110 3430/5927/2110 3395/5748/2112 
f 3220/5433/1948 3350/5928/2116 3490/5759/2116 
f 3390/5761/2117 3389/5734/2112 3387/5733/2112 
f 3492/5763/1973 3381/5766/2118 3378/5764/2118 
f 3381/5766/2118 3386/5768/2119 3379/5767/2119 
f 3386/5768/2119 3390/5761/2120 3384/5762/2120 
f 3367/5769/2121 3372/5776/2122 3365/5770/2122 
f 3464/5772/1948 3367/5769/2121 3364/5771/2121 
f 3376/5774/2123 3375/5925/2109 3373/5728/2109 
f 3372/5776/2122 3376/5774/2124 3370/5775/2124 
f 3392/5749/2112 3395/5748/2112 3400/5777/2117 
f 3397/5779/2125 3399/5783/2126 3404/5780/2118 
f 3493/5782/1973 3401/5781/2118 3404/5780/2118 
f 3393/5778/2120 3400/5777/2120 3399/5783/2126 
f 3413/5784/2127 3418/5788/2121 3415/5785/2121 
f 3451/5787/1948 3468/5821/1948 3415/5785/2121 
f 3409/5789/2109 3414/5791/2123 3407/5790/2123 
f 3414/5791/2124 3413/5784/2127 3411/5786/2128 
f 3496/5795/2130 3497/5796/2130 3462/5683/2130 
f 3497/5796/2110 3498/5799/2110 3441/5654/2110 
f 3434/5797/1973 3440/5800/1973 3229/5442/1955 
f 3219/5432/1947 3244/5457/1967 3310/5523/1948 
f 3436/5649/2130 3438/5651/2130 3497/5796/2130 
f 3438/5651/2110 3500/5803/2110 3498/5799/2110 
f 3249/5462/1955 3229/5442/1955 3440/5800/1973 
f 3498/5799/2131 3499/5802/2131 3439/5652/2131 
f 3499/5802/2111 3557/5877/2111 3382/5595/2111 
f 3500/5803/2131 3442/5655/2131 3499/5802/2131 
f 3444/5801/1973 3440/5800/1973 3492/5763/1973 
f 3308/5521/2130 3501/5805/2130 3465/5804/2130 
f 3501/5805/2110 3502/5809/2110 3449/5806/2110 
f 3444/5801/1973 3311/5524/1973 3265/5478/1955 
f 3258/5471/1967 3274/5487/1967 3315/5528/1948 
f 3310/5523/1948 3309/5522/1948 3464/5772/1948 
f 3446/5807/2130 3447/5808/2130 3501/5805/2130 
f 3447/5808/2110 3466/5814/2110 3502/5809/2110 
f 3502/5809/2131 3503/5815/2131 3448/5813/2131 
f 3466/5814/2131 3450/5888/2131 3503/5815/2131 
f 3265/5478/1955 3311/5524/1973 3313/5526/1973 
f 3504/5816/2130 3505/5819/2130 3469/5817/2130 
f 3505/5819/2110 3506/5823/2110 3459/5820/2110 
f 3315/5528/1948 3314/5527/1948 3468/5821/1948 
f 3504/5816/2130 3453/5874/2130 3454/5822/2130 
f 3454/5822/2110 3456/5929/2110 3506/5823/2110 
f 3506/5823/2130 3474/5700/2130 3460/5726/2130 
f 3506/5823/2130 3456/5929/2130 3475/5701/2130 
f 3507/5824/2132 3511/5828/2132 3508/5825/2133 
f 3510/5827/2134 3513/5830/2134 3511/5828/2132 
f 3510/5827/2134 3536/5853/2135 3512/5829/2135 
f 3514/5831/2136 3494/5792/2153 3515/5832/2137 
f 3517/5834/2138 3516/5833/2137 3515/5832/2137 
f 3517/5834/2138 3518/5835/2139 3519/5836/2140 
f 3521/5838/2141 3538/5855/2142 3522/5839/2142 
f 3524/5841/2143 3521/5838/2141 3523/5840/2141 
f 3524/5841/2143 3525/5842/2144 3526/5843/2145 
f 3528/5845/2146 3531/5848/2147 3529/5846/2147 
f 3530/5847/2149 3533/5850/2151 3529/5846/2147 
f 3530/5847/2149 3565/5930/2150 3532/5849/2150 
f 3221/5434/2148 3491/5760/2152 3534/5851/2152 
f 3494/5792/2153 3514/5831/2136 3535/5852/2154 
f 3519/5836/2140 3512/5829/2135 3536/5853/2135 
f 3537/5854/2155 3522/5839/2142 3538/5855/2142 
f 3532/5849/2150 3565/5930/2150 3527/5844/2145 
f 3537/5854/2155 3539/5856/2155 3509/5826/2133 
f 3540/5857/2156 3555/5872/2157 3490/5759/2157 
f 3540/5857/2156 3541/5858/2156 3542/5859/2158 
f 3543/5860/2158 3542/5859/2158 3544/5861/2159 
f 3546/5863/2160 3550/5867/2160 3547/5864/2161 
f 3546/5863/2160 3551/5868/2163 3549/5866/2162 
f 3551/5868/2163 3553/5870/2164 3552/5869/2164 
f 3553/5870/2164 3566/5931/2131 3554/5871/2131 
f 3548/5865/2161 3547/5864/2161 3495/5793/2154 
f 3491/5760/2152 3490/5759/2157 3555/5872/2157 
f 3554/5873/2131 3566/5932/2131 3545/5862/2159 
f 3453/5874/1972 3504/5816/1972 3556/5875/1972 
f 3547/5864/2165 3357/5883/2166 3435/5794/1973 
f 3442/5655/2111 3488/5731/2111 3557/5877/2111 
f 3238/5451/1963 3237/5450/1962 3523/5840/1962 
f 3537/5854/1971 3299/5512/1971 3238/5451/1963 
f 3240/5453/1964 3242/5455/1965 3526/5843/1965 
f 3242/5455/1965 3297/5510/1970 3532/5849/1970 
f 3237/5450/1962 3240/5453/1964 3525/5842/1964 
f 3533/5850/1969 3532/5849/1970 3297/5510/1970 
f 3221/5434/1949 3529/5846/1968 3245/5458/1968 
f 3529/5846/1968 3533/5850/1969 3247/5460/1969 
f 3231/5444/1957 3230/5443/1956 3515/5832/1958 
f 3233/5446/1959 3235/5448/1960 3519/5836/1960 
f 3512/5829/1954 3519/5836/1960 3235/5448/1960 
f 3230/5443/1956 3233/5446/1959 3518/5835/1959 
f 3513/5830/1952 3512/5829/1954 3300/5513/1954 
f 3508/5825/1950 3222/5435/1950 3299/5512/1971 
f 3508/5825/1950 3511/5828/1951 3225/5438/1951 
f 3511/5828/1951 3513/5830/1952 3227/5440/1953 
f 3544/5861/2109 3354/5885/2109 3419/5878/2110 
f 3552/5869/2112 3554/5871/2110 3419/5879/2110 
f 3549/5866/2117 3552/5869/2112 3361/5880/2112 
f 3547/5864/2165 3550/5867/2167 3358/5882/2126 
f 3550/5867/2167 3549/5866/2120 3360/5881/2120 
f 3490/5759/2116 3350/5928/2116 3353/5884/2127 
f 3542/5859/2123 3355/5886/2123 3354/5885/2109 
f 3541/5858/2168 3353/5884/2127 3355/5886/2124 
f 3308/5521/1972 3307/5520/1972 3368/5887/1972 
f 3231/5444/1957 3494/5792/2129 3435/5794/1973 
f 3452/5818/1972 3467/5758/1972 3556/5875/1972 
f 3450/5888/2111 3489/5746/2111 3558/5889/2111 
f 3503/5815/2111 3558/5889/2111 3402/5890/2111 
f 3304/5517/1971 3282/5495/1950 3482/5716/2108 
f 3477/5706/1970 3476/5703/1969 3295/5508/1969 
f 3480/5711/1961 3338/5710/1963 3341/5899/1962 
f 3477/5706/1970 3296/5509/1970 3303/5516/1965 
f 3559/5900/1962 3341/5899/1962 3340/5902/1964 
f 3473/5696/2102 3294/5507/1967 3293/5506/1968 
f 3561/5903/1968 3293/5506/1968 3295/5508/1969 
f 3478/5708/1964 3340/5902/1964 3343/5707/1965 
f 3473/5696/2102 3471/5698/2103 3455/5904/1948 
f 3486/5725/1955 3470/5924/1973 3458/5905/1973 
f 3483/5719/1952 3283/5496/1952 3284/5497/1954 
f 3486/5725/1955 3318/5906/2171 3317/5908/1956 
f 3484/5722/1960 3321/5910/1960 3328/5720/1954 
f 3483/5719/1952 3481/5715/1951 3281/5494/1951 
f 3487/5727/1956 3317/5908/1956 3322/5909/2172 
f 3485/5724/1959 3322/5909/2172 3321/5910/1960 
f 3482/5716/2108 3481/5715/1951 3325/5723/1951 
f 3304/5517/1971 3479/5709/1971 3480/5711/1961 
f 3496/5795/1972 3564/5917/1972 3351/5564/1972 
f 3433/5646/1972 3461/5682/1972 3564/5917/1972 
# 0 polygons - 666 triangles

#
# object emisson
#

v  0.3219 7.3857 0.4745
v  0.4076 7.3857 0.3875
v  0.3987 7.3857 0.4111
v  0.3220 10.3149 0.4745
v  0.4076 10.3149 0.3897
v  -0.0887 10.3149 -0.0218
v  -0.5850 5.2346 0.3888
v  -0.5223 5.2346 0.4657
v  -0.4993 5.2346 0.4745
v  -0.5850 0.4004 0.3888
v  -0.4993 0.4004 0.4745
v  -0.5761 0.4004 0.4118
v  -0.5850 7.3857 0.3888
v  -0.4993 7.3857 0.4745
v  -0.5223 7.3857 0.4657
v  -0.5850 10.3149 0.3888
v  -0.5223 10.3149 0.4657
v  -0.4993 10.3149 0.4745
v  -0.5850 5.2346 -0.4324
v  -0.4993 5.2346 -0.5181
v  -0.5761 5.2346 -0.4554
v  -0.5850 0.4004 -0.4324
v  -0.5223 0.4004 -0.5093
v  -0.4993 0.4004 -0.5181
v  0.4076 5.2346 -0.4324
v  0.3449 5.2346 -0.5093
v  0.3220 5.2346 -0.5181
v  0.4076 0.4004 -0.4324
v  0.3220 0.4004 -0.5181
v  0.3988 0.4004 -0.4554
v  -0.4993 7.3857 -0.5181
v  -0.5850 7.3857 -0.4324
v  -0.5761 7.3857 -0.4554
v  -0.5850 10.3149 -0.4324
v  -0.4993 10.3149 -0.5181
v  -0.5761 10.3149 -0.4554
v  0.4076 7.3857 -0.4324
v  0.3220 7.3857 -0.5181
v  0.3449 7.3857 -0.5093
v  0.4076 10.3149 -0.4324
v  0.3449 10.3149 -0.5093
v  0.3220 10.3149 -0.5181
v  0.4076 5.2346 0.3888
v  0.3220 5.2346 0.4745
v  0.3988 5.2346 0.4118
v  0.4076 0.4004 0.3888
v  0.3449 0.4004 0.4657
v  0.3220 0.4004 0.4745
v  -0.5850 7.1397 0.3888
v  -0.5223 7.1397 0.4657
v  -0.4993 7.1397 0.4745
v  -0.5850 5.4806 0.3888
v  -0.4993 5.4806 0.4745
v  -0.5223 5.4806 0.4657
v  0.4076 7.1397 0.3888
v  0.3220 7.1397 0.4745
v  0.3988 7.1397 0.4118
v  0.3220 5.4806 0.4745
v  0.4076 5.4806 0.3888
v  0.3988 5.4806 0.4118
v  0.4076 7.1397 -0.4324
v  0.3449 7.1397 -0.5093
v  0.3220 7.1397 -0.5181
v  0.4076 5.4806 -0.4324
v  0.3220 5.4806 -0.5181
v  0.3449 5.4806 -0.5093
v  -0.5850 7.1397 -0.4324
v  -0.4993 7.1397 -0.5181
v  -0.5761 7.1397 -0.4554
v  -0.4993 5.4806 -0.5181
v  -0.5850 5.4806 -0.4324
v  -0.5761 5.4806 -0.4554
v  -0.5162 0.5362 0.6132
v  -0.0887 0.5888 0.6132
v  -0.5689 0.5888 0.6132
v  -0.0887 5.6691 0.6132
v  -0.5162 5.6164 0.6132
v  -0.0887 5.6164 0.6132
v  -0.7237 5.6691 -0.0218
v  -0.7237 5.6164 0.4058
v  -0.7237 5.6691 0.4584
v  -0.7237 5.0462 -0.0218
v  -0.7237 5.0989 0.4058
v  -0.7237 5.0989 -0.0218
v  -0.5162 7.5215 0.6132
v  -0.0887 7.5741 0.6132
v  -0.5689 7.5741 0.6132
v  -0.7237 10.1264 -0.0218
v  -0.7237 10.1791 0.4058
v  -0.7237 10.1791 -0.0218
v  0.3389 5.0989 0.6132
v  -0.0887 5.0462 0.6132
v  0.3915 5.0462 0.6132
v  0.3389 7.0039 0.6132
v  -0.0887 6.9513 0.6132
v  0.3915 6.9513 0.6132
v  0.5464 5.6691 -0.0218
v  0.5464 5.6164 0.4058
v  0.5464 5.6164 -0.0218
v  0.5464 0.5888 -0.0218
v  0.5464 0.5362 0.4058
v  0.5464 0.5362 -0.0218
v  0.3389 7.5215 0.6132
v  0.3915 7.5741 0.6132
v  0.5464 10.1264 -0.0218
v  0.5464 10.1791 0.4058
v  0.5464 10.1264 0.4584
v  -0.5162 5.0989 -0.6568
v  -0.0887 5.0462 -0.6568
v  -0.5689 5.0462 -0.6568
v  -0.0887 5.6691 -0.6568
v  -0.5162 5.6164 -0.6568
v  -0.5689 5.6691 -0.6568
v  -0.7237 5.6164 -0.4493
v  -0.7237 5.6164 -0.0218
v  -0.7237 0.5888 -0.0218
v  -0.7237 0.5362 -0.4493
v  -0.7237 0.5362 -0.0218
v  -0.0887 7.5741 -0.6568
v  -0.5162 7.5215 -0.6568
v  -0.5689 7.5741 -0.6568
v  -0.7237 10.1791 -0.4493
v  -0.7237 10.1264 -0.5020
v  0.3389 0.5362 -0.6568
v  -0.0887 0.5888 -0.6568
v  0.3915 0.5888 -0.6568
v  0.3389 5.6164 -0.6568
v  -0.0887 5.6164 -0.6568
v  0.5464 5.6164 -0.4493
v  0.5464 5.6691 -0.5020
v  0.5464 5.0462 -0.0218
v  0.5464 5.0989 -0.4493
v  0.5464 5.0989 -0.0218
v  0.3389 7.5215 -0.6568
v  0.3915 7.5741 -0.6568
v  0.5464 10.1791 -0.4493
v  0.5464 10.1791 -0.0218
v  -0.0887 10.3149 0.4745
v  0.3309 10.3149 0.4732
v  0.3451 10.3149 0.4656
v  0.3389 10.3149 0.4700
v  0.3988 10.3149 0.4123
v  0.4032 10.3149 0.4062
v  0.4063 10.3149 0.3984
v  0.4076 10.3149 -0.0218
v  -0.5850 10.3149 -0.0218
v  -0.5837 10.3149 0.3977
v  -0.5761 10.3149 0.4118
v  -0.5805 10.3149 0.4057
v  -0.5161 10.3149 0.4700
v  -0.5082 10.3149 0.4732
v  -0.0887 10.3149 -0.5181
v  -0.5082 10.3149 -0.5168
v  -0.5223 10.3149 -0.5093
v  -0.5161 10.3149 -0.5136
v  -0.5805 10.3149 -0.4493
v  -0.5837 10.3149 -0.4413
v  0.4063 10.3149 -0.4413
v  0.3988 10.3149 -0.4554
v  0.4031 10.3149 -0.4493
v  0.3388 10.3149 -0.5136
v  0.3308 10.3149 -0.5168
v  0.4076 7.3857 -0.0218
v  -0.0887 7.3857 -0.0218
v  0.4063 7.3857 0.3967
v  0.4031 7.3857 0.4049
v  0.3447 7.3857 0.4657
v  0.3386 7.3857 0.4700
v  0.3307 7.3857 0.4732
v  -0.0887 7.3857 0.4745
v  -0.0887 5.2346 0.4745
v  -0.0887 5.2346 -0.0218
v  -0.5850 5.2346 -0.0218
v  -0.5837 5.2346 0.3977
v  -0.5761 5.2346 0.4118
v  -0.5805 5.2346 0.4057
v  -0.5161 5.2346 0.4700
v  -0.5082 5.2346 0.4732
v  -0.0887 0.4004 -0.0218
v  -0.0887 0.4004 0.4745
v  -0.5082 0.4004 0.4732
v  -0.5223 0.4004 0.4657
v  -0.5161 0.4004 0.4700
v  -0.5805 0.4004 0.4057
v  -0.5837 0.4004 0.3977
v  -0.5850 0.4004 -0.0218
v  -0.5082 7.3857 0.4732
v  -0.5161 7.3857 0.4700
v  -0.5761 7.3857 0.4118
v  -0.5805 7.3857 0.4057
v  -0.5837 7.3857 0.3977
v  -0.5850 7.3857 -0.0218
v  -0.0887 5.2346 -0.5181
v  -0.5082 5.2346 -0.5168
v  -0.5223 5.2346 -0.5093
v  -0.5161 5.2346 -0.5136
v  -0.5805 5.2346 -0.4493
v  -0.5837 5.2346 -0.4413
v  -0.0887 0.4004 -0.5181
v  -0.5837 0.4004 -0.4413
v  -0.5761 0.4004 -0.4554
v  -0.5805 0.4004 -0.4493
v  -0.5161 0.4004 -0.5136
v  -0.5082 0.4004 -0.5168
v  0.4076 5.2346 -0.0218
v  0.4063 5.2346 -0.4413
v  0.3988 5.2346 -0.4554
v  0.4031 5.2346 -0.4493
v  0.3388 5.2346 -0.5136
v  0.3308 5.2346 -0.5168
v  0.3308 0.4004 -0.5168
v  0.3449 0.4004 -0.5093
v  0.3388 0.4004 -0.5136
v  0.4031 0.4004 -0.4493
v  0.4063 0.4004 -0.4413
v  0.4076 0.4004 -0.0218
v  -0.5837 7.3857 -0.4413
v  -0.5805 7.3857 -0.4493
v  -0.5223 7.3857 -0.5093
v  -0.5161 7.3857 -0.5136
v  -0.5082 7.3857 -0.5168
v  -0.0887 7.3857 -0.5181
v  0.3308 7.3857 -0.5168
v  0.3388 7.3857 -0.5136
v  0.3988 7.3857 -0.4554
v  0.4031 7.3857 -0.4493
v  0.4063 7.3857 -0.4413
v  0.3308 5.2346 0.4732
v  0.3449 5.2346 0.4657
v  0.3388 5.2346 0.4700
v  0.4031 5.2346 0.4057
v  0.4063 5.2346 0.3977
v  0.4063 0.4004 0.3977
v  0.3988 0.4004 0.4118
v  0.4031 0.4004 0.4057
v  0.3388 0.4004 0.4700
v  0.3308 0.4004 0.4732
v  -0.0887 7.1397 0.4745
v  -0.0887 7.1397 -0.0218
v  -0.5850 7.1397 -0.0218
v  -0.5837 7.1397 0.3977
v  -0.5761 7.1397 0.4118
v  -0.5805 7.1397 0.4057
v  -0.5161 7.1397 0.4700
v  -0.5082 7.1397 0.4732
v  -0.0887 5.4806 0.4745
v  -0.0887 5.4806 -0.0218
v  -0.5082 5.4806 0.4732
v  -0.5161 5.4806 0.4700
v  -0.5761 5.4806 0.4118
v  -0.5805 5.4806 0.4057
v  -0.5837 5.4806 0.3977
v  -0.5850 5.4806 -0.0218
v  0.3308 7.1397 0.4732
v  0.3449 7.1397 0.4657
v  0.3388 7.1397 0.4700
v  0.4031 7.1397 0.4057
v  0.4063 7.1397 0.3977
v  0.4076 7.1397 -0.0218
v  0.4076 5.4806 -0.0218
v  0.4063 5.4806 0.3977
v  0.4031 5.4806 0.4057
v  0.3449 5.4806 0.4657
v  0.3388 5.4806 0.4700
v  0.3308 5.4806 0.4732
v  -0.0887 7.1397 -0.5181
v  0.4063 7.1397 -0.4413
v  0.3988 7.1397 -0.4554
v  0.4031 7.1397 -0.4493
v  0.3388 7.1397 -0.5136
v  0.3308 7.1397 -0.5168
v  -0.0887 5.4806 -0.5181
v  0.3308 5.4806 -0.5168
v  0.3388 5.4806 -0.5136
v  0.3988 5.4806 -0.4554
v  0.4031 5.4806 -0.4493
v  0.4063 5.4806 -0.4413
v  -0.5082 7.1397 -0.5168
v  -0.5223 7.1397 -0.5093
v  -0.5161 7.1397 -0.5136
v  -0.5805 7.1397 -0.4493
v  -0.5837 7.1397 -0.4413
v  -0.5837 5.4806 -0.4413
v  -0.5805 5.4806 -0.4493
v  -0.5223 5.4806 -0.5093
v  -0.5161 5.4806 -0.5136
v  -0.5082 5.4806 -0.5168
v  -0.7237 5.0989 -0.4493
v  -0.5689 5.0462 0.6132
v  0.3389 0.5362 0.6132
v  -0.0887 0.5362 0.6132
v  -0.7237 0.5362 0.4058
v  -0.7237 0.5888 0.4584
v  -0.7237 5.0462 -0.5020
v  0.3915 0.5888 0.6132
v  -0.5162 5.0989 0.6132
v  -0.0887 5.0989 0.6132
v  0.5464 0.5888 -0.5020
v  0.5464 5.0989 0.4058
v  0.5464 0.5362 -0.4493
v  0.5464 5.0462 0.4584
v  0.3915 5.0462 -0.6568
v  -0.5162 0.5362 -0.6568
v  -0.0887 0.5362 -0.6568
v  0.3389 5.0989 -0.6568
v  -0.0887 5.0989 -0.6568
v  -0.5689 0.5888 -0.6568
v  0.3915 6.9513 -0.6568
v  -0.0887 6.9513 -0.6568
v  -0.5162 7.0039 -0.6568
v  -0.5689 6.9513 -0.6568
v  0.3389 7.0039 -0.6568
v  -0.0887 7.0039 -0.6568
v  -0.7237 6.9513 -0.5020
v  -0.7237 6.9513 -0.0218
v  -0.7237 6.9513 0.4584
v  -0.7237 7.0039 -0.4493
v  -0.7237 7.0039 -0.0218
v  -0.7237 7.0039 0.4058
v  0.3915 5.6691 0.6132
v  -0.5162 7.0039 0.6132
v  -0.0887 7.0039 0.6132
v  0.3389 5.6164 0.6132
v  -0.5689 6.9513 0.6132
v  0.5464 7.0039 -0.4493
v  0.5464 6.9513 -0.0218
v  0.5464 6.9513 -0.5020
v  0.5464 5.6691 0.4584
v  0.5464 6.9513 0.4584
v  0.5464 7.0039 0.4058
v  0.5464 7.0039 -0.0218
v  0.5464 7.5215 -0.4493
v  0.5464 7.5741 -0.0218
v  0.5464 7.5215 -0.0218
v  0.5464 7.5215 0.4058
v  -0.0887 10.1264 -0.6568
v  0.3915 10.1264 -0.6568
v  -0.5162 10.1791 -0.6568
v  -0.5689 10.1264 -0.6568
v  -0.7237 7.5741 -0.0218
v  -0.7237 7.5215 -0.4493
v  -0.7237 7.5215 -0.0218
v  -0.7237 7.5215 0.4058
v  0.3389 10.1791 0.6132
v  -0.0887 10.1264 0.6132
v  0.3915 10.1264 0.6132
v  -0.5689 10.1264 0.6132
v  -0.5162 10.1791 0.6132
v  -0.0887 10.1791 0.6132
v  -0.7237 7.5741 -0.5020
v  -0.7237 7.5741 0.4584
v  0.3389 10.1791 -0.6568
v  -0.0887 10.1791 -0.6568
v  0.5464 7.5741 -0.5020
v  0.5464 7.5741 0.4584
v  -0.5689 5.6691 0.6132
v  -0.7237 5.0462 0.4584
v  -0.0887 7.5215 0.6132
v  -0.7237 10.1264 0.4584
v  0.5464 0.5888 0.4584
v  -0.7237 5.6691 -0.5020
v  -0.7237 0.5888 -0.5020
v  -0.0887 7.5215 -0.6568
v  0.3915 5.6691 -0.6568
v  0.5464 5.0462 -0.5020
v  0.5464 10.1264 -0.5020
# 366 vertices

vn -0.0000 -1.0000 -0.0000
vn -0.0000 1.0000 -0.0000
vn -0.0001 1.0000 -0.0000
vn 0.0001 1.0000 -0.0000
vn -0.0000 -0.0000 1.0000
vn -1.0000 -0.0000 -0.0000
vn 1.0000 -0.0000 -0.0000
vn -0.0000 -0.0000 -1.0000
vn -0.0002 1.0000 -0.0000
vn 0.0006 1.0000 -0.0000
vn 0.0012 1.0000 -0.0000
vn -0.0004 1.0000 -0.0000
vn 0.0002 1.0000 -0.0000
vn 0.0004 1.0000 -0.0000
vn -0.0004 -1.0000 -0.0000
vn 0.0001 -1.0000 -0.0000
vn 0.0002 -1.0000 -0.0000
vn -0.0003 1.0000 -0.0000
vn 0.0006 -1.0000 -0.0000
vn 0.0003 1.0000 -0.0000
vn -0.0006 -1.0000 -0.0000
vn -0.0001 -1.0000 -0.0000
vn 0.0004 -1.0000 -0.0000
vn -0.0002 -1.0000 -0.0000
vn -0.0006 1.0000 -0.0000
vn -0.0003 -1.0000 -0.0000
vn 0.0003 -1.0000 -0.0000
# 27 vertex normals

vt 0.4941 0.7603 0.0000
vt 0.4896 0.7560 0.0000
vt 0.4908 0.7564 0.0000
vt 0.5103 0.9316 0.0000
vt 0.5060 0.9272 0.0000
vt 0.5313 0.9063 0.0000
vt 0.4435 0.9478 0.0000
vt 0.4466 0.9439 0.0000
vt 0.4478 0.9435 0.0000
vt 0.4897 0.8690 0.0000
vt 0.4940 0.8647 0.0000
vt 0.4909 0.8686 0.0000
vt 0.4897 0.8065 0.0000
vt 0.4941 0.8022 0.0000
vt 0.4936 0.8033 0.0000
vt 0.5566 0.9272 0.0000
vt 0.5534 0.9311 0.0000
vt 0.5522 0.9316 0.0000
vt 0.4435 0.9897 0.0000
vt 0.4478 0.9940 0.0000
vt 0.4439 0.9909 0.0000
vt 0.4478 0.8690 0.0000
vt 0.4439 0.8659 0.0000
vt 0.4435 0.8647 0.0000
vt 0.4940 0.9897 0.0000
vt 0.4909 0.9936 0.0000
vt 0.4897 0.9940 0.0000
vt 0.4478 0.8185 0.0000
vt 0.4435 0.8228 0.0000
vt 0.4466 0.8189 0.0000
vt 0.4435 0.8022 0.0000
vt 0.4478 0.8065 0.0000
vt 0.4467 0.8061 0.0000
vt 0.5566 0.8853 0.0000
vt 0.5522 0.8810 0.0000
vt 0.5561 0.8842 0.0000
vt 0.4478 0.7560 0.0000
vt 0.4435 0.7603 0.0000
vt 0.4439 0.7591 0.0000
vt 0.5060 0.8853 0.0000
vt 0.5092 0.8814 0.0000
vt 0.5103 0.8810 0.0000
vt 0.4940 0.9478 0.0000
vt 0.4897 0.9435 0.0000
vt 0.4936 0.9466 0.0000
vt 0.4897 0.8185 0.0000
vt 0.4936 0.8216 0.0000
vt 0.4940 0.8228 0.0000
vt 0.5103 0.9940 0.0000
vt 0.5064 0.9909 0.0000
vt 0.5060 0.9897 0.0000
vt 0.4897 0.9315 0.0000
vt 0.4940 0.9272 0.0000
vt 0.4936 0.9284 0.0000
vt 0.5103 0.9435 0.0000
vt 0.5060 0.9478 0.0000
vt 0.5091 0.9439 0.0000
vt 0.4940 0.8853 0.0000
vt 0.4897 0.8810 0.0000
vt 0.4909 0.8814 0.0000
vt 0.5522 0.9435 0.0000
vt 0.5561 0.9466 0.0000
vt 0.5565 0.9478 0.0000
vt 0.4478 0.8810 0.0000
vt 0.4435 0.8853 0.0000
vt 0.4439 0.8841 0.0000
vt 0.5522 0.9940 0.0000
vt 0.5565 0.9897 0.0000
vt 0.5534 0.9936 0.0000
vt 0.4435 0.9272 0.0000
vt 0.4478 0.9315 0.0000
vt 0.4466 0.9311 0.0000
vt 0.0620 0.7665 0.0000
vt 0.0838 0.7692 0.0000
vt 0.0593 0.7692 0.0000
vt 0.4141 0.7798 0.0000
vt 0.3923 0.7771 0.0000
vt 0.4141 0.7771 0.0000
vt 0.3047 0.7798 0.0000
vt 0.3265 0.7771 0.0000
vt 0.3292 0.7798 0.0000
vt 0.1411 0.9964 0.0000
vt 0.1629 0.9991 0.0000
vt 0.1411 0.9991 0.0000
vt 0.3369 0.8639 0.0000
vt 0.3587 0.8666 0.0000
vt 0.3343 0.8666 0.0000
vt 0.2524 0.9967 0.0000
vt 0.2742 0.9994 0.0000
vt 0.2524 0.9994 0.0000
vt 0.1056 0.9991 0.0000
vt 0.0838 0.9964 0.0000
vt 0.1082 0.9964 0.0000
vt 0.4359 0.8479 0.0000
vt 0.4141 0.8452 0.0000
vt 0.4385 0.8452 0.0000
vt 0.2500 0.7798 0.0000
vt 0.2282 0.7771 0.0000
vt 0.2500 0.7771 0.0000
vt 0.1953 0.7692 0.0000
vt 0.1735 0.7665 0.0000
vt 0.1953 0.7665 0.0000
vt 0.3805 0.8639 0.0000
vt 0.3832 0.8666 0.0000
vt 0.3047 0.9967 0.0000
vt 0.2829 0.9994 0.0000
vt 0.2802 0.9967 0.0000
vt 0.0504 0.9991 0.0000
vt 0.0287 0.9964 0.0000
vt 0.0531 0.9964 0.0000
vt 0.3594 0.7798 0.0000
vt 0.3812 0.7771 0.0000
vt 0.3839 0.7798 0.0000
vt 0.2829 0.7771 0.0000
vt 0.3047 0.7771 0.0000
vt 0.1411 0.7692 0.0000
vt 0.1193 0.7665 0.0000
vt 0.1411 0.7665 0.0000
vt 0.4102 0.8666 0.0000
vt 0.4319 0.8639 0.0000
vt 0.4346 0.8666 0.0000
vt 0.2306 0.9994 0.0000
vt 0.2279 0.9967 0.0000
vt 0.0069 0.7665 0.0000
vt 0.0287 0.7692 0.0000
vt 0.0042 0.7692 0.0000
vt 0.3376 0.7771 0.0000
vt 0.3594 0.7771 0.0000
vt 0.2718 0.7771 0.0000
vt 0.2745 0.7798 0.0000
vt 0.1953 0.9964 0.0000
vt 0.2171 0.9991 0.0000
vt 0.1953 0.9991 0.0000
vt 0.3884 0.8639 0.0000
vt 0.3857 0.8666 0.0000
vt 0.3265 0.9994 0.0000
vt 0.3047 0.9994 0.0000
vt 0.5313 0.9316 0.0000
vt 0.5099 0.9315 0.0000
vt 0.5092 0.9311 0.0000
vt 0.5095 0.9313 0.0000
vt 0.5064 0.9284 0.0000
vt 0.5062 0.9281 0.0000
vt 0.5060 0.9277 0.0000
vt 0.5060 0.9063 0.0000
vt 0.5566 0.9063 0.0000
vt 0.5565 0.9276 0.0000
vt 0.5561 0.9284 0.0000
vt 0.5563 0.9280 0.0000
vt 0.5531 0.9313 0.0000
vt 0.5526 0.9315 0.0000
vt 0.5313 0.8810 0.0000
vt 0.5526 0.8810 0.0000
vt 0.5534 0.8814 0.0000
vt 0.5531 0.8812 0.0000
vt 0.5563 0.8845 0.0000
vt 0.5565 0.8849 0.0000
vt 0.5060 0.8849 0.0000
vt 0.5064 0.8842 0.0000
vt 0.5062 0.8845 0.0000
vt 0.5095 0.8812 0.0000
vt 0.5099 0.8810 0.0000
vt 0.4688 0.7560 0.0000
vt 0.4688 0.7812 0.0000
vt 0.4901 0.7560 0.0000
vt 0.4905 0.7562 0.0000
vt 0.4936 0.7592 0.0000
vt 0.4938 0.7595 0.0000
vt 0.4940 0.7599 0.0000
vt 0.4941 0.7812 0.0000
vt 0.4688 0.9435 0.0000
vt 0.4688 0.9688 0.0000
vt 0.4435 0.9688 0.0000
vt 0.4435 0.9474 0.0000
vt 0.4439 0.9466 0.0000
vt 0.4437 0.9470 0.0000
vt 0.4470 0.9437 0.0000
vt 0.4474 0.9435 0.0000
vt 0.4688 0.8438 0.0000
vt 0.4940 0.8438 0.0000
vt 0.4940 0.8651 0.0000
vt 0.4936 0.8659 0.0000
vt 0.4938 0.8655 0.0000
vt 0.4905 0.8688 0.0000
vt 0.4901 0.8690 0.0000
vt 0.4688 0.8690 0.0000
vt 0.4940 0.8026 0.0000
vt 0.4938 0.8030 0.0000
vt 0.4909 0.8061 0.0000
vt 0.4905 0.8063 0.0000
vt 0.4901 0.8065 0.0000
vt 0.4688 0.8065 0.0000
vt 0.4688 0.9940 0.0000
vt 0.4474 0.9940 0.0000
vt 0.4466 0.9936 0.0000
vt 0.4470 0.9938 0.0000
vt 0.4437 0.9905 0.0000
vt 0.4435 0.9901 0.0000
vt 0.4435 0.8438 0.0000
vt 0.4474 0.8690 0.0000
vt 0.4466 0.8686 0.0000
vt 0.4470 0.8688 0.0000
vt 0.4437 0.8655 0.0000
vt 0.4435 0.8651 0.0000
vt 0.4940 0.9688 0.0000
vt 0.4940 0.9901 0.0000
vt 0.4936 0.9909 0.0000
vt 0.4938 0.9905 0.0000
vt 0.4905 0.9938 0.0000
vt 0.4901 0.9940 0.0000
vt 0.4435 0.8224 0.0000
vt 0.4439 0.8216 0.0000
vt 0.4437 0.8220 0.0000
vt 0.4470 0.8187 0.0000
vt 0.4474 0.8185 0.0000
vt 0.4688 0.8185 0.0000
vt 0.4474 0.8065 0.0000
vt 0.4470 0.8063 0.0000
vt 0.4439 0.8033 0.0000
vt 0.4437 0.8030 0.0000
vt 0.4435 0.8026 0.0000
vt 0.4435 0.7812 0.0000
vt 0.4435 0.7599 0.0000
vt 0.4437 0.7595 0.0000
vt 0.4467 0.7564 0.0000
vt 0.4470 0.7562 0.0000
vt 0.4474 0.7560 0.0000
vt 0.4901 0.9435 0.0000
vt 0.4909 0.9439 0.0000
vt 0.4905 0.9437 0.0000
vt 0.4938 0.9470 0.0000
vt 0.4940 0.9474 0.0000
vt 0.4901 0.8185 0.0000
vt 0.4909 0.8189 0.0000
vt 0.4905 0.8187 0.0000
vt 0.4938 0.8220 0.0000
vt 0.4940 0.8224 0.0000
vt 0.5060 0.9688 0.0000
vt 0.5312 0.9688 0.0000
vt 0.5312 0.9940 0.0000
vt 0.5099 0.9940 0.0000
vt 0.5091 0.9936 0.0000
vt 0.5095 0.9938 0.0000
vt 0.5062 0.9905 0.0000
vt 0.5060 0.9901 0.0000
vt 0.4940 0.9062 0.0000
vt 0.4688 0.9062 0.0000
vt 0.4940 0.9276 0.0000
vt 0.4938 0.9280 0.0000
vt 0.4909 0.9311 0.0000
vt 0.4905 0.9313 0.0000
vt 0.4901 0.9315 0.0000
vt 0.4688 0.9315 0.0000
vt 0.5060 0.9474 0.0000
vt 0.5064 0.9466 0.0000
vt 0.5062 0.9470 0.0000
vt 0.5095 0.9437 0.0000
vt 0.5099 0.9435 0.0000
vt 0.5312 0.9435 0.0000
vt 0.4688 0.8810 0.0000
vt 0.4901 0.8810 0.0000
vt 0.4905 0.8812 0.0000
vt 0.4936 0.8841 0.0000
vt 0.4938 0.8845 0.0000
vt 0.4940 0.8849 0.0000
vt 0.5565 0.9688 0.0000
vt 0.5526 0.9435 0.0000
vt 0.5534 0.9439 0.0000
vt 0.5530 0.9437 0.0000
vt 0.5563 0.9470 0.0000
vt 0.5565 0.9474 0.0000
vt 0.4435 0.9062 0.0000
vt 0.4435 0.8849 0.0000
vt 0.4437 0.8845 0.0000
vt 0.4466 0.8814 0.0000
vt 0.4470 0.8812 0.0000
vt 0.4474 0.8810 0.0000
vt 0.5565 0.9901 0.0000
vt 0.5561 0.9909 0.0000
vt 0.5563 0.9905 0.0000
vt 0.5530 0.9938 0.0000
vt 0.5526 0.9940 0.0000
vt 0.4474 0.9315 0.0000
vt 0.4470 0.9313 0.0000
vt 0.4439 0.9284 0.0000
vt 0.4437 0.9280 0.0000
vt 0.4435 0.9276 0.0000
vt 0.1193 0.9991 0.0000
vt 0.0593 0.9964 0.0000
vt 0.1056 0.7665 0.0000
vt 0.0838 0.7665 0.0000
vt 0.1629 0.7665 0.0000
vt 0.1655 0.7692 0.0000
vt 0.1166 0.9964 0.0000
vt 0.1082 0.7692 0.0000
vt 0.0620 0.9991 0.0000
vt 0.0838 0.9991 0.0000
vt 0.2198 0.7692 0.0000
vt 0.1735 0.9991 0.0000
vt 0.2171 0.7665 0.0000
vt 0.1708 0.9964 0.0000
vt 0.0042 0.9964 0.0000
vt 0.0504 0.7665 0.0000
vt 0.0287 0.7665 0.0000
vt 0.0069 0.9991 0.0000
vt 0.0287 0.9991 0.0000
vt 0.0531 0.7692 0.0000
vt 0.3349 0.8452 0.0000
vt 0.3594 0.8452 0.0000
vt 0.3812 0.8479 0.0000
vt 0.3839 0.8452 0.0000
vt 0.3376 0.8479 0.0000
vt 0.3594 0.8479 0.0000
vt 0.2802 0.8452 0.0000
vt 0.3047 0.8452 0.0000
vt 0.3292 0.8452 0.0000
vt 0.2829 0.8479 0.0000
vt 0.3047 0.8479 0.0000
vt 0.3265 0.8479 0.0000
vt 0.4385 0.7798 0.0000
vt 0.3923 0.8479 0.0000
vt 0.4141 0.8479 0.0000
vt 0.4359 0.7771 0.0000
vt 0.3896 0.8452 0.0000
vt 0.2718 0.8479 0.0000
vt 0.2500 0.8452 0.0000
vt 0.2745 0.8452 0.0000
vt 0.2255 0.7798 0.0000
vt 0.2255 0.8452 0.0000
vt 0.2282 0.8479 0.0000
vt 0.2500 0.8479 0.0000
vt 0.3265 0.8639 0.0000
vt 0.3047 0.8666 0.0000
vt 0.3047 0.8639 0.0000
vt 0.2829 0.8639 0.0000
vt 0.4102 0.9967 0.0000
vt 0.3857 0.9967 0.0000
vt 0.4319 0.9994 0.0000
vt 0.4346 0.9967 0.0000
vt 0.2524 0.8666 0.0000
vt 0.2306 0.8639 0.0000
vt 0.2524 0.8639 0.0000
vt 0.2742 0.8639 0.0000
vt 0.3805 0.9994 0.0000
vt 0.3587 0.9967 0.0000
vt 0.3832 0.9967 0.0000
vt 0.3343 0.9967 0.0000
vt 0.3369 0.9994 0.0000
vt 0.3587 0.9994 0.0000
vt 0.2279 0.8666 0.0000
vt 0.2769 0.8666 0.0000
vt 0.3884 0.9994 0.0000
vt 0.4102 0.9994 0.0000
vt 0.3292 0.8666 0.0000
vt 0.2802 0.8666 0.0000
vt 0.3896 0.7798 0.0000
vt 0.1655 0.9964 0.0000
vt 0.3587 0.8639 0.0000
vt 0.2769 0.9967 0.0000
vt 0.1708 0.7692 0.0000
vt 0.2802 0.7798 0.0000
vt 0.1166 0.7692 0.0000
vt 0.4102 0.8639 0.0000
vt 0.3349 0.7798 0.0000
vt 0.2198 0.9964 0.0000
vt 0.3292 0.9967 0.0000
# 366 texture coords

o emisson
g emisson
usemtl Material__27
s 1
f 3567/5933/2180 3568/5934/2180 3569/5935/2180 
f 3570/5936/2181 3571/5937/2181 3572/5938/2181 
f 3573/5939/2181 3574/5940/2181 3575/5941/2181 
f 3576/5942/2180 3577/5943/2180 3578/5944/2180 
f 3579/5945/2180 3580/5946/2180 3581/5947/2180 
f 3582/5948/2181 3583/5949/2182 3584/5950/2181 
f 3585/5951/2181 3586/5952/2181 3587/5953/2181 
f 3588/5954/2180 3589/5955/2180 3590/5956/2180 
f 3591/5957/2181 3592/5958/2181 3593/5959/2181 
f 3594/5960/2180 3595/5961/2180 3596/5962/2180 
f 3597/5963/2180 3598/5964/2180 3599/5965/2180 
f 3600/5966/2181 3601/5967/2181 3602/5968/2183 
f 3603/5969/2180 3604/5970/2180 3605/5971/2180 
f 3606/5972/2181 3607/5973/2183 3608/5974/2181 
f 3609/5975/2181 3610/5976/2181 3611/5977/2181 
f 3612/5978/2180 3613/5979/2180 3614/5980/2180 
f 3615/5981/2181 3616/5982/2181 3617/5983/2181 
f 3618/5984/2180 3619/5985/2180 3620/5986/2180 
f 3621/5987/2181 3622/5988/2181 3623/5989/2182 
f 3624/5990/2180 3625/5991/2180 3626/5992/2180 
f 3627/5993/2181 3628/5994/2181 3629/5995/2181 
f 3630/5996/2180 3631/5997/2180 3632/5998/2180 
f 3633/5999/2181 3634/6000/2181 3635/6001/2183 
f 3636/6002/2180 3637/6003/2180 3638/6004/2180 
f 3639/6005/2184 3640/6006/2184 3641/6007/2184 
f 3642/6008/2184 3643/6009/2184 3644/6010/2184 
f 3645/6011/2185 3646/6012/2185 3647/6013/2185 
f 3648/6014/2185 3649/6015/2185 3650/6016/2185 
f 3651/6017/2184 3652/6018/2184 3653/6019/2184 
f 3654/6020/2185 3655/6021/2185 3656/6022/2185 
f 3657/6023/2184 3658/6024/2184 3659/6025/2184 
f 3660/6026/2184 3661/6027/2184 3662/6028/2184 
f 3663/6029/2186 3664/6030/2186 3665/6031/2186 
f 3666/6032/2186 3667/6033/2186 3668/6034/2186 
f 3652/6018/2184 3669/6035/2184 3670/6036/2184 
f 3671/6037/2186 3672/6038/2186 3673/6039/2186 
f 3674/6040/2187 3675/6041/2187 3676/6042/2187 
f 3677/6043/2187 3678/6044/2187 3679/6045/2187 
f 3645/6011/2185 3680/6046/2185 3681/6047/2185 
f 3682/6048/2185 3683/6049/2185 3684/6050/2185 
f 3685/6051/2187 3686/6052/2187 3687/6053/2187 
f 3654/6020/2185 3688/6054/2185 3689/6055/2185 
f 3690/6056/2187 3691/6057/2187 3692/6058/2187 
f 3677/6043/2187 3693/6059/2187 3694/6060/2187 
f 3663/6029/2186 3695/6061/2186 3696/6062/2186 
f 3697/6063/2186 3698/6064/2186 3699/6065/2186 
f 3700/6066/2187 3685/6051/2187 3701/6067/2187 
f 3671/6037/2186 3702/6068/2186 3703/6069/2186 
f 3572/5938/2181 3704/6070/2181 3570/5936/2181 
f 3570/5936/2181 3705/6071/2188 3706/6072/2181 
f 3705/6071/2188 3707/6073/2189 3706/6072/2181 
f 3706/6072/2181 3708/6074/2181 3571/5937/2181 
f 3570/5936/2181 3706/6072/2181 3571/5937/2181 
f 3708/6074/2181 3709/6075/2190 3710/6076/2181 
f 3710/6076/2181 3571/5937/2181 3708/6074/2181 
f 3571/5937/2181 3711/6077/2181 3572/5938/2181 
f 3584/5950/2181 3704/6070/2181 3572/5938/2181 
f 3572/5938/2181 3712/6078/2181 3582/5948/2181 
f 3582/5948/2181 3713/6079/2191 3714/6080/2192 
f 3713/6079/2191 3715/6081/2181 3714/6080/2192 
f 3714/6080/2192 3583/5949/2182 3582/5948/2181 
f 3583/5949/2182 3716/6082/2181 3717/6083/2181 
f 3717/6083/2181 3584/5950/2181 3583/5949/2182 
f 3584/5950/2181 3572/5938/2181 3582/5948/2181 
f 3572/5938/2181 3718/6084/2181 3601/5967/2181 
f 3601/5967/2181 3719/6085/2181 3720/6086/2181 
f 3719/6085/2181 3721/6087/2181 3720/6086/2181 
f 3720/6086/2181 3602/5968/2183 3601/5967/2181 
f 3602/5968/2183 3722/6088/2190 3723/6089/2181 
f 3723/6089/2181 3600/5966/2181 3602/5968/2183 
f 3600/5966/2181 3712/6078/2181 3572/5938/2181 
f 3601/5967/2181 3600/5966/2181 3572/5938/2181 
f 3608/5974/2181 3718/6084/2181 3572/5938/2181 
f 3572/5938/2181 3711/6077/2181 3606/5972/2181 
f 3606/5972/2181 3724/6090/2193 3725/6091/2188 
f 3724/6090/2193 3726/6092/2181 3725/6091/2188 
f 3725/6091/2188 3607/5973/2183 3606/5972/2181 
f 3607/5973/2183 3727/6093/2181 3728/6094/2181 
f 3728/6094/2181 3608/5974/2181 3607/5973/2183 
f 3608/5974/2181 3572/5938/2181 3606/5972/2181 
f 3729/6095/2180 3568/5934/2180 3730/6096/2180 
f 3568/5934/2180 3731/6097/2194 3569/5935/2180 
f 3730/6096/2180 3568/5934/2180 3567/5933/2180 
f 3731/6097/2194 3732/6098/2180 3569/5935/2180 
f 3569/5935/2180 3733/6099/2195 3567/5933/2180 
f 3733/6099/2195 3734/6100/2180 3735/6101/2196 
f 3567/5933/2180 3733/6099/2195 3735/6101/2196 
f 3567/5933/2180 3736/6102/2180 3730/6096/2180 
f 3575/5941/2181 3737/6103/2181 3738/6104/2181 
f 3738/6104/2181 3739/6105/2181 3573/5939/2181 
f 3573/5939/2181 3740/6106/2181 3741/6107/2183 
f 3740/6106/2181 3742/6108/2197 3741/6107/2183 
f 3741/6107/2183 3574/5940/2181 3573/5939/2181 
f 3574/5940/2181 3743/6109/2197 3744/6110/2192 
f 3744/6110/2192 3575/5941/2181 3574/5940/2181 
f 3575/5941/2181 3738/6104/2181 3573/5939/2181 
f 3745/6111/2180 3746/6112/2180 3577/5943/2180 
f 3577/5943/2180 3747/6113/2180 3748/6114/2180 
f 3747/6113/2180 3749/6115/2180 3748/6114/2180 
f 3748/6114/2180 3578/5944/2180 3577/5943/2180 
f 3578/5944/2180 3750/6116/2180 3751/6117/2180 
f 3751/6117/2180 3576/5942/2180 3578/5944/2180 
f 3576/5942/2180 3752/6118/2180 3745/6111/2180 
f 3577/5943/2180 3576/5942/2180 3745/6111/2180 
f 3736/6102/2180 3580/5946/2180 3730/6096/2180 
f 3580/5946/2180 3753/6119/2180 3581/5947/2180 
f 3730/6096/2180 3580/5946/2180 3579/5945/2180 
f 3753/6119/2180 3754/6120/2180 3581/5947/2180 
f 3581/5947/2180 3755/6121/2195 3579/5945/2180 
f 3755/6121/2195 3756/6122/2198 3757/6123/2194 
f 3579/5945/2180 3755/6121/2195 3757/6123/2194 
f 3579/5945/2180 3758/6124/2180 3730/6096/2180 
f 3738/6104/2181 3759/6125/2181 3586/5952/2181 
f 3586/5952/2181 3760/6126/2192 3761/6127/2181 
f 3760/6126/2192 3762/6128/2197 3761/6127/2181 
f 3761/6127/2181 3587/5953/2181 3586/5952/2181 
f 3587/5953/2181 3763/6129/2181 3764/6130/2181 
f 3764/6130/2181 3585/5951/2181 3587/5953/2181 
f 3585/5951/2181 3739/6105/2181 3738/6104/2181 
f 3586/5952/2181 3585/5951/2181 3738/6104/2181 
f 3590/5956/2180 3765/6131/2180 3745/6111/2180 
f 3745/6111/2180 3752/6118/2180 3588/5954/2180 
f 3588/5954/2180 3766/6132/2180 3767/6133/2180 
f 3766/6132/2180 3768/6134/2180 3767/6133/2180 
f 3767/6133/2180 3589/5955/2180 3588/5954/2180 
f 3589/5955/2180 3769/6135/2180 3770/6136/2180 
f 3770/6136/2180 3590/5956/2180 3589/5955/2180 
f 3590/5956/2180 3745/6111/2180 3588/5954/2180 
f 3593/5959/2181 3759/6125/2181 3738/6104/2181 
f 3738/6104/2181 3771/6137/2181 3591/5957/2181 
f 3591/5957/2181 3772/6138/2181 3773/6139/2182 
f 3772/6138/2181 3774/6140/2199 3773/6139/2182 
f 3773/6139/2182 3592/5958/2181 3591/5957/2181 
f 3592/5958/2181 3775/6141/2199 3776/6142/2188 
f 3776/6142/2188 3593/5959/2181 3592/5958/2181 
f 3593/5959/2181 3738/6104/2181 3591/5957/2181 
f 3745/6111/2180 3765/6131/2180 3595/5961/2180 
f 3595/5961/2180 3777/6143/2180 3778/6144/2180 
f 3777/6143/2180 3779/6145/2180 3778/6144/2180 
f 3778/6144/2180 3596/5962/2180 3595/5961/2180 
f 3596/5962/2180 3780/6146/2180 3781/6147/2180 
f 3781/6147/2180 3594/5960/2180 3596/5962/2180 
f 3594/5960/2180 3782/6148/2180 3745/6111/2180 
f 3595/5961/2180 3594/5960/2180 3745/6111/2180 
f 3758/6124/2180 3598/5964/2180 3730/6096/2180 
f 3598/5964/2180 3783/6149/2180 3599/5965/2180 
f 3730/6096/2180 3598/5964/2180 3597/5963/2180 
f 3783/6149/2180 3784/6150/2200 3599/5965/2180 
f 3599/5965/2180 3785/6151/2180 3597/5963/2180 
f 3785/6151/2180 3786/6152/2180 3787/6153/2180 
f 3597/5963/2180 3785/6151/2180 3787/6153/2180 
f 3597/5963/2180 3788/6154/2180 3730/6096/2180 
f 3788/6154/2180 3604/5970/2180 3730/6096/2180 
f 3604/5970/2180 3789/6155/2180 3605/5971/2180 
f 3730/6096/2180 3604/5970/2180 3603/5969/2180 
f 3789/6155/2180 3790/6156/2180 3605/5971/2180 
f 3605/5971/2180 3791/6157/2201 3603/5969/2180 
f 3791/6157/2201 3792/6158/2200 3793/6159/2202 
f 3603/5969/2180 3791/6157/2201 3793/6159/2202 
f 3603/5969/2180 3729/6095/2180 3730/6096/2180 
f 3738/6104/2181 3737/6103/2181 3610/5976/2181 
f 3610/5976/2181 3794/6160/2188 3795/6161/2181 
f 3794/6160/2188 3796/6162/2199 3795/6161/2181 
f 3795/6161/2181 3611/5977/2181 3610/5976/2181 
f 3611/5977/2181 3797/6163/2181 3798/6164/2181 
f 3798/6164/2181 3609/5975/2181 3611/5977/2181 
f 3609/5975/2181 3771/6137/2181 3738/6104/2181 
f 3610/5976/2181 3609/5975/2181 3738/6104/2181 
f 3614/5980/2180 3746/6112/2180 3745/6111/2180 
f 3745/6111/2180 3782/6148/2180 3612/5978/2180 
f 3612/5978/2180 3799/6165/2180 3800/6166/2180 
f 3799/6165/2180 3801/6167/2180 3800/6166/2180 
f 3800/6166/2180 3613/5979/2180 3612/5978/2180 
f 3613/5979/2180 3802/6168/2180 3803/6169/2180 
f 3803/6169/2180 3614/5980/2180 3613/5979/2180 
f 3614/5980/2180 3745/6111/2180 3612/5978/2180 
f 3617/5983/2181 3804/6170/2181 3805/6171/2181 
f 3805/6171/2181 3806/6172/2181 3615/5981/2181 
f 3615/5981/2181 3807/6173/2191 3808/6174/2181 
f 3807/6173/2191 3809/6175/2181 3808/6174/2181 
f 3808/6174/2181 3616/5982/2181 3615/5981/2181 
f 3616/5982/2181 3810/6176/2181 3811/6177/2181 
f 3811/6177/2181 3617/5983/2181 3616/5982/2181 
f 3617/5983/2181 3805/6171/2181 3615/5981/2181 
f 3812/6178/2180 3619/5985/2180 3813/6179/2180 
f 3619/5985/2180 3814/6180/2203 3620/5986/2180 
f 3813/6179/2180 3619/5985/2180 3618/5984/2180 
f 3814/6180/2203 3815/6181/2180 3620/5986/2180 
f 3620/5986/2180 3816/6182/2195 3618/5984/2180 
f 3816/6182/2195 3817/6183/2180 3818/6184/2180 
f 3618/5984/2180 3816/6182/2195 3818/6184/2180 
f 3618/5984/2180 3819/6185/2180 3813/6179/2180 
f 3805/6171/2181 3804/6170/2181 3622/5988/2181 
f 3622/5988/2181 3820/6186/2181 3821/6187/2181 
f 3820/6186/2181 3822/6188/2181 3821/6187/2181 
f 3821/6187/2181 3623/5989/2182 3622/5988/2181 
f 3623/5989/2182 3823/6189/2204 3824/6190/2181 
f 3824/6190/2181 3621/5987/2181 3623/5989/2182 
f 3621/5987/2181 3825/6191/2181 3805/6171/2181 
f 3622/5988/2181 3621/5987/2181 3805/6171/2181 
f 3826/6192/2180 3625/5991/2180 3813/6179/2180 
f 3625/5991/2180 3827/6193/2180 3626/5992/2180 
f 3813/6179/2180 3625/5991/2180 3624/5990/2180 
f 3827/6193/2180 3828/6194/2200 3626/5992/2180 
f 3626/5992/2180 3829/6195/2180 3624/5990/2180 
f 3829/6195/2180 3830/6196/2205 3831/6197/2196 
f 3624/5990/2180 3829/6195/2180 3831/6197/2196 
f 3624/5990/2180 3812/6178/2180 3813/6179/2180 
f 3629/5995/2181 3832/6198/2181 3805/6171/2181 
f 3805/6171/2181 3825/6191/2181 3627/5993/2181 
f 3627/5993/2181 3833/6199/2193 3834/6200/2181 
f 3833/6199/2193 3835/6201/2181 3834/6200/2181 
f 3834/6200/2181 3628/5994/2181 3627/5993/2181 
f 3628/5994/2181 3836/6202/2181 3837/6203/2181 
f 3837/6203/2181 3629/5995/2181 3628/5994/2181 
f 3629/5995/2181 3805/6171/2181 3627/5993/2181 
f 3838/6204/2180 3631/5997/2180 3813/6179/2180 
f 3631/5997/2180 3839/6205/2196 3632/5998/2180 
f 3813/6179/2180 3631/5997/2180 3630/5996/2180 
f 3839/6205/2196 3840/6206/2180 3632/5998/2180 
f 3632/5998/2180 3841/6207/2201 3630/5996/2180 
f 3841/6207/2201 3842/6208/2180 3843/6209/2180 
f 3630/5996/2180 3841/6207/2201 3843/6209/2180 
f 3630/5996/2180 3826/6192/2180 3813/6179/2180 
f 3805/6171/2181 3832/6198/2181 3634/6000/2181 
f 3634/6000/2181 3844/6210/2181 3845/6211/2181 
f 3844/6210/2181 3846/6212/2181 3845/6211/2181 
f 3845/6211/2181 3635/6001/2183 3634/6000/2181 
f 3635/6001/2183 3847/6213/2189 3848/6214/2181 
f 3848/6214/2181 3633/5999/2181 3635/6001/2183 
f 3633/5999/2181 3806/6172/2181 3805/6171/2181 
f 3634/6000/2181 3633/5999/2181 3805/6171/2181 
f 3819/6185/2180 3637/6003/2180 3813/6179/2180 
f 3637/6003/2180 3849/6215/2180 3638/6004/2180 
f 3813/6179/2180 3637/6003/2180 3636/6002/2180 
f 3849/6215/2180 3850/6216/2198 3638/6004/2180 
f 3638/6004/2180 3851/6217/2180 3636/6002/2180 
f 3851/6217/2180 3852/6218/2206 3853/6219/2203 
f 3636/6002/2180 3851/6217/2180 3853/6219/2203 
f 3636/6002/2180 3838/6204/2180 3813/6179/2180 
f 3854/6220/2185 3648/6014/2185 3650/6016/2185 
f 3641/6007/2184 3658/6024/2184 3855/6221/2184 
f 3856/6222/2184 3640/6006/2184 3857/6223/2184 
f 3858/6224/2185 3682/6048/2185 3684/6050/2185 
f 3859/6225/2185 3648/6014/2185 3682/6048/2185 
f 3860/6226/2185 3682/6048/2185 3648/6014/2185 
f 3659/6025/2184 3640/6006/2184 3861/6227/2184 
f 3862/6228/2184 3658/6024/2184 3863/6229/2184 
f 3864/6230/2186 3697/6063/2186 3666/6032/2186 
f 3865/6231/2186 3697/6063/2186 3699/6065/2186 
f 3866/6232/2186 3666/6032/2186 3668/6034/2186 
f 3867/6233/2186 3666/6032/2186 3697/6063/2186 
f 3692/6058/2187 3675/6041/2187 3868/6234/2187 
f 3869/6235/2187 3691/6057/2187 3870/6236/2187 
f 3871/6237/2187 3675/6041/2187 3872/6238/2187 
f 3676/6042/2187 3691/6057/2187 3873/6239/2187 
f 3874/6240/2187 3677/6043/2187 3875/6241/2187 
f 3876/6242/2187 3875/6241/2187 3877/6243/2187 
f 3878/6244/2187 3875/6241/2187 3879/6245/2187 
f 3877/6243/2187 3677/6043/2187 3679/6045/2187 
f 3880/6246/2185 3645/6011/2185 3881/6247/2185 
f 3645/6011/2185 3882/6248/2185 3881/6247/2185 
f 3883/6249/2185 3881/6247/2185 3884/6250/2185 
f 3881/6247/2185 3885/6251/2185 3884/6250/2185 
f 3662/6028/2184 3642/6008/2184 3886/6252/2184 
f 3887/6253/2184 3661/6027/2184 3888/6254/2184 
f 3889/6255/2184 3642/6008/2184 3644/6010/2184 
f 3890/6256/2184 3642/6008/2184 3661/6027/2184 
f 3891/6257/2186 3892/6258/2186 3893/6259/2186 
f 3894/6260/2186 3892/6258/2186 3895/6261/2186 
f 3893/6259/2186 3663/6029/2186 3696/6062/2186 
f 3896/6262/2186 3892/6258/2186 3897/6263/2186 
f 3898/6264/2186 3899/6265/2186 3900/6266/2186 
f 3899/6265/2186 3901/6267/2186 3900/6266/2186 
f 3701/6067/2187 3902/6268/2187 3903/6269/2187 
f 3904/6270/2187 3902/6268/2187 3905/6271/2187 
f 3906/6272/2185 3907/6273/2185 3908/6274/2185 
f 3909/6275/2185 3906/6272/2185 3908/6274/2185 
f 3910/6276/2184 3911/6277/2184 3912/6278/2184 
f 3653/6019/2184 3911/6277/2184 3913/6279/2184 
f 3912/6278/2184 3652/6018/2184 3670/6036/2184 
f 3914/6280/2184 3911/6277/2184 3915/6281/2184 
f 3654/6020/2185 3916/6282/2185 3906/6272/2185 
f 3917/6283/2185 3654/6020/2185 3906/6272/2185 
f 3918/6284/2187 3902/6268/2187 3919/6285/2187 
f 3905/6271/2187 3685/6051/2187 3687/6053/2187 
f 3920/6286/2186 3671/6037/2186 3899/6265/2186 
f 3671/6037/2186 3921/6287/2186 3899/6265/2186 
f 3639/6005/2184 3857/6223/2184 3640/6006/2184 
f 3642/6008/2184 3922/6288/2184 3643/6009/2184 
f 3645/6011/2185 3681/6047/2185 3646/6012/2185 
f 3648/6014/2185 3923/6289/2185 3649/6015/2185 
f 3651/6017/2184 3924/6290/2184 3652/6018/2184 
f 3654/6020/2185 3925/6291/2185 3655/6021/2185 
f 3657/6023/2184 3863/6229/2184 3658/6024/2184 
f 3660/6026/2184 3888/6254/2184 3661/6027/2184 
f 3663/6029/2186 3894/6260/2186 3664/6030/2186 
f 3666/6032/2186 3926/6292/2186 3667/6033/2186 
f 3652/6018/2184 3924/6290/2184 3669/6035/2184 
f 3671/6037/2186 3703/6069/2186 3672/6038/2186 
f 3674/6040/2187 3872/6238/2187 3675/6041/2187 
f 3677/6043/2187 3694/6060/2187 3678/6044/2187 
f 3645/6011/2185 3927/6293/2185 3680/6046/2185 
f 3682/6048/2185 3928/6294/2185 3683/6049/2185 
f 3685/6051/2187 3929/6295/2187 3686/6052/2187 
f 3654/6020/2185 3656/6022/2185 3688/6054/2185 
f 3690/6056/2187 3870/6236/2187 3691/6057/2187 
f 3677/6043/2187 3930/6296/2187 3693/6059/2187 
f 3663/6029/2186 3665/6031/2186 3695/6061/2186 
f 3697/6063/2186 3931/6297/2186 3698/6064/2186 
f 3700/6066/2187 3929/6295/2187 3685/6051/2187 
f 3671/6037/2186 3932/6298/2186 3702/6068/2186 
f 3854/6220/2185 3860/6226/2185 3648/6014/2185 
f 3641/6007/2184 3640/6006/2184 3658/6024/2184 
f 3856/6222/2184 3861/6227/2184 3640/6006/2184 
f 3858/6224/2185 3859/6225/2185 3682/6048/2185 
f 3859/6225/2185 3923/6289/2185 3648/6014/2185 
f 3860/6226/2185 3928/6294/2185 3682/6048/2185 
f 3659/6025/2184 3658/6024/2184 3640/6006/2184 
f 3862/6228/2184 3855/6221/2184 3658/6024/2184 
f 3864/6230/2186 3931/6297/2186 3697/6063/2186 
f 3865/6231/2186 3867/6233/2186 3697/6063/2186 
f 3866/6232/2186 3864/6230/2186 3666/6032/2186 
f 3867/6233/2186 3926/6292/2186 3666/6032/2186 
f 3692/6058/2187 3691/6057/2187 3675/6041/2187 
f 3869/6235/2187 3873/6239/2187 3691/6057/2187 
f 3871/6237/2187 3868/6234/2187 3675/6041/2187 
f 3676/6042/2187 3675/6041/2187 3691/6057/2187 
f 3874/6240/2187 3930/6296/2187 3677/6043/2187 
f 3876/6242/2187 3879/6245/2187 3875/6241/2187 
f 3878/6244/2187 3874/6240/2187 3875/6241/2187 
f 3877/6243/2187 3875/6241/2187 3677/6043/2187 
f 3880/6246/2185 3927/6293/2185 3645/6011/2185 
f 3645/6011/2185 3647/6013/2185 3882/6248/2185 
f 3883/6249/2185 3880/6246/2185 3881/6247/2185 
f 3881/6247/2185 3882/6248/2185 3885/6251/2185 
f 3662/6028/2184 3661/6027/2184 3642/6008/2184 
f 3887/6253/2184 3890/6256/2184 3661/6027/2184 
f 3889/6255/2184 3886/6252/2184 3642/6008/2184 
f 3890/6256/2184 3922/6288/2184 3642/6008/2184 
f 3891/6257/2186 3897/6263/2186 3892/6258/2186 
f 3894/6260/2186 3663/6029/2186 3892/6258/2186 
f 3893/6259/2186 3892/6258/2186 3663/6029/2186 
f 3896/6262/2186 3895/6261/2186 3892/6258/2186 
f 3898/6264/2186 3920/6286/2186 3899/6265/2186 
f 3899/6265/2186 3921/6287/2186 3901/6267/2186 
f 3701/6067/2187 3685/6051/2187 3902/6268/2187 
f 3904/6270/2187 3919/6285/2187 3902/6268/2187 
f 3906/6272/2185 3916/6282/2185 3907/6273/2185 
f 3909/6275/2185 3917/6283/2185 3906/6272/2185 
f 3910/6276/2184 3915/6281/2184 3911/6277/2184 
f 3653/6019/2184 3652/6018/2184 3911/6277/2184 
f 3912/6278/2184 3911/6277/2184 3652/6018/2184 
f 3914/6280/2184 3913/6279/2184 3911/6277/2184 
f 3654/6020/2185 3689/6055/2185 3916/6282/2185 
f 3917/6283/2185 3925/6291/2185 3654/6020/2185 
f 3918/6284/2187 3903/6269/2187 3902/6268/2187 
f 3905/6271/2187 3902/6268/2187 3685/6051/2187 
f 3920/6286/2186 3932/6298/2186 3671/6037/2186 
f 3671/6037/2186 3673/6039/2186 3921/6287/2186 
# 0 polygons - 360 triangles

