# 3ds Max Wavefront OBJ Exporter v0.99 - (c)2007 guruware
# File Created: 12.04.2026 00:43:49

mtllib lampara_lava.mtl

#
# object Main_lamp
#

v  -0.8686 0.0194 2.8005
v  -0.8686 0.5652 2.9456
v  -0.7326 0.5652 2.9590
v  -0.7043 0.0194 2.8167
v  -0.7313 0.6050 4.3330
v  -0.6666 1.0921 4.6579
v  -0.8686 1.0921 4.6778
v  -0.8686 0.6050 4.3466
v  -0.0905 0.0194 3.9650
v  -0.2245 0.5652 3.9095
v  -0.2890 0.5652 4.0300
v  -0.1683 0.0194 4.1106
v  -1.6946 0.0194 3.8070
v  -1.5523 0.5652 3.7787
v  -1.5657 0.5652 3.6427
v  -1.7108 0.0194 3.6427
v  -0.0426 0.0194 3.8070
v  -0.1849 0.5652 3.7787
v  -1.6467 0.0194 3.9650
v  -1.5126 0.5652 3.9095
v  -0.0264 0.0194 3.6427
v  -0.1715 0.5652 3.6427
v  -1.5688 0.0194 4.1106
v  -1.4482 0.5652 4.0300
v  -0.0426 0.0194 3.4784
v  -0.1849 0.5652 3.5067
v  -1.4641 0.0194 4.2382
v  -1.3615 0.5652 4.1356
v  -0.0905 0.0194 3.3204
v  -0.2245 0.5652 3.3759
v  -1.3365 0.0194 4.3429
v  -1.2559 0.5652 4.2223
v  -0.1683 0.0194 3.1748
v  -0.2890 0.5652 3.2554
v  -1.1909 0.0194 4.4208
v  -1.1354 0.5652 4.2867
v  -0.2731 0.0194 3.0472
v  -0.3757 0.5652 3.1498
v  -1.0329 0.0194 4.4687
v  -1.0046 0.5652 4.3264
v  -0.8686 -0.0020 2.8171
v  -0.7075 -0.0020 2.8329
v  -0.5526 -0.0020 2.8799
v  -1.1845 -0.0020 2.8799
v  -0.4099 -0.0020 2.9562
v  -0.2848 -0.0020 3.0589
v  -0.1058 -0.0020 3.3267
v  -0.1821 -0.0020 3.1840
v  -0.0588 -0.0020 3.4816
v  -0.0430 -0.0020 3.6427
v  -0.1058 -0.0020 3.9586
v  -0.0588 -0.0020 3.8038
v  -0.1821 -0.0020 4.1014
v  -0.2848 -0.0020 4.2265
v  -0.5526 -0.0020 4.4055
v  -0.4099 -0.0020 4.3292
v  -0.7075 -0.0020 4.4525
v  -0.8686 -0.0020 4.4683
v  -1.1845 -0.0020 4.4055
v  -1.0297 -0.0020 4.4525
v  -1.3273 -0.0020 4.3292
v  -1.4524 -0.0020 4.2265
v  -1.6314 -0.0020 3.9586
v  -1.5551 -0.0020 4.1014
v  -1.6784 -0.0020 3.8038
v  -1.6942 -0.0020 3.6427
v  -1.6314 -0.0020 3.3267
v  -1.6784 -0.0020 3.4816
v  -1.5551 -0.0020 3.1840
v  -1.4524 -0.0020 3.0589
v  -1.3273 -0.0020 2.9562
v  -1.0297 -0.0020 2.8329
v  -0.4007 0.0194 2.9424
v  -0.4813 0.5652 3.0631
v  -0.8686 0.0194 4.4849
v  -0.8686 0.5652 4.3398
v  -1.3365 0.0194 2.9424
v  -1.2559 0.5652 3.0631
v  -1.1354 0.5652 2.9986
v  -1.1909 0.0194 2.8646
v  -0.5463 0.0194 2.8646
v  -0.6018 0.5652 2.9986
v  -0.7043 0.0194 4.4687
v  -0.7326 0.5652 4.3264
v  -1.4641 0.0194 3.0472
v  -1.3615 0.5652 3.1498
v  -0.5463 0.0194 4.4208
v  -0.6018 0.5652 4.2867
v  -1.5688 0.0194 3.1748
v  -1.4482 0.5652 3.2554
v  -1.0059 0.6050 2.9523
v  -1.0705 1.0921 2.6275
v  -0.8686 1.0921 2.6076
v  -0.8686 0.6050 2.9388
v  -0.4007 0.0194 4.3429
v  -0.4813 0.5652 4.2223
v  -1.6467 0.0194 3.3204
v  -1.5126 0.5652 3.3759
v  -1.0046 0.5652 2.9590
v  -1.0329 0.0194 2.8167
v  -0.2731 0.0194 4.2382
v  -0.3757 0.5652 4.1356
v  -1.6946 0.0194 3.4784
v  -1.5523 0.5652 3.5067
v  -0.6272 3.6537 3.8841
v  -0.7179 4.1154 3.7934
v  -0.7502 4.1154 3.8199
v  -0.6789 3.6537 3.9265
v  -1.3663 0.6050 3.1450
v  -1.6005 1.0921 2.9108
v  -1.4437 1.0921 2.7820
v  -1.2596 0.6050 3.0574
v  -0.7313 0.6050 2.9523
v  -0.6666 1.0921 2.6275
v  -0.4725 1.0921 2.6864
v  -0.5992 0.6050 2.9924
v  -0.5992 0.6050 4.2930
v  -0.4725 1.0921 4.5990
v  -1.4538 0.6050 3.2516
v  -1.7292 1.0921 3.0676
v  -1.0718 1.1317 2.6211
v  -1.0555 1.4333 2.7032
v  -0.8686 1.4333 2.6848
v  -0.8686 1.1317 2.6010
v  -0.4775 0.6050 4.2279
v  -0.2935 1.0921 4.5033
v  -1.5189 0.6050 3.3733
v  -1.8249 1.0921 3.2466
v  -1.1380 0.6050 2.9924
v  -1.2647 1.0921 2.6864
v  -0.3709 0.6050 4.1404
v  -0.1367 1.0921 4.3746
v  -1.5589 0.6050 3.5054
v  -1.8838 1.0921 3.4408
v  -0.2833 0.6050 4.0337
v  -0.0079 1.0921 4.2178
v  -1.5725 0.6050 3.6427
v  -1.9037 1.0921 3.6427
v  -0.2183 0.6050 3.9121
v  0.0877 1.0921 4.0388
v  -1.5589 0.6050 3.7800
v  -1.8838 1.0921 3.8446
v  -0.1782 0.6050 3.7800
v  0.1466 1.0921 3.8446
v  -1.5189 0.6050 3.9121
v  -1.8249 1.0921 4.0388
v  -0.1647 0.6050 3.6427
v  0.1665 1.0921 3.6427
v  -1.4538 0.6050 4.0337
v  -1.7292 1.0921 4.2178
v  -0.1782 0.6050 3.5054
v  0.1466 1.0921 3.4408
v  -1.3663 0.6050 4.1404
v  -1.6005 1.0921 4.3746
v  -0.2183 0.6050 3.3733
v  0.0877 1.0921 3.2466
v  -1.2596 0.6050 4.2279
v  -1.4437 1.0921 4.5033
v  -0.2833 0.6050 3.2516
v  -0.0079 1.0921 3.0676
v  -1.1380 0.6050 4.2930
v  -1.2647 1.0921 4.5990
v  -0.3709 0.6050 3.1450
v  -0.1367 1.0921 2.9108
v  -1.0059 0.6050 4.3330
v  -1.0705 1.0921 4.6579
v  -0.4775 0.6050 3.0574
v  -0.2935 1.0921 2.7820
v  -0.8686 3.6537 3.3013
v  -0.8686 4.1154 3.4295
v  -0.8270 4.1154 3.4336
v  -0.8020 3.6537 3.3079
v  -1.2034 3.6537 3.5761
v  -1.0777 4.1154 3.6011
v  -1.0655 4.1154 3.5611
v  -1.1840 3.6537 3.5120
v  -0.5847 3.6537 3.8323
v  -0.6913 4.1154 3.7611
v  -1.2100 3.6537 3.6427
v  -1.0818 4.1154 3.6427
v  -0.5532 3.6537 3.7733
v  -0.6716 4.1154 3.7243
v  -1.2034 3.6537 3.7093
v  -1.0777 4.1154 3.6843
v  -0.5338 3.6537 3.7093
v  -0.6595 4.1154 3.6843
v  -1.1840 3.6537 3.7733
v  -1.0655 4.1154 3.7243
v  -0.5272 3.6537 3.6427
v  -0.6554 4.1154 3.6427
v  -1.1524 3.6537 3.8323
v  -1.0458 4.1154 3.7611
v  -0.5338 3.6537 3.5761
v  -0.6595 4.1154 3.6011
v  -1.1100 3.6537 3.8841
v  -1.0193 4.1154 3.7934
v  -0.5532 3.6537 3.5120
v  -0.6716 4.1154 3.5611
v  -1.0582 3.6537 3.9265
v  -0.9870 4.1154 3.8199
v  -0.5847 3.6537 3.4530
v  -0.6913 4.1154 3.5243
v  -0.9992 3.6537 3.9581
v  -0.9502 4.1154 3.8396
v  -0.6272 3.6537 3.4013
v  -0.7179 4.1154 3.4920
v  -0.9352 3.6537 3.9775
v  -0.9102 4.1154 3.8518
v  -0.9394 4.1368 3.4718
v  -0.9714 4.1368 3.4889
v  -0.9994 4.1368 3.5119
v  -0.8686 4.1368 3.4577
v  -1.0224 4.1368 3.5399
v  -1.0395 4.1368 3.5719
v  -1.0536 4.1368 3.6427
v  -1.0500 4.1368 3.6066
v  -1.0500 4.1368 3.6788
v  -1.0395 4.1368 3.7135
v  -0.9994 4.1368 3.7735
v  -1.0224 4.1368 3.7455
v  -0.9714 4.1368 3.7965
v  -0.9394 4.1368 3.8136
v  -0.8686 4.1368 3.8277
v  -0.9047 4.1368 3.8241
v  -0.8325 4.1368 3.8241
v  -0.7978 4.1368 3.8136
v  -0.7378 4.1368 3.7735
v  -0.7658 4.1368 3.7965
v  -0.7148 4.1368 3.7455
v  -0.6977 4.1368 3.7135
v  -0.6836 4.1368 3.6427
v  -0.6871 4.1368 3.6788
v  -0.6871 4.1368 3.6066
v  -0.6977 4.1368 3.5719
v  -0.7378 4.1368 3.5119
v  -0.7148 4.1368 3.5399
v  -0.7658 4.1368 3.4889
v  -0.7978 4.1368 3.4718
v  -0.8325 4.1368 3.4612
v  -0.9047 4.1368 3.4612
v  -0.6789 3.6537 3.3588
v  -0.7502 4.1154 3.4654
v  -0.8686 3.6537 3.9841
v  -0.8686 4.1154 3.8559
v  -1.0582 3.6537 3.3588
v  -0.9870 4.1154 3.4654
v  -0.9502 4.1154 3.4457
v  -0.9992 3.6537 3.3273
v  -0.7379 3.6537 3.3273
v  -0.7870 4.1154 3.4457
v  -0.8020 3.6537 3.9775
v  -0.8270 4.1154 3.8518
v  -1.1100 3.6537 3.4013
v  -1.0193 4.1154 3.4920
v  -0.7379 3.6537 3.9581
v  -0.7870 4.1154 3.8396
v  -1.1524 3.6537 3.4530
v  -1.0458 4.1154 3.5243
v  -0.6875 3.6264 3.9137
v  -0.6994 3.6205 3.8958
v  -0.6533 3.6205 3.8580
v  -0.6382 3.6264 3.8731
v  -0.9102 4.1154 3.4336
v  -0.9352 3.6537 3.3079
v  -0.1320 1.1317 4.3792
v  -0.1913 1.4333 4.3200
v  -0.3364 1.4333 4.4391
v  -0.2899 1.1317 4.5088
v  -1.8902 1.1317 3.4395
v  -1.8081 1.4333 3.4558
v  -1.7536 1.4333 3.2761
v  -1.8309 1.1317 3.2441
v  -0.0025 1.1317 4.2214
v  -0.0721 1.4333 4.1749
v  -1.9102 1.1317 3.6427
v  -1.8265 1.4333 3.6427
v  0.0938 1.1317 4.0413
v  0.0164 1.4333 4.0093
v  -1.8902 1.1317 3.8459
v  -1.8081 1.4333 3.8296
v  0.1530 1.1317 3.8459
v  0.0709 1.4333 3.8296
v  -1.8309 1.1317 4.0413
v  -1.7536 1.4333 4.0093
v  0.1731 1.1317 3.6427
v  0.0893 1.4333 3.6427
v  -1.7347 1.1317 4.2214
v  -1.6650 1.4333 4.1749
v  0.1530 1.1317 3.4395
v  0.0709 1.4333 3.4558
v  -1.6051 1.1317 4.3792
v  -1.5459 1.4333 4.3200
v  0.0938 1.1317 3.2441
v  0.0164 1.4333 3.2761
v  -1.4473 1.1317 4.5088
v  -1.4008 1.4333 4.4391
v  -0.0025 1.1317 3.0640
v  -0.0721 1.4333 3.1105
v  -1.2672 1.1317 4.6050
v  -1.2352 1.4333 4.5277
v  -0.1320 1.1317 2.9061
v  -0.1913 1.4333 2.9654
v  -1.0718 1.1317 4.6643
v  -1.0555 1.4333 4.5822
v  -0.6817 1.4333 2.7032
v  -0.6654 1.1317 2.6211
v  -0.2899 1.1317 2.7766
v  -0.3364 1.4333 2.8462
v  -0.8686 1.1317 4.6843
v  -0.8686 1.4333 4.6006
v  -1.4473 1.1317 2.7766
v  -1.4008 1.4333 2.8462
v  -1.2352 1.4333 2.7577
v  -1.2672 1.1317 2.6803
v  -0.4700 1.1317 2.6803
v  -0.5020 1.4333 2.7577
v  -0.6654 1.1317 4.6643
v  -0.6817 1.4333 4.5822
v  -1.6051 1.1317 2.9061
v  -1.5459 1.4333 2.9654
v  -0.4700 1.1317 4.6050
v  -0.5020 1.4333 4.5277
v  -1.7347 1.1317 3.0640
v  -1.6650 1.4333 3.1105
v  -0.7467 0.5779 3.0298
v  -0.8686 0.5779 3.0178
v  -0.8686 0.0816 2.8863
v  -0.7210 0.0816 2.9008
v  -0.8686 1.1037 4.6053
v  -0.6808 1.1037 4.5868
v  -0.7453 0.6176 4.2623
v  -0.8686 0.6176 4.2744
v  -0.3490 0.5779 3.9899
v  -0.2912 0.5779 3.8818
v  -0.1698 0.0816 3.9321
v  -0.2397 0.0816 4.0629
v  -1.4935 0.5779 3.6427
v  -1.4815 0.5779 3.7646
v  -1.6104 0.0816 3.7903
v  -1.6250 0.0816 3.6427
v  -0.2557 0.5779 3.7646
v  -0.1267 0.0816 3.7903
v  -1.4459 0.5779 3.8818
v  -1.5674 0.0816 3.9321
v  -0.2437 0.5779 3.6427
v  -0.1122 0.0816 3.6427
v  -1.3882 0.5779 3.9899
v  -1.4975 0.0816 4.0629
v  -0.2557 0.5779 3.5208
v  -0.1267 0.0816 3.4951
v  -1.3105 0.5779 4.0846
v  -1.4034 0.0816 4.1775
v  -0.2912 0.5779 3.4035
v  -0.1698 0.0816 3.3532
v  -1.2158 0.5779 4.1623
v  -1.2888 0.0816 4.2716
v  -0.3490 0.5779 3.2955
v  -0.2397 0.0816 3.2225
v  -1.1077 0.5779 4.2200
v  -1.1580 0.0816 4.3415
v  -0.4267 0.5779 3.2008
v  -0.3337 0.0816 3.1078
v  -0.9905 0.5779 4.2556
v  -1.0162 0.0816 4.3845
v  -1.1517 0.0602 2.9592
v  -1.2796 0.0602 3.0276
v  -1.3917 0.0602 3.1196
v  -0.8686 0.0602 2.9029
v  -1.4837 0.0602 3.2317
v  -1.5521 0.0602 3.3596
v  -1.6084 0.0602 3.6427
v  -1.5942 0.0602 3.4984
v  -1.5942 0.0602 3.7870
v  -1.5521 0.0602 3.9258
v  -1.3917 0.0602 4.1658
v  -1.4837 0.0602 4.0537
v  -1.2796 0.0602 4.2578
v  -1.1517 0.0602 4.3262
v  -0.8686 0.0602 4.3825
v  -1.0129 0.0602 4.3683
v  -0.7243 0.0602 4.3683
v  -0.5855 0.0602 4.3262
v  -0.3455 0.0602 4.1658
v  -0.4576 0.0602 4.2578
v  -0.2535 0.0602 4.0537
v  -0.1851 0.0602 3.9258
v  -0.1288 0.0602 3.6427
v  -0.1430 0.0602 3.7870
v  -0.1430 0.0602 3.4984
v  -0.1851 0.0602 3.3596
v  -0.3455 0.0602 3.1196
v  -0.2535 0.0602 3.2317
v  -0.4576 0.0602 3.0276
v  -0.5855 0.0602 2.9592
v  -0.7243 0.0602 2.9171
v  -1.0129 0.0602 2.9171
v  -0.5214 0.5779 3.1231
v  -0.4484 0.0816 3.0138
v  -0.8686 0.5779 4.2676
v  -0.8686 0.0816 4.3991
v  -1.1077 0.5779 3.0653
v  -1.2158 0.5779 3.1231
v  -1.2888 0.0816 3.0138
v  -1.1580 0.0816 2.9439
v  -0.6294 0.5779 3.0653
v  -0.5791 0.0816 2.9439
v  -0.7467 0.5779 4.2556
v  -0.7210 0.0816 4.3845
v  -1.3105 0.5779 3.2008
v  -1.4034 0.0816 3.1078
v  -0.6294 0.5779 4.2200
v  -0.5791 0.0816 4.3415
v  -1.3882 0.5779 3.2955
v  -1.4975 0.0816 3.2225
v  -0.8686 1.1037 2.6801
v  -1.0564 1.1037 2.6986
v  -0.9918 0.6176 3.0231
v  -0.8686 0.6176 3.0110
v  -0.5214 0.5779 4.1623
v  -0.4484 0.0816 4.2716
v  -1.4459 0.5779 3.4035
v  -1.5674 0.0816 3.3532
v  -0.9905 0.5779 3.0298
v  -1.0162 0.0816 2.9008
v  -0.4267 0.5779 4.0846
v  -0.3337 0.0816 4.1775
v  -1.4815 0.5779 3.5208
v  -1.6104 0.0816 3.4951
v  -0.7788 4.0515 3.7770
v  -0.7543 4.0515 3.7569
v  -0.6726 3.6358 3.8386
v  -0.7146 3.6358 3.8731
v  -1.4034 1.1037 2.8423
v  -1.5492 1.1037 2.9621
v  -1.3153 0.6176 3.1960
v  -1.2196 0.6176 3.1174
v  -0.5002 1.1037 2.7534
v  -0.6808 1.1037 2.6986
v  -0.7453 0.6176 3.0231
v  -0.6268 0.6176 3.0591
v  -0.5002 1.1037 4.5320
v  -0.6268 0.6176 4.2263
v  -1.6689 1.1037 3.1079
v  -1.3938 0.6176 3.2917
v  -0.8686 1.4155 2.7491
v  -1.0429 1.4155 2.7662
v  -1.0577 1.1433 2.6922
v  -0.8686 1.1433 2.6736
v  -0.3338 1.1037 4.4430
v  -0.5176 0.6176 4.1679
v  -1.7579 1.1037 3.2743
v  -1.4522 0.6176 3.4009
v  -1.2369 1.1037 2.7534
v  -1.1103 0.6176 3.0591
v  -0.1880 1.1037 4.3233
v  -0.4219 0.6176 4.0894
v  -1.8127 1.1037 3.4549
v  -1.4882 0.6176 3.5194
v  -0.0682 1.1037 4.1775
v  -0.3433 0.6176 3.9937
v  -1.8312 1.1037 3.6427
v  -1.5003 0.6176 3.6427
v  0.0207 1.1037 4.0110
v  -0.2850 0.6176 3.8844
v  -1.8127 1.1037 3.8305
v  -1.4882 0.6176 3.7659
v  0.0755 1.1037 3.8305
v  -0.2490 0.6176 3.7659
v  -1.7579 1.1037 4.0110
v  -1.4522 0.6176 3.8844
v  0.0940 1.1037 3.6427
v  -0.2369 0.6176 3.6427
v  -1.6689 1.1037 4.1775
v  -1.3938 0.6176 3.9937
v  0.0755 1.1037 3.4549
v  -0.2490 0.6176 3.5194
v  -1.5492 1.1037 4.3233
v  -1.3153 0.6176 4.0894
v  0.0207 1.1037 3.2743
v  -0.2850 0.6176 3.4009
v  -1.4034 1.1037 4.4430
v  -1.2196 0.6176 4.1679
v  -0.0682 1.1037 3.1079
v  -0.3433 0.6176 3.2917
v  -1.2369 1.1037 4.5320
v  -1.1103 0.6176 4.2263
v  -0.1880 1.1037 2.9621
v  -0.4219 0.6176 3.1960
v  -1.0564 1.1037 4.5868
v  -0.9918 0.6176 4.2623
v  -0.3338 1.1037 2.8423
v  -0.5176 0.6176 3.1174
v  -0.8371 4.0515 3.4842
v  -0.8686 4.0515 3.4811
v  -0.8686 3.6358 3.3656
v  -0.8145 3.6358 3.3709
v  -1.0178 4.0515 3.5809
v  -1.0270 4.0515 3.6112
v  -1.1404 3.6358 3.5886
v  -1.1246 3.6358 3.5366
v  -0.7343 4.0515 3.7324
v  -0.6382 3.6358 3.7966
v  -1.0301 4.0515 3.6427
v  -1.1457 3.6358 3.6427
v  -0.7193 4.0515 3.7045
v  -0.6126 3.6358 3.7487
v  -1.0270 4.0515 3.6742
v  -1.1404 3.6358 3.6968
v  -0.7101 4.0515 3.6742
v  -0.5968 3.6358 3.6968
v  -1.0178 4.0515 3.7045
v  -1.1246 3.6358 3.7487
v  -0.7070 4.0515 3.6427
v  -0.5915 3.6358 3.6427
v  -1.0029 4.0515 3.7324
v  -1.0990 3.6358 3.7966
v  -0.7101 4.0515 3.6112
v  -0.5968 3.6358 3.5886
v  -0.9828 4.0515 3.7569
v  -1.0645 3.6358 3.8386
v  -0.7193 4.0515 3.5809
v  -0.6126 3.6358 3.5366
v  -0.9583 4.0515 3.7770
v  -1.0225 3.6358 3.8731
v  -0.7343 4.0515 3.5529
v  -0.6382 3.6358 3.4887
v  -0.9304 4.0515 3.7920
v  -0.9746 3.6358 3.8987
v  -0.7543 4.0515 3.5284
v  -0.6726 3.6358 3.4467
v  -0.9001 4.0515 3.8011
v  -0.9227 3.6358 3.9145
v  -0.8686 4.0728 3.5093
v  -0.8426 4.0728 3.5119
v  -0.8175 4.0728 3.5194
v  -0.9196 4.0728 3.5194
v  -0.7945 4.0728 3.5318
v  -0.7743 4.0728 3.5484
v  -0.7453 4.0728 3.5916
v  -0.7577 4.0728 3.5686
v  -0.7378 4.0728 3.6167
v  -0.7352 4.0728 3.6427
v  -0.7453 4.0728 3.6937
v  -0.7378 4.0728 3.6687
v  -0.7577 4.0728 3.7168
v  -0.7743 4.0728 3.7370
v  -0.8175 4.0728 3.7659
v  -0.7945 4.0728 3.7536
v  -0.8426 4.0728 3.7735
v  -0.8686 4.0728 3.7761
v  -0.9196 4.0728 3.7659
v  -0.8946 4.0728 3.7735
v  -0.9427 4.0728 3.7536
v  -0.9629 4.0728 3.7370
v  -0.9918 4.0728 3.6937
v  -0.9795 4.0728 3.7168
v  -0.9994 4.0728 3.6687
v  -1.0020 4.0728 3.6427
v  -0.9918 4.0728 3.5916
v  -0.9994 4.0728 3.6167
v  -0.9795 4.0728 3.5686
v  -0.9629 4.0728 3.5484
v  -0.9427 4.0728 3.5318
v  -0.8946 4.0728 3.5119
v  -0.7788 4.0515 3.5084
v  -0.7146 3.6358 3.4123
v  -0.8686 4.0515 3.8042
v  -0.8686 3.6358 3.9198
v  -0.9304 4.0515 3.4934
v  -0.9583 4.0515 3.5084
v  -1.0225 3.6358 3.4123
v  -0.9746 3.6358 3.3867
v  -0.8068 4.0515 3.4934
v  -0.7625 3.6358 3.3867
v  -0.8371 4.0515 3.8011
v  -0.8145 3.6358 3.9145
v  -0.9828 4.0515 3.5284
v  -1.0645 3.6358 3.4467
v  -0.8068 4.0515 3.7920
v  -0.7625 3.6358 3.8987
v  -1.0029 4.0515 3.5529
v  -1.0990 3.6358 3.4887
v  -0.9001 4.0515 3.4842
v  -0.9227 3.6358 3.3709
v  -0.3721 1.4155 4.3857
v  -0.2367 1.4155 4.2746
v  -0.1833 1.1433 4.3280
v  -0.3302 1.1433 4.4485
v  -1.6942 1.4155 3.3007
v  -1.7450 1.4155 3.4684
v  -1.8191 1.1433 3.4536
v  -1.7639 1.1433 3.2718
v  -0.1256 1.4155 4.1392
v  -0.0628 1.1433 4.1811
v  -1.7622 1.4155 3.6427
v  -1.8377 1.1433 3.6427
v  -0.0430 1.4155 3.9847
v  0.0268 1.1433 4.0136
v  -1.7450 1.4155 3.8170
v  -1.8191 1.1433 3.8318
v  0.0079 1.4155 3.8170
v  0.0819 1.1433 3.8318
v  -1.6942 1.4155 3.9847
v  -1.7639 1.1433 4.0136
v  0.0250 1.4155 3.6427
v  0.1005 1.1433 3.6427
v  -1.6116 1.4155 4.1392
v  -1.6744 1.1433 4.1811
v  0.0079 1.4155 3.4684
v  0.0819 1.1433 3.4536
v  -1.5005 1.4155 4.2746
v  -1.5539 1.1433 4.3280
v  -0.0430 1.4155 3.3007
v  0.0268 1.1433 3.2718
v  -1.3651 1.4155 4.3857
v  -1.4070 1.1433 4.4485
v  -0.1256 1.4155 3.1462
v  -0.0628 1.1433 3.1043
v  -1.2106 1.4155 4.4683
v  -1.2395 1.1433 4.5380
v  -0.2367 1.4155 3.0108
v  -0.1833 1.1433 2.9574
v  -1.0429 1.4155 4.5191
v  -1.0577 1.1433 4.5932
v  -0.6942 1.4155 2.7662
v  -0.6795 1.1433 2.6922
v  -0.3721 1.4155 2.8997
v  -0.3302 1.1433 2.8369
v  -0.8686 1.4155 4.5363
v  -0.8686 1.1433 4.6118
v  -1.2106 1.4155 2.8171
v  -1.3651 1.4155 2.8997
v  -1.4070 1.1433 2.8369
v  -1.2395 1.1433 2.7473
v  -0.5266 1.4155 2.8171
v  -0.4977 1.1433 2.7473
v  -0.6942 1.4155 4.5191
v  -0.6795 1.1433 4.5932
v  -1.5005 1.4155 3.0108
v  -1.5539 1.1433 2.9574
v  -0.5266 1.4155 4.4683
v  -0.4977 1.1433 4.5380
v  -1.6116 1.4155 3.1462
v  -1.6744 1.1433 3.1043
v  -0.6382 3.6264 3.4123
v  -0.6533 3.6205 3.4274
v  -0.6994 3.6205 3.3895
v  -0.6875 3.6264 3.3717
v  -0.6154 3.6205 3.8118
v  -0.5976 3.6264 3.8237
v  -1.1697 3.6264 3.5180
v  -1.1499 3.6205 3.5262
v  -1.1672 3.6205 3.5833
v  -1.1882 3.6264 3.5791
v  -0.3516 1.4487 4.4164
v  -0.3635 1.4428 4.3986
v  -0.5207 1.4428 4.4826
v  -0.5125 1.4487 4.5024
v  -0.7439 3.6264 3.3416
v  -0.7521 3.6205 3.3614
v  -0.8092 3.6205 3.3441
v  -0.8050 3.6264 3.3231
v  -1.0496 3.6264 3.3717
v  -1.0377 3.6205 3.3895
v  -1.0839 3.6205 3.4274
v  -1.0990 3.6264 3.4123
v  -0.8686 3.6264 3.9686
v  -0.8686 3.6205 3.9472
v  -0.8092 3.6205 3.9413
v  -0.8050 3.6264 3.9623
v  -0.9933 3.6264 3.3416
v  -0.9851 3.6205 3.3614
v  -0.9322 3.6264 3.9623
v  -0.9280 3.6205 3.9413
v  -0.8686 3.6264 3.3168
v  -0.8686 3.6205 3.3382
v  -0.9280 3.6205 3.3441
v  -0.9322 3.6264 3.3231
v  -0.9933 3.6264 3.9438
v  -0.9851 3.6205 3.9240
v  -0.5976 3.6264 3.4616
v  -0.6154 3.6205 3.4735
v  -1.0496 3.6264 3.9137
v  -1.0377 3.6205 3.8958
v  -0.5675 3.6264 3.5180
v  -0.5873 3.6205 3.5262
v  -1.0990 3.6264 3.8731
v  -1.0839 3.6205 3.8580
v  -0.5490 3.6264 3.5791
v  -0.5700 3.6205 3.5833
v  -1.1396 3.6264 3.8237
v  -1.1217 3.6205 3.8118
v  -0.5427 3.6264 3.6427
v  -0.5641 3.6205 3.6427
v  -1.1697 3.6264 3.7674
v  -1.1499 3.6205 3.7592
v  -0.5490 3.6264 3.7063
v  -0.5700 3.6205 3.7021
v  -1.1882 3.6264 3.7063
v  -1.1672 3.6205 3.7021
v  -0.5675 3.6264 3.7674
v  -0.5873 3.6205 3.7592
v  -1.1945 3.6264 3.6427
v  -1.1731 3.6205 3.6427
v  -1.1396 3.6264 3.4616
v  -1.1217 3.6205 3.4735
v  -0.7439 3.6264 3.9438
v  -0.7521 3.6205 3.9240
v  -0.6912 1.4428 4.5344
v  -0.6870 1.4487 4.5554
v  -1.6423 1.4487 3.1257
v  -1.6245 1.4428 3.1376
v  -1.5114 1.4428 2.9998
v  -1.5266 1.4487 2.9847
v  -1.7813 1.4487 3.4611
v  -1.7603 1.4428 3.4653
v  -1.7085 1.4428 3.2948
v  -1.7283 1.4487 3.2866
v  -0.0949 1.4487 4.1597
v  -0.1127 1.4428 4.1478
v  -0.2257 1.4428 4.2855
v  -0.2106 1.4487 4.3007
v  -1.7991 1.4487 3.6427
v  -1.7777 1.4428 3.6427
v  -0.0089 1.4487 3.9988
v  -0.0287 1.4428 3.9906
v  -1.7813 1.4487 3.8242
v  -1.7603 1.4428 3.8201
v  0.0441 1.4487 3.8242
v  0.0231 1.4428 3.8201
v  -1.7283 1.4487 3.9988
v  -1.7085 1.4428 3.9906
v  0.0620 1.4487 3.6427
v  0.0405 1.4428 3.6427
v  -1.6423 1.4487 4.1597
v  -1.6245 1.4428 4.1478
v  0.0441 1.4487 3.4611
v  0.0231 1.4428 3.4653
v  -1.5266 1.4487 4.3007
v  -1.5114 1.4428 4.2855
v  -0.0089 1.4487 3.2866
v  -0.0287 1.4428 3.2948
v  -1.3856 1.4487 4.4164
v  -1.3737 1.4428 4.3986
v  -0.0949 1.4487 3.1257
v  -0.1127 1.4428 3.1376
v  -1.2247 1.4487 4.5024
v  -1.2165 1.4428 4.4826
v  -0.2106 1.4487 2.9847
v  -0.2257 1.4428 2.9998
v  -0.8686 1.4487 2.7121
v  -0.8686 1.4428 2.7336
v  -0.6912 1.4428 2.7510
v  -0.6870 1.4487 2.7300
v  -1.0501 1.4487 4.5554
v  -1.0460 1.4428 4.5344
v  -1.2247 1.4487 2.7830
v  -1.2165 1.4428 2.8028
v  -1.0460 1.4428 2.7510
v  -1.0501 1.4487 2.7300
v  -0.3516 1.4487 2.8690
v  -0.3635 1.4428 2.8868
v  -0.8686 1.4487 4.5732
v  -0.8686 1.4428 4.5518
v  -1.3856 1.4487 2.8690
v  -1.3737 1.4428 2.8868
v  -0.5125 1.4487 2.7830
v  -0.5207 1.4428 2.8028
v  -0.8686 0.0043 2.8030
v  -1.0324 0.0043 2.8191
v  -1.1899 0.0043 2.8669
v  -1.3351 0.0043 2.9445
v  -1.4623 0.0043 3.0489
v  -1.5668 0.0043 3.1762
v  -1.6444 0.0043 3.3214
v  -1.6921 0.0043 3.4789
v  -1.7083 0.0043 3.6427
v  -1.6921 0.0043 3.8065
v  -1.6444 0.0043 3.9640
v  -1.5668 0.0043 4.1092
v  -1.4623 0.0043 4.2364
v  -1.3351 0.0043 4.3409
v  -1.1899 0.0043 4.4185
v  -1.0324 0.0043 4.4662
v  -0.8686 0.0043 4.4824
v  -0.7048 0.0043 4.4662
v  -0.5473 0.0043 4.4185
v  -0.4021 0.0043 4.3409
v  -0.2748 0.0043 4.2364
v  -0.1704 0.0043 4.1092
v  -0.0928 0.0043 3.9640
v  -0.0450 0.0043 3.8065
v  -0.0289 0.0043 3.6427
v  -0.0450 0.0043 3.4789
v  -0.0928 0.0043 3.3214
v  -0.1704 0.0043 3.1762
v  -0.2748 0.0043 3.0489
v  -0.4021 0.0043 2.9445
v  -0.5473 0.0043 2.8669
v  -0.7048 0.0043 2.8191
v  -0.8686 0.5857 2.9460
v  -1.0045 0.5857 2.9593
v  -1.1352 0.5857 2.9990
v  -1.2557 0.5857 3.0634
v  -1.3613 0.5857 3.1500
v  -1.4479 0.5857 3.2556
v  -1.5123 0.5857 3.3761
v  -1.5519 0.5857 3.5068
v  -1.5653 0.5857 3.6427
v  -1.5519 0.5857 3.7786
v  -1.5123 0.5857 3.9093
v  -1.4479 0.5857 4.0298
v  -1.3613 0.5857 4.1354
v  -1.2557 0.5857 4.2220
v  -1.1352 0.5857 4.2864
v  -1.0045 0.5857 4.3260
v  -0.8686 0.5857 4.3394
v  -0.7327 0.5857 4.3260
v  -0.6020 0.5857 4.2864
v  -0.4815 0.5857 4.2220
v  -0.3759 0.5857 4.1354
v  -0.2893 0.5857 4.0298
v  -0.2249 0.5857 3.9093
v  -0.1852 0.5857 3.7786
v  -0.1718 0.5857 3.6427
v  -0.1852 0.5857 3.5068
v  -0.2249 0.5857 3.3761
v  -0.2893 0.5857 3.2556
v  -0.3759 0.5857 3.1500
v  -0.4815 0.5857 3.0634
v  -0.6020 0.5857 2.9990
v  -0.7327 0.5857 2.9593
v  -0.8686 1.1113 2.6005
v  -1.0719 1.1113 2.6205
v  -1.2674 1.1113 2.6798
v  -1.4476 1.1113 2.7762
v  -1.6055 1.1113 2.9058
v  -1.7351 1.1113 3.0637
v  -1.8314 1.1113 3.2439
v  -1.8907 1.1113 3.4394
v  -1.9108 1.1113 3.6427
v  -1.8907 1.1113 3.8460
v  -1.8314 1.1113 4.0415
v  -1.7351 1.1113 4.2217
v  -1.6055 1.1113 4.3796
v  -1.4476 1.1113 4.5092
v  -1.2674 1.1113 4.6055
v  -1.0719 1.1113 4.6648
v  -0.8686 1.1113 4.6849
v  -0.6653 1.1113 4.6648
v  -0.4698 1.1113 4.6055
v  -0.2896 1.1113 4.5092
v  -0.1317 1.1113 4.3796
v  -0.0020 1.1113 4.2217
v  0.0943 1.1113 4.0415
v  0.1536 1.1113 3.8460
v  0.1736 1.1113 3.6427
v  0.1536 1.1113 3.4394
v  0.0943 1.1113 3.2439
v  -0.0020 1.1113 3.0637
v  -0.1317 1.1113 2.9058
v  -0.2896 1.1113 2.7762
v  -0.4698 1.1113 2.6798
v  -0.6653 1.1113 2.6205
v  -0.8686 4.1305 3.4402
v  -0.9081 4.1305 3.4441
v  -0.9461 4.1305 3.4556
v  -0.9811 4.1305 3.4743
v  -1.0118 4.1305 3.4995
v  -1.0369 4.1305 3.5302
v  -1.0556 4.1305 3.5652
v  -1.0672 4.1305 3.6032
v  -1.0711 4.1305 3.6427
v  -1.0672 4.1305 3.6822
v  -1.0556 4.1305 3.7202
v  -1.0369 4.1305 3.7552
v  -1.0118 4.1305 3.7859
v  -0.9811 4.1305 3.8110
v  -0.9461 4.1305 3.8297
v  -0.9081 4.1305 3.8413
v  -0.8686 4.1305 3.8452
v  -0.8291 4.1305 3.8413
v  -0.7911 4.1305 3.8297
v  -0.7561 4.1305 3.8110
v  -0.7254 4.1305 3.7859
v  -0.7002 4.1305 3.7552
v  -0.6815 4.1305 3.7202
v  -0.6700 4.1305 3.6822
v  -0.6661 4.1305 3.6427
v  -0.6700 4.1305 3.6032
v  -0.6815 4.1305 3.5652
v  -0.7002 4.1305 3.5302
v  -0.7254 4.1305 3.4995
v  -0.7561 4.1305 3.4743
v  -0.7911 4.1305 3.4556
v  -0.8291 4.1305 3.4441
v  -0.8024 3.6369 3.3099
v  -0.8686 3.6369 3.3034
v  -1.1085 3.6369 3.4028
v  -1.1507 3.6369 3.4542
v  -0.8024 3.6369 3.9755
v  -0.7387 3.6369 3.9562
v  -0.7387 3.6369 3.3292
v  -1.0571 3.6369 3.3606
v  -0.8686 3.6369 3.9820
v  -0.6801 3.6369 3.3606
v  -0.9984 3.6369 3.3292
v  -0.9348 3.6369 3.9755
v  -0.6287 3.6369 3.4028
v  -0.9348 3.6369 3.3099
v  -0.9984 3.6369 3.9562
v  -0.5865 3.6369 3.4542
v  -1.0571 3.6369 3.9248
v  -0.5551 3.6369 3.5128
v  -1.1085 3.6369 3.8826
v  -0.5358 3.6369 3.5765
v  -1.1507 3.6369 3.8312
v  -0.5293 3.6369 3.6427
v  -1.1821 3.6369 3.7725
v  -0.5358 3.6369 3.7089
v  -1.2014 3.6369 3.7089
v  -0.5551 3.6369 3.7725
v  -1.2079 3.6369 3.6427
v  -0.5865 3.6369 3.8312
v  -1.2014 3.6369 3.5765
v  -0.6287 3.6369 3.8826
v  -1.1821 3.6369 3.5128
v  -0.6801 3.6369 3.9248
v  -0.5060 1.4467 4.5180
v  -0.3422 1.4467 4.4304
v  -1.6563 1.4467 3.1163
v  -1.7439 1.4467 3.2801
v  -0.1987 1.4467 4.3126
v  -1.7978 1.4467 3.4579
v  -0.0808 1.4467 4.1691
v  -1.8160 1.4467 3.6427
v  0.0067 1.4467 4.0053
v  -1.7978 1.4467 3.8275
v  0.0606 1.4467 3.8275
v  -1.7439 1.4467 4.0053
v  0.0788 1.4467 3.6427
v  -1.6563 1.4467 4.1691
v  0.0606 1.4467 3.4579
v  -1.5385 1.4467 4.3126
v  0.0067 1.4467 3.2801
v  -1.3950 1.4467 4.4304
v  -0.0808 1.4467 3.1163
v  -1.2312 1.4467 4.5180
v  -0.8686 1.4467 2.6953
v  -1.0534 1.4467 2.7135
v  -0.1987 1.4467 2.9728
v  -1.0534 1.4467 4.5719
v  -1.2312 1.4467 2.7674
v  -0.3422 1.4467 2.8549
v  -0.8686 1.4467 4.5901
v  -1.3950 1.4467 2.8549
v  -0.5060 1.4467 2.7674
v  -0.6838 1.4467 4.5719
v  -1.5385 1.4467 2.9728
v  -0.6838 1.4467 2.7135
v  -0.8686 0.0665 2.8888
v  -1.0157 0.0665 2.9033
v  -1.1571 0.0665 2.9462
v  -1.2874 0.0665 3.0159
v  -1.4017 0.0665 3.1096
v  -1.4954 0.0665 3.2239
v  -1.5651 0.0665 3.3542
v  -1.6080 0.0665 3.4956
v  -1.6225 0.0665 3.6427
v  -1.6080 0.0665 3.7898
v  -1.5651 0.0665 3.9312
v  -1.4954 0.0665 4.0615
v  -1.4017 0.0665 4.1758
v  -1.2874 0.0665 4.2695
v  -1.1571 0.0665 4.3392
v  -1.0157 0.0665 4.3821
v  -0.8686 0.0665 4.3966
v  -0.7215 0.0665 4.3821
v  -0.5801 0.0665 4.3392
v  -0.4498 0.0665 4.2695
v  -0.3355 0.0665 4.1758
v  -0.2418 0.0665 4.0615
v  -0.1721 0.0665 3.9312
v  -0.1292 0.0665 3.7898
v  -0.1147 0.0665 3.6427
v  -0.1292 0.0665 3.4956
v  -0.1721 0.0665 3.3542
v  -0.2418 0.0665 3.2239
v  -0.3355 0.0665 3.1096
v  -0.4498 0.0665 3.0159
v  -0.5801 0.0665 2.9462
v  -0.7215 0.0665 2.9033
v  -0.8686 0.5984 3.0181
v  -0.9904 0.5984 3.0301
v  -1.1076 0.5984 3.0657
v  -1.2156 0.5984 3.1234
v  -1.3102 0.5984 3.2011
v  -1.3879 0.5984 3.2957
v  -1.4456 0.5984 3.4037
v  -1.4811 0.5984 3.5208
v  -1.4931 0.5984 3.6427
v  -1.4811 0.5984 3.7645
v  -1.4456 0.5984 3.8817
v  -1.3879 0.5984 3.9897
v  -1.3102 0.5984 4.0843
v  -1.2156 0.5984 4.1620
v  -1.1076 0.5984 4.2197
v  -0.9904 0.5984 4.2552
v  -0.8686 0.5984 4.2672
v  -0.7467 0.5984 4.2552
v  -0.6296 0.5984 4.2197
v  -0.5216 0.5984 4.1620
v  -0.4270 0.5984 4.0843
v  -0.3493 0.5984 3.9897
v  -0.2916 0.5984 3.8817
v  -0.2560 0.5984 3.7645
v  -0.2440 0.5984 3.6427
v  -0.2560 0.5984 3.5208
v  -0.2916 0.5984 3.4037
v  -0.3493 0.5984 3.2957
v  -0.4270 0.5984 3.2011
v  -0.5216 0.5984 3.1234
v  -0.6296 0.5984 3.0657
v  -0.7467 0.5984 3.0301
v  -0.8686 1.1229 2.6730
v  -1.0578 1.1229 2.6917
v  -1.2397 1.1229 2.7469
v  -1.4073 1.1229 2.8365
v  -1.5542 1.1229 2.9570
v  -1.6748 1.1229 3.1040
v  -1.7644 1.1229 3.2716
v  -1.8196 1.1229 3.4535
v  -1.8382 1.1229 3.6427
v  -1.8196 1.1229 3.8319
v  -1.7644 1.1229 4.0138
v  -1.6748 1.1229 4.1814
v  -1.5542 1.1229 4.3283
v  -1.4073 1.1229 4.4489
v  -1.2397 1.1229 4.5385
v  -1.0578 1.1229 4.5937
v  -0.8686 1.1229 4.6123
v  -0.6794 1.1229 4.5937
v  -0.4975 1.1229 4.5385
v  -0.3299 1.1229 4.4489
v  -0.1829 1.1229 4.3283
v  -0.0624 1.1229 4.1814
v  0.0272 1.1229 4.0138
v  0.0824 1.1229 3.8319
v  0.1011 1.1229 3.6427
v  0.0824 1.1229 3.4535
v  0.0272 1.1229 3.2716
v  -0.0624 1.1229 3.1040
v  -0.1829 1.1229 2.9570
v  -0.3299 1.1229 2.8365
v  -0.4975 1.1229 2.7469
v  -0.6794 1.1229 2.6917
v  -0.8686 4.0666 3.4918
v  -0.8980 4.0666 3.4947
v  -0.9263 4.0666 3.5033
v  -0.9524 4.0666 3.5173
v  -0.9753 4.0666 3.5360
v  -0.9940 4.0666 3.5589
v  -1.0080 4.0666 3.5850
v  -1.0165 4.0666 3.6133
v  -1.0194 4.0666 3.6427
v  -1.0165 4.0666 3.6721
v  -1.0080 4.0666 3.7004
v  -0.9940 4.0666 3.7265
v  -0.9753 4.0666 3.7494
v  -0.9524 4.0666 3.7681
v  -0.9263 4.0666 3.7821
v  -0.8980 4.0666 3.7906
v  -0.8686 4.0666 3.7935
v  -0.8392 4.0666 3.7906
v  -0.8109 4.0666 3.7821
v  -0.7848 4.0666 3.7681
v  -0.7619 4.0666 3.7494
v  -0.7432 4.0666 3.7265
v  -0.7292 4.0666 3.7004
v  -0.7206 4.0666 3.6721
v  -0.7177 4.0666 3.6427
v  -0.7206 4.0666 3.6133
v  -0.7292 4.0666 3.5850
v  -0.7432 4.0666 3.5589
v  -0.7619 4.0666 3.5360
v  -0.7848 4.0666 3.5173
v  -0.8109 4.0666 3.5033
v  -0.8392 4.0666 3.4947
v  -0.8125 3.6225 3.3606
v  -0.8686 3.6225 3.3551
v  -1.0719 3.6225 3.4393
v  -1.1077 3.6225 3.4829
v  -0.8125 3.6225 3.9247
v  -0.7585 3.6225 3.9084
v  -0.7585 3.6225 3.3770
v  -1.0284 3.6225 3.4036
v  -0.8686 3.6225 3.9303
v  -0.7088 3.6225 3.4036
v  -0.9786 3.6225 3.3770
v  -0.9247 3.6225 3.9247
v  -0.6652 3.6225 3.4393
v  -0.9247 3.6225 3.3606
v  -0.9786 3.6225 3.9084
v  -0.6295 3.6225 3.4829
v  -1.0284 3.6225 3.8818
v  -0.6029 3.6225 3.5326
v  -1.0719 3.6225 3.8460
v  -0.5865 3.6225 3.5866
v  -1.1077 3.6225 3.8025
v  -0.5810 3.6225 3.6427
v  -1.1343 3.6225 3.7527
v  -0.5865 3.6225 3.6988
v  -1.1506 3.6225 3.6988
v  -0.6029 3.6225 3.7527
v  -1.1562 3.6225 3.6427
v  -0.6295 3.6225 3.8025
v  -1.1506 3.6225 3.5866
v  -0.6652 3.6225 3.8460
v  -1.1343 3.6225 3.5326
v  -0.7088 3.6225 3.8818
v  -0.5258 1.4323 4.4702
v  -0.3710 1.4323 4.3875
v  -1.6134 1.4323 3.1451
v  -1.6961 1.4323 3.2999
v  -0.2352 1.4323 4.2761
v  -1.7471 1.4323 3.4679
v  -0.1238 1.4323 4.1403
v  -1.7643 1.4323 3.6427
v  -0.0411 1.4323 3.9855
v  -1.7471 1.4323 3.8174
v  0.0099 1.4323 3.8174
v  -1.6961 1.4323 3.9855
v  0.0271 1.4323 3.6427
v  -1.6134 1.4323 4.1403
v  0.0099 1.4323 3.4679
v  -1.5020 1.4323 4.2761
v  -0.0411 1.4323 3.2999
v  -1.3662 1.4323 4.3875
v  -0.1238 1.4323 3.1451
v  -1.2114 1.4323 4.4702
v  -0.8686 1.4323 2.7470
v  -1.0433 1.4323 2.7642
v  -0.2352 1.4323 3.0093
v  -1.0433 1.4323 4.5212
v  -1.2114 1.4323 2.8152
v  -0.3710 1.4323 2.8979
v  -0.8686 1.4323 4.5384
v  -1.3662 1.4323 2.8979
v  -0.5258 1.4323 2.8152
v  -0.6938 1.4323 4.5212
v  -1.5020 1.4323 3.0093
v  -0.6938 1.4323 2.7642
# 1152 vertices

vn -0.0000 0.0476 -0.9989
vn -0.0000 0.1395 -0.9902
vn 0.1932 0.1395 -0.9712
vn 0.1949 0.0476 -0.9797
vn 0.1730 -0.4618 0.8699
vn 0.1738 -0.4544 0.8737
vn -0.0000 -0.4544 0.8908
vn -0.0000 -0.4618 0.8870
vn 0.9228 0.0476 0.3822
vn 0.9148 0.1395 0.3789
vn 0.8233 0.1395 0.5501
vn 0.8305 0.0476 0.5549
vn -0.9797 0.0476 0.1949
vn -0.9712 0.1395 0.1932
vn -0.9902 0.1395 -0.0000
vn -0.9989 0.0476 -0.0000
vn 0.9797 0.0476 0.1949
vn 0.9712 0.1395 0.1932
vn -0.9228 0.0476 0.3822
vn -0.9148 0.1395 0.3789
vn 0.9989 0.0476 -0.0000
vn 0.9902 0.1395 -0.0000
vn -0.8305 0.0476 0.5549
vn -0.8233 0.1395 0.5501
vn 0.9797 0.0476 -0.1949
vn 0.9712 0.1395 -0.1932
vn -0.7063 0.0476 0.7063
vn -0.7002 0.1395 0.7002
vn 0.9228 0.0476 -0.3822
vn 0.9148 0.1395 -0.3789
vn -0.5549 0.0476 0.8305
vn -0.5501 0.1395 0.8233
vn 0.8305 0.0476 -0.5549
vn 0.8233 0.1395 -0.5501
vn -0.3822 0.0476 0.9228
vn -0.3789 0.1395 0.9148
vn 0.7063 0.0476 -0.7063
vn 0.7002 0.1395 -0.7002
vn -0.1949 0.0476 0.9797
vn -0.1932 0.1395 0.9712
vn -0.0000 -0.9754 -0.2205
vn 0.0430 -0.9754 -0.2163
vn 0.0844 -0.9754 -0.2037
vn -0.0844 -0.9754 -0.2037
vn 0.1225 -0.9754 -0.1833
vn 0.1559 -0.9754 -0.1559
vn 0.2037 -0.9754 -0.0844
vn 0.1833 -0.9754 -0.1225
vn 0.2163 -0.9754 -0.0430
vn 0.2205 -0.9754 -0.0000
vn 0.2037 -0.9754 0.0844
vn 0.2163 -0.9754 0.0430
vn 0.1833 -0.9754 0.1225
vn 0.1559 -0.9754 0.1559
vn 0.0844 -0.9754 0.2037
vn 0.1225 -0.9754 0.1833
vn 0.0430 -0.9754 0.2163
vn -0.0000 -0.9754 0.2205
vn -0.0844 -0.9754 0.2037
vn -0.0430 -0.9754 0.2163
vn -0.1225 -0.9754 0.1833
vn -0.1559 -0.9754 0.1559
vn -0.2037 -0.9754 0.0844
vn -0.1833 -0.9754 0.1225
vn -0.2163 -0.9754 0.0430
vn -0.2205 -0.9754 -0.0000
vn -0.2037 -0.9754 -0.0844
vn -0.2163 -0.9754 -0.0430
vn -0.1833 -0.9754 -0.1225
vn -0.1559 -0.9754 -0.1559
vn -0.1225 -0.9754 -0.1833
vn -0.0430 -0.9754 -0.2163
vn 0.5549 0.0476 -0.8305
vn 0.5501 0.1395 -0.8233
vn -0.0000 0.0476 0.9989
vn -0.0000 0.1395 0.9902
vn -0.5549 0.0476 -0.8305
vn -0.5501 0.1395 -0.8233
vn -0.3789 0.1395 -0.9148
vn -0.3822 0.0476 -0.9228
vn 0.3822 0.0476 -0.9228
vn 0.3789 0.1395 -0.9148
vn 0.1949 0.0476 0.9797
vn 0.1932 0.1395 0.9712
vn -0.7063 0.0476 -0.7063
vn -0.7002 0.1395 -0.7002
vn 0.3822 0.0476 0.9228
vn 0.3789 0.1395 0.9148
vn -0.8305 0.0476 -0.5549
vn -0.8233 0.1395 -0.5501
vn -0.1730 -0.4618 -0.8699
vn -0.1738 -0.4544 -0.8737
vn -0.0000 -0.4544 -0.8908
vn -0.0000 -0.4618 -0.8870
vn 0.5549 0.0476 0.8305
vn 0.5501 0.1395 0.8233
vn -0.9228 0.0476 -0.3822
vn -0.9148 0.1395 -0.3789
vn -0.1932 0.1395 -0.9712
vn -0.1949 0.0476 -0.9797
vn 0.7063 0.0476 0.7063
vn 0.7002 0.1395 0.7002
vn -0.9797 0.0476 -0.1949
vn -0.9712 0.1395 -0.1932
vn 0.7052 0.0728 0.7052
vn 0.6399 0.4254 0.6399
vn 0.5028 0.4254 0.7525
vn 0.5541 0.0728 0.8293
vn -0.6272 -0.4618 -0.6272
vn -0.6299 -0.4544 -0.6299
vn -0.4949 -0.4544 -0.7407
vn -0.4928 -0.4618 -0.7375
vn 0.1730 -0.4618 -0.8699
vn 0.1738 -0.4544 -0.8737
vn 0.3409 -0.4544 -0.8230
vn 0.3394 -0.4618 -0.8195
vn 0.3394 -0.4618 0.8195
vn 0.3409 -0.4544 0.8230
vn -0.7375 -0.4618 -0.4928
vn -0.7407 -0.4544 -0.4949
vn -0.1930 0.1469 -0.9701
vn -0.1746 0.4462 -0.8777
vn -0.0000 0.4462 -0.8949
vn -0.0000 0.1469 -0.9891
vn 0.4928 -0.4618 0.7375
vn 0.4949 -0.4544 0.7407
vn -0.8195 -0.4618 -0.3394
vn -0.8230 -0.4544 -0.3409
vn -0.3394 -0.4618 -0.8195
vn -0.3409 -0.4544 -0.8230
vn 0.6272 -0.4618 0.6272
vn 0.6299 -0.4544 0.6299
vn -0.8699 -0.4618 -0.1730
vn -0.8737 -0.4544 -0.1738
vn 0.7375 -0.4618 0.4928
vn 0.7407 -0.4544 0.4949
vn -0.8870 -0.4618 -0.0000
vn -0.8908 -0.4544 -0.0000
vn 0.8195 -0.4618 0.3394
vn 0.8230 -0.4544 0.3409
vn -0.8699 -0.4618 0.1730
vn -0.8737 -0.4544 0.1738
vn 0.8699 -0.4618 0.1730
vn 0.8737 -0.4544 0.1738
vn -0.8195 -0.4618 0.3394
vn -0.8230 -0.4544 0.3409
vn 0.8870 -0.4618 -0.0000
vn 0.8908 -0.4544 -0.0000
vn -0.7375 -0.4618 0.4928
vn -0.7407 -0.4544 0.4949
vn 0.8699 -0.4618 -0.1730
vn 0.8737 -0.4544 -0.1738
vn -0.6272 -0.4618 0.6272
vn -0.6299 -0.4544 0.6299
vn 0.8195 -0.4618 -0.3394
vn 0.8230 -0.4544 -0.3409
vn -0.4928 -0.4618 0.7375
vn -0.4949 -0.4544 0.7407
vn 0.7375 -0.4618 -0.4928
vn 0.7407 -0.4544 -0.4949
vn -0.3394 -0.4618 0.8195
vn -0.3409 -0.4544 0.8230
vn 0.6272 -0.4618 -0.6272
vn 0.6299 -0.4544 -0.6299
vn -0.1730 -0.4618 0.8699
vn -0.1738 -0.4544 0.8737
vn 0.4928 -0.4618 -0.7375
vn 0.4949 -0.4544 -0.7407
vn -0.0000 0.0728 -0.9973
vn -0.0000 0.4254 -0.9050
vn 0.1766 0.4254 -0.8876
vn 0.1946 0.0728 -0.9782
vn -0.9782 0.0728 -0.1946
vn -0.8876 0.4254 -0.1766
vn -0.8361 0.4254 -0.3463
vn -0.9214 0.0728 -0.3817
vn 0.8293 0.0728 0.5541
vn 0.7525 0.4254 0.5028
vn -0.9973 0.0728 -0.0000
vn -0.9050 0.4254 -0.0000
vn 0.9214 0.0728 0.3817
vn 0.8361 0.4254 0.3463
vn -0.9782 0.0728 0.1946
vn -0.8876 0.4254 0.1766
vn 0.9782 0.0728 0.1946
vn 0.8876 0.4254 0.1766
vn -0.9214 0.0728 0.3817
vn -0.8361 0.4254 0.3463
vn 0.9973 0.0728 -0.0000
vn 0.9050 0.4254 -0.0000
vn -0.8293 0.0728 0.5541
vn -0.7525 0.4254 0.5028
vn 0.9782 0.0728 -0.1946
vn 0.8876 0.4254 -0.1766
vn -0.7052 0.0728 0.7052
vn -0.6399 0.4254 0.6399
vn 0.9214 0.0728 -0.3817
vn 0.8361 0.4254 -0.3463
vn -0.5541 0.0728 0.8293
vn -0.5028 0.4254 0.7525
vn 0.8293 0.0728 -0.5541
vn 0.7525 0.4254 -0.5028
vn -0.3817 0.0728 0.9214
vn -0.3463 0.4254 0.8361
vn 0.7052 0.0728 -0.7052
vn 0.6399 0.4254 -0.6399
vn -0.1946 0.0728 0.9782
vn -0.1766 0.4254 0.8876
vn -0.0694 0.9834 -0.1675
vn -0.1007 0.9834 -0.1508
vn -0.1282 0.9834 -0.1282
vn -0.0000 0.9834 -0.1813
vn -0.1508 0.9834 -0.1007
vn -0.1675 0.9834 -0.0694
vn -0.1813 0.9834 -0.0000
vn -0.1778 0.9834 -0.0354
vn -0.1778 0.9834 0.0354
vn -0.1675 0.9834 0.0694
vn -0.1282 0.9834 0.1282
vn -0.1508 0.9834 0.1007
vn -0.1007 0.9834 0.1508
vn -0.0694 0.9834 0.1675
vn -0.0000 0.9834 0.1813
vn -0.0354 0.9834 0.1778
vn 0.0354 0.9834 0.1778
vn 0.0694 0.9834 0.1675
vn 0.1282 0.9834 0.1282
vn 0.1007 0.9834 0.1508
vn 0.1508 0.9834 0.1007
vn 0.1675 0.9834 0.0694
vn 0.1813 0.9834 -0.0000
vn 0.1778 0.9834 0.0354
vn 0.1778 0.9834 -0.0354
vn 0.1675 0.9834 -0.0694
vn 0.1282 0.9834 -0.1282
vn 0.1508 0.9834 -0.1007
vn 0.1007 0.9834 -0.1508
vn 0.0694 0.9834 -0.1675
vn 0.0354 0.9834 -0.1778
vn -0.0354 0.9834 -0.1778
vn 0.5541 0.0728 -0.8293
vn 0.5028 0.4254 -0.7525
vn -0.0000 0.0728 0.9973
vn -0.0000 0.4254 0.9050
vn -0.5541 0.0728 -0.8293
vn -0.5028 0.4254 -0.7525
vn -0.3463 0.4254 -0.8361
vn -0.3817 0.0728 -0.9214
vn 0.3817 0.0728 -0.9214
vn 0.3463 0.4254 -0.8361
vn 0.1946 0.0728 0.9782
vn 0.1766 0.4254 0.8876
vn -0.7052 0.0728 -0.7052
vn -0.6399 0.4254 -0.6399
vn 0.3817 0.0728 0.9214
vn 0.3463 0.4254 0.8361
vn -0.8293 0.0728 -0.5541
vn -0.7525 0.4254 -0.5028
vn 0.2552 -0.8883 0.3819
vn 0.0485 -0.9962 0.0725
vn 0.0617 -0.9962 0.0617
vn 0.3248 -0.8883 0.3248
vn -0.1766 0.4254 -0.8876
vn -0.1946 0.0728 -0.9782
vn 0.6994 0.1469 0.6994
vn 0.6328 0.4462 0.6328
vn 0.4972 0.4462 0.7441
vn 0.5495 0.1469 0.8224
vn -0.9701 0.1469 -0.1930
vn -0.8777 0.4462 -0.1746
vn -0.8268 0.4462 -0.3425
vn -0.9139 0.1469 -0.3785
vn 0.8224 0.1469 0.5495
vn 0.7441 0.4462 0.4972
vn -0.9891 0.1469 -0.0000
vn -0.8949 0.4462 -0.0000
vn 0.9139 0.1469 0.3785
vn 0.8268 0.4462 0.3425
vn -0.9701 0.1469 0.1930
vn -0.8777 0.4462 0.1746
vn 0.9701 0.1469 0.1930
vn 0.8777 0.4462 0.1746
vn -0.9139 0.1469 0.3785
vn -0.8268 0.4462 0.3425
vn 0.9891 0.1469 -0.0000
vn 0.8949 0.4462 -0.0000
vn -0.8224 0.1469 0.5495
vn -0.7441 0.4462 0.4972
vn 0.9701 0.1469 -0.1930
vn 0.8777 0.4462 -0.1746
vn -0.6994 0.1469 0.6994
vn -0.6328 0.4462 0.6328
vn 0.9139 0.1469 -0.3785
vn 0.8268 0.4462 -0.3425
vn -0.5495 0.1469 0.8224
vn -0.4972 0.4462 0.7441
vn 0.8224 0.1469 -0.5495
vn 0.7441 0.4462 -0.4972
vn -0.3785 0.1469 0.9139
vn -0.3425 0.4462 0.8268
vn 0.6994 0.1469 -0.6994
vn 0.6328 0.4462 -0.6328
vn -0.1930 0.1469 0.9701
vn -0.1746 0.4462 0.8777
vn 0.1746 0.4462 -0.8777
vn 0.1930 0.1469 -0.9701
vn 0.5495 0.1469 -0.8224
vn 0.4972 0.4462 -0.7441
vn -0.0000 0.1469 0.9891
vn -0.0000 0.4462 0.8949
vn -0.5495 0.1469 -0.8224
vn -0.4972 0.4462 -0.7441
vn -0.3425 0.4462 -0.8268
vn -0.3785 0.1469 -0.9139
vn 0.3785 0.1469 -0.9139
vn 0.3425 0.4462 -0.8268
vn 0.1930 0.1469 0.9701
vn 0.1746 0.4462 0.8777
vn -0.6994 0.1469 -0.6994
vn -0.6328 0.4462 -0.6328
vn 0.3785 0.1469 0.9139
vn 0.3425 0.4462 0.8268
vn -0.8224 0.1469 -0.5495
vn -0.7441 0.4462 -0.4972
vn -0.1932 -0.1388 0.9713
vn -0.0000 -0.1388 0.9903
vn -0.0000 -0.0468 0.9989
vn -0.1949 -0.0468 0.9797
vn -0.0000 0.4547 -0.8906
vn -0.1738 0.4547 -0.8735
vn -0.1730 0.4622 -0.8697
vn -0.0000 0.4622 -0.8868
vn -0.8234 -0.1388 -0.5502
vn -0.9149 -0.1388 -0.3790
vn -0.9229 -0.0468 -0.3823
vn -0.8306 -0.0468 -0.5550
vn 0.9903 -0.1388 -0.0000
vn 0.9713 -0.1388 -0.1932
vn 0.9797 -0.0468 -0.1949
vn 0.9989 -0.0468 -0.0000
vn -0.9713 -0.1388 -0.1932
vn -0.9797 -0.0468 -0.1949
vn 0.9149 -0.1388 -0.3790
vn 0.9229 -0.0468 -0.3823
vn -0.9903 -0.1388 -0.0000
vn -0.9989 -0.0468 -0.0000
vn 0.8234 -0.1388 -0.5502
vn 0.8306 -0.0468 -0.5550
vn -0.9713 -0.1388 0.1932
vn -0.9797 -0.0468 0.1949
vn 0.7003 -0.1388 -0.7003
vn 0.7063 -0.0468 -0.7063
vn -0.9149 -0.1388 0.3790
vn -0.9229 -0.0468 0.3823
vn 0.5502 -0.1388 -0.8234
vn 0.5550 -0.0468 -0.8306
vn -0.8234 -0.1388 0.5502
vn -0.8306 -0.0468 0.5550
vn 0.3790 -0.1388 -0.9149
vn 0.3823 -0.0468 -0.9229
vn -0.7003 -0.1388 0.7003
vn -0.7063 -0.0468 0.7063
vn 0.1932 -0.1388 -0.9713
vn 0.1949 -0.0468 -0.9797
vn 0.0844 0.9754 0.2037
vn 0.1225 0.9754 0.1833
vn 0.1559 0.9754 0.1559
vn -0.0000 0.9754 0.2205
vn 0.1833 0.9754 0.1225
vn 0.2037 0.9754 0.0844
vn 0.2205 0.9754 -0.0000
vn 0.2162 0.9754 0.0430
vn 0.2162 0.9754 -0.0430
vn 0.2037 0.9754 -0.0844
vn 0.1559 0.9754 -0.1559
vn 0.1833 0.9754 -0.1225
vn 0.1225 0.9754 -0.1833
vn 0.0844 0.9754 -0.2037
vn -0.0000 0.9754 -0.2205
vn 0.0430 0.9754 -0.2162
vn -0.0430 0.9754 -0.2162
vn -0.0844 0.9754 -0.2037
vn -0.1559 0.9754 -0.1559
vn -0.1225 0.9754 -0.1833
vn -0.1833 0.9754 -0.1225
vn -0.2037 0.9754 -0.0844
vn -0.2205 0.9754 -0.0000
vn -0.2162 0.9754 -0.0430
vn -0.2162 0.9754 0.0430
vn -0.2037 0.9754 0.0844
vn -0.1559 0.9754 0.1559
vn -0.1833 0.9754 0.1225
vn -0.1225 0.9754 0.1833
vn -0.0844 0.9754 0.2037
vn -0.0430 0.9754 0.2162
vn 0.0430 0.9754 0.2162
vn -0.5502 -0.1388 0.8234
vn -0.5550 -0.0468 0.8306
vn -0.0000 -0.1388 -0.9903
vn -0.0000 -0.0468 -0.9989
vn 0.3790 -0.1388 0.9149
vn 0.5502 -0.1388 0.8234
vn 0.5550 -0.0468 0.8306
vn 0.3823 -0.0468 0.9229
vn -0.3790 -0.1388 0.9149
vn -0.3823 -0.0468 0.9229
vn -0.1932 -0.1388 -0.9713
vn -0.1949 -0.0468 -0.9797
vn 0.7003 -0.1388 0.7003
vn 0.7063 -0.0468 0.7063
vn -0.3790 -0.1388 -0.9149
vn -0.3823 -0.0468 -0.9229
vn 0.8234 -0.1388 0.5502
vn 0.8306 -0.0468 0.5550
vn -0.0000 0.4547 0.8906
vn 0.1738 0.4547 0.8735
vn 0.1730 0.4622 0.8697
vn -0.0000 0.4622 0.8868
vn -0.5502 -0.1388 -0.8234
vn -0.5550 -0.0468 -0.8306
vn 0.9149 -0.1388 0.3790
vn 0.9229 -0.0468 0.3823
vn 0.1932 -0.1388 0.9713
vn 0.1949 -0.0468 0.9797
vn -0.7003 -0.1388 -0.7003
vn -0.7063 -0.0468 -0.7063
vn 0.9713 -0.1388 0.1932
vn 0.9797 -0.0468 0.1949
vn -0.5027 -0.4257 -0.7524
vn -0.6398 -0.4257 -0.6398
vn -0.6292 -0.4563 -0.6292
vn -0.4944 -0.4563 -0.7399
vn 0.4948 0.4547 0.7405
vn 0.6298 0.4547 0.6298
vn 0.6270 0.4622 0.6270
vn 0.4927 0.4622 0.7373
vn -0.3408 0.4547 0.8228
vn -0.1738 0.4547 0.8735
vn -0.1730 0.4622 0.8697
vn -0.3394 0.4622 0.8193
vn -0.3408 0.4547 -0.8228
vn -0.3394 0.4622 -0.8193
vn 0.7405 0.4547 0.4948
vn 0.7373 0.4622 0.4927
vn -0.0000 -0.0743 0.9972
vn 0.1946 -0.0744 0.9781
vn 0.1930 -0.1466 0.9702
vn -0.0000 -0.1466 0.9892
vn -0.4948 0.4547 -0.7405
vn -0.4927 0.4622 -0.7373
vn 0.8228 0.4547 0.3408
vn 0.8193 0.4622 0.3394
vn 0.3408 0.4547 0.8228
vn 0.3394 0.4622 0.8193
vn -0.6298 0.4547 -0.6298
vn -0.6270 0.4622 -0.6270
vn 0.8735 0.4547 0.1738
vn 0.8697 0.4622 0.1730
vn -0.7405 0.4547 -0.4948
vn -0.7373 0.4622 -0.4927
vn 0.8906 0.4547 -0.0000
vn 0.8868 0.4622 -0.0000
vn -0.8228 0.4547 -0.3408
vn -0.8193 0.4622 -0.3394
vn 0.8735 0.4547 -0.1738
vn 0.8697 0.4622 -0.1730
vn -0.8735 0.4547 -0.1738
vn -0.8697 0.4622 -0.1730
vn 0.8228 0.4547 -0.3408
vn 0.8193 0.4622 -0.3394
vn -0.8906 0.4547 -0.0000
vn -0.8868 0.4622 -0.0000
vn 0.7405 0.4547 -0.4948
vn 0.7373 0.4622 -0.4927
vn -0.8735 0.4547 0.1738
vn -0.8697 0.4622 0.1730
vn 0.6298 0.4547 -0.6298
vn 0.6270 0.4622 -0.6270
vn -0.8228 0.4547 0.3408
vn -0.8193 0.4622 0.3394
vn 0.4948 0.4547 -0.7405
vn 0.4927 0.4622 -0.7373
vn -0.7405 0.4547 0.4948
vn -0.7373 0.4622 0.4927
vn 0.3408 0.4547 -0.8228
vn 0.3394 0.4622 -0.8193
vn -0.6298 0.4547 0.6298
vn -0.6270 0.4622 0.6270
vn 0.1738 0.4547 -0.8735
vn 0.1730 0.4622 -0.8697
vn -0.4948 0.4547 0.7405
vn -0.4927 0.4622 0.7373
vn -0.1765 -0.4257 0.8875
vn -0.0000 -0.4257 0.9049
vn -0.0000 -0.4563 0.8898
vn -0.1736 -0.4563 0.8727
vn 0.8360 -0.4257 0.3463
vn 0.8875 -0.4257 0.1765
vn 0.8727 -0.4563 0.1736
vn 0.8221 -0.4563 0.3405
vn -0.7524 -0.4257 -0.5027
vn -0.7399 -0.4563 -0.4944
vn 0.9049 -0.4257 -0.0000
vn 0.8898 -0.4563 -0.0000
vn -0.8360 -0.4257 -0.3463
vn -0.8221 -0.4563 -0.3405
vn 0.8875 -0.4257 -0.1765
vn 0.8727 -0.4563 -0.1736
vn -0.8875 -0.4257 -0.1765
vn -0.8727 -0.4563 -0.1736
vn 0.8360 -0.4257 -0.3463
vn 0.8221 -0.4563 -0.3405
vn -0.9049 -0.4257 -0.0000
vn -0.8898 -0.4563 -0.0000
vn 0.7524 -0.4257 -0.5027
vn 0.7399 -0.4563 -0.4944
vn -0.8875 -0.4257 0.1765
vn -0.8727 -0.4563 0.1736
vn 0.6398 -0.4257 -0.6398
vn 0.6292 -0.4563 -0.6292
vn -0.8360 -0.4257 0.3463
vn -0.8221 -0.4563 0.3405
vn 0.5027 -0.4257 -0.7524
vn 0.4944 -0.4563 -0.7399
vn -0.7524 -0.4257 0.5027
vn -0.7399 -0.4563 0.4944
vn 0.3463 -0.4257 -0.8360
vn 0.3405 -0.4563 -0.8221
vn -0.6398 -0.4257 0.6398
vn -0.6292 -0.4563 0.6292
vn 0.1765 -0.4257 -0.8875
vn 0.1736 -0.4563 -0.8727
vn -0.0000 -0.9834 0.1813
vn -0.0354 -0.9834 0.1778
vn -0.0694 -0.9834 0.1675
vn 0.0694 -0.9834 0.1675
vn -0.1007 -0.9834 0.1507
vn -0.1282 -0.9834 0.1282
vn -0.1675 -0.9834 0.0694
vn -0.1507 -0.9834 0.1007
vn -0.1778 -0.9834 0.0354
vn -0.1813 -0.9834 -0.0000
vn -0.1675 -0.9834 -0.0694
vn -0.1778 -0.9834 -0.0354
vn -0.1507 -0.9834 -0.1007
vn -0.1282 -0.9834 -0.1282
vn -0.0694 -0.9834 -0.1675
vn -0.1007 -0.9834 -0.1507
vn -0.0354 -0.9834 -0.1778
vn -0.0000 -0.9834 -0.1813
vn 0.0694 -0.9834 -0.1675
vn 0.0354 -0.9834 -0.1778
vn 0.1007 -0.9834 -0.1507
vn 0.1282 -0.9834 -0.1282
vn 0.1675 -0.9834 -0.0694
vn 0.1507 -0.9834 -0.1007
vn 0.1778 -0.9834 -0.0354
vn 0.1813 -0.9834 -0.0000
vn 0.1675 -0.9834 0.0694
vn 0.1778 -0.9834 0.0354
vn 0.1507 -0.9834 0.1007
vn 0.1282 -0.9834 0.1282
vn 0.1007 -0.9834 0.1507
vn 0.0354 -0.9834 0.1778
vn -0.5027 -0.4257 0.7524
vn -0.4944 -0.4563 0.7399
vn -0.0000 -0.4257 -0.9049
vn -0.0000 -0.4563 -0.8898
vn 0.3463 -0.4257 0.8360
vn 0.5027 -0.4257 0.7524
vn 0.4944 -0.4563 0.7399
vn 0.3405 -0.4563 0.8221
vn -0.3463 -0.4257 0.8360
vn -0.3405 -0.4563 0.8221
vn -0.1765 -0.4257 -0.8875
vn -0.1736 -0.4563 -0.8727
vn 0.6398 -0.4257 0.6398
vn 0.6292 -0.4563 0.6292
vn -0.3463 -0.4257 -0.8360
vn -0.3405 -0.4563 -0.8221
vn 0.7524 -0.4257 0.5027
vn 0.7399 -0.4563 0.4944
vn 0.1765 -0.4257 0.8875
vn 0.1736 -0.4563 0.8727
vn -0.5540 -0.0744 -0.8292
vn -0.7051 -0.0744 -0.7051
vn -0.6995 -0.1466 -0.6995
vn -0.5496 -0.1466 -0.8225
vn 0.9213 -0.0744 0.3816
vn 0.9781 -0.0744 0.1946
vn 0.9702 -0.1466 0.1930
vn 0.9139 -0.1466 0.3785
vn -0.8292 -0.0744 -0.5540
vn -0.8225 -0.1466 -0.5496
vn 0.9972 -0.0744 -0.0000
vn 0.9892 -0.1466 -0.0000
vn -0.9213 -0.0744 -0.3816
vn -0.9139 -0.1466 -0.3785
vn 0.9781 -0.0744 -0.1946
vn 0.9702 -0.1466 -0.1930
vn -0.9781 -0.0744 -0.1946
vn -0.9702 -0.1466 -0.1930
vn 0.9213 -0.0744 -0.3816
vn 0.9139 -0.1466 -0.3785
vn -0.9972 -0.0744 -0.0000
vn -0.9892 -0.1466 -0.0000
vn 0.8292 -0.0744 -0.5540
vn 0.8225 -0.1466 -0.5496
vn -0.9781 -0.0744 0.1946
vn -0.9702 -0.1466 0.1930
vn 0.7051 -0.0744 -0.7051
vn 0.6995 -0.1466 -0.6995
vn -0.9213 -0.0744 0.3816
vn -0.9139 -0.1466 0.3785
vn 0.5540 -0.0744 -0.8292
vn 0.5496 -0.1466 -0.8225
vn -0.8292 -0.0744 0.5540
vn -0.8225 -0.1466 0.5496
vn 0.3816 -0.0744 -0.9213
vn 0.3785 -0.1466 -0.9139
vn -0.7051 -0.0744 0.7051
vn -0.6995 -0.1466 0.6995
vn 0.1946 -0.0744 -0.9781
vn 0.1930 -0.1466 -0.9702
vn -0.1946 -0.0744 0.9781
vn -0.1930 -0.1466 0.9702
vn -0.5540 -0.0744 0.8292
vn -0.5496 -0.1466 0.8225
vn -0.0000 -0.0744 -0.9972
vn -0.0000 -0.1466 -0.9892
vn 0.3816 -0.0744 0.9213
vn 0.5540 -0.0744 0.8292
vn 0.5496 -0.1466 0.8225
vn 0.3785 -0.1466 0.9139
vn -0.3816 -0.0744 0.9213
vn -0.3785 -0.1466 0.9139
vn -0.1946 -0.0744 -0.9781
vn -0.1930 -0.1466 -0.9702
vn 0.7051 -0.0744 0.7051
vn 0.6995 -0.1466 0.6995
vn -0.3816 -0.0744 -0.9213
vn -0.3785 -0.1466 -0.9139
vn 0.8292 -0.0744 0.5540
vn 0.8225 -0.1466 0.5496
vn 0.3248 -0.8883 -0.3248
vn 0.0617 -0.9962 -0.0617
vn 0.0485 -0.9962 -0.0725
vn 0.2552 -0.8883 -0.3819
vn 0.0725 -0.9962 0.0485
vn 0.3819 -0.8883 0.2552
vn -0.4243 -0.8883 -0.1758
vn -0.0806 -0.9962 -0.0334
vn -0.0856 -0.9962 -0.0170
vn -0.4505 -0.8883 -0.0896
vn -0.0350 0.9980 -0.0524
vn -0.2444 0.8980 -0.3658
vn -0.1683 0.8980 -0.4064
vn -0.0241 0.9980 -0.0583
vn 0.1758 -0.8883 -0.4243
vn 0.0334 -0.9962 -0.0806
vn 0.0170 -0.9962 -0.0856
vn 0.0896 -0.8883 -0.4505
vn -0.2552 -0.8883 -0.3819
vn -0.0485 -0.9962 -0.0725
vn -0.0617 -0.9962 -0.0617
vn -0.3248 -0.8883 -0.3248
vn -0.0000 -0.8883 0.4593
vn -0.0000 -0.9962 0.0872
vn 0.0170 -0.9962 0.0856
vn 0.0896 -0.8883 0.4505
vn -0.1758 -0.8883 -0.4243
vn -0.0334 -0.9962 -0.0806
vn -0.0896 -0.8883 0.4505
vn -0.0170 -0.9962 0.0856
vn -0.0000 -0.8883 -0.4593
vn -0.0000 -0.9962 -0.0872
vn -0.0170 -0.9962 -0.0856
vn -0.0896 -0.8883 -0.4505
vn -0.1758 -0.8883 0.4243
vn -0.0334 -0.9962 0.0806
vn 0.3819 -0.8883 -0.2552
vn 0.0725 -0.9962 -0.0485
vn -0.2552 -0.8883 0.3819
vn -0.0485 -0.9962 0.0725
vn 0.4243 -0.8883 -0.1758
vn 0.0806 -0.9962 -0.0334
vn -0.3248 -0.8883 0.3248
vn -0.0617 -0.9962 0.0617
vn 0.4505 -0.8883 -0.0896
vn 0.0856 -0.9962 -0.0170
vn -0.3819 -0.8883 0.2552
vn -0.0725 -0.9962 0.0485
vn 0.4593 -0.8883 -0.0000
vn 0.0872 -0.9962 -0.0000
vn -0.4243 -0.8883 0.1758
vn -0.0806 -0.9962 0.0334
vn 0.4505 -0.8883 0.0896
vn 0.0856 -0.9962 0.0170
vn -0.4505 -0.8883 0.0896
vn -0.0856 -0.9962 0.0170
vn 0.4243 -0.8883 0.1758
vn 0.0806 -0.9962 0.0334
vn -0.4593 -0.8883 -0.0000
vn -0.0872 -0.9962 -0.0000
vn -0.3819 -0.8883 -0.2552
vn -0.0725 -0.9962 -0.0485
vn 0.1758 -0.8883 0.4243
vn 0.0334 -0.9962 0.0806
vn -0.0858 0.8980 -0.4315
vn -0.0123 0.9980 -0.0618
vn 0.0524 0.9980 0.0350
vn 0.3658 0.8980 0.2444
vn 0.3111 0.8980 0.3111
vn 0.0446 0.9980 0.0446
vn 0.0618 0.9980 0.0123
vn 0.4315 0.8980 0.0858
vn 0.4064 0.8980 0.1683
vn 0.0583 0.9980 0.0241
vn -0.0524 0.9980 -0.0350
vn -0.3658 0.8980 -0.2444
vn -0.3111 0.8980 -0.3111
vn -0.0446 0.9980 -0.0446
vn 0.0631 0.9980 -0.0000
vn 0.4399 0.8980 -0.0000
vn -0.0583 0.9980 -0.0241
vn -0.4064 0.8980 -0.1683
vn 0.0618 0.9980 -0.0123
vn 0.4315 0.8980 -0.0858
vn -0.0618 0.9980 -0.0123
vn -0.4315 0.8980 -0.0858
vn 0.0583 0.9980 -0.0241
vn 0.4064 0.8980 -0.1683
vn -0.0631 0.9980 -0.0000
vn -0.4399 0.8980 -0.0000
vn 0.0524 0.9980 -0.0350
vn 0.3658 0.8980 -0.2444
vn -0.0618 0.9980 0.0123
vn -0.4315 0.8980 0.0858
vn 0.0446 0.9980 -0.0446
vn 0.3111 0.8980 -0.3111
vn -0.0583 0.9980 0.0241
vn -0.4064 0.8980 0.1683
vn 0.0350 0.9980 -0.0524
vn 0.2444 0.8980 -0.3658
vn -0.0524 0.9980 0.0350
vn -0.3658 0.8980 0.2444
vn 0.0241 0.9980 -0.0583
vn 0.1683 0.8980 -0.4064
vn -0.0446 0.9980 0.0446
vn -0.3111 0.8980 0.3111
vn -0.0000 0.9980 0.0631
vn -0.0000 0.8980 0.4399
vn -0.0858 0.8980 0.4315
vn -0.0123 0.9980 0.0618
vn 0.0123 0.9980 -0.0618
vn 0.0858 0.8980 -0.4315
vn 0.0241 0.9980 0.0583
vn 0.1683 0.8980 0.4064
vn 0.0858 0.8980 0.4315
vn 0.0123 0.9980 0.0618
vn -0.0350 0.9980 0.0524
vn -0.2444 0.8980 0.3658
vn -0.0000 0.9980 -0.0631
vn -0.0000 0.8980 -0.4399
vn 0.0350 0.9980 0.0524
vn 0.2444 0.8980 0.3658
vn -0.0241 0.9980 0.0583
vn -0.1683 0.8980 0.4064
vn -0.0000 -0.5971 -0.8022
vn -0.1565 -0.5971 -0.7867
vn -0.3070 -0.5971 -0.7411
vn -0.4457 -0.5971 -0.6670
vn -0.5672 -0.5971 -0.5672
vn -0.6670 -0.5971 -0.4457
vn -0.7411 -0.5971 -0.3070
vn -0.7867 -0.5971 -0.1565
vn -0.8022 -0.5971 -0.0000
vn -0.7867 -0.5971 0.1565
vn -0.7411 -0.5971 0.3070
vn -0.6670 -0.5971 0.4457
vn -0.5672 -0.5971 0.5672
vn -0.4457 -0.5971 0.6670
vn -0.3070 -0.5971 0.7411
vn -0.1565 -0.5971 0.7867
vn -0.0000 -0.5971 0.8022
vn 0.1565 -0.5971 0.7867
vn 0.3070 -0.5971 0.7411
vn 0.4457 -0.5971 0.6670
vn 0.5672 -0.5971 0.5672
vn 0.6670 -0.5971 0.4457
vn 0.7411 -0.5971 0.3070
vn 0.7867 -0.5971 0.1565
vn 0.8022 -0.5971 -0.0000
vn 0.7867 -0.5971 -0.1565
vn 0.7411 -0.5971 -0.3070
vn 0.6670 -0.5971 -0.4457
vn 0.5672 -0.5971 -0.5672
vn 0.4457 -0.5971 -0.6670
vn 0.3070 -0.5971 -0.7411
vn 0.1565 -0.5971 -0.7867
vn -0.0000 -0.1701 -0.9854
vn -0.1922 -0.1701 -0.9665
vn -0.3771 -0.1701 -0.9104
vn -0.5475 -0.1701 -0.8194
vn -0.6968 -0.1701 -0.6968
vn -0.8194 -0.1701 -0.5475
vn -0.9104 -0.1701 -0.3771
vn -0.9665 -0.1701 -0.1922
vn -0.9854 -0.1701 -0.0000
vn -0.9665 -0.1701 0.1922
vn -0.9104 -0.1701 0.3771
vn -0.8194 -0.1701 0.5475
vn -0.6968 -0.1701 0.6968
vn -0.5475 -0.1701 0.8194
vn -0.3771 -0.1701 0.9104
vn -0.1922 -0.1701 0.9665
vn -0.0000 -0.1701 0.9854
vn 0.1922 -0.1701 0.9665
vn 0.3771 -0.1701 0.9104
vn 0.5475 -0.1701 0.8194
vn 0.6968 -0.1701 0.6968
vn 0.8194 -0.1701 0.5475
vn 0.9104 -0.1701 0.3771
vn 0.9665 -0.1701 0.1922
vn 0.9854 -0.1701 -0.0000
vn 0.9665 -0.1701 -0.1922
vn 0.9104 -0.1701 -0.3771
vn 0.8194 -0.1701 -0.5475
vn 0.6968 -0.1701 -0.6968
vn 0.5475 -0.1701 -0.8194
vn 0.3771 -0.1701 -0.9104
vn 0.1922 -0.1701 -0.9665
vn -0.0000 -0.1608 -0.9870
vn -0.1926 -0.1608 -0.9680
vn -0.3777 -0.1608 -0.9119
vn -0.5483 -0.1608 -0.8206
vn -0.6979 -0.1608 -0.6979
vn -0.8207 -0.1608 -0.5483
vn -0.9119 -0.1608 -0.3777
vn -0.9680 -0.1608 -0.1926
vn -0.9870 -0.1608 -0.0000
vn -0.9680 -0.1608 0.1926
vn -0.9119 -0.1608 0.3777
vn -0.8207 -0.1608 0.5483
vn -0.6979 -0.1608 0.6979
vn -0.5483 -0.1608 0.8206
vn -0.3777 -0.1608 0.9119
vn -0.1926 -0.1608 0.9680
vn -0.0000 -0.1608 0.9870
vn 0.1926 -0.1608 0.9680
vn 0.3777 -0.1608 0.9119
vn 0.5483 -0.1608 0.8206
vn 0.6979 -0.1608 0.6979
vn 0.8207 -0.1608 0.5483
vn 0.9119 -0.1608 0.3777
vn 0.9680 -0.1608 0.1926
vn 0.9870 -0.1608 -0.0000
vn 0.9680 -0.1608 -0.1926
vn 0.9119 -0.1608 -0.3777
vn 0.8207 -0.1608 -0.5483
vn 0.6979 -0.1608 -0.6979
vn 0.5483 -0.1608 -0.8207
vn 0.3777 -0.1608 -0.9119
vn 0.1926 -0.1608 -0.9680
vn -0.0000 0.7879 -0.6158
vn -0.1201 0.7879 -0.6040
vn -0.2357 0.7879 -0.5689
vn -0.3421 0.7879 -0.5120
vn -0.4354 0.7879 -0.4354
vn -0.5120 0.7879 -0.3421
vn -0.5689 0.7879 -0.2357
vn -0.6040 0.7879 -0.1201
vn -0.6158 0.7879 -0.0000
vn -0.6040 0.7879 0.1201
vn -0.5689 0.7879 0.2357
vn -0.5120 0.7879 0.3421
vn -0.4354 0.7879 0.4354
vn -0.3421 0.7879 0.5120
vn -0.2357 0.7879 0.5689
vn -0.1201 0.7879 0.6040
vn -0.0000 0.7879 0.6158
vn 0.1201 0.7879 0.6040
vn 0.2357 0.7879 0.5689
vn 0.3421 0.7879 0.5120
vn 0.4354 0.7879 0.4354
vn 0.5120 0.7879 0.3421
vn 0.5689 0.7879 0.2357
vn 0.6040 0.7879 0.1201
vn 0.6158 0.7879 -0.0000
vn 0.6040 0.7879 -0.1201
vn 0.5689 0.7879 -0.2357
vn 0.5120 0.7879 -0.3421
vn 0.4354 0.7879 -0.4354
vn 0.3421 0.7879 -0.5120
vn 0.2357 0.7879 -0.5689
vn 0.1201 0.7879 -0.6040
vn 0.1708 -0.4834 -0.8586
vn -0.0000 -0.4834 -0.8754
vn -0.6190 -0.4834 -0.6190
vn -0.7279 -0.4834 -0.4863
vn 0.1708 -0.4834 0.8586
vn 0.3350 -0.4834 0.8087
vn 0.3350 -0.4834 -0.8087
vn -0.4863 -0.4834 -0.7278
vn -0.0000 -0.4834 0.8754
vn 0.4863 -0.4834 -0.7278
vn -0.3350 -0.4834 -0.8087
vn -0.1708 -0.4834 0.8586
vn 0.6190 -0.4834 -0.6190
vn -0.1708 -0.4834 -0.8586
vn -0.3350 -0.4834 0.8087
vn 0.7278 -0.4834 -0.4863
vn -0.4863 -0.4834 0.7278
vn 0.8087 -0.4834 -0.3350
vn -0.6190 -0.4834 0.6190
vn 0.8586 -0.4834 -0.1708
vn -0.7278 -0.4834 0.4863
vn 0.8754 -0.4834 -0.0000
vn -0.8087 -0.4834 0.3350
vn 0.8586 -0.4834 0.1708
vn -0.8586 -0.4834 0.1708
vn 0.8087 -0.4834 0.3350
vn -0.8754 -0.4834 -0.0000
vn 0.7278 -0.4834 0.4863
vn -0.8586 -0.4834 -0.1708
vn 0.6190 -0.4834 0.6190
vn -0.8087 -0.4834 -0.3350
vn 0.4863 -0.4834 0.7278
vn 0.1946 0.8610 0.4699
vn 0.2826 0.8610 0.4229
vn -0.4229 0.8610 -0.2826
vn -0.4699 0.8610 -0.1946
vn 0.3596 0.8610 0.3596
vn -0.4988 0.8610 -0.0992
vn 0.4229 0.8610 0.2826
vn -0.5086 0.8610 -0.0000
vn 0.4699 0.8610 0.1946
vn -0.4988 0.8610 0.0992
vn 0.4988 0.8610 0.0992
vn -0.4699 0.8610 0.1946
vn 0.5086 0.8610 -0.0000
vn -0.4229 0.8610 0.2826
vn 0.4988 0.8610 -0.0992
vn -0.3596 0.8610 0.3596
vn 0.4699 0.8610 -0.1946
vn -0.2826 0.8610 0.4229
vn 0.4229 0.8610 -0.2826
vn -0.1946 0.8610 0.4699
vn -0.0000 0.8610 -0.5086
vn -0.0992 0.8610 -0.4988
vn 0.3596 0.8610 -0.3596
vn -0.0992 0.8610 0.4988
vn -0.1946 0.8610 -0.4699
vn 0.2826 0.8610 -0.4229
vn -0.0000 0.8610 0.5086
vn -0.2826 0.8610 -0.4229
vn 0.1946 0.8610 -0.4699
vn 0.0992 0.8610 0.4988
vn -0.3596 0.8610 -0.3596
vn 0.0992 0.8610 -0.4988
vn -0.0000 0.5974 0.8019
vn 0.1564 0.5974 0.7865
vn 0.3069 0.5974 0.7409
vn 0.4455 0.5974 0.6668
vn 0.5670 0.5974 0.5670
vn 0.6668 0.5974 0.4455
vn 0.7409 0.5974 0.3069
vn 0.7865 0.5974 0.1564
vn 0.8019 0.5974 -0.0000
vn 0.7865 0.5974 -0.1564
vn 0.7409 0.5974 -0.3069
vn 0.6668 0.5974 -0.4455
vn 0.5670 0.5974 -0.5670
vn 0.4455 0.5974 -0.6668
vn 0.3069 0.5974 -0.7409
vn 0.1564 0.5974 -0.7865
vn -0.0000 0.5974 -0.8019
vn -0.1564 0.5974 -0.7865
vn -0.3069 0.5974 -0.7409
vn -0.4455 0.5974 -0.6668
vn -0.5670 0.5974 -0.5670
vn -0.6668 0.5974 -0.4455
vn -0.7409 0.5974 -0.3069
vn -0.7865 0.5974 -0.1564
vn -0.8019 0.5974 -0.0000
vn -0.7865 0.5974 0.1564
vn -0.7409 0.5974 0.3069
vn -0.6668 0.5974 0.4455
vn -0.5670 0.5974 0.5670
vn -0.4455 0.5974 0.6668
vn -0.3069 0.5974 0.7409
vn -0.1564 0.5974 0.7865
vn -0.0000 0.1707 0.9853
vn 0.1922 0.1707 0.9664
vn 0.3771 0.1707 0.9103
vn 0.5474 0.1707 0.8193
vn 0.6967 0.1707 0.6967
vn 0.8193 0.1707 0.5474
vn 0.9103 0.1707 0.3771
vn 0.9664 0.1707 0.1922
vn 0.9853 0.1707 -0.0000
vn 0.9664 0.1707 -0.1922
vn 0.9103 0.1707 -0.3771
vn 0.8193 0.1707 -0.5474
vn 0.6967 0.1707 -0.6967
vn 0.5474 0.1707 -0.8193
vn 0.3771 0.1707 -0.9103
vn 0.1922 0.1707 -0.9664
vn -0.0000 0.1707 -0.9853
vn -0.1922 0.1707 -0.9664
vn -0.3771 0.1707 -0.9103
vn -0.5474 0.1707 -0.8193
vn -0.6967 0.1707 -0.6967
vn -0.8193 0.1707 -0.5474
vn -0.9103 0.1707 -0.3771
vn -0.9664 0.1707 -0.1922
vn -0.9853 0.1707 -0.0000
vn -0.9664 0.1707 0.1922
vn -0.9103 0.1707 0.3771
vn -0.8193 0.1707 0.5474
vn -0.6967 0.1707 0.6967
vn -0.5474 0.1707 0.8193
vn -0.3771 0.1707 0.9103
vn -0.1922 0.1707 0.9664
vn -0.0000 0.1611 0.9869
vn 0.1925 0.1611 0.9680
vn 0.3777 0.1611 0.9118
vn 0.5483 0.1611 0.8206
vn 0.6979 0.1611 0.6979
vn 0.8206 0.1611 0.5483
vn 0.9118 0.1611 0.3777
vn 0.9680 0.1611 0.1925
vn 0.9869 0.1611 -0.0000
vn 0.9680 0.1611 -0.1925
vn 0.9118 0.1611 -0.3777
vn 0.8206 0.1611 -0.5483
vn 0.6979 0.1611 -0.6979
vn 0.5483 0.1611 -0.8206
vn 0.3777 0.1611 -0.9118
vn 0.1925 0.1611 -0.9680
vn -0.0000 0.1611 -0.9869
vn -0.1925 0.1611 -0.9680
vn -0.3777 0.1611 -0.9118
vn -0.5483 0.1611 -0.8206
vn -0.6979 0.1611 -0.6979
vn -0.8206 0.1611 -0.5483
vn -0.9118 0.1611 -0.3777
vn -0.9680 0.1611 -0.1925
vn -0.9869 0.1611 -0.0000
vn -0.9680 0.1611 0.1925
vn -0.9118 0.1611 0.3777
vn -0.8206 0.1611 0.5483
vn -0.6979 0.1611 0.6979
vn -0.5483 0.1611 0.8206
vn -0.3777 0.1611 0.9118
vn -0.1925 0.1611 0.9680
vn -0.0000 -0.7880 0.6157
vn 0.1201 -0.7880 0.6038
vn 0.2356 -0.7880 0.5688
vn 0.3420 -0.7880 0.5119
vn 0.4353 -0.7880 0.4353
vn 0.5119 -0.7880 0.3420
vn 0.5688 -0.7880 0.2356
vn 0.6038 -0.7880 0.1201
vn 0.6157 -0.7880 -0.0000
vn 0.6038 -0.7880 -0.1201
vn 0.5688 -0.7880 -0.2356
vn 0.5119 -0.7880 -0.3420
vn 0.4353 -0.7880 -0.4353
vn 0.3420 -0.7880 -0.5119
vn 0.2356 -0.7880 -0.5688
vn 0.1201 -0.7880 -0.6038
vn -0.0000 -0.7880 -0.6157
vn -0.1201 -0.7880 -0.6038
vn -0.2356 -0.7880 -0.5688
vn -0.3420 -0.7880 -0.5119
vn -0.4353 -0.7880 -0.4353
vn -0.5119 -0.7880 -0.3420
vn -0.5688 -0.7880 -0.2356
vn -0.6038 -0.7880 -0.1201
vn -0.6157 -0.7880 -0.0000
vn -0.6038 -0.7880 0.1201
vn -0.5688 -0.7880 0.2356
vn -0.5119 -0.7880 0.3420
vn -0.4353 -0.7880 0.4353
vn -0.3420 -0.7880 0.5119
vn -0.2356 -0.7880 0.5688
vn -0.1201 -0.7880 0.6038
vn -0.0921 -0.8815 0.4631
vn -0.0000 -0.8815 0.4722
vn 0.3339 -0.8815 0.3339
vn 0.3926 -0.8815 0.2623
vn -0.0921 -0.8815 -0.4631
vn -0.1807 -0.8815 -0.4362
vn -0.1807 -0.8815 0.4362
vn 0.2623 -0.8815 0.3926
vn -0.0000 -0.8815 -0.4722
vn -0.2623 -0.8815 0.3926
vn 0.1807 -0.8815 0.4362
vn 0.0921 -0.8815 -0.4631
vn -0.3339 -0.8815 0.3339
vn 0.0921 -0.8815 0.4631
vn 0.1807 -0.8815 -0.4362
vn -0.3926 -0.8815 0.2623
vn 0.2623 -0.8815 -0.3926
vn -0.4362 -0.8815 0.1807
vn 0.3339 -0.8815 -0.3339
vn -0.4631 -0.8815 0.0921
vn 0.3926 -0.8815 -0.2623
vn -0.4722 -0.8815 -0.0000
vn 0.4362 -0.8815 -0.1807
vn -0.4631 -0.8815 -0.0921
vn 0.4631 -0.8815 -0.0921
vn -0.4362 -0.8815 -0.1807
vn 0.4722 -0.8815 -0.0000
vn -0.3926 -0.8815 -0.2623
vn 0.4631 -0.8815 0.0921
vn -0.3339 -0.8815 -0.3339
vn 0.4362 -0.8815 0.1807
vn -0.2623 -0.8815 -0.3926
vn -0.3305 0.5041 -0.7979
vn -0.4798 0.5041 -0.7181
vn 0.7181 0.5041 0.4798
vn 0.7979 0.5041 0.3305
vn -0.6107 0.5041 -0.6107
vn 0.8471 0.5041 0.1685
vn -0.7181 0.5041 -0.4798
vn 0.8637 0.5041 -0.0000
vn -0.7979 0.5041 -0.3305
vn 0.8471 0.5041 -0.1685
vn -0.8471 0.5041 -0.1685
vn 0.7979 0.5041 -0.3305
vn -0.8637 0.5041 -0.0000
vn 0.7181 0.5041 -0.4798
vn -0.8471 0.5041 0.1685
vn 0.6107 0.5041 -0.6107
vn -0.7979 0.5041 0.3305
vn 0.4798 0.5041 -0.7181
vn -0.7181 0.5041 0.4798
vn 0.3305 0.5041 -0.7979
vn -0.0000 0.5041 0.8637
vn 0.1685 0.5041 0.8471
vn -0.6107 0.5041 0.6107
vn 0.1685 0.5041 -0.8471
vn 0.3305 0.5041 0.7979
vn -0.4798 0.5041 0.7181
vn -0.0000 0.5041 -0.8637
vn 0.4798 0.5041 0.7181
vn -0.3305 0.5041 0.7979
vn -0.1685 0.5041 -0.8471
vn 0.6107 0.5041 0.6107
vn -0.1685 0.5041 0.8471
# 1152 vertex normals

vt 0.0621 0.5000 1.5993
vt 0.0692 0.5000 1.1961
vt 0.0774 0.5841 1.1961
vt 0.0705 0.5854 1.5993
vt 0.9204 0.5836 1.1722
vt 0.8632 0.5722 1.0272
vt 0.8703 0.5000 1.0272
vt 0.9286 0.5000 1.1722
vt 0.6676 0.9046 1.5993
vt 0.6649 0.8981 1.1961
vt 0.7394 0.8582 1.1961
vt 0.7433 0.8641 1.5993
vt 0.5854 0.0705 1.5993
vt 0.5841 0.0774 1.1961
vt 0.5000 0.0692 1.1961
vt 0.5000 0.0621 1.5993
vt 0.5854 0.9295 1.5993
vt 0.5841 0.9226 1.1961
vt 0.6676 0.0954 1.5993
vt 0.6649 0.1019 1.1961
vt 0.5000 0.9379 1.5993
vt 0.5000 0.9308 1.1961
vt 0.7433 0.1359 1.5993
vt 0.7394 0.1418 1.1961
vt 0.4146 0.9295 1.5993
vt 0.4159 0.9226 1.1961
vt 0.8096 0.1904 1.5993
vt 0.8047 0.1953 1.1961
vt 0.3324 0.9046 1.5993
vt 0.3351 0.8981 1.1961
vt 0.8641 0.2567 1.5993
vt 0.8582 0.2606 1.1961
vt 0.2567 0.8641 1.5993
vt 0.2606 0.8582 1.1961
vt 0.9046 0.3324 1.5993
vt 0.8981 0.3351 1.1961
vt 0.1904 0.8096 1.5993
vt 0.1953 0.8047 1.1961
vt 0.9295 0.4146 1.5993
vt 0.9226 0.4159 1.1961
vt 0.0604 0.5000 1.6092
vt 0.0689 0.5858 1.6092
vt 0.0939 0.6682 1.6092
vt 0.0939 0.3318 1.6092
vt 0.1345 0.7442 1.6092
vt 0.1892 0.8108 1.6092
vt 0.3318 0.9061 1.6092
vt 0.2558 0.8655 1.6092
vt 0.4142 0.9311 1.6092
vt 0.5000 0.9396 1.6092
vt 0.6682 0.9061 1.6092
vt 0.5858 0.9311 1.6092
vt 0.7442 0.8655 1.6092
vt 0.8108 0.8108 1.6092
vt 0.9061 0.6682 1.6092
vt 0.8655 0.7442 1.6092
vt -0.0939 0.6682 1.6092
vt 0.9311 0.5858 1.6092
vt 0.9396 0.5000 1.6092
vt 0.9061 0.3318 1.6092
vt 0.9311 0.4142 1.6092
vt 0.8655 0.2558 1.6092
vt 0.8108 0.1892 1.6092
vt 0.6682 0.0939 1.6092
vt 0.7442 0.1345 1.6092
vt -0.3010 0.3318 1.6092
vt -0.3318 0.0939 1.6092
vt 0.5858 0.0689 1.6092
vt 0.5000 0.0604 1.6092
vt 0.3318 0.0939 1.6092
vt 0.4142 0.0689 1.6092
vt 0.2558 0.1345 1.6092
vt 0.1892 0.1892 1.6092
vt 0.1345 0.2558 1.6092
vt 0.0689 0.4142 1.6092
vt 0.1359 0.7433 1.5993
vt 0.1418 0.7394 1.1961
vt 0.9379 0.5000 1.5993
vt 0.9308 0.5000 1.1961
vt 0.1359 0.2567 1.5993
vt 0.1418 0.2606 1.1961
vt 0.1019 0.3351 1.1961
vt 0.0954 0.3324 1.5993
vt 0.0954 0.6676 1.5993
vt 0.1019 0.6649 1.1961
vt 0.9295 0.5854 1.5993
vt 0.9226 0.5841 1.1961
vt 0.1904 0.1904 1.5993
vt 0.1953 0.1953 1.1961
vt 0.9046 0.6676 1.5993
vt 0.8981 0.6649 1.1961
vt 0.2567 0.1359 1.5993
vt 0.2606 0.1418 1.1961
vt 0.0796 0.4164 1.1722
vt 0.1368 0.4278 1.0272
vt 0.1297 0.5000 1.0272
vt 0.0714 0.5000 1.1722
vt 0.8641 0.7433 1.5993
vt 0.8582 0.7394 1.1961
vt 0.3324 0.0954 1.5993
vt 0.3351 0.1019 1.1961
vt 0.0774 0.4159 1.1961
vt 0.0705 0.4146 1.5993
vt 0.8096 0.8096 1.5993
vt 0.8047 0.8047 1.1961
vt 0.4146 0.0705 1.5993
vt 0.4159 0.0774 1.1961
vt 0.5239 0.5239 1.1719
vt 0.5117 0.5117 1.4872
vt 0.5137 0.5092 1.4872
vt 0.5281 0.5187 1.1719
vt 0.1969 0.1969 1.1722
vt 0.2382 0.2382 1.0272
vt 0.1921 0.2943 1.0272
vt 0.1436 0.2619 1.1722
vt 0.0796 0.5836 1.1722
vt 0.1368 0.5722 1.0272
vt 0.1579 0.6417 1.0272
vt 0.1040 0.6640 1.1722
vt 0.8960 0.6640 1.1722
vt 0.8421 0.6417 1.0272
vt 0.2619 0.1436 1.1722
vt 0.2943 0.1921 1.0272
vt 0.1406 0.4285 1.0113
vt 0.1635 0.4331 0.8297
vt 0.1569 0.5000 0.8297
vt 0.1335 0.5000 1.0113
vt 0.8564 0.7381 1.1722
vt 0.8079 0.7057 1.0272
vt 0.3360 0.1040 1.1722
vt 0.3583 0.1579 1.0272
vt 0.1040 0.3360 1.1722
vt 0.1579 0.3583 1.0272
vt 0.8031 0.8031 1.1722
vt 0.7618 0.7618 1.0272
vt 0.4164 0.0796 1.1722
vt 0.4278 0.1368 1.0272
vt 0.7381 0.8564 1.1722
vt 0.7057 0.8079 1.0272
vt 0.5000 0.0714 1.1722
vt 0.5000 0.1297 1.0272
vt 0.6640 0.8960 1.1722
vt 0.6417 0.8421 1.0272
vt 0.5836 0.0796 1.1722
vt 0.5722 0.1368 1.0272
vt 0.5836 0.9204 1.1722
vt 0.5722 0.8632 1.0272
vt 0.6640 0.1040 1.1722
vt 0.6417 0.1579 1.0272
vt 0.5000 0.9286 1.1722
vt 0.5000 0.8703 1.0272
vt 0.7381 0.1436 1.1722
vt 0.7057 0.1921 1.0272
vt 0.4164 0.9204 1.1722
vt 0.4278 0.8632 1.0272
vt 0.8031 0.1969 1.1722
vt 0.7618 0.2382 1.0272
vt 0.3360 0.8960 1.1722
vt 0.3583 0.8421 1.0272
vt 0.8564 0.2619 1.1722
vt 0.8079 0.2943 1.0272
vt 0.2619 0.8564 1.1722
vt 0.2943 0.8079 1.0272
vt 0.8960 0.3360 1.1722
vt 0.8421 0.3583 1.0272
vt 0.1969 0.8031 1.1722
vt 0.2382 0.7618 1.0272
vt 0.9204 0.4164 1.1722
vt 0.8632 0.4278 1.0272
vt 0.1436 0.7381 1.1722
vt 0.1921 0.7057 1.0272
vt 0.4663 0.5000 1.1719
vt 0.4835 0.5000 1.4872
vt 0.4838 0.5032 1.4872
vt 0.4669 0.5066 1.1719
vt 0.4934 0.4669 1.1719
vt 0.4968 0.4838 1.4872
vt 0.4937 0.4848 1.4872
vt 0.4871 0.4688 1.1719
vt 0.5187 0.5281 1.1719
vt 0.5092 0.5137 1.4872
vt 0.5000 0.4663 1.1719
vt 0.5000 0.4835 1.4872
vt 0.5129 0.5312 1.1719
vt 0.5063 0.5152 1.4872
vt 0.5066 0.4669 1.1719
vt 0.5032 0.4838 1.4872
vt 0.5066 0.5331 1.1719
vt 0.5032 0.5162 1.4872
vt 0.5129 0.4688 1.1719
vt 0.5063 0.4848 1.4872
vt 0.5000 0.5337 1.1719
vt 0.5000 0.5165 1.4872
vt 0.5187 0.4719 1.1719
vt 0.5092 0.4863 1.4872
vt 0.4934 0.5331 1.1719
vt 0.4968 0.5162 1.4872
vt 0.5239 0.4761 1.1719
vt 0.5117 0.4883 1.4872
vt 0.4871 0.5312 1.1719
vt 0.4937 0.5152 1.4872
vt 0.5281 0.4813 1.1719
vt 0.5137 0.4908 1.4872
vt 0.4813 0.5281 1.1719
vt 0.4908 0.5137 1.4872
vt 0.5312 0.4871 1.1719
vt 0.5152 0.4937 1.4872
vt 0.4761 0.5239 1.1719
vt 0.4883 0.5117 1.4872
vt 0.5331 0.4934 1.1719
vt 0.5162 0.4968 1.4872
vt 0.4869 0.4946 1.5005
vt 0.4882 0.4921 1.5005
vt 0.4900 0.4900 1.5005
vt 0.4858 0.5000 1.5005
vt 0.4921 0.4882 1.5005
vt 0.4946 0.4869 1.5005
vt 0.5000 0.4858 1.5005
vt 0.4972 0.4861 1.5005
vt 0.5028 0.4861 1.5005
vt 0.5054 0.4869 1.5005
vt 0.5100 0.4900 1.5005
vt 0.5079 0.4882 1.5005
vt 0.5118 0.4921 1.5005
vt 0.5131 0.4946 1.5005
vt 0.5142 0.5000 1.5005
vt 0.5139 0.4972 1.5005
vt 0.5139 0.5028 1.5005
vt 0.5131 0.5054 1.5005
vt 0.5100 0.5100 1.5005
vt 0.5118 0.5079 1.5005
vt 0.5079 0.5118 1.5005
vt 0.5054 0.5131 1.5005
vt 0.5000 0.5142 1.5005
vt 0.5028 0.5139 1.5005
vt 0.4972 0.5139 1.5005
vt 0.4946 0.5131 1.5005
vt 0.4900 0.5100 1.5005
vt 0.4921 0.5118 1.5005
vt 0.4882 0.5079 1.5005
vt 0.4869 0.5054 1.5005
vt 0.4861 0.5028 1.5005
vt 0.4861 0.4972 1.5005
vt 0.4719 0.5187 1.1719
vt 0.4863 0.5092 1.4872
vt 0.5337 0.5000 1.1719
vt 0.5165 0.5000 1.4872
vt 0.4719 0.4813 1.1719
vt 0.4863 0.4908 1.4872
vt 0.4848 0.4937 1.4872
vt 0.4688 0.4871 1.1719
vt 0.4688 0.5129 1.1719
vt 0.4848 0.5063 1.4872
vt 0.5331 0.5066 1.1719
vt 0.5162 0.5032 1.4872
vt 0.4761 0.4761 1.1719
vt 0.4883 0.4883 1.4872
vt 0.5312 0.5129 1.1719
vt 0.5152 0.5063 1.4872
vt 0.4813 0.4719 1.1719
vt 0.4908 0.4863 1.4872
vt 0.5273 0.5182 1.1503
vt 0.5256 0.5171 1.1430
vt 0.5218 0.5218 1.1430
vt 0.5232 0.5232 1.1503
vt 0.4838 0.4968 1.4872
vt 0.4669 0.4934 1.1719
vt 0.7591 0.7591 1.0113
vt 0.7426 0.7426 0.8297
vt 0.7852 0.6906 0.8297
vt 0.8047 0.7036 1.0113
vt 0.4285 0.1406 1.0113
vt 0.4331 0.1635 0.8297
vt 0.3687 0.1831 0.8297
vt 0.3598 0.1614 1.0113
vt 0.7036 0.8047 1.0113
vt 0.6906 0.7852 0.8297
vt 0.5000 0.1335 1.0113
vt 0.5000 0.1569 0.8297
vt 0.6402 0.8386 1.0113
vt 0.6313 0.8169 0.8297
vt 0.5715 0.1406 1.0113
vt 0.5669 0.1635 0.8297
vt 0.5715 0.8594 1.0113
vt 0.5669 0.8365 0.8297
vt 0.6402 0.1614 1.0113
vt 0.6313 0.1831 0.8297
vt 0.5000 0.8665 1.0113
vt 0.5000 0.8431 0.8297
vt 0.7036 0.1953 1.0113
vt 0.6906 0.2148 0.8297
vt 0.4285 0.8594 1.0113
vt 0.4331 0.8365 0.8297
vt 0.7591 0.2409 1.0113
vt 0.7426 0.2574 0.8297
vt 0.3598 0.8386 1.0113
vt 0.3687 0.8169 0.8297
vt 0.8047 0.2964 1.0113
vt 0.7852 0.3094 0.8297
vt 0.2964 0.8047 1.0113
vt 0.3094 0.7852 0.8297
vt 0.8386 0.3598 1.0113
vt 0.8169 0.3687 0.8297
vt 0.2409 0.7591 1.0113
vt 0.2574 0.7426 0.8297
vt 0.8594 0.4285 1.0113
vt 0.8365 0.4331 0.8297
vt 0.1635 0.5669 0.8297
vt 0.1406 0.5715 1.0113
vt 0.1953 0.7036 1.0113
vt 0.2148 0.6906 0.8297
vt 0.8665 0.5000 1.0113
vt 0.8431 0.5000 0.8297
vt 0.1953 0.2964 1.0113
vt 0.2148 0.3094 0.8297
vt 0.1831 0.3687 0.8297
vt 0.1614 0.3598 1.0113
vt 0.1614 0.6402 1.0113
vt 0.1831 0.6313 0.8297
vt 0.8594 0.5715 1.0113
vt 0.8365 0.5669 0.8297
vt 0.2409 0.2409 1.0113
vt 0.2574 0.2574 0.8297
vt 0.8386 0.6402 1.0113
vt 0.8169 0.6313 0.8297
vt 0.2964 0.1953 1.0113
vt 0.3094 0.2148 0.8297
vt 0.0716 0.5852 1.1666
vt 0.0632 0.5000 1.1666
vt 0.0579 0.5000 1.5347
vt 0.0664 0.5862 1.5347
vt 0.8751 0.5000 0.9838
vt 0.8679 0.5732 0.9838
vt 0.9262 0.5848 1.1422
vt 0.9346 0.5000 1.1422
vt 0.7427 0.8632 1.1666
vt 0.6671 0.9035 1.1666
vt 0.6692 0.9084 1.5347
vt 0.7456 0.8676 1.5347
vt 0.5000 0.0632 1.1666
vt 0.5852 0.0716 1.1666
vt 0.5862 0.0664 1.5347
vt 0.5000 0.0579 1.5347
vt 0.5852 0.9284 1.1666
vt 0.5862 0.9336 1.5347
vt 0.6671 0.0965 1.1666
vt 0.6692 0.0916 1.5347
vt 0.5000 0.9368 1.1666
vt 0.5000 0.9421 1.5347
vt 0.7427 0.1368 1.1666
vt 0.7456 0.1324 1.5347
vt 0.4148 0.9284 1.1666
vt 0.4138 0.9336 1.5347
vt 0.8088 0.1912 1.1666
vt 0.8126 0.1874 1.5347
vt 0.3329 0.9035 1.1666
vt 0.3308 0.9084 1.5347
vt 0.8632 0.2573 1.1666
vt 0.8676 0.2544 1.5347
vt 0.2573 0.8632 1.1666
vt 0.2544 0.8676 1.5347
vt 0.9035 0.3329 1.1666
vt 0.9084 0.3308 1.5347
vt 0.1912 0.8088 1.1666
vt 0.1874 0.8126 1.5347
vt 0.9284 0.4148 1.1666
vt 0.9336 0.4138 1.5347
vt 0.0900 0.3302 1.5450
vt 0.1310 0.2534 1.5450
vt 0.1862 0.1862 1.5450
vt 0.0562 0.5000 1.5450
vt 0.2534 0.1310 1.5450
vt 0.3302 0.0900 1.5450
vt 0.5000 0.0562 1.5450
vt 0.4134 0.0647 1.5450
vt 0.5866 0.0647 1.5450
vt 0.6698 0.0900 1.5450
vt 0.8138 0.1862 1.5450
vt 0.7466 0.1310 1.5450
vt 0.8690 0.2534 1.5450
vt 0.9100 0.3302 1.5450
vt 0.9438 0.5000 1.5450
vt 0.9353 0.4134 1.5450
vt 0.3138 0.1862 1.5450
vt -0.0562 0.5000 1.5450
vt 0.9353 0.5866 1.5450
vt 0.9100 0.6698 1.5450
vt 0.8138 0.8138 1.5450
vt 0.8690 0.7466 1.5450
vt 0.7466 0.8690 1.5450
vt 0.6698 0.9100 1.5450
vt 0.5000 0.9438 1.5450
vt 0.5866 0.9353 1.5450
vt 0.3138 0.8138 1.5450
vt 0.4134 0.9353 1.5450
vt 0.3302 0.9100 1.5450
vt 0.1862 0.8138 1.5450
vt 0.2534 0.8690 1.5450
vt 0.1310 0.7466 1.5450
vt 0.0900 0.6698 1.5450
vt 0.0647 0.5866 1.5450
vt 0.0647 0.4134 1.5450
vt 0.1368 0.7427 1.1666
vt 0.1324 0.7456 1.5347
vt 0.9368 0.5000 1.1666
vt 0.9421 0.5000 1.5347
vt 0.0965 0.3329 1.1666
vt 0.1368 0.2573 1.1666
vt 0.1324 0.2544 1.5347
vt 0.0916 0.3308 1.5347
vt 0.0965 0.6671 1.1666
vt 0.0916 0.6692 1.5347
vt 0.9284 0.5852 1.1666
vt 0.9336 0.5862 1.5347
vt 0.1912 0.1912 1.1666
vt 0.1874 0.1874 1.5347
vt 0.9035 0.6671 1.1666
vt 0.9084 0.6692 1.5347
vt 0.2573 0.1368 1.1666
vt 0.2544 0.1324 1.5347
vt 0.1249 0.5000 0.9838
vt 0.1321 0.4268 0.9838
vt 0.0738 0.4152 1.1422
vt 0.0654 0.5000 1.1422
vt 0.8632 0.7427 1.1666
vt 0.8676 0.7456 1.5347
vt 0.3329 0.0965 1.1666
vt 0.3308 0.0916 1.5347
vt 0.0716 0.4148 1.1666
vt 0.0664 0.4138 1.5347
vt 0.8088 0.8088 1.1666
vt 0.8126 0.8126 1.5347
vt 0.4148 0.0716 1.1666
vt 0.4138 0.0664 1.5347
vt 0.5108 0.5072 1.4377
vt 0.5091 0.5091 1.4377
vt 0.5197 0.5197 1.1503
vt 0.5231 0.5155 1.1503
vt 0.1881 0.2916 0.9838
vt 0.2348 0.2348 0.9838
vt 0.1927 0.1927 1.1422
vt 0.1386 0.2585 1.1422
vt 0.1535 0.6435 0.9838
vt 0.1321 0.5732 0.9838
vt 0.0738 0.5848 1.1422
vt 0.0985 0.6663 1.1422
vt 0.8465 0.6435 0.9838
vt 0.9015 0.6663 1.1422
vt 0.2916 0.1881 0.9838
vt 0.2585 0.1386 1.1422
vt 0.1497 0.5000 0.7989
vt 0.1564 0.4317 0.7989
vt 0.1359 0.4276 0.9671
vt 0.1288 0.5000 0.9671
vt 0.8119 0.7084 0.9838
vt 0.8614 0.7415 1.1422
vt 0.3565 0.1535 0.9838
vt 0.3337 0.0985 1.1422
vt 0.1535 0.3565 0.9838
vt 0.0985 0.3337 1.1422
vt 0.7652 0.7652 0.9838
vt 0.8073 0.8073 1.1422
vt 0.4268 0.1321 0.9838
vt 0.4152 0.0738 1.1422
vt 0.7084 0.8119 0.9838
vt 0.7415 0.8614 1.1422
vt 0.5000 0.1249 0.9838
vt 0.5000 0.0654 1.1422
vt 0.6435 0.8465 0.9838
vt 0.6663 0.9015 1.1422
vt 0.5732 0.1321 0.9838
vt 0.5848 0.0738 1.1422
vt 0.5732 0.8679 0.9838
vt 0.5848 0.9262 1.1422
vt 0.6435 0.1535 0.9838
vt 0.6663 0.0985 1.1422
vt 0.5000 0.8751 0.9838
vt 0.5000 0.9346 1.1422
vt 0.7084 0.1881 0.9838
vt 0.7415 0.1386 1.1422
vt 0.4268 0.8679 0.9838
vt 0.4152 0.9262 1.1422
vt 0.7652 0.2348 0.9838
vt 0.8073 0.1927 1.1422
vt 0.3565 0.8465 0.9838
vt 0.3337 0.9015 1.1422
vt 0.8119 0.2916 0.9838
vt 0.8614 0.2585 1.1422
vt 0.2916 0.8119 0.9838
vt 0.2585 0.8614 1.1422
vt 0.8465 0.3565 0.9838
vt 0.9015 0.3337 1.1422
vt 0.2348 0.7652 0.9838
vt 0.1927 0.8073 1.1422
vt 0.8679 0.4268 0.9838
vt 0.9262 0.4152 1.1422
vt 0.1881 0.7084 0.9838
vt 0.1386 0.7415 1.1422
vt 0.4873 0.5025 1.4377
vt 0.4871 0.5000 1.4377
vt 0.4722 0.5000 1.1503
vt 0.4727 0.5054 1.1503
vt 0.4951 0.4881 1.4377
vt 0.4975 0.4873 1.4377
vt 0.4946 0.4727 1.1503
vt 0.4893 0.4743 1.1503
vt 0.5072 0.5108 1.4377
vt 0.5155 0.5231 1.1503
vt 0.5000 0.4871 1.4377
vt 0.5000 0.4722 1.1503
vt 0.5049 0.5119 1.4377
vt 0.5107 0.5257 1.1503
vt 0.5025 0.4873 1.4377
vt 0.5054 0.4727 1.1503
vt 0.5025 0.5127 1.4377
vt 0.5054 0.5273 1.1503
vt 0.5049 0.4881 1.4377
vt 0.5107 0.4743 1.1503
vt 0.5000 0.5129 1.4377
vt 0.5000 0.5278 1.1503
vt 0.5072 0.4892 1.4377
vt 0.5155 0.4769 1.1503
vt 0.4975 0.5127 1.4377
vt 0.4946 0.5273 1.1503
vt 0.5091 0.4909 1.4377
vt 0.5197 0.4803 1.1503
vt 0.4951 0.5119 1.4377
vt 0.4893 0.5257 1.1503
vt 0.5108 0.4928 1.4377
vt 0.5231 0.4845 1.1503
vt 0.4928 0.5108 1.4377
vt 0.4845 0.5231 1.1503
vt 0.5119 0.4951 1.4377
vt 0.5257 0.4893 1.1503
vt 0.4909 0.5091 1.4377
vt 0.4803 0.5197 1.1503
vt 0.5127 0.4975 1.4377
vt 0.5273 0.4946 1.1503
vt 0.4894 0.5000 1.4516
vt 0.4896 0.5021 1.4516
vt 0.4902 0.5040 1.4516
vt 0.4902 0.4960 1.4516
vt 0.4912 0.5059 1.4516
vt 0.4925 0.5075 1.4516
vt 0.4960 0.5098 1.4516
vt 0.4941 0.5088 1.4516
vt 0.4979 0.5104 1.4516
vt 0.5000 0.5106 1.4516
vt 0.5040 0.5098 1.4516
vt 0.5021 0.5104 1.4516
vt 0.5059 0.5088 1.4516
vt 0.5075 0.5075 1.4516
vt 0.5098 0.5040 1.4516
vt 0.5088 0.5059 1.4516
vt 0.5104 0.5021 1.4516
vt 0.5106 0.5000 1.4516
vt 0.5098 0.4960 1.4516
vt 0.5104 0.4979 1.4516
vt 0.5088 0.4941 1.4516
vt 0.5075 0.4925 1.4516
vt 0.5040 0.4902 1.4516
vt 0.5059 0.4912 1.4516
vt 0.5021 0.4896 1.4516
vt 0.5000 0.4894 1.4516
vt 0.4960 0.4902 1.4516
vt 0.4979 0.4896 1.4516
vt 0.4941 0.4912 1.4516
vt 0.4925 0.4925 1.4516
vt 0.4912 0.4941 1.4516
vt 0.4896 0.4979 1.4516
vt 0.4892 0.5072 1.4377
vt 0.4769 0.5155 1.1503
vt 0.5129 0.5000 1.4377
vt 0.5278 0.5000 1.1503
vt 0.4881 0.4951 1.4377
vt 0.4892 0.4928 1.4377
vt 0.4769 0.4845 1.1503
vt 0.4743 0.4893 1.1503
vt 0.4881 0.5049 1.4377
vt 0.4743 0.5107 1.1503
vt 0.5127 0.5025 1.4377
vt 0.5273 0.5054 1.1503
vt 0.4909 0.4909 1.4377
vt 0.4803 0.4803 1.1503
vt 0.5119 0.5049 1.4377
vt 0.5257 0.5107 1.1503
vt 0.4928 0.4892 1.4377
vt 0.4845 0.4769 1.1503
vt 0.4873 0.4975 1.4377
vt 0.4727 0.4946 1.1503
vt 0.7913 0.6946 0.7989
vt 0.7477 0.7477 0.7989
vt 0.7625 0.7625 0.9671
vt 0.8087 0.7062 0.9671
vt 0.3659 0.1764 0.7989
vt 0.4317 0.1564 0.7989
vt 0.4276 0.1359 0.9671
vt 0.3579 0.1570 0.9671
vt 0.6946 0.7913 0.7989
vt 0.7062 0.8087 0.9671
vt 0.5000 0.1497 0.7989
vt 0.5000 0.1288 0.9671
vt 0.6341 0.8236 0.7989
vt 0.6421 0.8430 0.9671
vt 0.5683 0.1564 0.7989
vt 0.5724 0.1359 0.9671
vt 0.5683 0.8436 0.7989
vt 0.5724 0.8641 0.9671
vt 0.6341 0.1764 0.7989
vt 0.6421 0.1570 0.9671
vt 0.5000 0.8503 0.7989
vt 0.5000 0.8712 0.9671
vt 0.6946 0.2087 0.7989
vt 0.7062 0.1913 0.9671
vt 0.4317 0.8436 0.7989
vt 0.4276 0.8641 0.9671
vt 0.7477 0.2523 0.7989
vt 0.7625 0.2375 0.9671
vt 0.3659 0.8236 0.7989
vt 0.3579 0.8430 0.9671
vt 0.7913 0.3054 0.7989
vt 0.8087 0.2938 0.9671
vt 0.3054 0.7913 0.7989
vt 0.2938 0.8087 0.9671
vt 0.8236 0.3659 0.7989
vt 0.8430 0.3579 0.9671
vt 0.2523 0.7477 0.7989
vt 0.2375 0.7625 0.9671
vt 0.8436 0.4317 0.7989
vt 0.8641 0.4276 0.9671
vt 0.1564 0.5683 0.7989
vt 0.1359 0.5724 0.9671
vt 0.2087 0.6946 0.7989
vt 0.1913 0.7062 0.9671
vt 0.8503 0.5000 0.7989
vt 0.8712 0.5000 0.9671
vt 0.1764 0.3659 0.7989
vt 0.2087 0.3054 0.7989
vt 0.1913 0.2938 0.9671
vt 0.1570 0.3579 0.9671
vt 0.1764 0.6341 0.7989
vt 0.1570 0.6421 0.9671
vt 0.8436 0.5683 0.7989
vt 0.8641 0.5724 0.9671
vt 0.2523 0.2523 0.7989
vt 0.2375 0.2375 0.9671
vt 0.8236 0.6341 0.7989
vt 0.8430 0.6421 0.9671
vt 0.3054 0.2087 0.7989
vt 0.2938 0.1913 0.9671
vt 0.4768 0.5232 1.1503
vt 0.4782 0.5218 1.1430
vt 0.4744 0.5171 1.1430
vt 0.4727 0.5182 1.1503
vt 0.5171 0.5256 1.1430
vt 0.5182 0.5273 1.1503
vt 0.4874 0.4697 1.1503
vt 0.4882 0.4715 1.1430
vt 0.4940 0.4698 1.1430
vt 0.4936 0.4678 1.1503
vt 0.7855 0.6908 0.8071
vt 0.7875 0.6921 0.7967
vt 0.8195 0.6323 0.7967
vt 0.8172 0.6314 0.8071
vt 0.4697 0.5126 1.1503
vt 0.4715 0.5118 1.1430
vt 0.4698 0.5060 1.1430
vt 0.4678 0.5064 1.1503
vt 0.4727 0.4818 1.1503
vt 0.4744 0.4829 1.1430
vt 0.4782 0.4782 1.1430
vt 0.4768 0.4768 1.1503
vt 0.5328 0.5000 1.1503
vt 0.5308 0.5000 1.1430
vt 0.5302 0.5060 1.1430
vt 0.5322 0.5064 1.1503
vt 0.4697 0.4874 1.1503
vt 0.4715 0.4882 1.1430
vt 0.5322 0.4936 1.1503
vt 0.5302 0.4940 1.1430
vt 0.4672 0.5000 1.1503
vt 0.4692 0.5000 1.1430
vt 0.4698 0.4940 1.1430
vt 0.4678 0.4936 1.1503
vt 0.5303 0.4874 1.1503
vt 0.5285 0.4882 1.1430
vt 0.4818 0.5273 1.1503
vt 0.4829 0.5256 1.1430
vt 0.5273 0.4818 1.1503
vt 0.5256 0.4829 1.1430
vt 0.4874 0.5303 1.1503
vt 0.4882 0.5285 1.1430
vt 0.5232 0.4768 1.1503
vt 0.5218 0.4782 1.1430
vt 0.4936 0.5322 1.1503
vt 0.4940 0.5302 1.1430
vt 0.5182 0.4727 1.1503
vt 0.5171 0.4744 1.1430
vt 0.5000 0.5328 1.1503
vt 0.5000 0.5308 1.1430
vt 0.5126 0.4697 1.1503
vt 0.5118 0.4715 1.1430
vt 0.5064 0.5322 1.1503
vt 0.5060 0.5302 1.1430
vt 0.5064 0.4678 1.1503
vt 0.5060 0.4698 1.1430
vt 0.5126 0.5303 1.1503
vt 0.5118 0.5285 1.1430
vt 0.5000 0.4672 1.1503
vt 0.5000 0.4692 1.1430
vt 0.4818 0.4727 1.1503
vt 0.4829 0.4744 1.1430
vt 0.5303 0.5126 1.1503
vt 0.5285 0.5118 1.1430
vt 0.8392 0.5675 0.7967
vt 0.8368 0.5670 0.8071
vt 0.3092 0.2145 0.8071
vt 0.3079 0.2125 0.7967
vt 0.2555 0.2555 0.7967
vt 0.2572 0.2572 0.8071
vt 0.4330 0.1632 0.8071
vt 0.4325 0.1608 0.7967
vt 0.3677 0.1805 0.7967
vt 0.3686 0.1828 0.8071
vt 0.6908 0.7855 0.8071
vt 0.6921 0.7875 0.7967
vt 0.7445 0.7445 0.7967
vt 0.7428 0.7428 0.8071
vt 0.5000 0.1566 0.8071
vt 0.5000 0.1542 0.7967
vt 0.6314 0.8172 0.8071
vt 0.6323 0.8195 0.7967
vt 0.5670 0.1632 0.8071
vt 0.5675 0.1608 0.7967
vt 0.5670 0.8368 0.8071
vt 0.5675 0.8392 0.7967
vt 0.6314 0.1828 0.8071
vt 0.6323 0.1805 0.7967
vt 0.5000 0.8434 0.8071
vt 0.5000 0.8458 0.7967
vt 0.6908 0.2145 0.8071
vt 0.6921 0.2125 0.7967
vt 0.4330 0.8368 0.8071
vt 0.4325 0.8392 0.7967
vt 0.7428 0.2572 0.8071
vt 0.7445 0.2555 0.7967
vt 0.3686 0.8172 0.8071
vt 0.3677 0.8195 0.7967
vt 0.7855 0.3092 0.8071
vt 0.7875 0.3079 0.7967
vt 0.3092 0.7855 0.8071
vt 0.3079 0.7875 0.7967
vt 0.8172 0.3686 0.8071
vt 0.8195 0.3677 0.7967
vt 0.2572 0.7428 0.8071
vt 0.2555 0.7445 0.7967
vt 0.1566 0.5000 0.8071
vt 0.1542 0.5000 0.7967
vt 0.1608 0.5675 0.7967
vt 0.1632 0.5670 0.8071
vt 0.8368 0.4330 0.8071
vt 0.8392 0.4325 0.7967
vt 0.1828 0.3686 0.8071
vt 0.1805 0.3677 0.7967
vt 0.1608 0.4325 0.7967
vt 0.1632 0.4330 0.8071
vt 0.2145 0.6908 0.8071
vt 0.2125 0.6921 0.7967
vt 0.8434 0.5000 0.8071
vt 0.8458 0.5000 0.7967
vt 0.2145 0.3092 0.8071
vt 0.2125 0.3079 0.7967
vt 0.1828 0.6314 0.8071
vt 0.1805 0.6323 0.7967
vt 0.0615 0.5000 1.6087
vt 0.0699 0.4145 1.6087
vt 0.0949 0.3322 1.6087
vt 0.1354 0.2564 1.6087
vt 0.1899 0.1899 1.6087
vt 0.2564 0.1354 1.6087
vt 0.3322 0.0949 1.6087
vt 0.4145 0.0699 1.6087
vt 0.5000 0.0615 1.6087
vt 0.5855 0.0699 1.6087
vt 0.6678 0.0949 1.6087
vt 0.7436 0.1354 1.6087
vt 0.8101 0.1899 1.6087
vt 0.8646 0.2564 1.6087
vt 0.9051 0.3322 1.6087
vt 0.9301 0.4145 1.6087
vt 0.9385 0.5000 1.6087
vt 0.9301 0.5855 1.6087
vt 0.9051 0.6678 1.6087
vt 0.8646 0.7436 1.6087
vt 0.8101 0.8101 1.6087
vt 0.7436 0.8646 1.6087
vt 0.6678 0.9051 1.6087
vt 0.5855 0.9301 1.6087
vt 0.5000 0.9385 1.6087
vt 0.4145 0.9301 1.6087
vt 0.3322 0.9051 1.6087
vt 0.2564 0.8646 1.6087
vt 0.1899 0.8101 1.6087
vt 0.1354 0.7436 1.6087
vt 0.0949 0.6678 1.6087
vt 0.0699 0.5855 1.6087
vt 0.0700 0.5000 1.1825
vt 0.0782 0.4161 1.1825
vt 0.1027 0.3354 1.1825
vt 0.1424 0.2611 1.1825
vt 0.1959 0.1959 1.1825
vt 0.2611 0.1424 1.1825
vt 0.3354 0.1027 1.1825
vt 0.4161 0.0782 1.1825
vt 0.5000 0.0700 1.1825
vt 0.5839 0.0782 1.1825
vt 0.6646 0.1027 1.1825
vt 0.7389 0.1424 1.1825
vt 0.8041 0.1959 1.1825
vt 0.8576 0.2611 1.1825
vt 0.8973 0.3354 1.1825
vt 0.9218 0.4161 1.1825
vt 0.9300 0.5000 1.1825
vt 0.9218 0.5839 1.1825
vt 0.8973 0.6646 1.1825
vt 0.8576 0.7389 1.1825
vt 0.8041 0.8041 1.1825
vt 0.7389 0.8576 1.1825
vt 0.6646 0.8973 1.1825
vt 0.5839 0.9218 1.1825
vt 0.5000 0.9300 1.1825
vt 0.4161 0.9218 1.1825
vt 0.3354 0.8973 1.1825
vt 0.2611 0.8576 1.1825
vt 0.1959 0.8041 1.1825
vt 0.1424 0.7389 1.1825
vt 0.1027 0.6646 1.1825
vt 0.0782 0.5839 1.1825
vt 0.1318 0.5000 1.0215
vt 0.1389 0.4282 1.0215
vt 0.1599 0.3591 1.0215
vt 0.1939 0.2955 1.0215
vt 0.2397 0.2397 1.0215
vt 0.2955 0.1939 1.0215
vt 0.3591 0.1599 1.0215
vt 0.4282 0.1389 1.0215
vt 0.5000 0.1318 1.0215
vt 0.5718 0.1389 1.0215
vt 0.6409 0.1599 1.0215
vt 0.7045 0.1939 1.0215
vt 0.7603 0.2397 1.0215
vt 0.8061 0.2955 1.0215
vt 0.8401 0.3591 1.0215
vt 0.8611 0.4282 1.0215
vt 0.8682 0.5000 1.0215
vt 0.8611 0.5718 1.0215
vt 0.8401 0.6409 1.0215
vt 0.8061 0.7045 1.0215
vt 0.7603 0.7603 1.0215
vt 0.7045 0.8061 1.0215
vt 0.6409 0.8401 1.0215
vt 0.5718 0.8611 1.0215
vt 0.5000 0.8682 1.0215
vt 0.4282 0.8611 1.0215
vt 0.3591 0.8401 1.0215
vt 0.2955 0.8061 1.0215
vt 0.2397 0.7603 1.0215
vt 0.1939 0.7045 1.0215
vt 0.1599 0.6409 1.0215
vt 0.1389 0.5718 1.0215
vt 0.4844 0.5000 1.4972
vt 0.4847 0.4970 1.4972
vt 0.4856 0.4940 1.4972
vt 0.4871 0.4914 1.4972
vt 0.4890 0.4890 1.4972
vt 0.4914 0.4871 1.4972
vt 0.4940 0.4856 1.4972
vt 0.4970 0.4847 1.4972
vt 0.5000 0.4844 1.4972
vt 0.5030 0.4847 1.4972
vt 0.5060 0.4856 1.4972
vt 0.5086 0.4871 1.4972
vt 0.5110 0.4890 1.4972
vt 0.5129 0.4914 1.4972
vt 0.5144 0.4940 1.4972
vt 0.5153 0.4970 1.4972
vt 0.5156 0.5000 1.4972
vt 0.5153 0.5030 1.4972
vt 0.5144 0.5060 1.4972
vt 0.5129 0.5086 1.4972
vt 0.5110 0.5110 1.4972
vt 0.5086 0.5129 1.4972
vt 0.5060 0.5144 1.4972
vt 0.5030 0.5153 1.4972
vt 0.5000 0.5156 1.4972
vt 0.4970 0.5153 1.4972
vt 0.4940 0.5144 1.4972
vt 0.4914 0.5129 1.4972
vt 0.4890 0.5110 1.4972
vt 0.4871 0.5086 1.4972
vt 0.4856 0.5060 1.4972
vt 0.4847 0.5030 1.4972
vt 0.4668 0.5066 1.1597
vt 0.4661 0.5000 1.1597
vt 0.4760 0.4760 1.1597
vt 0.4812 0.4718 1.1597
vt 0.5332 0.5066 1.1597
vt 0.5313 0.5130 1.1597
vt 0.4687 0.5130 1.1597
vt 0.4718 0.4812 1.1597
vt 0.5339 0.5000 1.1597
vt 0.4718 0.5188 1.1597
vt 0.4687 0.4870 1.1597
vt 0.5332 0.4934 1.1597
vt 0.4760 0.5240 1.1597
vt 0.4668 0.4934 1.1597
vt 0.5313 0.4870 1.1597
vt 0.4812 0.5282 1.1597
vt 0.5282 0.4812 1.1597
vt 0.4870 0.5313 1.1597
vt 0.5240 0.4760 1.1597
vt 0.4934 0.5332 1.1597
vt 0.5188 0.4718 1.1597
vt 0.5000 0.5339 1.1597
vt 0.5130 0.4687 1.1597
vt 0.5066 0.5332 1.1597
vt 0.5066 0.4668 1.1597
vt 0.5130 0.5313 1.1597
vt 0.5000 0.4661 1.1597
vt 0.5188 0.5282 1.1597
vt 0.4934 0.4668 1.1597
vt 0.5240 0.5240 1.1597
vt 0.4870 0.4687 1.1597
vt 0.5282 0.5188 1.1597
vt 0.8163 0.6310 0.8181
vt 0.7846 0.6902 0.8181
vt 0.3098 0.2154 0.8181
vt 0.3690 0.1837 0.8181
vt 0.7420 0.7420 0.8181
vt 0.4332 0.1643 0.8181
vt 0.6902 0.7846 0.8181
vt 0.5000 0.1577 0.8181
vt 0.6310 0.8163 0.8181
vt 0.5668 0.1643 0.8181
vt 0.5668 0.8357 0.8181
vt 0.6310 0.1837 0.8181
vt 0.5000 0.8423 0.8181
vt 0.6902 0.2154 0.8181
vt 0.4332 0.8357 0.8181
vt 0.7420 0.2580 0.8181
vt 0.3690 0.8163 0.8181
vt 0.7846 0.3098 0.8181
vt 0.3098 0.7846 0.8181
vt 0.8163 0.3690 0.8181
vt 0.1577 0.5000 0.8181
vt 0.1643 0.4332 0.8181
vt 0.2580 0.7420 0.8181
vt 0.8357 0.4332 0.8181
vt 0.1837 0.3690 0.8181
vt 0.2154 0.6902 0.8181
vt 0.8423 0.5000 0.8181
vt 0.2154 0.3098 0.8181
vt 0.1837 0.6310 0.8181
vt 0.8357 0.5668 0.8181
vt 0.2580 0.2580 0.8181
vt 0.1643 0.5668 0.8181
vt 0.0573 0.5000 1.5443
vt 0.0659 0.4136 1.5443
vt 0.0910 0.3306 1.5443
vt 0.1319 0.2541 1.5443
vt 0.1870 0.1870 1.5443
vt 0.2541 0.1319 1.5443
vt 0.3306 0.0910 1.5443
vt 0.4136 0.0659 1.5443
vt 0.5000 0.0573 1.5443
vt 0.5864 0.0659 1.5443
vt 0.6694 0.0910 1.5443
vt 0.7459 0.1319 1.5443
vt 0.8130 0.1870 1.5443
vt 0.8681 0.2541 1.5443
vt 0.9090 0.3306 1.5443
vt 0.9341 0.4136 1.5443
vt 0.9427 0.5000 1.5443
vt 0.9341 0.5864 1.5443
vt 0.9090 0.6694 1.5443
vt 0.8681 0.7459 1.5443
vt 0.8130 0.8130 1.5443
vt 0.7459 0.8681 1.5443
vt 0.6694 0.9090 1.5443
vt 0.5864 0.9341 1.5443
vt 0.5000 0.9427 1.5443
vt 0.4136 0.9341 1.5443
vt 0.3306 0.9090 1.5443
vt 0.2541 0.8681 1.5443
vt 0.1870 0.8130 1.5443
vt 0.1319 0.7459 1.5443
vt 0.0910 0.6694 1.5443
vt 0.0659 0.5864 1.5443
vt 0.0640 0.5000 1.1529
vt 0.0724 0.4149 1.1529
vt 0.0972 0.3331 1.1529
vt 0.1375 0.2578 1.1529
vt 0.1917 0.1917 1.1529
vt 0.2578 0.1375 1.1529
vt 0.3331 0.0972 1.1529
vt 0.4149 0.0724 1.1529
vt 0.5000 0.0640 1.1529
vt 0.5851 0.0724 1.1529
vt 0.6669 0.0972 1.1529
vt 0.7422 0.1375 1.1529
vt 0.8083 0.1917 1.1529
vt 0.8625 0.2578 1.1529
vt 0.9028 0.3331 1.1529
vt 0.9276 0.4149 1.1529
vt 0.9360 0.5000 1.1529
vt 0.9276 0.5851 1.1529
vt 0.9028 0.6669 1.1529
vt 0.8625 0.7422 1.1529
vt 0.8083 0.8083 1.1529
vt 0.7422 0.8625 1.1529
vt 0.6669 0.9028 1.1529
vt 0.5851 0.9276 1.1529
vt 0.5000 0.9360 1.1529
vt 0.4149 0.9276 1.1529
vt 0.3331 0.9028 1.1529
vt 0.2578 0.8625 1.1529
vt 0.1917 0.8083 1.1529
vt 0.1375 0.7422 1.1529
vt 0.0972 0.6669 1.1529
vt 0.0724 0.5851 1.1529
vt 0.1271 0.5000 0.9776
vt 0.1343 0.4272 0.9776
vt 0.1555 0.3573 0.9776
vt 0.1899 0.2928 0.9776
vt 0.2363 0.2363 0.9776
vt 0.2928 0.1899 0.9776
vt 0.3573 0.1555 0.9776
vt 0.4272 0.1343 0.9776
vt 0.5000 0.1271 0.9776
vt 0.5728 0.1343 0.9776
vt 0.6427 0.1555 0.9776
vt 0.7072 0.1899 0.9776
vt 0.7637 0.2363 0.9776
vt 0.8101 0.2928 0.9776
vt 0.8445 0.3573 0.9776
vt 0.8657 0.4272 0.9776
vt 0.8729 0.5000 0.9776
vt 0.8657 0.5728 0.9776
vt 0.8445 0.6427 0.9776
vt 0.8101 0.7072 0.9776
vt 0.7637 0.7637 0.9776
vt 0.7072 0.8101 0.9776
vt 0.6427 0.8445 0.9776
vt 0.5728 0.8657 0.9776
vt 0.5000 0.8729 0.9776
vt 0.4272 0.8657 0.9776
vt 0.3573 0.8445 0.9776
vt 0.2928 0.8101 0.9776
vt 0.2363 0.7637 0.9776
vt 0.1899 0.7072 0.9776
vt 0.1555 0.6427 0.9776
vt 0.1343 0.5728 0.9776
vt 0.4880 0.5000 1.4480
vt 0.4882 0.4977 1.4480
vt 0.4889 0.4954 1.4480
vt 0.4900 0.4933 1.4480
vt 0.4915 0.4915 1.4480
vt 0.4933 0.4900 1.4480
vt 0.4954 0.4889 1.4480
vt 0.4977 0.4882 1.4480
vt 0.5000 0.4880 1.4480
vt 0.5023 0.4882 1.4480
vt 0.5046 0.4889 1.4480
vt 0.5067 0.4900 1.4480
vt 0.5085 0.4915 1.4480
vt 0.5100 0.4933 1.4480
vt 0.5111 0.4954 1.4480
vt 0.5118 0.4977 1.4480
vt 0.5120 0.5000 1.4480
vt 0.5118 0.5023 1.4480
vt 0.5111 0.5046 1.4480
vt 0.5100 0.5067 1.4480
vt 0.5085 0.5085 1.4480
vt 0.5067 0.5100 1.4480
vt 0.5046 0.5111 1.4480
vt 0.5023 0.5118 1.4480
vt 0.5000 0.5120 1.4480
vt 0.4977 0.5118 1.4480
vt 0.4954 0.5111 1.4480
vt 0.4933 0.5100 1.4480
vt 0.4915 0.5085 1.4480
vt 0.4900 0.5067 1.4480
vt 0.4889 0.5046 1.4480
vt 0.4882 0.5023 1.4480
vt 0.4715 0.5057 1.1422
vt 0.4709 0.5000 1.1422
vt 0.4794 0.4794 1.1422
vt 0.4838 0.4758 1.1422
vt 0.5285 0.5057 1.1422
vt 0.5269 0.5111 1.1422
vt 0.4731 0.5111 1.1422
vt 0.4758 0.4838 1.1422
vt 0.5291 0.5000 1.1422
vt 0.4758 0.5162 1.1422
vt 0.4731 0.4889 1.1422
vt 0.5285 0.4943 1.1422
vt 0.4794 0.5206 1.1422
vt 0.4715 0.4943 1.1422
vt 0.5269 0.4889 1.1422
vt 0.4838 0.5242 1.1422
vt 0.5242 0.4838 1.1422
vt 0.4889 0.5269 1.1422
vt 0.5206 0.4794 1.1422
vt 0.4943 0.5285 1.1422
vt 0.5162 0.4758 1.1422
vt 0.5000 0.5291 1.1422
vt 0.5111 0.4731 1.1422
vt 0.5057 0.5285 1.1422
vt 0.5057 0.4715 1.1422
vt 0.5111 0.5269 1.1422
vt 0.5000 0.4709 1.1422
vt 0.5162 0.5242 1.1422
vt 0.4943 0.4715 1.1422
vt 0.5206 0.5206 1.1422
vt 0.4889 0.4731 1.1422
vt 0.5242 0.5162 1.1422
vt 0.8217 0.6332 0.7930
vt 0.7895 0.6934 0.7930
vt 0.3066 0.2105 0.7930
vt 0.3668 0.1783 0.7930
vt 0.7462 0.7462 0.7930
vt 0.4321 0.1585 0.7930
vt 0.6934 0.7895 0.7930
vt 0.5000 0.1518 0.7930
vt 0.6332 0.8217 0.7930
vt 0.5679 0.1585 0.7930
vt 0.5679 0.8415 0.7930
vt 0.6332 0.1783 0.7930
vt 0.5000 0.8482 0.7930
vt 0.6934 0.2105 0.7930
vt 0.4321 0.8415 0.7930
vt 0.7462 0.2538 0.7930
vt 0.3668 0.8217 0.7930
vt 0.7895 0.3066 0.7930
vt 0.3066 0.7895 0.7930
vt 0.8217 0.3668 0.7930
vt 0.1518 0.5000 0.7930
vt 0.1585 0.4321 0.7930
vt 0.2538 0.7462 0.7930
vt 0.8415 0.4321 0.7930
vt 0.1783 0.3668 0.7930
vt 0.2105 0.6934 0.7930
vt 0.8482 0.5000 0.7930
vt 0.2105 0.3066 0.7930
vt 0.1783 0.6332 0.7930
vt 0.8415 0.5679 0.7930
vt 0.2538 0.2538 0.7930
vt 0.1585 0.5679 0.7930
# 1158 texture coords

o Main_lamp
g Main_lamp
usemtl Material__25
s 1
f 1/1/1 2/2/2 3/3/3 4/4/4 
f 5/5/5 6/6/6 7/7/7 8/8/8 
f 9/9/9 10/10/10 11/11/11 12/12/12 
f 13/13/13 14/14/14 15/15/15 16/16/16 
f 17/17/17 18/18/18 10/10/10 9/9/9 
f 19/19/19 20/20/20 14/14/14 13/13/13 
f 21/21/21 22/22/22 18/18/18 17/17/17 
f 23/23/23 24/24/24 20/20/20 19/19/19 
f 25/25/25 26/26/26 22/22/22 21/21/21 
f 27/27/27 28/28/28 24/24/24 23/23/23 
f 29/29/29 30/30/30 26/26/26 25/25/25 
f 31/31/31 32/32/32 28/28/28 27/27/27 
f 33/33/33 34/34/34 30/30/30 29/29/29 
f 35/35/35 36/36/36 32/32/32 31/31/31 
f 37/37/37 38/38/38 34/34/34 33/33/33 
f 39/39/39 40/40/40 36/36/36 35/35/35 
f 41/41/41 42/42/42 43/43/43 44/44/44 
f 43/43/43 45/45/45 46/46/46 47/47/47 
f 46/46/46 48/48/48 47/47/47 
f 47/47/47 49/49/49 50/50/50 51/51/51 
f 50/50/50 52/52/52 51/51/51 
f 51/51/51 53/53/53 54/54/54 55/55/55 
f 54/54/54 56/56/56 55/55/55 
f 47/47/47 51/51/51 55/57/55 44/44/44 
f 55/55/55 57/58/57 58/59/58 59/60/59 
f 58/59/58 60/61/60 59/60/59 
f 59/60/59 61/62/61 62/63/62 63/64/63 
f 62/63/62 64/65/64 63/64/63 
f 55/57/55 59/66/59 63/67/63 44/44/44 
f 63/64/63 65/68/65 66/69/66 67/70/67 
f 66/69/66 68/71/68 67/70/67 
f 67/70/67 69/72/69 70/73/70 44/44/44 
f 70/73/70 71/74/71 44/44/44 
f 63/67/63 67/70/67 44/44/44 
f 43/43/43 47/47/47 44/44/44 
f 72/75/72 41/41/41 44/44/44 
f 73/76/73 74/77/74 38/38/38 37/37/37 
f 75/78/75 76/79/76 40/40/40 39/39/39 
f 77/80/77 78/81/78 79/82/79 80/83/80 
f 81/84/81 82/85/82 74/77/74 73/76/73 
f 83/86/83 84/87/84 76/79/76 75/78/75 
f 85/88/85 86/89/86 78/81/78 77/80/77 
f 4/4/4 3/3/3 82/85/82 81/84/81 
f 87/90/87 88/91/88 84/87/84 83/86/83 
f 89/92/89 90/93/90 86/89/86 85/88/85 
f 91/94/91 92/95/92 93/96/93 94/97/94 
f 95/98/95 96/99/96 88/91/88 87/90/87 
f 97/100/97 98/101/98 90/93/90 89/92/89 
f 80/83/80 79/82/79 99/102/99 100/103/100 
f 101/104/101 102/105/102 96/99/96 95/98/95 
f 103/106/103 104/107/104 98/101/98 97/100/97 
f 12/12/12 11/11/11 102/105/102 101/104/101 
f 16/16/16 15/15/15 104/107/104 103/106/103 
f 105/108/105 106/109/106 107/110/107 108/111/108 
f 109/112/109 110/113/110 111/114/111 112/115/112 
f 113/116/113 114/117/114 115/118/115 116/119/116 
f 117/120/117 118/121/118 6/6/6 5/5/5 
f 119/122/119 120/123/120 110/113/110 109/112/109 
f 121/124/121 122/125/122 123/126/123 124/127/124 
f 125/128/125 126/129/126 118/121/118 117/120/117 
f 127/130/127 128/131/128 120/123/120 119/122/119 
f 129/132/129 130/133/130 92/95/92 91/94/91 
f 131/134/131 132/135/132 126/129/126 125/128/125 
f 133/136/133 134/137/134 128/131/128 127/130/127 
f 135/138/135 136/139/136 132/135/132 131/134/131 
f 137/140/137 138/141/138 134/137/134 133/136/133 
f 139/142/139 140/143/140 136/139/136 135/138/135 
f 141/144/141 142/145/142 138/141/138 137/140/137 
f 143/146/143 144/147/144 140/143/140 139/142/139 
f 145/148/145 146/149/146 142/145/142 141/144/141 
f 147/150/147 148/151/148 144/147/144 143/146/143 
f 149/152/149 150/153/150 146/149/146 145/148/145 
f 151/154/151 152/155/152 148/151/148 147/150/147 
f 153/156/153 154/157/154 150/153/150 149/152/149 
f 155/158/155 156/159/156 152/155/152 151/154/151 
f 157/160/157 158/161/158 154/157/154 153/156/153 
f 159/162/159 160/163/160 156/159/156 155/158/155 
f 161/164/161 162/165/162 158/161/158 157/160/157 
f 163/166/163 164/167/164 160/163/160 159/162/159 
f 165/168/165 166/169/166 162/165/162 161/164/161 
f 94/97/94 93/96/93 114/117/114 113/116/113 
f 167/170/167 168/171/168 164/167/164 163/166/163 
f 8/8/8 7/7/7 166/169/166 165/168/165 
f 112/115/112 111/114/111 130/133/130 129/132/129 
f 116/119/116 115/118/115 168/171/168 167/170/167 
f 169/172/169 170/173/170 171/174/171 172/175/172 
f 173/176/173 174/177/174 175/178/175 176/179/176 
f 177/180/177 178/181/178 106/109/106 105/108/105 
f 179/182/179 180/183/180 174/177/174 173/176/173 
f 181/184/181 182/185/182 178/181/178 177/180/177 
f 183/186/183 184/187/184 180/183/180 179/182/179 
f 185/188/185 186/189/186 182/185/182 181/184/181 
f 187/190/187 188/191/188 184/187/184 183/186/183 
f 189/192/189 190/193/190 186/189/186 185/188/185 
f 191/194/191 192/195/192 188/191/188 187/190/187 
f 193/196/193 194/197/194 190/193/190 189/192/189 
f 195/198/195 196/199/196 192/195/192 191/194/191 
f 197/200/197 198/201/198 194/197/194 193/196/193 
f 199/202/199 200/203/200 196/199/196 195/198/195 
f 201/204/201 202/205/202 198/201/198 197/200/197 
f 203/206/203 204/207/204 200/203/200 199/202/199 
f 205/208/205 206/209/206 202/205/202 201/204/201 
f 207/210/207 208/211/208 204/207/204 203/206/203 
f 209/212/209 210/213/210 211/214/211 212/215/212 
f 211/214/211 213/216/213 214/217/214 215/218/215 
f 214/217/214 216/219/216 215/218/215 
f 215/218/215 217/220/217 218/221/218 219/222/219 
f 218/221/218 220/223/220 219/222/219 
f 219/222/219 221/224/221 222/225/222 223/226/223 
f 222/225/222 224/227/224 223/226/223 
f 215/218/215 219/222/219 223/226/223 212/215/212 
f 223/226/223 225/228/225 226/229/226 227/230/227 
f 226/229/226 228/231/228 227/230/227 
f 227/230/227 229/232/229 230/233/230 231/234/231 
f 230/233/230 232/235/232 231/234/231 
f 223/226/223 227/230/227 231/234/231 212/215/212 
f 231/234/231 233/236/233 234/237/234 235/238/235 
f 234/237/234 236/239/236 235/238/235 
f 235/238/235 237/240/237 238/241/238 212/215/212 
f 238/241/238 239/242/239 212/215/212 
f 231/234/231 235/238/235 212/215/212 
f 211/214/211 215/218/215 212/215/212 
f 240/243/240 209/212/209 212/215/212 
f 241/244/241 242/245/242 206/209/206 205/208/205 
f 243/246/243 244/247/244 208/211/208 207/210/207 
f 245/248/245 246/249/246 247/250/247 248/251/248 
f 249/252/249 250/253/250 242/245/242 241/244/241 
f 251/254/251 252/255/252 244/247/244 243/246/243 
f 253/256/253 254/257/254 246/249/246 245/248/245 
f 172/175/172 171/174/171 250/253/250 249/252/249 
f 255/258/255 256/259/256 252/255/252 251/254/251 
f 257/260/257 258/261/258 254/257/254 253/256/253 
f 259/262/259 260/263/260 261/264/261 262/265/262 
f 108/111/108 107/110/107 256/259/256 255/258/255 
f 176/179/176 175/178/175 258/261/258 257/260/257 
f 248/251/248 247/250/247 263/266/263 264/267/264 
f 265/268/265 266/269/266 267/270/267 268/271/268 
f 269/272/269 270/273/270 271/274/271 272/275/272 
f 273/276/273 274/277/274 266/269/266 265/268/265 
f 275/278/275 276/279/276 270/273/270 269/272/269 
f 277/280/277 278/281/278 274/277/274 273/276/273 
f 279/282/279 280/283/280 276/279/276 275/278/275 
f 281/284/281 282/285/282 278/281/278 277/280/277 
f 283/286/283 284/287/284 280/283/280 279/282/279 
f 285/288/285 286/289/286 282/285/282 281/284/281 
f 287/290/287 288/291/288 284/287/284 283/286/283 
f 289/292/289 290/293/290 286/289/286 285/288/285 
f 291/294/291 292/295/292 288/291/288 287/290/287 
f 293/296/293 294/297/294 290/293/290 289/292/289 
f 295/298/295 296/299/296 292/295/292 291/294/291 
f 297/300/297 298/301/298 294/297/294 293/296/293 
f 299/302/299 300/303/300 296/299/296 295/298/295 
f 301/304/301 302/305/302 298/301/298 297/300/297 
f 303/306/303 304/307/304 300/303/300 299/302/299 
f 124/127/124 123/126/123 305/308/305 306/309/306 
f 307/310/307 308/311/308 302/305/302 301/304/301 
f 309/312/309 310/313/310 304/307/304 303/306/303 
f 311/314/311 312/315/312 313/316/313 314/317/314 
f 315/318/315 316/319/316 308/311/308 307/310/307 
f 317/320/317 318/321/318 310/313/310 309/312/309 
f 319/322/319 320/323/320 312/315/312 311/314/311 
f 306/309/306 305/308/305 316/319/316 315/318/315 
f 321/324/321 322/325/322 318/321/318 317/320/317 
f 323/326/323 324/327/324 320/323/320 319/322/319 
f 264/267/264 263/266/263 170/173/170 169/172/169 
f 268/271/268 267/270/267 322/325/322 321/324/321 
f 272/275/272 271/274/271 324/327/324 323/326/323 
f 314/317/314 313/316/313 122/125/122 121/124/121 
f 325/328/325 326/329/326 327/330/327 328/331/328 
f 329/332/329 330/333/330 331/334/331 332/335/332 
f 333/336/333 334/337/334 335/338/335 336/339/336 
f 337/340/337 338/341/338 339/342/339 340/343/340 
f 334/337/334 341/344/341 342/345/342 335/338/335 
f 338/341/338 343/346/343 344/347/344 339/342/339 
f 341/344/341 345/348/345 346/349/346 342/345/342 
f 343/346/343 347/350/347 348/351/348 344/347/344 
f 345/348/345 349/352/349 350/353/350 346/349/346 
f 347/350/347 351/354/351 352/355/352 348/351/348 
f 349/352/349 353/356/353 354/357/354 350/353/350 
f 351/354/351 355/358/355 356/359/356 352/355/352 
f 353/356/353 357/360/357 358/361/358 354/357/354 
f 355/358/355 359/362/359 360/363/360 356/359/356 
f 357/360/357 361/364/361 362/365/362 358/361/358 
f 359/362/359 363/366/363 364/367/364 360/363/360 
f 365/368/365 366/369/366 367/370/367 368/371/368 
f 367/370/367 369/372/369 370/373/370 371/374/371 
f 370/373/370 372/375/372 371/374/371 
f 371/374/371 373/376/373 374/377/374 375/378/375 
f 374/377/374 376/379/376 375/378/375 
f 375/378/375 377/380/377 378/381/378 379/382/379 
f 378/381/378 380/383/380 379/382/379 
f 371/374/371 375/384/375 379/385/379 368/371/368 
f 379/382/379 381/386/381 382/387/382 383/388/383 
f 382/387/382 384/389/384 383/388/383 
f 383/388/383 385/390/385 386/391/386 387/392/387 
f 386/391/386 388/393/388 387/392/387 
f 379/385/379 383/394/383 387/392/387 368/371/368 
f 387/392/387 389/395/389 390/396/390 391/397/391 
f 390/396/390 392/398/392 391/397/391 
f 391/397/391 393/399/393 394/400/394 368/371/368 
f 394/400/394 395/401/395 368/371/368 
f 387/392/387 391/397/391 368/371/368 
f 367/370/367 371/374/371 368/371/368 
f 396/402/396 365/368/365 368/371/368 
f 361/364/361 397/403/397 398/404/398 362/365/362 
f 363/366/363 399/405/399 400/406/400 364/367/364 
f 401/407/401 402/408/402 403/409/403 404/410/404 
f 397/403/397 405/411/405 406/412/406 398/404/398 
f 399/405/399 407/413/407 408/414/408 400/406/400 
f 402/408/402 409/415/409 410/416/410 403/409/403 
f 405/411/405 325/328/325 328/331/328 406/412/406 
f 407/413/407 411/417/411 412/418/412 408/414/408 
f 409/415/409 413/419/413 414/420/414 410/416/410 
f 415/421/415 416/422/416 417/423/417 418/424/418 
f 411/417/411 419/425/419 420/426/420 412/418/412 
f 413/419/413 421/427/421 422/428/422 414/420/414 
f 423/429/423 401/407/401 404/410/404 424/430/424 
f 419/425/419 425/431/425 426/432/426 420/426/420 
f 421/427/421 427/433/427 428/434/428 422/428/422 
f 425/431/425 333/336/333 336/339/336 426/432/426 
f 427/433/427 337/340/337 340/343/340 428/434/428 
f 429/435/429 430/436/430 431/437/431 432/438/432 
f 433/439/433 434/440/434 435/441/435 436/442/436 
f 437/443/437 438/444/438 439/445/439 440/446/440 
f 330/333/330 441/447/441 442/448/442 331/334/331 
f 434/440/434 443/449/443 444/450/444 435/441/435 
f 445/451/445 446/452/446 447/453/447 448/454/448 
f 441/447/441 449/455/449 450/456/450 442/448/442 
f 443/449/443 451/457/451 452/458/452 444/450/444 
f 416/422/416 453/459/453 454/460/454 417/423/417 
f 449/455/449 455/461/455 456/462/456 450/456/450 
f 451/457/451 457/463/457 458/464/458 452/458/452 
f 455/461/455 459/465/459 460/466/460 456/462/456 
f 457/463/457 461/467/461 462/468/462 458/464/458 
f 459/465/459 463/469/463 464/470/464 460/466/460 
f 461/467/461 465/471/465 466/472/466 462/468/462 
f 463/469/463 467/473/467 468/474/468 464/470/464 
f 465/471/465 469/475/469 470/476/470 466/472/466 
f 467/473/467 471/477/471 472/478/472 468/474/468 
f 469/475/469 473/479/473 474/480/474 470/476/470 
f 471/477/471 475/481/475 476/482/476 472/478/472 
f 473/479/473 477/483/477 478/484/478 474/480/474 
f 475/481/475 479/485/479 480/486/480 476/482/476 
f 477/483/477 481/487/481 482/488/482 478/484/478 
f 479/485/479 483/489/483 484/490/484 480/486/480 
f 481/487/481 485/491/485 486/492/486 482/488/482 
f 483/489/483 487/493/487 488/494/488 484/490/484 
f 485/491/485 489/495/489 490/496/490 486/492/486 
f 438/444/438 415/421/415 418/424/418 439/445/439 
f 487/493/487 491/497/491 492/498/492 488/494/488 
f 489/495/489 329/332/329 332/335/332 490/496/490 
f 453/459/453 433/439/433 436/442/436 454/460/454 
f 491/497/491 437/443/437 440/446/440 492/498/492 
f 493/499/493 494/500/494 495/501/495 496/502/496 
f 497/503/497 498/504/498 499/505/499 500/506/500 
f 430/436/430 501/507/501 502/508/502 431/437/431 
f 498/504/498 503/509/503 504/510/504 499/505/499 
f 501/507/501 505/511/505 506/512/506 502/508/502 
f 503/509/503 507/513/507 508/514/508 504/510/504 
f 505/511/505 509/515/509 510/516/510 506/512/506 
f 507/513/507 511/517/511 512/518/512 508/514/508 
f 509/515/509 513/519/513 514/520/514 510/516/510 
f 511/517/511 515/521/515 516/522/516 512/518/512 
f 513/519/513 517/523/517 518/524/518 514/520/514 
f 515/521/515 519/525/519 520/526/520 516/522/516 
f 517/523/517 521/527/521 522/528/522 518/524/518 
f 519/525/519 523/529/523 524/530/524 520/526/520 
f 521/527/521 525/531/525 526/532/526 522/528/522 
f 523/529/523 527/533/527 528/534/528 524/530/524 
f 525/531/525 529/535/529 530/536/530 526/532/526 
f 527/533/527 531/537/531 532/538/532 528/534/528 
f 533/539/533 534/540/534 535/541/535 536/542/536 
f 535/541/535 537/543/537 538/544/538 539/545/539 
f 538/544/538 540/546/540 539/545/539 
f 539/545/539 541/547/541 542/548/542 543/549/543 
f 542/548/542 544/550/544 543/549/543 
f 543/549/543 545/551/545 546/552/546 547/553/547 
f 546/552/546 548/554/548 547/553/547 
f 539/545/539 543/549/543 547/553/547 536/542/536 
f 547/553/547 549/555/549 550/556/550 551/557/551 
f 550/556/550 552/558/552 551/557/551 
f 551/557/551 553/559/553 554/560/554 555/561/555 
f 554/560/554 556/562/556 555/561/555 
f 547/553/547 551/557/551 555/561/555 536/542/536 
f 555/561/555 557/563/557 558/564/558 559/565/559 
f 558/564/558 560/566/560 559/565/559 
f 559/565/559 561/567/561 562/568/562 536/542/536 
f 562/568/562 563/569/563 536/542/536 
f 555/561/555 559/565/559 536/542/536 
f 535/541/535 539/545/539 536/542/536 
f 564/570/564 533/539/533 536/542/536 
f 529/535/529 565/571/565 566/572/566 530/536/530 
f 531/537/531 567/573/567 568/574/568 532/538/532 
f 569/575/569 570/576/570 571/577/571 572/578/572 
f 565/571/565 573/579/573 574/580/574 566/572/566 
f 567/573/567 575/581/575 576/582/576 568/574/568 
f 570/576/570 577/583/577 578/584/578 571/577/571 
f 573/579/573 493/499/493 496/502/496 574/580/574 
f 575/581/575 579/585/579 580/586/580 576/582/576 
f 577/583/577 581/587/581 582/588/582 578/584/578 
f 579/585/579 429/435/429 432/438/432 580/586/580 
f 581/587/581 497/503/497 500/506/500 582/588/582 
f 583/589/583 569/575/569 572/578/572 584/590/584 
f 585/591/585 586/592/586 587/593/587 588/594/588 
f 589/595/589 590/596/590 591/597/591 592/598/592 
f 586/592/586 593/599/593 594/600/594 587/593/587 
f 590/596/590 595/601/595 596/602/596 591/597/591 
f 593/599/593 597/603/597 598/604/598 594/600/594 
f 595/601/595 599/605/599 600/606/600 596/602/596 
f 597/603/597 601/607/601 602/608/602 598/604/598 
f 599/605/599 603/609/603 604/610/604 600/606/600 
f 601/607/601 605/611/605 606/612/606 602/608/602 
f 603/609/603 607/613/607 608/614/608 604/610/604 
f 605/611/605 609/615/609 610/616/610 606/612/606 
f 607/613/607 611/617/611 612/618/612 608/614/608 
f 609/615/609 613/619/613 614/620/614 610/616/610 
f 611/617/611 615/621/615 616/622/616 612/618/612 
f 613/619/613 617/623/617 618/624/618 614/620/614 
f 615/621/615 619/625/619 620/626/620 616/622/616 
f 617/623/617 621/627/621 622/628/622 618/624/618 
f 619/625/619 623/629/623 624/630/624 620/626/620 
f 625/631/625 445/451/445 448/454/448 626/632/626 
f 621/627/621 627/633/627 628/634/628 622/628/622 
f 623/629/623 629/635/629 630/636/630 624/630/624 
f 631/637/631 632/638/632 633/639/633 634/640/634 
f 627/633/627 635/641/635 636/642/636 628/634/628 
f 629/635/629 637/643/637 638/644/638 630/636/630 
f 632/638/632 639/645/639 640/646/640 633/639/633 
f 635/641/635 625/631/625 626/632/626 636/642/636 
f 637/643/637 641/647/641 642/648/642 638/644/638 
f 639/645/639 643/649/643 644/650/644 640/646/640 
f 494/500/494 583/589/583 584/590/584 495/501/495 
f 641/647/641 585/591/585 588/594/588 642/648/642 
f 643/649/643 589/595/589 592/598/592 644/650/644 
f 446/452/446 631/637/631 634/640/634 447/453/447 
f 645/651/645 646/652/646 647/653/647 648/654/648 
f 262/265/262 261/264/261 649/655/649 650/656/650 
f 651/657/651 652/658/652 653/659/653 654/660/654 
f 655/661/655 656/662/656 657/663/657 658/664/658 
f 659/665/659 660/666/660 661/667/661 662/668/662 
f 663/669/663 664/670/664 665/671/665 666/672/666 
f 667/673/667 668/674/668 669/675/669 670/676/670 
f 648/654/648 647/653/647 660/666/660 659/665/659 
f 671/677/671 672/678/672 664/670/664 663/669/663 
f 673/679/673 674/680/674 668/674/668 667/673/667 
f 675/681/675 676/682/676 677/683/677 678/684/678 
f 678/684/678 677/683/677 672/678/672 671/677/671 
f 679/685/679 680/686/680 674/680/674 673/679/673 
f 662/668/662 661/667/661 676/682/676 675/681/675 
f 681/687/681 682/688/682 646/652/646 645/651/645 
f 683/689/683 684/690/684 680/686/680 679/685/679 
f 685/691/685 686/692/686 682/688/682 681/687/681 
f 687/693/687 688/694/688 684/690/684 683/689/683 
f 689/695/689 690/696/690 686/692/686 685/691/685 
f 691/697/691 692/698/692 688/694/688 687/693/687 
f 693/699/693 694/700/694 690/696/690 689/695/689 
f 695/701/695 696/702/696 692/698/692 691/697/691 
f 697/703/697 698/704/698 694/700/694 693/699/693 
f 699/705/699 700/706/700 696/702/696 695/701/695 
f 701/707/701 702/708/702 698/704/698 697/703/697 
f 703/709/703 704/710/704 700/706/700 699/705/699 
f 650/656/650 649/655/649 702/708/702 701/707/701 
f 654/660/654 653/659/653 704/710/704 703/709/703 
f 705/711/705 706/712/706 652/658/652 651/657/651 
f 707/713/707 708/714/708 260/263/260 259/262/259 
f 666/672/666 665/671/665 706/712/706 705/711/705 
f 670/676/670 669/675/669 708/714/708 707/713/707 
f 658/664/658 657/663/657 709/715/709 710/716/710 
f 711/717/711 712/718/712 713/719/713 714/720/714 
f 715/721/715 716/722/716 717/723/717 718/724/718 
f 719/725/719 720/726/720 721/727/721 722/728/722 
f 723/729/723 724/730/724 716/722/716 715/721/715 
f 725/731/725 726/732/726 720/726/720 719/725/719 
f 727/733/727 728/734/728 724/730/724 723/729/723 
f 729/735/729 730/736/730 726/732/726 725/731/725 
f 731/737/731 732/738/732 728/734/728 727/733/727 
f 733/739/733 734/740/734 730/736/730 729/735/729 
f 735/741/735 736/742/736 732/738/732 731/737/731 
f 737/743/737 738/744/738 734/740/734 733/739/733 
f 739/745/739 740/746/740 736/742/736 735/741/735 
f 741/747/741 742/748/742 738/744/738 737/743/737 
f 743/749/743 744/750/744 740/746/740 739/745/739 
f 745/751/745 746/752/746 742/748/742 741/747/741 
f 747/753/747 748/754/748 744/750/744 743/749/743 
f 749/755/749 750/756/750 746/752/746 745/751/745 
f 751/757/751 752/758/752 753/759/753 754/760/754 
f 755/761/755 756/762/756 748/754/748 747/753/747 
f 757/763/757 758/764/758 759/765/759 760/766/760 
f 761/767/761 762/768/762 750/756/750 749/755/749 
f 763/769/763 764/770/764 756/762/756 755/761/755 
f 765/771/765 766/772/766 758/764/758 757/763/757 
f 767/773/767 768/774/768 762/768/762 761/767/761 
f 710/716/710 709/715/709 764/770/764 763/769/763 
f 714/720/714 713/719/713 766/772/766 765/771/765 
f 754/760/754 753/759/753 768/774/768 767/773/767 
f 326/329/326 423/429/423 424/430/424 327/330/327 
f 718/724/718 717/723/717 712/718/712 711/717/711 
f 760/766/760 759/765/759 752/758/752 751/757/751 
f 722/728/722 721/727/721 656/662/656 655/661/655 
f 1/1/1 769/775/769 770/776/770 100/103/100 
f 769/775/769 41/41/41 72/75/72 770/776/770 
f 100/103/100 770/776/770 771/777/771 80/83/80 
f 770/776/770 72/75/72 44/44/44 771/777/771 
f 80/83/80 771/777/771 772/778/772 77/80/77 
f 771/777/771 44/44/44 71/74/71 772/778/772 
f 77/80/77 772/778/772 773/779/773 85/88/85 
f 772/778/772 71/74/71 70/73/70 773/779/773 
f 85/88/85 773/779/773 774/780/774 89/92/89 
f 773/779/773 70/73/70 69/72/69 774/780/774 
f 89/92/89 774/780/774 775/781/775 97/100/97 
f 774/780/774 69/72/69 67/70/67 775/781/775 
f 97/100/97 775/781/775 776/782/776 103/106/103 
f 775/781/775 67/70/67 68/71/68 776/782/776 
f 103/106/103 776/782/776 777/783/777 16/16/16 
f 776/782/776 68/71/68 66/69/66 777/783/777 
f 16/16/16 777/783/777 778/784/778 13/13/13 
f 777/783/777 66/69/66 65/68/65 778/784/778 
f 13/13/13 778/784/778 779/785/779 19/19/19 
f 778/784/778 65/68/65 63/64/63 779/785/779 
f 19/19/19 779/785/779 780/786/780 23/23/23 
f 779/785/779 63/64/63 64/65/64 780/786/780 
f 23/23/23 780/786/780 781/787/781 27/27/27 
f 780/786/780 64/65/64 62/63/62 781/787/781 
f 27/27/27 781/787/781 782/788/782 31/31/31 
f 781/787/781 62/63/62 61/62/61 782/788/782 
f 31/31/31 782/788/782 783/789/783 35/35/35 
f 782/788/782 61/62/61 59/60/59 783/789/783 
f 35/35/35 783/789/783 784/790/784 39/39/39 
f 783/789/783 59/60/59 60/61/60 784/790/784 
f 39/39/39 784/790/784 785/791/785 75/78/75 
f 784/790/784 60/61/60 58/59/58 785/791/785 
f 75/78/75 785/791/785 786/792/786 83/86/83 
f 785/791/785 58/59/58 57/58/57 786/792/786 
f 83/86/83 786/792/786 787/793/787 87/90/87 
f 786/792/786 57/58/57 55/55/55 787/793/787 
f 87/90/87 787/793/787 788/794/788 95/98/95 
f 787/793/787 55/55/55 56/56/56 788/794/788 
f 95/98/95 788/794/788 789/795/789 101/104/101 
f 788/794/788 56/56/56 54/54/54 789/795/789 
f 101/104/101 789/795/789 790/796/790 12/12/12 
f 789/795/789 54/54/54 53/53/53 790/796/790 
f 12/12/12 790/796/790 791/797/791 9/9/9 
f 790/796/790 53/53/53 51/51/51 791/797/791 
f 9/9/9 791/797/791 792/798/792 17/17/17 
f 791/797/791 51/51/51 52/52/52 792/798/792 
f 17/17/17 792/798/792 793/799/793 21/21/21 
f 792/798/792 52/52/52 50/50/50 793/799/793 
f 21/21/21 793/799/793 794/800/794 25/25/25 
f 793/799/793 50/50/50 49/49/49 794/800/794 
f 25/25/25 794/800/794 795/801/795 29/29/29 
f 794/800/794 49/49/49 47/47/47 795/801/795 
f 29/29/29 795/801/795 796/802/796 33/33/33 
f 795/801/795 47/47/47 48/48/48 796/802/796 
f 33/33/33 796/802/796 797/803/797 37/37/37 
f 796/802/796 48/48/48 46/46/46 797/803/797 
f 37/37/37 797/803/797 798/804/798 73/76/73 
f 797/803/797 46/46/46 45/45/45 798/804/798 
f 73/76/73 798/804/798 799/805/799 81/84/81 
f 798/804/798 45/45/45 43/43/43 799/805/799 
f 81/84/81 799/805/799 800/806/800 4/4/4 
f 799/805/799 43/43/43 42/42/42 800/806/800 
f 4/4/4 800/806/800 769/775/769 1/1/1 
f 800/806/800 42/42/42 41/41/41 769/775/769 
f 94/97/94 801/807/801 802/808/802 91/94/91 
f 801/807/801 2/2/2 99/102/99 802/808/802 
f 91/94/91 802/808/802 803/809/803 129/132/129 
f 802/808/802 99/102/99 79/82/79 803/809/803 
f 129/132/129 803/809/803 804/810/804 112/115/112 
f 803/809/803 79/82/79 78/81/78 804/810/804 
f 112/115/112 804/810/804 805/811/805 109/112/109 
f 804/810/804 78/81/78 86/89/86 805/811/805 
f 109/112/109 805/811/805 806/812/806 119/122/119 
f 805/811/805 86/89/86 90/93/90 806/812/806 
f 119/122/119 806/812/806 807/813/807 127/130/127 
f 806/812/806 90/93/90 98/101/98 807/813/807 
f 127/130/127 807/813/807 808/814/808 133/136/133 
f 807/813/807 98/101/98 104/107/104 808/814/808 
f 133/136/133 808/814/808 809/815/809 137/140/137 
f 808/814/808 104/107/104 15/15/15 809/815/809 
f 137/140/137 809/815/809 810/816/810 141/144/141 
f 809/815/809 15/15/15 14/14/14 810/816/810 
f 141/144/141 810/816/810 811/817/811 145/148/145 
f 810/816/810 14/14/14 20/20/20 811/817/811 
f 145/148/145 811/817/811 812/818/812 149/152/149 
f 811/817/811 20/20/20 24/24/24 812/818/812 
f 149/152/149 812/818/812 813/819/813 153/156/153 
f 812/818/812 24/24/24 28/28/28 813/819/813 
f 153/156/153 813/819/813 814/820/814 157/160/157 
f 813/819/813 28/28/28 32/32/32 814/820/814 
f 157/160/157 814/820/814 815/821/815 161/164/161 
f 814/820/814 32/32/32 36/36/36 815/821/815 
f 161/164/161 815/821/815 816/822/816 165/168/165 
f 815/821/815 36/36/36 40/40/40 816/822/816 
f 165/168/165 816/822/816 817/823/817 8/8/8 
f 816/822/816 40/40/40 76/79/76 817/823/817 
f 8/8/8 817/823/817 818/824/818 5/5/5 
f 817/823/817 76/79/76 84/87/84 818/824/818 
f 5/5/5 818/824/818 819/825/819 117/120/117 
f 818/824/818 84/87/84 88/91/88 819/825/819 
f 117/120/117 819/825/819 820/826/820 125/128/125 
f 819/825/819 88/91/88 96/99/96 820/826/820 
f 125/128/125 820/826/820 821/827/821 131/134/131 
f 820/826/820 96/99/96 102/105/102 821/827/821 
f 131/134/131 821/827/821 822/828/822 135/138/135 
f 821/827/821 102/105/102 11/11/11 822/828/822 
f 135/138/135 822/828/822 823/829/823 139/142/139 
f 822/828/822 11/11/11 10/10/10 823/829/823 
f 139/142/139 823/829/823 824/830/824 143/146/143 
f 823/829/823 10/10/10 18/18/18 824/830/824 
f 143/146/143 824/830/824 825/831/825 147/150/147 
f 824/830/824 18/18/18 22/22/22 825/831/825 
f 147/150/147 825/831/825 826/832/826 151/154/151 
f 825/831/825 22/22/22 26/26/26 826/832/826 
f 151/154/151 826/832/826 827/833/827 155/158/155 
f 826/832/826 26/26/26 30/30/30 827/833/827 
f 155/158/155 827/833/827 828/834/828 159/162/159 
f 827/833/827 30/30/30 34/34/34 828/834/828 
f 159/162/159 828/834/828 829/835/829 163/166/163 
f 828/834/828 34/34/34 38/38/38 829/835/829 
f 163/166/163 829/835/829 830/836/830 167/170/167 
f 829/835/829 38/38/38 74/77/74 830/836/830 
f 167/170/167 830/836/830 831/837/831 116/119/116 
f 830/836/830 74/77/74 82/85/82 831/837/831 
f 116/119/116 831/837/831 832/838/832 113/116/113 
f 831/837/831 82/85/82 3/3/3 832/838/832 
f 113/116/113 832/838/832 801/807/801 94/97/94 
f 832/838/832 3/3/3 2/2/2 801/807/801 
f 124/127/124 833/839/833 834/840/834 121/124/121 
f 833/839/833 93/96/93 92/95/92 834/840/834 
f 121/124/121 834/840/834 835/841/835 314/317/314 
f 834/840/834 92/95/92 130/133/130 835/841/835 
f 314/317/314 835/841/835 836/842/836 311/314/311 
f 835/841/835 130/133/130 111/114/111 836/842/836 
f 311/314/311 836/842/836 837/843/837 319/322/319 
f 836/842/836 111/114/111 110/113/110 837/843/837 
f 319/322/319 837/843/837 838/844/838 323/326/323 
f 837/843/837 110/113/110 120/123/120 838/844/838 
f 323/326/323 838/844/838 839/845/839 272/275/272 
f 838/844/838 120/123/120 128/131/128 839/845/839 
f 272/275/272 839/845/839 840/846/840 269/272/269 
f 839/845/839 128/131/128 134/137/134 840/846/840 
f 269/272/269 840/846/840 841/847/841 275/278/275 
f 840/846/840 134/137/134 138/141/138 841/847/841 
f 275/278/275 841/847/841 842/848/842 279/282/279 
f 841/847/841 138/141/138 142/145/142 842/848/842 
f 279/282/279 842/848/842 843/849/843 283/286/283 
f 842/848/842 142/145/142 146/149/146 843/849/843 
f 283/286/283 843/849/843 844/850/844 287/290/287 
f 843/849/843 146/149/146 150/153/150 844/850/844 
f 287/290/287 844/850/844 845/851/845 291/294/291 
f 844/850/844 150/153/150 154/157/154 845/851/845 
f 291/294/291 845/851/845 846/852/846 295/298/295 
f 845/851/845 154/157/154 158/161/158 846/852/846 
f 295/298/295 846/852/846 847/853/847 299/302/299 
f 846/852/846 158/161/158 162/165/162 847/853/847 
f 299/302/299 847/853/847 848/854/848 303/306/303 
f 847/853/847 162/165/162 166/169/166 848/854/848 
f 303/306/303 848/854/848 849/855/849 309/312/309 
f 848/854/848 166/169/166 7/7/7 849/855/849 
f 309/312/309 849/855/849 850/856/850 317/320/317 
f 849/855/849 7/7/7 6/6/6 850/856/850 
f 317/320/317 850/856/850 851/857/851 321/324/321 
f 850/856/850 6/6/6 118/121/118 851/857/851 
f 321/324/321 851/857/851 852/858/852 268/271/268 
f 851/857/851 118/121/118 126/129/126 852/858/852 
f 268/271/268 852/858/852 853/859/853 265/268/265 
f 852/858/852 126/129/126 132/135/132 853/859/853 
f 265/268/265 853/859/853 854/860/854 273/276/273 
f 853/859/853 132/135/132 136/139/136 854/860/854 
f 273/276/273 854/860/854 855/861/855 277/280/277 
f 854/860/854 136/139/136 140/143/140 855/861/855 
f 277/280/277 855/861/855 856/862/856 281/284/281 
f 855/861/855 140/143/140 144/147/144 856/862/856 
f 281/284/281 856/862/856 857/863/857 285/288/285 
f 856/862/856 144/147/144 148/151/148 857/863/857 
f 285/288/285 857/863/857 858/864/858 289/292/289 
f 857/863/857 148/151/148 152/155/152 858/864/858 
f 289/292/289 858/864/858 859/865/859 293/296/293 
f 858/864/858 152/155/152 156/159/156 859/865/859 
f 293/296/293 859/865/859 860/866/860 297/300/297 
f 859/865/859 156/159/156 160/163/160 860/866/860 
f 297/300/297 860/866/860 861/867/861 301/304/301 
f 860/866/860 160/163/160 164/167/164 861/867/861 
f 301/304/301 861/867/861 862/868/862 307/310/307 
f 861/867/861 164/167/164 168/171/168 862/868/862 
f 307/310/307 862/868/862 863/869/863 315/318/315 
f 862/868/862 168/171/168 115/118/115 863/869/863 
f 315/318/315 863/869/863 864/870/864 306/309/306 
f 863/869/863 115/118/115 114/117/114 864/870/864 
f 306/309/306 864/870/864 833/839/833 124/127/124 
f 864/870/864 114/117/114 93/96/93 833/839/833 
f 212/215/212 865/871/865 866/872/866 240/243/240 
f 865/871/865 170/173/170 263/266/263 866/872/866 
f 240/243/240 866/872/866 867/873/867 209/212/209 
f 866/872/866 263/266/263 247/250/247 867/873/867 
f 209/212/209 867/873/867 868/874/868 210/213/210 
f 867/873/867 247/250/247 246/249/246 868/874/868 
f 210/213/210 868/874/868 869/875/869 211/214/211 
f 868/874/868 246/249/246 254/257/254 869/875/869 
f 211/214/211 869/875/869 870/876/870 213/216/213 
f 869/875/869 254/257/254 258/261/258 870/876/870 
f 213/216/213 870/876/870 871/877/871 214/217/214 
f 870/876/870 258/261/258 175/178/175 871/877/871 
f 214/217/214 871/877/871 872/878/872 216/219/216 
f 871/877/871 175/178/175 174/177/174 872/878/872 
f 216/219/216 872/878/872 873/879/873 215/218/215 
f 872/878/872 174/177/174 180/183/180 873/879/873 
f 215/218/215 873/879/873 874/880/874 217/220/217 
f 873/879/873 180/183/180 184/187/184 874/880/874 
f 217/220/217 874/880/874 875/881/875 218/221/218 
f 874/880/874 184/187/184 188/191/188 875/881/875 
f 218/221/218 875/881/875 876/882/876 220/223/220 
f 875/881/875 188/191/188 192/195/192 876/882/876 
f 220/223/220 876/882/876 877/883/877 219/222/219 
f 876/882/876 192/195/192 196/199/196 877/883/877 
f 219/222/219 877/883/877 878/884/878 221/224/221 
f 877/883/877 196/199/196 200/203/200 878/884/878 
f 221/224/221 878/884/878 879/885/879 222/225/222 
f 878/884/878 200/203/200 204/207/204 879/885/879 
f 222/225/222 879/885/879 880/886/880 224/227/224 
f 879/885/879 204/207/204 208/211/208 880/886/880 
f 224/227/224 880/886/880 881/887/881 223/226/223 
f 880/886/880 208/211/208 244/247/244 881/887/881 
f 223/226/223 881/887/881 882/888/882 225/228/225 
f 881/887/881 244/247/244 252/255/252 882/888/882 
f 225/228/225 882/888/882 883/889/883 226/229/226 
f 882/888/882 252/255/252 256/259/256 883/889/883 
f 226/229/226 883/889/883 884/890/884 228/231/228 
f 883/889/883 256/259/256 107/110/107 884/890/884 
f 228/231/228 884/890/884 885/891/885 227/230/227 
f 884/890/884 107/110/107 106/109/106 885/891/885 
f 227/230/227 885/891/885 886/892/886 229/232/229 
f 885/891/885 106/109/106 178/181/178 886/892/886 
f 229/232/229 886/892/886 887/893/887 230/233/230 
f 886/892/886 178/181/178 182/185/182 887/893/887 
f 230/233/230 887/893/887 888/894/888 232/235/232 
f 887/893/887 182/185/182 186/189/186 888/894/888 
f 232/235/232 888/894/888 889/895/889 231/234/231 
f 888/894/888 186/189/186 190/193/190 889/895/889 
f 231/234/231 889/895/889 890/896/890 233/236/233 
f 889/895/889 190/193/190 194/197/194 890/896/890 
f 233/236/233 890/896/890 891/897/891 234/237/234 
f 890/896/890 194/197/194 198/201/198 891/897/891 
f 234/237/234 891/897/891 892/898/892 236/239/236 
f 891/897/891 198/201/198 202/205/202 892/898/892 
f 236/239/236 892/898/892 893/899/893 235/238/235 
f 892/898/892 202/205/202 206/209/206 893/899/893 
f 235/238/235 893/899/893 894/900/894 237/240/237 
f 893/899/893 206/209/206 242/245/242 894/900/894 
f 237/240/237 894/900/894 895/901/895 238/241/238 
f 894/900/894 242/245/242 250/253/250 895/901/895 
f 238/241/238 895/901/895 896/902/896 239/242/239 
f 895/901/895 250/253/250 171/174/171 896/902/896 
f 239/242/239 896/902/896 865/871/865 212/215/212 
f 896/902/896 171/174/171 170/173/170 865/871/865 
f 172/175/172 897/903/897 898/904/898 169/172/169 
f 897/903/897 662/668/662 675/681/675 898/904/898 
f 253/256/253 899/905/899 900/906/900 257/260/257 
f 899/905/899 666/672/666 705/711/705 900/906/900 
f 251/254/251 901/907/901 902/908/902 255/258/255 
f 901/907/901 670/676/670 707/713/707 902/908/902 
f 249/252/249 903/909/903 897/903/897 172/175/172 
f 903/909/903 659/665/659 662/668/662 897/903/897 
f 245/248/245 904/910/904 899/905/899 253/256/253 
f 904/910/904 663/669/663 666/672/666 899/905/899 
f 243/246/243 905/911/905 901/907/901 251/254/251 
f 905/911/905 667/673/667 670/676/670 901/907/901 
f 241/244/241 906/912/906 903/909/903 249/252/249 
f 906/912/906 648/654/648 659/665/659 903/909/903 
f 248/251/248 907/913/907 904/910/904 245/248/245 
f 907/913/907 671/677/671 663/669/663 904/910/904 
f 207/210/207 908/914/908 905/911/905 243/246/243 
f 908/914/908 673/679/673 667/673/667 905/911/905 
f 205/208/205 909/915/909 906/912/906 241/244/241 
f 909/915/909 645/651/645 648/654/648 906/912/906 
f 264/267/264 910/916/910 907/913/907 248/251/248 
f 910/916/910 678/684/678 671/677/671 907/913/907 
f 203/206/203 911/917/911 908/914/908 207/210/207 
f 911/917/911 679/685/679 673/679/673 908/914/908 
f 201/204/201 912/918/912 909/915/909 205/208/205 
f 912/918/912 681/687/681 645/651/645 909/915/909 
f 169/172/169 898/904/898 910/916/910 264/267/264 
f 898/904/898 675/681/675 678/684/678 910/916/910 
f 199/202/199 913/919/913 911/917/911 203/206/203 
f 913/919/913 683/689/683 679/685/679 911/917/911 
f 197/200/197 914/920/914 912/918/912 201/204/201 
f 914/920/914 685/691/685 681/687/681 912/918/912 
f 195/198/195 915/921/915 913/919/913 199/202/199 
f 915/921/915 687/693/687 683/689/683 913/919/913 
f 193/196/193 916/922/916 914/920/914 197/200/197 
f 916/922/916 689/695/689 685/691/685 914/920/914 
f 191/194/191 917/923/917 915/921/915 195/198/195 
f 917/923/917 691/697/691 687/693/687 915/921/915 
f 189/192/189 918/924/918 916/922/916 193/196/193 
f 918/924/918 693/699/693 689/695/689 916/922/916 
f 187/190/187 919/925/919 917/923/917 191/194/191 
f 919/925/919 695/701/695 691/697/691 917/923/917 
f 185/188/185 920/926/920 918/924/918 189/192/189 
f 920/926/920 697/703/697 693/699/693 918/924/918 
f 183/186/183 921/927/921 919/925/919 187/190/187 
f 921/927/921 699/705/699 695/701/695 919/925/919 
f 181/184/181 922/928/922 920/926/920 185/188/185 
f 922/928/922 701/707/701 697/703/697 920/926/920 
f 179/182/179 923/929/923 921/927/921 183/186/183 
f 923/929/923 703/709/703 699/705/699 921/927/921 
f 177/180/177 924/930/924 922/928/922 181/184/181 
f 924/930/924 650/656/650 701/707/701 922/928/922 
f 173/176/173 925/931/925 923/929/923 179/182/179 
f 925/931/925 654/660/654 703/709/703 923/929/923 
f 105/108/105 926/932/926 924/930/924 177/180/177 
f 926/932/926 262/265/262 650/656/650 924/930/924 
f 176/179/176 927/933/927 925/931/925 173/176/173 
f 927/933/927 651/657/651 654/660/654 925/931/925 
f 108/111/108 928/934/928 926/932/926 105/108/105 
f 928/934/928 259/262/259 262/265/262 926/932/926 
f 257/260/257 900/906/900 927/933/927 176/179/176 
f 900/906/900 705/711/705 651/657/651 927/933/927 
f 255/258/255 902/908/902 928/934/928 108/111/108 
f 902/908/902 707/713/707 259/262/259 928/934/928 
f 658/664/658 929/935/929 930/936/930 655/661/655 
f 929/935/929 322/325/322 267/270/267 930/936/930 
f 711/717/711 931/937/931 932/938/932 718/724/718 
f 931/937/931 324/327/324 271/274/271 932/938/932 
f 655/661/655 930/936/930 933/939/933 722/728/722 
f 930/936/930 267/270/267 266/269/266 933/939/933 
f 718/724/718 932/938/932 934/940/934 715/721/715 
f 932/938/932 271/274/271 270/273/270 934/940/934 
f 722/728/722 933/939/933 935/941/935 719/725/719 
f 933/939/933 266/269/266 274/277/274 935/941/935 
f 715/721/715 934/940/934 936/942/936 723/729/723 
f 934/940/934 270/273/270 276/279/276 936/942/936 
f 719/725/719 935/941/935 937/943/937 725/731/725 
f 935/941/935 274/277/274 278/281/278 937/943/937 
f 723/729/723 936/942/936 938/944/938 727/733/727 
f 936/942/936 276/279/276 280/283/280 938/944/938 
f 725/731/725 937/943/937 939/945/939 729/735/729 
f 937/943/937 278/281/278 282/285/282 939/945/939 
f 727/733/727 938/944/938 940/946/940 731/737/731 
f 938/944/938 280/283/280 284/287/284 940/946/940 
f 729/735/729 939/945/939 941/947/941 733/739/733 
f 939/945/939 282/285/282 286/289/286 941/947/941 
f 731/737/731 940/946/940 942/948/942 735/741/735 
f 940/946/940 284/287/284 288/291/288 942/948/942 
f 733/739/733 941/947/941 943/949/943 737/743/737 
f 941/947/941 286/289/286 290/293/290 943/949/943 
f 735/741/735 942/948/942 944/950/944 739/745/739 
f 942/948/942 288/291/288 292/295/292 944/950/944 
f 737/743/737 943/949/943 945/951/945 741/747/741 
f 943/949/943 290/293/290 294/297/294 945/951/945 
f 739/745/739 944/950/944 946/952/946 743/749/743 
f 944/950/944 292/295/292 296/299/296 946/952/946 
f 741/747/741 945/951/945 947/953/947 745/751/745 
f 945/951/945 294/297/294 298/301/298 947/953/947 
f 743/749/743 946/952/946 948/954/948 747/753/747 
f 946/952/946 296/299/296 300/303/300 948/954/948 
f 751/757/751 949/955/949 950/956/950 760/766/760 
f 949/955/949 123/126/123 122/125/122 950/956/950 
f 745/751/745 947/953/947 951/957/951 749/755/749 
f 947/953/947 298/301/298 302/305/302 951/957/951 
f 747/753/747 948/954/948 952/958/952 755/761/755 
f 948/954/948 300/303/300 304/307/304 952/958/952 
f 760/766/760 950/956/950 953/959/953 757/763/757 
f 950/956/950 122/125/122 313/316/313 953/959/953 
f 749/755/749 951/957/951 954/960/954 761/767/761 
f 951/957/951 302/305/302 308/311/308 954/960/954 
f 755/761/755 952/958/952 955/961/955 763/769/763 
f 952/958/952 304/307/304 310/313/310 955/961/955 
f 757/763/757 953/959/953 956/962/956 765/771/765 
f 953/959/953 313/316/313 312/315/312 956/962/956 
f 761/767/761 954/960/954 957/963/957 767/773/767 
f 954/960/954 308/311/308 316/319/316 957/963/957 
f 763/769/763 955/961/955 958/964/958 710/716/710 
f 955/961/955 310/313/310 318/321/318 958/964/958 
f 765/771/765 956/962/956 959/965/959 714/720/714 
f 956/962/956 312/315/312 320/323/320 959/965/959 
f 767/773/767 957/963/957 960/966/960 754/760/754 
f 957/963/957 316/319/316 305/308/305 960/966/960 
f 710/716/710 958/964/958 929/935/929 658/664/658 
f 958/964/958 318/321/318 322/325/322 929/935/929 
f 714/720/714 959/965/959 931/937/931 711/717/711 
f 959/965/959 320/323/320 324/327/324 931/937/931 
f 754/760/754 960/966/960 949/955/949 751/757/751 
f 960/966/960 305/308/305 123/126/123 949/955/949 
f 368/371/368 961/967/961 962/968/962 396/402/396 
f 961/967/961 327/330/327 424/430/424 962/968/962 
f 396/402/396 962/968/962 963/969/963 365/368/365 
f 962/968/962 424/430/424 404/410/404 963/969/963 
f 365/368/365 963/969/963 964/970/964 366/369/366 
f 963/969/963 404/410/404 403/409/403 964/970/964 
f 366/369/366 964/970/964 965/971/965 367/370/367 
f 964/970/964 403/409/403 410/416/410 965/971/965 
f 367/370/367 965/971/965 966/972/966 369/372/369 
f 965/971/965 410/416/410 414/420/414 966/972/966 
f 369/372/369 966/972/966 967/973/967 370/373/370 
f 966/972/966 414/420/414 422/428/422 967/973/967 
f 370/373/370 967/973/967 968/974/968 372/375/372 
f 967/973/967 422/428/422 428/434/428 968/974/968 
f 372/375/372 968/974/968 969/975/969 371/374/371 
f 968/974/968 428/434/428 340/343/340 969/975/969 
f 371/374/371 969/975/969 970/976/970 373/376/373 
f 969/975/969 340/343/340 339/342/339 970/976/970 
f 373/376/373 970/976/970 971/977/971 374/377/374 
f 970/976/970 339/342/339 344/347/344 971/977/971 
f 374/377/374 971/977/971 972/978/972 376/379/376 
f 971/977/971 344/347/344 348/351/348 972/978/972 
f 376/379/376 972/978/972 973/979/973 375/378/375 
f 972/978/972 348/351/348 352/355/352 973/979/973 
f 375/378/375 973/979/973 974/980/974 377/380/377 
f 973/979/973 352/355/352 356/359/356 974/980/974 
f 377/380/377 974/980/974 975/981/975 378/381/378 
f 974/980/974 356/359/356 360/363/360 975/981/975 
f 378/381/378 975/981/975 976/982/976 380/383/380 
f 975/981/975 360/363/360 364/367/364 976/982/976 
f 380/383/380 976/982/976 977/983/977 379/382/379 
f 976/982/976 364/367/364 400/406/400 977/983/977 
f 379/382/379 977/983/977 978/984/978 381/386/381 
f 977/983/977 400/406/400 408/414/408 978/984/978 
f 381/386/381 978/984/978 979/985/979 382/387/382 
f 978/984/978 408/414/408 412/418/412 979/985/979 
f 382/387/382 979/985/979 980/986/980 384/389/384 
f 979/985/979 412/418/412 420/426/420 980/986/980 
f 384/389/384 980/986/980 981/987/981 383/388/383 
f 980/986/980 420/426/420 426/432/426 981/987/981 
f 383/388/383 981/987/981 982/988/982 385/390/385 
f 981/987/981 426/432/426 336/339/336 982/988/982 
f 385/390/385 982/988/982 983/989/983 386/391/386 
f 982/988/982 336/339/336 335/338/335 983/989/983 
f 386/391/386 983/989/983 984/990/984 388/393/388 
f 983/989/983 335/338/335 342/345/342 984/990/984 
f 388/393/388 984/990/984 985/991/985 387/392/387 
f 984/990/984 342/345/342 346/349/346 985/991/985 
f 387/392/387 985/991/985 986/992/986 389/395/389 
f 985/991/985 346/349/346 350/353/350 986/992/986 
f 389/395/389 986/992/986 987/993/987 390/396/390 
f 986/992/986 350/353/350 354/357/354 987/993/987 
f 390/396/390 987/993/987 988/994/988 392/398/392 
f 987/993/987 354/357/354 358/361/358 988/994/988 
f 392/398/392 988/994/988 989/995/989 391/397/391 
f 988/994/988 358/361/358 362/365/362 989/995/989 
f 391/397/391 989/995/989 990/996/990 393/399/393 
f 989/995/989 362/365/362 398/404/398 990/996/990 
f 393/399/393 990/996/990 991/997/991 394/400/394 
f 990/996/990 398/404/398 406/412/406 991/997/991 
f 394/400/394 991/997/991 992/998/992 395/401/395 
f 991/997/991 406/412/406 328/331/328 992/998/992 
f 395/401/395 992/998/992 961/967/961 368/371/368 
f 992/998/992 328/331/328 327/330/327 961/967/961 
f 326/329/326 993/999/993 994/1000/994 423/429/423 
f 993/999/993 418/424/418 417/423/417 994/1000/994 
f 423/429/423 994/1000/994 995/1001/995 401/407/401 
f 994/1000/994 417/423/417 454/460/454 995/1001/995 
f 401/407/401 995/1001/995 996/1002/996 402/408/402 
f 995/1001/995 454/460/454 436/442/436 996/1002/996 
f 402/408/402 996/1002/996 997/1003/997 409/415/409 
f 996/1002/996 436/442/436 435/441/435 997/1003/997 
f 409/415/409 997/1003/997 998/1004/998 413/419/413 
f 997/1003/997 435/441/435 444/450/444 998/1004/998 
f 413/419/413 998/1004/998 999/1005/999 421/427/421 
f 998/1004/998 444/450/444 452/458/452 999/1005/999 
f 421/427/421 999/1005/999 1000/1006/1000 427/433/427 
f 999/1005/999 452/458/452 458/464/458 1000/1006/1000 
f 427/433/427 1000/1006/1000 1001/1007/1001 337/340/337 
f 1000/1006/1000 458/464/458 462/468/462 1001/1007/1001 
f 337/340/337 1001/1007/1001 1002/1008/1002 338/341/338 
f 1001/1007/1001 462/468/462 466/472/466 1002/1008/1002 
f 338/341/338 1002/1008/1002 1003/1009/1003 343/346/343 
f 1002/1008/1002 466/472/466 470/476/470 1003/1009/1003 
f 343/346/343 1003/1009/1003 1004/1010/1004 347/350/347 
f 1003/1009/1003 470/476/470 474/480/474 1004/1010/1004 
f 347/350/347 1004/1010/1004 1005/1011/1005 351/354/351 
f 1004/1010/1004 474/480/474 478/484/478 1005/1011/1005 
f 351/354/351 1005/1011/1005 1006/1012/1006 355/358/355 
f 1005/1011/1005 478/484/478 482/488/482 1006/1012/1006 
f 355/358/355 1006/1012/1006 1007/1013/1007 359/362/359 
f 1006/1012/1006 482/488/482 486/492/486 1007/1013/1007 
f 359/362/359 1007/1013/1007 1008/1014/1008 363/366/363 
f 1007/1013/1007 486/492/486 490/496/490 1008/1014/1008 
f 363/366/363 1008/1014/1008 1009/1015/1009 399/405/399 
f 1008/1014/1008 490/496/490 332/335/332 1009/1015/1009 
f 399/405/399 1009/1015/1009 1010/1016/1010 407/413/407 
f 1009/1015/1009 332/335/332 331/334/331 1010/1016/1010 
f 407/413/407 1010/1016/1010 1011/1017/1011 411/417/411 
f 1010/1016/1010 331/334/331 442/448/442 1011/1017/1011 
f 411/417/411 1011/1017/1011 1012/1018/1012 419/425/419 
f 1011/1017/1011 442/448/442 450/456/450 1012/1018/1012 
f 419/425/419 1012/1018/1012 1013/1019/1013 425/431/425 
f 1012/1018/1012 450/456/450 456/462/456 1013/1019/1013 
f 425/431/425 1013/1019/1013 1014/1020/1014 333/336/333 
f 1013/1019/1013 456/462/456 460/466/460 1014/1020/1014 
f 333/336/333 1014/1020/1014 1015/1021/1015 334/337/334 
f 1014/1020/1014 460/466/460 464/470/464 1015/1021/1015 
f 334/337/334 1015/1021/1015 1016/1022/1016 341/344/341 
f 1015/1021/1015 464/470/464 468/474/468 1016/1022/1016 
f 341/344/341 1016/1022/1016 1017/1023/1017 345/348/345 
f 1016/1022/1016 468/474/468 472/478/472 1017/1023/1017 
f 345/348/345 1017/1023/1017 1018/1024/1018 349/352/349 
f 1017/1023/1017 472/478/472 476/482/476 1018/1024/1018 
f 349/352/349 1018/1024/1018 1019/1025/1019 353/356/353 
f 1018/1024/1018 476/482/476 480/486/480 1019/1025/1019 
f 353/356/353 1019/1025/1019 1020/1026/1020 357/360/357 
f 1019/1025/1019 480/486/480 484/490/484 1020/1026/1020 
f 357/360/357 1020/1026/1020 1021/1027/1021 361/364/361 
f 1020/1026/1020 484/490/484 488/494/488 1021/1027/1021 
f 361/364/361 1021/1027/1021 1022/1028/1022 397/403/397 
f 1021/1027/1021 488/494/488 492/498/492 1022/1028/1022 
f 397/403/397 1022/1028/1022 1023/1029/1023 405/411/405 
f 1022/1028/1022 492/498/492 440/446/440 1023/1029/1023 
f 405/411/405 1023/1029/1023 1024/1030/1024 325/328/325 
f 1023/1029/1023 440/446/440 439/445/439 1024/1030/1024 
f 325/328/325 1024/1030/1024 993/999/993 326/329/326 
f 1024/1030/1024 439/445/439 418/424/418 993/999/993 
f 415/421/415 1025/1031/1025 1026/1032/1026 416/422/416 
f 1025/1031/1025 448/454/448 447/453/447 1026/1032/1026 
f 416/422/416 1026/1032/1026 1027/1033/1027 453/459/453 
f 1026/1032/1026 447/453/447 634/640/634 1027/1033/1027 
f 453/459/453 1027/1033/1027 1028/1034/1028 433/439/433 
f 1027/1033/1027 634/640/634 633/639/633 1028/1034/1028 
f 433/439/433 1028/1034/1028 1029/1035/1029 434/440/434 
f 1028/1034/1028 633/639/633 640/646/640 1029/1035/1029 
f 434/440/434 1029/1035/1029 1030/1036/1030 443/449/443 
f 1029/1035/1029 640/646/640 644/650/644 1030/1036/1030 
f 443/449/443 1030/1036/1030 1031/1037/1031 451/457/451 
f 1030/1036/1030 644/650/644 592/598/592 1031/1037/1031 
f 451/457/451 1031/1037/1031 1032/1038/1032 457/463/457 
f 1031/1037/1031 592/598/592 591/597/591 1032/1038/1032 
f 457/463/457 1032/1038/1032 1033/1039/1033 461/467/461 
f 1032/1038/1032 591/597/591 596/602/596 1033/1039/1033 
f 461/467/461 1033/1039/1033 1034/1040/1034 465/471/465 
f 1033/1039/1033 596/602/596 600/606/600 1034/1040/1034 
f 465/471/465 1034/1040/1034 1035/1041/1035 469/475/469 
f 1034/1040/1034 600/606/600 604/610/604 1035/1041/1035 
f 469/475/469 1035/1041/1035 1036/1042/1036 473/479/473 
f 1035/1041/1035 604/610/604 608/614/608 1036/1042/1036 
f 473/479/473 1036/1042/1036 1037/1043/1037 477/483/477 
f 1036/1042/1036 608/614/608 612/618/612 1037/1043/1037 
f 477/483/477 1037/1043/1037 1038/1044/1038 481/487/481 
f 1037/1043/1037 612/618/612 616/622/616 1038/1044/1038 
f 481/487/481 1038/1044/1038 1039/1045/1039 485/491/485 
f 1038/1044/1038 616/622/616 620/626/620 1039/1045/1039 
f 485/491/485 1039/1045/1039 1040/1046/1040 489/495/489 
f 1039/1045/1039 620/626/620 624/630/624 1040/1046/1040 
f 489/495/489 1040/1046/1040 1041/1047/1041 329/332/329 
f 1040/1046/1040 624/630/624 630/636/630 1041/1047/1041 
f 329/332/329 1041/1047/1041 1042/1048/1042 330/333/330 
f 1041/1047/1041 630/636/630 638/644/638 1042/1048/1042 
f 330/333/330 1042/1048/1042 1043/1049/1043 441/447/441 
f 1042/1048/1042 638/644/638 642/648/642 1043/1049/1043 
f 441/447/441 1043/1049/1043 1044/1050/1044 449/455/449 
f 1043/1049/1043 642/648/642 588/594/588 1044/1050/1044 
f 449/455/449 1044/1050/1044 1045/1051/1045 455/461/455 
f 1044/1050/1044 588/594/588 587/593/587 1045/1051/1045 
f 455/461/455 1045/1051/1045 1046/1052/1046 459/465/459 
f 1045/1051/1045 587/593/587 594/600/594 1046/1052/1046 
f 459/465/459 1046/1052/1046 1047/1053/1047 463/469/463 
f 1046/1052/1046 594/600/594 598/604/598 1047/1053/1047 
f 463/469/463 1047/1053/1047 1048/1054/1048 467/473/467 
f 1047/1053/1047 598/604/598 602/608/602 1048/1054/1048 
f 467/473/467 1048/1054/1048 1049/1055/1049 471/477/471 
f 1048/1054/1048 602/608/602 606/612/606 1049/1055/1049 
f 471/477/471 1049/1055/1049 1050/1056/1050 475/481/475 
f 1049/1055/1049 606/612/606 610/616/610 1050/1056/1050 
f 475/481/475 1050/1056/1050 1051/1057/1051 479/485/479 
f 1050/1056/1050 610/616/610 614/620/614 1051/1057/1051 
f 479/485/479 1051/1057/1051 1052/1058/1052 483/489/483 
f 1051/1057/1051 614/620/614 618/624/618 1052/1058/1052 
f 483/489/483 1052/1058/1052 1053/1059/1053 487/493/487 
f 1052/1058/1052 618/624/618 622/628/622 1053/1059/1053 
f 487/493/487 1053/1059/1053 1054/1060/1054 491/497/491 
f 1053/1059/1053 622/628/622 628/634/628 1054/1060/1054 
f 491/497/491 1054/1060/1054 1055/1061/1055 437/443/437 
f 1054/1060/1054 628/634/628 636/642/636 1055/1061/1055 
f 437/443/437 1055/1061/1055 1056/1062/1056 438/444/438 
f 1055/1061/1055 636/642/636 626/632/626 1056/1062/1056 
f 438/444/438 1056/1062/1056 1025/1031/1025 415/421/415 
f 1056/1062/1056 626/632/626 448/454/448 1025/1031/1025 
f 494/500/494 1057/1063/1057 1058/1064/1058 583/589/583 
f 1057/1063/1057 533/539/533 564/570/564 1058/1064/1058 
f 583/589/583 1058/1064/1058 1059/1065/1059 569/575/569 
f 1058/1064/1058 564/570/564 536/542/536 1059/1065/1059 
f 569/575/569 1059/1065/1059 1060/1066/1060 570/576/570 
f 1059/1065/1059 536/542/536 563/569/563 1060/1066/1060 
f 570/576/570 1060/1066/1060 1061/1067/1061 577/583/577 
f 1060/1066/1060 563/569/563 562/568/562 1061/1067/1061 
f 577/583/577 1061/1067/1061 1062/1068/1062 581/587/581 
f 1061/1067/1061 562/568/562 561/567/561 1062/1068/1062 
f 581/587/581 1062/1068/1062 1063/1069/1063 497/503/497 
f 1062/1068/1062 561/567/561 559/565/559 1063/1069/1063 
f 497/503/497 1063/1069/1063 1064/1070/1064 498/504/498 
f 1063/1069/1063 559/565/559 560/566/560 1064/1070/1064 
f 498/504/498 1064/1070/1064 1065/1071/1065 503/509/503 
f 1064/1070/1064 560/566/560 558/564/558 1065/1071/1065 
f 503/509/503 1065/1071/1065 1066/1072/1066 507/513/507 
f 1065/1071/1065 558/564/558 557/563/557 1066/1072/1066 
f 507/513/507 1066/1072/1066 1067/1073/1067 511/517/511 
f 1066/1072/1066 557/563/557 555/561/555 1067/1073/1067 
f 511/517/511 1067/1073/1067 1068/1074/1068 515/521/515 
f 1067/1073/1067 555/561/555 556/562/556 1068/1074/1068 
f 515/521/515 1068/1074/1068 1069/1075/1069 519/525/519 
f 1068/1074/1068 556/562/556 554/560/554 1069/1075/1069 
f 519/525/519 1069/1075/1069 1070/1076/1070 523/529/523 
f 1069/1075/1069 554/560/554 553/559/553 1070/1076/1070 
f 523/529/523 1070/1076/1070 1071/1077/1071 527/533/527 
f 1070/1076/1070 553/559/553 551/557/551 1071/1077/1071 
f 527/533/527 1071/1077/1071 1072/1078/1072 531/537/531 
f 1071/1077/1071 551/557/551 552/558/552 1072/1078/1072 
f 531/537/531 1072/1078/1072 1073/1079/1073 567/573/567 
f 1072/1078/1072 552/558/552 550/556/550 1073/1079/1073 
f 567/573/567 1073/1079/1073 1074/1080/1074 575/581/575 
f 1073/1079/1073 550/556/550 549/555/549 1074/1080/1074 
f 575/581/575 1074/1080/1074 1075/1081/1075 579/585/579 
f 1074/1080/1074 549/555/549 547/553/547 1075/1081/1075 
f 579/585/579 1075/1081/1075 1076/1082/1076 429/435/429 
f 1075/1081/1075 547/553/547 548/554/548 1076/1082/1076 
f 429/435/429 1076/1082/1076 1077/1083/1077 430/436/430 
f 1076/1082/1076 548/554/548 546/552/546 1077/1083/1077 
f 430/436/430 1077/1083/1077 1078/1084/1078 501/507/501 
f 1077/1083/1077 546/552/546 545/551/545 1078/1084/1078 
f 501/507/501 1078/1084/1078 1079/1085/1079 505/511/505 
f 1078/1084/1078 545/551/545 543/549/543 1079/1085/1079 
f 505/511/505 1079/1085/1079 1080/1086/1080 509/515/509 
f 1079/1085/1079 543/549/543 544/550/544 1080/1086/1080 
f 509/515/509 1080/1086/1080 1081/1087/1081 513/519/513 
f 1080/1086/1080 544/550/544 542/548/542 1081/1087/1081 
f 513/519/513 1081/1087/1081 1082/1088/1082 517/523/517 
f 1081/1087/1081 542/548/542 541/547/541 1082/1088/1082 
f 517/523/517 1082/1088/1082 1083/1089/1083 521/527/521 
f 1082/1088/1082 541/547/541 539/545/539 1083/1089/1083 
f 521/527/521 1083/1089/1083 1084/1090/1084 525/531/525 
f 1083/1089/1083 539/545/539 540/546/540 1084/1090/1084 
f 525/531/525 1084/1090/1084 1085/1091/1085 529/535/529 
f 1084/1090/1084 540/546/540 538/544/538 1085/1091/1085 
f 529/535/529 1085/1091/1085 1086/1092/1086 565/571/565 
f 1085/1091/1085 538/544/538 537/543/537 1086/1092/1086 
f 565/571/565 1086/1092/1086 1087/1093/1087 573/579/573 
f 1086/1092/1086 537/543/537 535/541/535 1087/1093/1087 
f 573/579/573 1087/1093/1087 1088/1094/1088 493/499/493 
f 1087/1093/1087 535/541/535 534/540/534 1088/1094/1088 
f 493/499/493 1088/1094/1088 1057/1063/1057 494/500/494 
f 1088/1094/1088 534/540/534 533/539/533 1057/1063/1057 
f 661/667/661 1089/1095/1089 1090/1096/1090 676/682/676 
f 1089/1095/1089 496/502/496 495/501/495 1090/1096/1090 
f 665/671/665 1091/1097/1091 1092/1098/1092 706/712/706 
f 1091/1097/1091 578/584/578 582/588/582 1092/1098/1092 
f 669/675/669 1093/1099/1093 1094/1100/1094 708/714/708 
f 1093/1099/1093 576/582/576 580/586/580 1094/1100/1094 
f 660/666/660 1095/1101/1095 1089/1095/1089 661/667/661 
f 1095/1101/1095 574/580/574 496/502/496 1089/1095/1089 
f 664/670/664 1096/1102/1096 1091/1097/1091 665/671/665 
f 1096/1102/1096 571/577/571 578/584/578 1091/1097/1091 
f 668/674/668 1097/1103/1097 1093/1099/1093 669/675/669 
f 1097/1103/1097 568/574/568 576/582/576 1093/1099/1093 
f 647/653/647 1098/1104/1098 1095/1101/1095 660/666/660 
f 1098/1104/1098 566/572/566 574/580/574 1095/1101/1095 
f 672/678/672 1099/1105/1099 1096/1102/1096 664/670/664 
f 1099/1105/1099 572/578/572 571/577/571 1096/1102/1096 
f 674/680/674 1100/1106/1100 1097/1103/1097 668/674/668 
f 1100/1106/1100 532/538/532 568/574/568 1097/1103/1097 
f 646/652/646 1101/1107/1101 1098/1104/1098 647/653/647 
f 1101/1107/1101 530/536/530 566/572/566 1098/1104/1098 
f 677/683/677 1102/1108/1102 1099/1105/1099 672/678/672 
f 1102/1108/1102 584/590/584 572/578/572 1099/1105/1099 
f 680/686/680 1103/1109/1103 1100/1106/1100 674/680/674 
f 1103/1109/1103 528/534/528 532/538/532 1100/1106/1100 
f 682/688/682 1104/1110/1104 1101/1107/1101 646/652/646 
f 1104/1110/1104 526/532/526 530/536/530 1101/1107/1101 
f 676/682/676 1090/1096/1090 1102/1108/1102 677/683/677 
f 1090/1096/1090 495/501/495 584/590/584 1102/1108/1102 
f 684/690/684 1105/1111/1105 1103/1109/1103 680/686/680 
f 1105/1111/1105 524/530/524 528/534/528 1103/1109/1103 
f 686/692/686 1106/1112/1106 1104/1110/1104 682/688/682 
f 1106/1112/1106 522/528/522 526/532/526 1104/1110/1104 
f 688/694/688 1107/1113/1107 1105/1111/1105 684/690/684 
f 1107/1113/1107 520/526/520 524/530/524 1105/1111/1105 
f 690/696/690 1108/1114/1108 1106/1112/1106 686/692/686 
f 1108/1114/1108 518/524/518 522/528/522 1106/1112/1106 
f 692/698/692 1109/1115/1109 1107/1113/1107 688/694/688 
f 1109/1115/1109 516/522/516 520/526/520 1107/1113/1107 
f 694/700/694 1110/1116/1110 1108/1114/1108 690/696/690 
f 1110/1116/1110 514/520/514 518/524/518 1108/1114/1108 
f 696/702/696 1111/1117/1111 1109/1115/1109 692/698/692 
f 1111/1117/1111 512/518/512 516/522/516 1109/1115/1109 
f 698/704/698 1112/1118/1112 1110/1116/1110 694/700/694 
f 1112/1118/1112 510/516/510 514/520/514 1110/1116/1110 
f 700/706/700 1113/1119/1113 1111/1117/1111 696/702/696 
f 1113/1119/1113 508/514/508 512/518/512 1111/1117/1111 
f 702/708/702 1114/1120/1114 1112/1118/1112 698/704/698 
f 1114/1120/1114 506/512/506 510/516/510 1112/1118/1112 
f 704/710/704 1115/1121/1115 1113/1119/1113 700/706/700 
f 1115/1121/1115 504/510/504 508/514/508 1113/1119/1113 
f 649/655/649 1116/1122/1116 1114/1120/1114 702/708/702 
f 1116/1122/1116 502/508/502 506/512/506 1114/1120/1114 
f 653/659/653 1117/1123/1117 1115/1121/1115 704/710/704 
f 1117/1123/1117 499/505/499 504/510/504 1115/1121/1115 
f 261/264/261 1118/1124/1118 1116/1122/1116 649/655/649 
f 1118/1124/1118 431/437/431 502/508/502 1116/1122/1116 
f 652/658/652 1119/1125/1119 1117/1123/1117 653/659/653 
f 1119/1125/1119 500/506/500 499/505/499 1117/1123/1117 
f 260/263/260 1120/1126/1120 1118/1124/1118 261/264/261 
f 1120/1126/1120 432/438/432 431/437/431 1118/1124/1118 
f 706/712/706 1092/1098/1092 1119/1125/1119 652/658/652 
f 1092/1098/1092 582/588/582 500/506/500 1119/1125/1119 
f 708/714/708 1094/1100/1094 1120/1126/1120 260/263/260 
f 1094/1100/1094 580/586/580 432/438/432 1120/1126/1120 
f 641/647/641 1121/1127/1121 1122/1128/1122 585/591/585 
f 1121/1127/1121 657/663/657 656/662/656 1122/1128/1122 
f 643/649/643 1123/1129/1123 1124/1130/1124 589/595/589 
f 1123/1129/1123 712/718/712 717/723/717 1124/1130/1124 
f 585/591/585 1122/1128/1122 1125/1131/1125 586/592/586 
f 1122/1128/1122 656/662/656 721/727/721 1125/1131/1125 
f 589/595/589 1124/1130/1124 1126/1132/1126 590/596/590 
f 1124/1130/1124 717/723/717 716/722/716 1126/1132/1126 
f 586/592/586 1125/1131/1125 1127/1133/1127 593/599/593 
f 1125/1131/1125 721/727/721 720/726/720 1127/1133/1127 
f 590/596/590 1126/1132/1126 1128/1134/1128 595/601/595 
f 1126/1132/1126 716/722/716 724/730/724 1128/1134/1128 
f 593/599/593 1127/1133/1127 1129/1135/1129 597/603/597 
f 1127/1133/1127 720/726/720 726/732/726 1129/1135/1129 
f 595/601/595 1128/1134/1128 1130/1136/1130 599/605/599 
f 1128/1134/1128 724/730/724 728/734/728 1130/1136/1130 
f 597/603/597 1129/1135/1129 1131/1137/1131 601/607/601 
f 1129/1135/1129 726/732/726 730/736/730 1131/1137/1131 
f 599/605/599 1130/1136/1130 1132/1138/1132 603/609/603 
f 1130/1136/1130 728/734/728 732/738/732 1132/1138/1132 
f 601/607/601 1131/1137/1131 1133/1139/1133 605/611/605 
f 1131/1137/1131 730/736/730 734/740/734 1133/1139/1133 
f 603/609/603 1132/1138/1132 1134/1140/1134 607/613/607 
f 1132/1138/1132 732/738/732 736/742/736 1134/1140/1134 
f 605/611/605 1133/1139/1133 1135/1141/1135 609/615/609 
f 1133/1139/1133 734/740/734 738/744/738 1135/1141/1135 
f 607/613/607 1134/1140/1134 1136/1142/1136 611/617/611 
f 1134/1140/1134 736/742/736 740/746/740 1136/1142/1136 
f 609/615/609 1135/1141/1135 1137/1143/1137 613/619/613 
f 1135/1141/1135 738/744/738 742/748/742 1137/1143/1137 
f 611/617/611 1136/1142/1136 1138/1144/1138 615/621/615 
f 1136/1142/1136 740/746/740 744/750/744 1138/1144/1138 
f 613/619/613 1137/1143/1137 1139/1145/1139 617/623/617 
f 1137/1143/1137 742/748/742 746/752/746 1139/1145/1139 
f 615/621/615 1138/1144/1138 1140/1146/1140 619/625/619 
f 1138/1144/1138 744/750/744 748/754/748 1140/1146/1140 
f 445/451/445 1141/1147/1141 1142/1148/1142 446/452/446 
f 1141/1147/1141 752/758/752 759/765/759 1142/1148/1142 
f 617/623/617 1139/1145/1139 1143/1149/1143 621/627/621 
f 1139/1145/1139 746/752/746 750/756/750 1143/1149/1143 
f 619/625/619 1140/1146/1140 1144/1150/1144 623/629/623 
f 1140/1146/1140 748/754/748 756/762/756 1144/1150/1144 
f 446/452/446 1142/1148/1142 1145/1151/1145 631/637/631 
f 1142/1148/1142 759/765/759 758/764/758 1145/1151/1145 
f 621/627/621 1143/1149/1143 1146/1152/1146 627/633/627 
f 1143/1149/1143 750/756/750 762/768/762 1146/1152/1146 
f 623/629/623 1144/1150/1144 1147/1153/1147 629/635/629 
f 1144/1150/1144 756/762/756 764/770/764 1147/1153/1147 
f 631/637/631 1145/1151/1145 1148/1154/1148 632/638/632 
f 1145/1151/1145 758/764/758 766/772/766 1148/1154/1148 
f 627/633/627 1146/1152/1146 1149/1155/1149 635/641/635 
f 1146/1152/1146 762/768/762 768/774/768 1149/1155/1149 
f 629/635/629 1147/1153/1147 1150/1156/1150 637/643/637 
f 1147/1153/1147 764/770/764 709/715/709 1150/1156/1150 
f 632/638/632 1148/1154/1148 1151/1157/1151 639/645/639 
f 1148/1154/1148 766/772/766 713/719/713 1151/1157/1151 
f 635/641/635 1149/1155/1149 1152/1158/1152 625/631/625 
f 1149/1155/1149 768/774/768 753/759/753 1152/1158/1152 
f 637/643/637 1150/1156/1150 1121/1127/1121 641/647/641 
f 1150/1156/1150 709/715/709 657/663/657 1121/1127/1121 
f 639/645/639 1151/1157/1151 1123/1129/1123 643/649/643 
f 1151/1157/1151 713/719/713 712/718/712 1123/1129/1123 
f 625/631/625 1152/1158/1152 1141/1147/1141 445/451/445 
f 1152/1158/1152 753/759/753 752/758/752 1141/1147/1141 
f 100/103/100 99/102/99 2/2/2 1/1/1 
# 1128 polygons - 40 triangles

#
# object Glass
#

v  -0.3430 1.4760 2.8561
v  -0.6723 3.6110 3.3490
v  -0.6188 3.6110 3.3929
v  -0.1996 1.4760 2.9737
v  -0.1996 1.4760 4.3116
v  -0.0820 1.4760 4.1683
v  -0.5749 3.6110 3.8389
v  -0.6188 3.6110 3.8925
v  -1.1623 3.6110 3.4464
v  -1.6552 1.4760 3.1171
v  -1.7426 1.4760 3.2807
v  -1.1949 3.6110 3.5075
v  -0.8050 3.6264 3.3231
v  -0.8061 3.6249 3.3283
v  -0.7459 3.6249 3.3466
v  -0.7439 3.6264 3.3416
v  -1.0990 3.6264 3.4123
v  -1.0952 3.6249 3.4160
v  -1.0467 3.6249 3.3762
v  -1.0496 3.6264 3.3717
v  -0.8050 3.6264 3.9623
v  -0.8061 3.6249 3.9571
v  -0.8686 3.6249 3.9632
v  -0.8686 3.6264 3.9686
v  -0.6905 3.6249 3.3762
v  -0.6875 3.6264 3.3717
v  -0.9912 3.6249 3.3466
v  -0.9933 3.6264 3.3416
v  -0.9311 3.6249 3.9571
v  -0.9322 3.6264 3.9623
v  -0.6419 3.6249 3.4160
v  -0.6382 3.6264 3.4123
v  -0.9311 3.6249 3.3283
v  -0.9322 3.6264 3.3231
v  -0.9912 3.6249 3.9388
v  -0.9933 3.6264 3.9438
v  -0.6021 3.6249 3.4646
v  -0.5976 3.6264 3.4616
v  -0.8686 3.6249 3.3222
v  -0.8686 3.6264 3.3168
v  -1.0467 3.6249 3.9092
v  -1.0496 3.6264 3.9137
v  -0.5725 3.6249 3.5200
v  -0.5675 3.6264 3.5180
v  -1.0952 3.6249 3.8693
v  -1.0990 3.6264 3.8731
v  -0.5542 3.6249 3.5802
v  -0.5490 3.6264 3.5791
v  -1.1351 3.6249 3.8208
v  -1.1396 3.6264 3.8237
v  -0.5481 3.6249 3.6427
v  -0.5427 3.6264 3.6427
v  -1.1647 3.6249 3.7654
v  -1.1697 3.6264 3.7674
v  -0.5542 3.6249 3.7052
v  -0.5490 3.6264 3.7063
v  -1.1830 3.6249 3.7052
v  -1.1882 3.6264 3.7063
v  -0.5725 3.6249 3.7654
v  -0.5675 3.6264 3.7674
v  -1.1891 3.6249 3.6427
v  -1.1945 3.6264 3.6427
v  -0.6021 3.6249 3.8208
v  -0.5976 3.6264 3.8237
v  -1.1830 3.6249 3.5802
v  -1.1882 3.6264 3.5791
v  -0.6419 3.6249 3.8693
v  -0.6382 3.6264 3.8731
v  -1.1647 3.6249 3.5200
v  -1.1697 3.6264 3.5180
v  -0.6905 3.6249 3.9092
v  -0.6875 3.6264 3.9137
v  -1.1351 3.6249 3.4646
v  -1.1396 3.6264 3.4616
v  -0.7459 3.6249 3.9388
v  -0.7439 3.6264 3.9438
v  -0.6529 3.5976 3.4270
v  -0.6991 3.5976 3.3891
v  -0.3698 1.4626 2.8961
v  -0.2337 1.4626 3.0078
v  -0.6529 3.5976 3.8584
v  -0.6150 3.5976 3.8122
v  -0.1220 1.4626 4.1415
v  -0.2337 1.4626 4.2776
v  -1.6151 1.4626 3.1439
v  -1.1222 3.5976 3.4732
v  -1.1504 3.5976 3.5260
v  -1.6981 1.4626 3.2991
v  -0.7519 3.5976 3.3609
v  -0.8091 3.5976 3.3435
v  -0.6934 1.4626 2.7621
v  -0.5250 1.4626 2.8132
v  -1.0381 3.5976 3.3891
v  -1.0843 3.5976 3.4270
v  -1.5035 1.4626 3.0078
v  -1.3674 1.4626 2.8961
v  -0.8686 3.5976 3.9477
v  -0.8091 3.5976 3.9419
v  -0.6934 1.4626 4.5233
v  -0.8686 1.4626 4.5405
v  -0.9853 3.5976 3.3609
v  -1.2122 1.4626 2.8132
v  -0.9281 3.5976 3.9419
v  -1.0438 1.4626 4.5233
v  -0.8686 3.5976 3.3377
v  -0.8686 1.4626 2.7448
v  -0.9281 3.5976 3.3435
v  -1.0438 1.4626 2.7621
v  -0.9853 3.5976 3.9245
v  -1.2122 1.4626 4.4722
v  -0.6150 3.5976 3.4732
v  -0.1220 1.4626 3.1439
v  -1.0381 3.5976 3.8963
v  -1.3674 1.4626 4.3892
v  -0.5868 3.5976 3.5260
v  -0.0391 1.4626 3.2991
v  -1.0843 3.5976 3.8584
v  -1.5035 1.4626 4.2776
v  -0.5694 3.5976 3.5832
v  0.0120 1.4626 3.4675
v  -1.1222 3.5976 3.8122
v  -1.6151 1.4626 4.1415
v  -0.5636 3.5976 3.6427
v  0.0293 1.4626 3.6427
v  -1.1504 3.5976 3.7594
v  -1.6981 1.4626 3.9863
v  -0.5694 3.5976 3.7022
v  0.0120 1.4626 3.8179
v  -1.1678 3.5976 3.7022
v  -1.7492 1.4626 3.8179
v  -0.5868 3.5976 3.7594
v  -0.0391 1.4626 3.9863
v  -1.1736 3.5976 3.6427
v  -1.7664 1.4626 3.6427
v  -1.1678 3.5976 3.5832
v  -1.7492 1.4626 3.4675
v  -0.7519 3.5976 3.9245
v  -0.5250 1.4626 4.4722
v  -0.6991 3.5976 3.8963
v  -0.3698 1.4626 4.3892
v  -0.8686 3.6110 3.2895
v  -0.7997 3.6110 3.2963
v  -0.6840 1.4760 2.7148
v  -0.8686 1.4760 2.6966
v  -1.1184 3.6110 3.3929
v  -1.5375 1.4760 2.9737
v  -0.5066 1.4760 4.5167
v  -0.7334 3.6110 3.9690
v  -0.7997 3.6110 3.9891
v  -0.6840 1.4760 4.5706
v  -0.5125 1.4487 4.5024
v  -0.5145 1.4472 4.4975
v  -0.3546 1.4472 4.4120
v  -0.3516 1.4487 4.4164
v  -0.7334 3.6110 3.3164
v  -0.5066 1.4760 2.7687
v  -1.0648 3.6110 3.3490
v  -1.3942 1.4760 2.8561
v  -0.8686 3.6110 3.9959
v  -0.8686 1.4760 4.5887
v  -1.0038 3.6110 3.3164
v  -1.2306 1.4760 2.7687
v  -0.9375 3.6110 3.9891
v  -1.0532 1.4760 4.5706
v  -1.0532 1.4760 2.7148
v  -0.9375 3.6110 3.2963
v  -1.2306 1.4760 4.5167
v  -1.0038 3.6110 3.9690
v  -0.0820 1.4760 3.1171
v  -0.5749 3.6110 3.4464
v  -1.3942 1.4760 4.4293
v  -1.0648 3.6110 3.9364
v  0.0054 1.4760 3.2807
v  -0.5423 3.6110 3.5075
v  -1.5375 1.4760 4.3116
v  -1.1184 3.6110 3.8925
v  0.0593 1.4760 3.4581
v  -0.5222 3.6110 3.5738
v  -1.6552 1.4760 4.1683
v  -1.1623 3.6110 3.8389
v  0.0775 1.4760 3.6427
v  -0.5154 3.6110 3.6427
v  -1.7426 1.4760 4.0047
v  -1.1949 3.6110 3.7779
v  0.0593 1.4760 3.8273
v  -0.5222 3.6110 3.7116
v  -1.7965 1.4760 3.8273
v  -1.2150 3.6110 3.7116
v  0.0054 1.4760 4.0047
v  -0.5423 3.6110 3.7779
v  -1.8146 1.4760 3.6427
v  -1.2218 3.6110 3.6427
v  -1.7965 1.4760 3.4581
v  -1.2150 3.6110 3.5738
v  -0.3430 1.4760 4.4293
v  -0.6723 3.6110 3.9364
v  -0.6870 1.4487 4.5554
v  -0.6881 1.4472 4.5501
v  -1.5266 1.4487 2.9847
v  -1.5228 1.4472 2.9885
v  -1.6379 1.4472 3.1287
v  -1.6423 1.4487 3.1257
v  -1.7283 1.4487 3.2866
v  -1.7234 1.4472 3.2886
v  -1.7760 1.4472 3.4622
v  -1.7813 1.4487 3.4611
v  -0.2106 1.4487 4.3007
v  -0.2144 1.4472 4.2969
v  -0.0993 1.4472 4.1567
v  -0.0949 1.4487 4.1597
v  -1.7938 1.4472 3.6427
v  -1.7991 1.4487 3.6427
v  -0.0138 1.4472 3.9967
v  -0.0089 1.4487 3.9988
v  -1.7760 1.4472 3.8232
v  -1.7813 1.4487 3.8242
v  0.0388 1.4472 3.8232
v  0.0441 1.4487 3.8242
v  -1.7234 1.4472 3.9967
v  -1.7283 1.4487 3.9988
v  0.0566 1.4472 3.6427
v  0.0620 1.4487 3.6427
v  -1.6379 1.4472 4.1567
v  -1.6423 1.4487 4.1597
v  0.0388 1.4472 3.4622
v  0.0441 1.4487 3.4611
v  -1.5228 1.4472 4.2969
v  -1.5266 1.4487 4.3007
v  -0.0138 1.4472 3.2886
v  -0.0089 1.4487 3.2866
v  -1.3826 1.4472 4.4120
v  -1.3856 1.4487 4.4164
v  -0.0993 1.4472 3.1287
v  -0.0949 1.4487 3.1257
v  -1.2226 1.4472 4.4975
v  -1.2247 1.4487 4.5024
v  -0.2144 1.4472 2.9885
v  -0.2106 1.4487 2.9847
v  -0.6870 1.4487 2.7300
v  -0.6881 1.4472 2.7353
v  -0.8686 1.4472 2.7175
v  -0.8686 1.4487 2.7121
v  -1.0491 1.4472 4.5501
v  -1.0501 1.4487 4.5554
v  -1.0501 1.4487 2.7300
v  -1.0491 1.4472 2.7353
v  -1.2226 1.4472 2.7879
v  -1.2247 1.4487 2.7830
v  -0.3546 1.4472 2.8734
v  -0.3516 1.4487 2.8690
v  -0.8686 1.4472 4.5679
v  -0.8686 1.4487 4.5732
v  -1.3826 1.4472 2.8734
v  -1.3856 1.4487 2.8690
v  -0.5145 1.4472 2.7879
v  -0.5125 1.4487 2.7830
v  -0.8017 3.6244 3.3065
v  -0.8686 3.6244 3.2999
v  -1.1110 3.6244 3.4003
v  -1.1536 3.6244 3.4523
v  -0.8017 3.6244 3.9789
v  -0.7374 3.6244 3.9594
v  -0.7374 3.6244 3.3260
v  -1.0590 3.6244 3.3577
v  -0.8686 3.6244 3.9855
v  -0.6782 3.6244 3.3577
v  -0.9998 3.6244 3.3260
v  -0.9355 3.6244 3.9789
v  -0.6262 3.6244 3.4003
v  -0.9355 3.6244 3.3065
v  -0.9998 3.6244 3.9594
v  -0.5836 3.6244 3.4523
v  -1.0590 3.6244 3.9277
v  -0.5519 3.6244 3.5115
v  -1.1110 3.6244 3.8851
v  -0.5324 3.6244 3.5758
v  -1.1536 3.6244 3.8331
v  -0.5258 3.6244 3.6427
v  -1.1853 3.6244 3.7739
v  -0.5324 3.6244 3.7096
v  -1.2048 3.6244 3.7096
v  -0.5519 3.6244 3.7739
v  -1.2114 3.6244 3.6427
v  -0.5836 3.6244 3.8331
v  -1.2048 3.6244 3.5758
v  -0.6262 3.6244 3.8851
v  -1.1853 3.6244 3.5115
v  -0.6782 3.6244 3.9277
v  -0.5073 1.4592 4.5148
v  -0.3442 1.4592 4.4276
v  -1.6535 1.4592 3.1183
v  -1.7407 1.4592 3.2815
v  -0.2011 1.4592 4.3102
v  -1.7944 1.4592 3.4585
v  -0.0837 1.4592 4.1671
v  -1.8125 1.4592 3.6427
v  0.0035 1.4592 4.0039
v  -1.7944 1.4592 3.8268
v  0.0572 1.4592 3.8268
v  -1.7407 1.4592 4.0039
v  0.0754 1.4592 3.6427
v  -1.6535 1.4592 4.1671
v  0.0572 1.4592 3.4585
v  -1.5361 1.4592 4.3102
v  0.0035 1.4592 3.2815
v  -1.3930 1.4592 4.4276
v  -0.0837 1.4592 3.1183
v  -1.2298 1.4592 4.5148
v  -0.8686 1.4592 2.6987
v  -1.0527 1.4592 2.7169
v  -0.2011 1.4592 2.9752
v  -1.0527 1.4592 4.5685
v  -1.2298 1.4592 2.7706
v  -0.3442 1.4592 2.8578
v  -0.8686 1.4592 4.5866
v  -1.3930 1.4592 2.8578
v  -0.5073 1.4592 2.7706
v  -0.6844 1.4592 4.5685
v  -1.5361 1.4592 2.9752
v  -0.6844 1.4592 2.7169
v  -0.8087 3.6145 3.3415
v  -0.8686 3.6145 3.3356
v  -1.0858 3.6145 3.4255
v  -1.1239 3.6145 3.4721
v  -0.8087 3.6145 3.9439
v  -0.7511 3.6145 3.9264
v  -0.7511 3.6145 3.3589
v  -1.0392 3.6145 3.3873
v  -0.8686 3.6145 3.9498
v  -0.6980 3.6145 3.3873
v  -0.9861 3.6145 3.3589
v  -0.9285 3.6145 3.9439
v  -0.6514 3.6145 3.4255
v  -0.9285 3.6145 3.3415
v  -0.9861 3.6145 3.9264
v  -0.6132 3.6145 3.4721
v  -1.0392 3.6145 3.8980
v  -0.5848 3.6145 3.5252
v  -1.0858 3.6145 3.8599
v  -0.5674 3.6145 3.5828
v  -1.1239 3.6145 3.8133
v  -0.5615 3.6145 3.6427
v  -1.1523 3.6145 3.7602
v  -0.5674 3.6145 3.7026
v  -1.1698 3.6145 3.7026
v  -0.5848 3.6145 3.7602
v  -1.1757 3.6145 3.6427
v  -0.6132 3.6145 3.8133
v  -1.1698 3.6145 3.5828
v  -0.6514 3.6145 3.8599
v  -1.1523 3.6145 3.5252
v  -0.6980 3.6145 3.8980
v  -0.5210 1.4493 4.4819
v  -0.3640 1.4493 4.3979
v  -1.6238 1.4493 3.1381
v  -1.7078 1.4493 3.2951
v  -0.2263 1.4493 4.2850
v  -1.7595 1.4493 3.4655
v  -0.1134 1.4493 4.1473
v  -1.7769 1.4493 3.6427
v  -0.0294 1.4493 3.9903
v  -1.7594 1.4493 3.8199
v  0.0223 1.4493 3.8199
v  -1.7078 1.4493 3.9903
v  0.0397 1.4493 3.6427
v  -1.6238 1.4493 4.1473
v  0.0223 1.4493 3.4655
v  -1.5109 1.4493 4.2850
v  -0.0294 1.4493 3.2951
v  -1.3732 1.4493 4.3979
v  -0.1134 1.4493 3.1381
v  -1.2162 1.4493 4.4819
v  -0.8686 1.4493 2.7344
v  -1.0458 1.4493 2.7518
v  -0.2263 1.4493 3.0004
v  -1.0458 1.4493 4.5336
v  -1.2162 1.4493 2.8035
v  -0.3640 1.4493 2.8875
v  -0.8686 1.4493 4.5510
v  -1.3732 1.4493 2.8875
v  -0.5210 1.4493 2.8035
v  -0.6914 1.4493 4.5336
v  -1.5109 1.4493 3.0004
v  -0.6914 1.4493 2.7518
# 384 vertices

vn 0.5541 0.0728 -0.8293
vn 0.4972 0.4462 -0.7441
vn 0.6328 0.4462 -0.6328
vn 0.7052 0.0728 -0.7052
vn 0.7052 0.0728 0.7052
vn 0.8293 0.0728 0.5541
vn 0.7441 0.4462 0.4972
vn 0.6328 0.4462 0.6328
vn -0.7441 0.4462 -0.4972
vn -0.8293 0.0728 -0.5541
vn -0.9214 0.0728 -0.3817
vn -0.8268 0.4462 -0.3425
vn -0.0123 0.9980 0.0618
vn -0.0858 0.8980 0.4315
vn -0.1683 0.8980 0.4064
vn -0.0241 0.9980 0.0583
vn 0.0446 0.9980 0.0446
vn 0.3111 0.8980 0.3111
vn 0.2444 0.8980 0.3658
vn 0.0350 0.9980 0.0524
vn -0.0123 0.9980 -0.0618
vn -0.0858 0.8980 -0.4315
vn -0.0000 0.8980 -0.4399
vn -0.0000 0.9980 -0.0631
vn -0.2444 0.8980 0.3658
vn -0.0350 0.9980 0.0524
vn 0.1683 0.8980 0.4064
vn 0.0241 0.9980 0.0583
vn 0.0858 0.8980 -0.4315
vn 0.0123 0.9980 -0.0618
vn -0.3111 0.8980 0.3111
vn -0.0446 0.9980 0.0446
vn 0.0858 0.8980 0.4315
vn 0.0123 0.9980 0.0618
vn 0.1684 0.8980 -0.4064
vn 0.0241 0.9980 -0.0583
vn -0.3658 0.8980 0.2444
vn -0.0524 0.9980 0.0350
vn -0.0000 0.8980 0.4399
vn -0.0000 0.9980 0.0631
vn 0.2444 0.8980 -0.3658
vn 0.0350 0.9980 -0.0524
vn -0.4064 0.8980 0.1684
vn -0.0583 0.9980 0.0241
vn 0.3111 0.8980 -0.3111
vn 0.0446 0.9980 -0.0446
vn -0.4315 0.8980 0.0858
vn -0.0618 0.9980 0.0123
vn 0.3658 0.8980 -0.2444
vn 0.0524 0.9980 -0.0350
vn -0.4399 0.8980 -0.0000
vn -0.0631 0.9980 -0.0000
vn 0.4064 0.8980 -0.1684
vn 0.0582 0.9980 -0.0241
vn -0.4315 0.8980 -0.0858
vn -0.0618 0.9980 -0.0123
vn 0.4315 0.8980 -0.0858
vn 0.0618 0.9980 -0.0123
vn -0.4064 0.8980 -0.1684
vn -0.0582 0.9980 -0.0241
vn 0.4399 0.8980 -0.0000
vn 0.0631 0.9980 -0.0000
vn -0.3658 0.8980 -0.2444
vn -0.0524 0.9980 -0.0350
vn 0.4315 0.8980 0.0858
vn 0.0618 0.9980 0.0123
vn -0.3111 0.8980 -0.3111
vn -0.0446 0.9980 -0.0446
vn 0.4065 0.8980 0.1684
vn 0.0583 0.9980 0.0241
vn -0.2444 0.8980 -0.3658
vn -0.0350 0.9980 -0.0524
vn 0.3658 0.8980 0.2444
vn 0.0524 0.9980 0.0350
vn -0.1684 0.8980 -0.4064
vn -0.0241 0.9980 -0.0583
vn -0.7051 -0.0746 0.7051
vn -0.5540 -0.0746 0.8292
vn -0.4944 -0.4560 0.7400
vn -0.6293 -0.4560 0.6293
vn -0.7051 -0.0746 -0.7051
vn -0.8292 -0.0746 -0.5540
vn -0.7400 -0.4560 -0.4944
vn -0.6293 -0.4560 -0.6293
vn 0.7400 -0.4560 0.4944
vn 0.8292 -0.0746 0.5540
vn 0.9213 -0.0746 0.3816
vn 0.8222 -0.4560 0.3406
vn -0.3816 -0.0746 0.9213
vn -0.1945 -0.0746 0.9781
vn -0.1736 -0.4560 0.8729
vn -0.3406 -0.4560 0.8222
vn 0.5540 -0.0746 0.8292
vn 0.7051 -0.0746 0.7051
vn 0.6293 -0.4560 0.6293
vn 0.4944 -0.4560 0.7400
vn -0.0000 -0.0746 -0.9972
vn -0.1945 -0.0746 -0.9781
vn -0.1736 -0.4560 -0.8729
vn -0.0000 -0.4560 -0.8900
vn 0.3816 -0.0746 0.9213
vn 0.3406 -0.4560 0.8222
vn 0.1945 -0.0746 -0.9781
vn 0.1736 -0.4560 -0.8729
vn -0.0000 -0.0746 0.9972
vn -0.0000 -0.4560 0.8900
vn 0.1945 -0.0746 0.9781
vn 0.1736 -0.4560 0.8729
vn 0.3816 -0.0746 -0.9213
vn 0.3406 -0.4560 -0.8222
vn -0.8292 -0.0746 0.5540
vn -0.7400 -0.4560 0.4944
vn 0.5540 -0.0746 -0.8292
vn 0.4944 -0.4560 -0.7400
vn -0.9213 -0.0746 0.3816
vn -0.8222 -0.4560 0.3406
vn 0.7051 -0.0746 -0.7051
vn 0.6293 -0.4560 -0.6293
vn -0.9781 -0.0746 0.1945
vn -0.8729 -0.4560 0.1736
vn 0.8292 -0.0746 -0.5540
vn 0.7400 -0.4560 -0.4944
vn -0.9972 -0.0746 -0.0000
vn -0.8900 -0.4560 -0.0000
vn 0.9213 -0.0746 -0.3816
vn 0.8222 -0.4560 -0.3406
vn -0.9781 -0.0746 -0.1945
vn -0.8729 -0.4560 -0.1736
vn 0.9781 -0.0746 -0.1945
vn 0.8729 -0.4560 -0.1736
vn -0.9213 -0.0746 -0.3816
vn -0.8222 -0.4560 -0.3406
vn 0.9972 -0.0746 -0.0000
vn 0.8900 -0.4560 -0.0000
vn 0.9781 -0.0746 0.1945
vn 0.8729 -0.4560 0.1736
vn -0.3816 -0.0746 -0.9213
vn -0.3406 -0.4560 -0.8222
vn -0.5540 -0.0746 -0.8292
vn -0.4944 -0.4560 -0.7400
vn -0.0000 0.4462 -0.8949
vn 0.1746 0.4462 -0.8777
vn 0.1946 0.0728 -0.9782
vn -0.0000 0.0728 -0.9973
vn -0.6328 0.4462 -0.6328
vn -0.7052 0.0728 -0.7052
vn 0.3817 0.0728 0.9214
vn 0.3425 0.4462 0.8268
vn 0.1746 0.4462 0.8777
vn 0.1946 0.0728 0.9782
vn 0.1758 -0.8883 0.4244
vn 0.0334 -0.9962 0.0806
vn 0.0485 -0.9962 0.0725
vn 0.2552 -0.8883 0.3819
vn 0.3425 0.4462 -0.8268
vn 0.3817 0.0728 -0.9214
vn -0.4972 0.4462 -0.7441
vn -0.5541 0.0728 -0.8293
vn -0.0000 0.4462 0.8949
vn -0.0000 0.0728 0.9973
vn -0.3425 0.4462 -0.8268
vn -0.3817 0.0728 -0.9214
vn -0.1746 0.4462 0.8777
vn -0.1946 0.0728 0.9782
vn -0.1946 0.0728 -0.9782
vn -0.1746 0.4462 -0.8777
vn -0.3817 0.0728 0.9214
vn -0.3425 0.4462 0.8268
vn 0.8293 0.0728 -0.5541
vn 0.7441 0.4462 -0.4972
vn -0.5541 0.0728 0.8293
vn -0.4972 0.4462 0.7441
vn 0.9214 0.0728 -0.3817
vn 0.8268 0.4462 -0.3425
vn -0.7052 0.0728 0.7052
vn -0.6328 0.4462 0.6328
vn 0.9782 0.0728 -0.1946
vn 0.8777 0.4462 -0.1746
vn -0.8293 0.0728 0.5541
vn -0.7441 0.4462 0.4972
vn 0.9973 0.0728 -0.0000
vn 0.8949 0.4462 -0.0000
vn -0.9214 0.0728 0.3817
vn -0.8268 0.4462 0.3425
vn 0.9782 0.0728 0.1946
vn 0.8777 0.4462 0.1746
vn -0.9782 0.0728 0.1946
vn -0.8777 0.4462 0.1746
vn 0.9214 0.0728 0.3817
vn 0.8268 0.4462 0.3425
vn -0.9973 0.0728 -0.0000
vn -0.8949 0.4462 -0.0000
vn -0.9782 0.0728 -0.1946
vn -0.8777 0.4462 -0.1746
vn 0.5541 0.0728 0.8293
vn 0.4972 0.4462 0.7441
vn 0.0896 -0.8883 0.4505
vn 0.0170 -0.9962 0.0855
vn -0.3248 -0.8883 -0.3248
vn -0.0617 -0.9962 -0.0617
vn -0.0725 -0.9962 -0.0485
vn -0.3819 -0.8883 -0.2552
vn -0.4244 -0.8883 -0.1758
vn -0.0806 -0.9962 -0.0334
vn -0.0855 -0.9962 -0.0170
vn -0.4505 -0.8883 -0.0896
vn 0.3248 -0.8883 0.3248
vn 0.0617 -0.9962 0.0617
vn 0.0725 -0.9962 0.0485
vn 0.3819 -0.8883 0.2552
vn -0.0872 -0.9962 -0.0000
vn -0.4593 -0.8883 -0.0000
vn 0.0806 -0.9962 0.0334
vn 0.4243 -0.8883 0.1758
vn -0.0855 -0.9962 0.0170
vn -0.4505 -0.8883 0.0896
vn 0.0855 -0.9962 0.0170
vn 0.4505 -0.8883 0.0896
vn -0.0806 -0.9962 0.0334
vn -0.4244 -0.8883 0.1758
vn 0.0872 -0.9962 -0.0000
vn 0.4593 -0.8883 -0.0000
vn -0.0725 -0.9962 0.0485
vn -0.3819 -0.8883 0.2552
vn 0.0855 -0.9962 -0.0170
vn 0.4505 -0.8883 -0.0896
vn -0.0617 -0.9962 0.0617
vn -0.3248 -0.8883 0.3248
vn 0.0806 -0.9962 -0.0334
vn 0.4244 -0.8883 -0.1758
vn -0.0485 -0.9962 0.0725
vn -0.2552 -0.8883 0.3819
vn 0.0725 -0.9962 -0.0485
vn 0.3819 -0.8883 -0.2552
vn -0.0334 -0.9962 0.0806
vn -0.1758 -0.8883 0.4244
vn 0.0617 -0.9962 -0.0617
vn 0.3248 -0.8883 -0.3248
vn 0.0896 -0.8883 -0.4505
vn 0.0170 -0.9962 -0.0855
vn -0.0000 -0.9962 -0.0872
vn -0.0000 -0.8883 -0.4593
vn -0.0170 -0.9962 0.0855
vn -0.0896 -0.8883 0.4505
vn -0.0896 -0.8883 -0.4505
vn -0.0170 -0.9962 -0.0855
vn -0.0334 -0.9962 -0.0806
vn -0.1758 -0.8883 -0.4244
vn 0.0485 -0.9962 -0.0725
vn 0.2552 -0.8883 -0.3819
vn -0.0000 -0.9962 0.0872
vn -0.0000 -0.8883 0.4593
vn -0.0485 -0.9962 -0.0725
vn -0.2552 -0.8883 -0.3819
vn 0.0334 -0.9962 -0.0806
vn 0.1758 -0.8883 -0.4244
vn 0.0992 0.8610 -0.4988
vn -0.0000 0.8610 -0.5086
vn -0.3596 0.8610 -0.3596
vn -0.4229 0.8610 -0.2826
vn 0.0992 0.8610 0.4988
vn 0.1946 0.8610 0.4699
vn 0.1946 0.8610 -0.4699
vn -0.2826 0.8610 -0.4229
vn -0.0000 0.8610 0.5086
vn 0.2826 0.8610 -0.4229
vn -0.1946 0.8610 -0.4699
vn -0.0992 0.8610 0.4988
vn 0.3596 0.8610 -0.3596
vn -0.0992 0.8610 -0.4988
vn -0.1946 0.8610 0.4699
vn 0.4229 0.8610 -0.2826
vn -0.2826 0.8610 0.4229
vn 0.4699 0.8610 -0.1946
vn -0.3596 0.8610 0.3596
vn 0.4988 0.8610 -0.0992
vn -0.4229 0.8610 0.2826
vn 0.5086 0.8610 -0.0000
vn -0.4699 0.8610 0.1946
vn 0.4988 0.8610 0.0992
vn -0.4988 0.8610 0.0992
vn 0.4699 0.8610 0.1946
vn -0.5086 0.8610 -0.0000
vn 0.4229 0.8610 0.2826
vn -0.4988 0.8610 -0.0992
vn 0.3596 0.8610 0.3596
vn -0.4699 0.8610 -0.1946
vn 0.2826 0.8610 0.4229
vn 0.3350 -0.4834 0.8087
vn 0.4863 -0.4834 0.7278
vn -0.7278 -0.4834 -0.4863
vn -0.8087 -0.4834 -0.3350
vn 0.6190 -0.4834 0.6190
vn -0.8586 -0.4834 -0.1708
vn 0.7278 -0.4834 0.4863
vn -0.8754 -0.4834 -0.0000
vn 0.8087 -0.4834 0.3350
vn -0.8586 -0.4834 0.1708
vn 0.8586 -0.4834 0.1708
vn -0.8087 -0.4834 0.3350
vn 0.8754 -0.4834 -0.0000
vn -0.7278 -0.4834 0.4863
vn 0.8586 -0.4834 -0.1708
vn -0.6190 -0.4834 0.6190
vn 0.8087 -0.4834 -0.3350
vn -0.4863 -0.4834 0.7278
vn 0.7278 -0.4834 -0.4863
vn -0.3350 -0.4834 0.8087
vn -0.0000 -0.4834 -0.8754
vn -0.1708 -0.4834 -0.8586
vn 0.6190 -0.4834 -0.6190
vn -0.1708 -0.4834 0.8586
vn -0.3350 -0.4834 -0.8087
vn 0.4863 -0.4834 -0.7278
vn -0.0000 -0.4834 0.8754
vn -0.4863 -0.4834 -0.7278
vn 0.3350 -0.4834 -0.8087
vn 0.1708 -0.4834 0.8586
vn -0.6190 -0.4834 -0.6190
vn 0.1708 -0.4834 -0.8586
vn -0.1685 0.5040 0.8471
vn -0.0000 0.5040 0.8637
vn 0.6107 0.5040 0.6107
vn 0.7182 0.5040 0.4799
vn -0.1685 0.5040 -0.8471
vn -0.3305 0.5040 -0.7980
vn -0.3305 0.5040 0.7980
vn 0.4799 0.5040 0.7182
vn -0.0000 0.5040 -0.8637
vn -0.4799 0.5040 0.7182
vn 0.3305 0.5040 0.7980
vn 0.1685 0.5040 -0.8471
vn -0.6107 0.5040 0.6107
vn 0.1685 0.5040 0.8471
vn 0.3305 0.5040 -0.7980
vn -0.7182 0.5040 0.4799
vn 0.4799 0.5040 -0.7182
vn -0.7980 0.5040 0.3305
vn 0.6107 0.5040 -0.6107
vn -0.8471 0.5040 0.1685
vn 0.7182 0.5040 -0.4799
vn -0.8637 0.5040 -0.0000
vn 0.7980 0.5040 -0.3305
vn -0.8471 0.5040 -0.1685
vn 0.8471 0.5040 -0.1685
vn -0.7980 0.5040 -0.3305
vn 0.8637 0.5040 -0.0000
vn -0.7182 0.5040 -0.4799
vn 0.8471 0.5040 0.1685
vn -0.6107 0.5040 -0.6107
vn 0.7980 0.5040 0.3305
vn -0.4799 0.5040 -0.7182
vn -0.1807 -0.8814 -0.4364
vn -0.2624 -0.8814 -0.3927
vn 0.3927 -0.8814 0.2624
vn 0.4364 -0.8814 0.1807
vn -0.3340 -0.8814 -0.3340
vn 0.4632 -0.8814 0.0921
vn -0.3927 -0.8814 -0.2624
vn 0.4723 -0.8814 -0.0000
vn -0.4364 -0.8814 -0.1807
vn 0.4632 -0.8814 -0.0921
vn -0.4632 -0.8814 -0.0921
vn 0.4364 -0.8814 -0.1807
vn -0.4723 -0.8814 -0.0000
vn 0.3927 -0.8814 -0.2624
vn -0.4632 -0.8814 0.0921
vn 0.3340 -0.8814 -0.3340
vn -0.4364 -0.8814 0.1807
vn 0.2624 -0.8814 -0.3927
vn -0.3927 -0.8814 0.2624
vn 0.1807 -0.8814 -0.4364
vn -0.0000 -0.8814 0.4723
vn 0.0921 -0.8814 0.4632
vn -0.3340 -0.8814 0.3340
vn 0.0921 -0.8814 -0.4632
vn 0.1807 -0.8814 0.4364
vn -0.2624 -0.8814 0.3927
vn -0.0000 -0.8814 -0.4723
vn 0.2624 -0.8814 0.3927
vn -0.1807 -0.8814 0.4364
vn -0.0921 -0.8814 -0.4632
vn 0.3340 -0.8814 0.3340
vn -0.0921 -0.8814 0.4632
# 384 vertex normals

vt 0.9062 -0.0337 0.9519
vt 0.9062 1.0404 0.3554
vt 0.8750 1.0404 0.3554
vt 0.8750 -0.0337 0.9519
vt 0.6250 -0.0337 0.9519
vt 0.6562 -0.0337 0.9519
vt 0.6563 1.0404 0.3554
vt 0.6250 1.0404 0.3554
vt 0.1562 1.0404 0.3554
vt 0.1563 -0.0337 0.9519
vt 0.1875 -0.0337 0.9519
vt 0.1875 1.0404 0.3554
vt 0.9687 1.0481 0.3279
vt 0.9687 1.0474 0.3225
vt 0.9375 1.0474 0.3225
vt 0.9375 1.0481 0.3279
vt 0.1250 1.0481 0.3279
vt 0.1250 1.0474 0.3225
vt 0.0937 1.0474 0.3225
vt 0.0938 1.0481 0.3279
vt 0.5313 1.0481 0.3279
vt 0.5313 1.0474 0.3225
vt 0.5000 1.0474 0.3225
vt 0.5000 1.0481 0.3279
vt 0.9063 1.0474 0.3225
vt 0.9062 1.0481 0.3279
vt 0.0625 1.0474 0.3225
vt 0.0625 1.0481 0.3279
vt 0.4688 1.0474 0.3225
vt 0.4687 1.0481 0.3279
vt 0.8750 1.0474 0.3225
vt 0.8750 1.0481 0.3279
vt 0.0312 1.0474 0.3225
vt 0.0313 1.0481 0.3279
vt 0.4375 1.0474 0.3225
vt 0.4375 1.0481 0.3279
vt 0.8437 1.0474 0.3225
vt 0.8437 1.0481 0.3279
vt -0.0000 1.0474 0.3225
vt -0.0000 1.0481 0.3279
vt 0.4063 1.0474 0.3225
vt 0.4062 1.0481 0.3279
vt 0.8125 1.0474 0.3225
vt 0.8125 1.0481 0.3279
vt 0.3750 1.0474 0.3225
vt 0.3750 1.0481 0.3279
vt 0.7812 1.0474 0.3225
vt 0.7813 1.0481 0.3279
vt 0.3437 1.0474 0.3225
vt 0.3437 1.0481 0.3279
vt 0.7500 1.0474 0.3225
vt 0.7500 1.0481 0.3279
vt 0.3125 1.0474 0.3225
vt 0.3125 1.0481 0.3279
vt 0.7188 1.0474 0.3225
vt 0.7187 1.0481 0.3279
vt 0.2812 1.0474 0.3225
vt 0.2813 1.0481 0.3279
vt 0.6875 1.0474 0.3225
vt 0.6875 1.0481 0.3279
vt 0.2500 1.0474 0.3225
vt 0.2500 1.0481 0.3279
vt 0.6562 1.0474 0.3225
vt 0.6562 1.0481 0.3279
vt 0.2188 1.0474 0.3225
vt 0.2187 1.0481 0.3279
vt 0.6250 1.0474 0.3225
vt 0.6250 1.0481 0.3279
vt 0.1875 1.0474 0.3225
vt 0.1875 1.0481 0.3279
vt 0.5937 1.0474 0.3225
vt 0.5938 1.0481 0.3279
vt 0.1563 1.0474 0.3225
vt 0.1562 1.0481 0.3279
vt 0.5625 1.0474 0.3225
vt 0.5625 1.0481 0.3279
vt 0.8750 1.0337 0.3069
vt 0.9062 1.0337 0.3069
vt 0.9062 -0.0404 0.9034
vt 0.8750 -0.0404 0.9034
vt 0.6250 1.0337 0.3069
vt 0.6563 1.0337 0.3069
vt 0.6562 -0.0404 0.9034
vt 0.6250 -0.0404 0.9034
vt 0.1562 -0.0404 0.9034
vt 0.1563 1.0337 0.3069
vt 0.1875 1.0337 0.3069
vt 0.1875 -0.0404 0.9034
vt 0.9375 1.0337 0.3069
vt 0.9688 1.0337 0.3069
vt 0.9688 -0.0404 0.9034
vt 0.9375 -0.0404 0.9034
vt 0.0937 1.0337 0.3069
vt 0.1250 1.0337 0.3069
vt 0.1250 -0.0404 0.9034
vt 0.0938 -0.0404 0.9034
vt 0.5000 1.0337 0.3069
vt 0.5312 1.0337 0.3069
vt 0.5312 -0.0404 0.9034
vt 0.5000 -0.0404 0.9034
vt 0.0625 1.0337 0.3069
vt 0.0625 -0.0404 0.9034
vt 0.4688 1.0337 0.3069
vt 0.4688 -0.0404 0.9034
vt 1.0000 1.0337 0.3069
vt 1.0000 -0.0404 0.9034
vt -0.0000 1.0337 0.3069
vt 0.0312 1.0337 0.3069
vt 0.0312 -0.0404 0.9034
vt -0.0000 -0.0404 0.9034
vt 0.4375 1.0337 0.3069
vt 0.4375 -0.0404 0.9034
vt 0.8437 1.0337 0.3069
vt 0.8437 -0.0404 0.9034
vt 0.4063 1.0337 0.3069
vt 0.4062 -0.0404 0.9034
vt 0.8125 1.0337 0.3069
vt 0.8125 -0.0404 0.9034
vt 0.3750 1.0337 0.3069
vt 0.3750 -0.0404 0.9034
vt 0.7812 1.0337 0.3069
vt 0.7812 -0.0404 0.9034
vt 0.3437 1.0337 0.3069
vt 0.3438 -0.0404 0.9034
vt 0.7500 1.0337 0.3069
vt 0.7500 -0.0404 0.9034
vt 0.3125 1.0337 0.3069
vt 0.3125 -0.0404 0.9034
vt 0.7188 1.0337 0.3069
vt 0.7188 -0.0404 0.9034
vt 0.2812 1.0337 0.3069
vt 0.2812 -0.0404 0.9034
vt 0.6875 1.0337 0.3069
vt 0.6875 -0.0404 0.9034
vt 0.2500 1.0337 0.3069
vt 0.2500 -0.0404 0.9034
vt 0.2188 1.0337 0.3069
vt 0.2188 -0.0404 0.9034
vt 0.5625 1.0337 0.3069
vt 0.5625 -0.0404 0.9034
vt 0.5938 1.0337 0.3069
vt 0.5938 -0.0404 0.9034
vt 1.0000 1.0404 0.3554
vt 0.9688 1.0404 0.3554
vt 0.9688 -0.0337 0.9519
vt 1.0000 -0.0337 0.9519
vt 0.1250 1.0404 0.3554
vt 0.1250 -0.0337 0.9519
vt 0.5625 -0.0337 0.9519
vt 0.5625 1.0404 0.3554
vt 0.5312 1.0404 0.3554
vt 0.5312 -0.0337 0.9519
vt 0.5625 -0.0474 0.9363
vt 0.5625 -0.0481 0.9309
vt 0.5937 -0.0481 0.9309
vt 0.5937 -0.0474 0.9363
vt 0.9375 1.0404 0.3554
vt 0.9375 -0.0337 0.9519
vt 0.0938 1.0404 0.3554
vt 0.0937 -0.0337 0.9519
vt 0.5000 1.0404 0.3554
vt 0.5000 -0.0337 0.9519
vt 0.0625 1.0404 0.3554
vt 0.0625 -0.0337 0.9519
vt 0.4688 1.0404 0.3554
vt 0.4688 -0.0337 0.9519
vt 1.0000 1.0481 0.3279
vt 1.0000 1.0474 0.3225
vt 0.0312 -0.0337 0.9519
vt 0.0312 1.0404 0.3554
vt -0.0000 1.0404 0.3554
vt -0.0000 -0.0337 0.9519
vt 0.4375 -0.0337 0.9519
vt 0.4375 1.0404 0.3554
vt 0.8437 -0.0337 0.9519
vt 0.8437 1.0404 0.3554
vt 0.4062 -0.0337 0.9519
vt 0.4062 1.0404 0.3554
vt 0.8125 -0.0337 0.9519
vt 0.8125 1.0404 0.3554
vt 0.3750 -0.0337 0.9519
vt 0.3750 1.0404 0.3554
vt 0.7812 -0.0337 0.9519
vt 0.7812 1.0404 0.3554
vt 0.3437 -0.0337 0.9519
vt 0.3438 1.0404 0.3554
vt 0.7500 -0.0337 0.9519
vt 0.7500 1.0404 0.3554
vt 0.3125 -0.0337 0.9519
vt 0.3125 1.0404 0.3554
vt 0.7188 -0.0337 0.9519
vt 0.7188 1.0404 0.3554
vt 0.2812 -0.0337 0.9519
vt 0.2812 1.0404 0.3554
vt 0.6875 -0.0337 0.9519
vt 0.6875 1.0404 0.3554
vt 0.2500 -0.0337 0.9519
vt 0.2500 1.0404 0.3554
vt 0.2188 -0.0337 0.9519
vt 0.2188 1.0404 0.3554
vt 0.5937 -0.0337 0.9519
vt 0.5938 1.0404 0.3554
vt 0.5312 -0.0474 0.9363
vt 0.5312 -0.0481 0.9309
vt 0.1250 -0.0474 0.9363
vt 0.1250 -0.0481 0.9309
vt 0.1563 -0.0481 0.9309
vt 0.1562 -0.0474 0.9363
vt 0.1875 -0.0474 0.9363
vt 0.1875 -0.0481 0.9309
vt 0.2187 -0.0481 0.9309
vt 0.2187 -0.0474 0.9363
vt 0.6250 -0.0474 0.9363
vt 0.6250 -0.0481 0.9309
vt 0.6562 -0.0481 0.9309
vt 0.6562 -0.0474 0.9363
vt 0.2500 -0.0481 0.9309
vt 0.2500 -0.0474 0.9363
vt 0.6875 -0.0481 0.9309
vt 0.6875 -0.0474 0.9363
vt 0.2812 -0.0481 0.9309
vt 0.2812 -0.0474 0.9363
vt 0.7187 -0.0481 0.9309
vt 0.7187 -0.0474 0.9363
vt 0.3125 -0.0481 0.9309
vt 0.3125 -0.0474 0.9363
vt 0.7500 -0.0481 0.9309
vt 0.7500 -0.0474 0.9363
vt 0.3437 -0.0481 0.9309
vt 0.3437 -0.0474 0.9363
vt 0.7812 -0.0481 0.9309
vt 0.7812 -0.0474 0.9363
vt 0.3750 -0.0481 0.9309
vt 0.3750 -0.0474 0.9363
vt 0.8125 -0.0481 0.9309
vt 0.8125 -0.0474 0.9363
vt 0.4062 -0.0481 0.9309
vt 0.4062 -0.0474 0.9363
vt 0.8437 -0.0481 0.9309
vt 0.8437 -0.0474 0.9363
vt 0.4375 -0.0481 0.9309
vt 0.4375 -0.0474 0.9363
vt 0.8750 -0.0481 0.9309
vt 0.8750 -0.0474 0.9363
vt 0.9688 -0.0474 0.9363
vt 0.9688 -0.0481 0.9309
vt 1.0000 -0.0481 0.9309
vt 1.0000 -0.0474 0.9363
vt 0.4687 -0.0481 0.9309
vt 0.4688 -0.0474 0.9363
vt 0.0312 -0.0474 0.9363
vt 0.0312 -0.0481 0.9309
vt 0.0625 -0.0481 0.9309
vt 0.0625 -0.0474 0.9363
vt 0.9062 -0.0481 0.9309
vt 0.9062 -0.0474 0.9363
vt 0.5000 -0.0481 0.9309
vt 0.5000 -0.0474 0.9363
vt 0.0937 -0.0481 0.9309
vt 0.0938 -0.0474 0.9363
vt 0.9375 -0.0481 0.9309
vt 0.9375 -0.0474 0.9363
vt -0.0000 -0.0474 0.9363
vt -0.0000 -0.0481 0.9309
vt 0.9687 1.0471 0.3449
vt 1.0000 1.0471 0.3449
vt 0.1250 1.0471 0.3449
vt 0.1563 1.0471 0.3449
vt 0.5313 1.0471 0.3449
vt 0.5625 1.0471 0.3449
vt 0.9375 1.0471 0.3449
vt 0.0937 1.0471 0.3449
vt 0.5000 1.0471 0.3449
vt 0.9062 1.0471 0.3449
vt 0.0625 1.0471 0.3449
vt 0.4687 1.0471 0.3449
vt 0.8750 1.0471 0.3449
vt 0.0313 1.0471 0.3449
vt 0.4375 1.0471 0.3449
vt 0.8437 1.0471 0.3449
vt -0.0000 1.0471 0.3449
vt 0.4063 1.0471 0.3449
vt 0.8125 1.0471 0.3449
vt 0.3750 1.0471 0.3449
vt 0.7813 1.0471 0.3449
vt 0.3437 1.0471 0.3449
vt 0.7500 1.0471 0.3449
vt 0.3125 1.0471 0.3449
vt 0.7187 1.0471 0.3449
vt 0.2813 1.0471 0.3449
vt 0.6875 1.0471 0.3449
vt 0.2500 1.0471 0.3449
vt 0.6562 1.0471 0.3449
vt 0.2187 1.0471 0.3449
vt 0.6250 1.0471 0.3449
vt 0.1875 1.0471 0.3449
vt 0.5937 1.0471 0.3449
vt 0.5625 -0.0421 0.9498
vt 0.5937 -0.0421 0.9498
vt 0.1563 -0.0421 0.9498
vt 0.1875 -0.0421 0.9498
vt 0.6250 -0.0421 0.9498
vt 0.2187 -0.0421 0.9498
vt 0.6562 -0.0421 0.9498
vt 0.2500 -0.0421 0.9498
vt 0.6875 -0.0421 0.9498
vt 0.2813 -0.0421 0.9498
vt 0.7187 -0.0421 0.9498
vt 0.3125 -0.0421 0.9498
vt 0.7500 -0.0421 0.9498
vt 0.3437 -0.0421 0.9498
vt 0.7812 -0.0421 0.9498
vt 0.3750 -0.0421 0.9498
vt 0.8125 -0.0421 0.9498
vt 0.4062 -0.0421 0.9498
vt 0.8437 -0.0421 0.9498
vt 0.4375 -0.0421 0.9498
vt -0.0000 -0.0421 0.9498
vt 0.0313 -0.0421 0.9498
vt 0.8750 -0.0421 0.9498
vt 0.4687 -0.0421 0.9498
vt 0.0625 -0.0421 0.9498
vt 0.9062 -0.0421 0.9498
vt 0.5000 -0.0421 0.9498
vt 0.0937 -0.0421 0.9498
vt 0.9375 -0.0421 0.9498
vt 0.5312 -0.0421 0.9498
vt 0.1250 -0.0421 0.9498
vt 0.9687 -0.0421 0.9498
vt 1.0000 -0.0421 0.9498
vt 0.9687 1.0421 0.3090
vt 1.0000 1.0421 0.3090
vt 0.1250 1.0421 0.3090
vt 0.1562 1.0421 0.3090
vt 0.5312 1.0421 0.3090
vt 0.5625 1.0421 0.3090
vt 0.9375 1.0421 0.3090
vt 0.0937 1.0421 0.3090
vt 0.5000 1.0421 0.3090
vt 0.9062 1.0421 0.3090
vt 0.0625 1.0421 0.3090
vt 0.4687 1.0421 0.3090
vt 0.8750 1.0421 0.3090
vt 0.0313 1.0421 0.3090
vt 0.4375 1.0421 0.3090
vt 0.8438 1.0421 0.3090
vt -0.0000 1.0421 0.3090
vt 0.4063 1.0421 0.3090
vt 0.8125 1.0421 0.3090
vt 0.3750 1.0421 0.3090
vt 0.7812 1.0421 0.3090
vt 0.3438 1.0421 0.3090
vt 0.7500 1.0421 0.3090
vt 0.3125 1.0421 0.3090
vt 0.7187 1.0421 0.3090
vt 0.2813 1.0421 0.3090
vt 0.6875 1.0421 0.3090
vt 0.2500 1.0421 0.3090
vt 0.6562 1.0421 0.3090
vt 0.2187 1.0421 0.3090
vt 0.6250 1.0421 0.3090
vt 0.1875 1.0421 0.3090
vt 0.5938 1.0421 0.3090
vt 0.5625 -0.0471 0.9139
vt 0.5938 -0.0471 0.9139
vt 0.1562 -0.0471 0.9139
vt 0.1875 -0.0471 0.9139
vt 0.6250 -0.0471 0.9139
vt 0.2187 -0.0471 0.9139
vt 0.6562 -0.0471 0.9139
vt 0.2500 -0.0471 0.9139
vt 0.6875 -0.0471 0.9139
vt 0.2813 -0.0471 0.9139
vt 0.7187 -0.0471 0.9139
vt 0.3125 -0.0471 0.9139
vt 0.7500 -0.0471 0.9139
vt 0.3438 -0.0471 0.9139
vt 0.7812 -0.0471 0.9139
vt 0.3750 -0.0471 0.9139
vt 0.8125 -0.0471 0.9139
vt 0.4062 -0.0471 0.9139
vt 0.8438 -0.0471 0.9139
vt 0.4375 -0.0471 0.9139
vt -0.0000 -0.0471 0.9139
vt 0.0313 -0.0471 0.9139
vt 0.8750 -0.0471 0.9139
vt 0.4687 -0.0471 0.9139
vt 0.0625 -0.0471 0.9139
vt 0.9062 -0.0471 0.9139
vt 0.5000 -0.0471 0.9139
vt 0.0938 -0.0471 0.9139
vt 0.9375 -0.0471 0.9139
vt 0.5312 -0.0471 0.9139
vt 0.1250 -0.0471 0.9139
vt 0.9687 -0.0471 0.9139
vt 1.0000 -0.0471 0.9139
# 396 texture coords

o Glass
g Glass
usemtl Material__26
s 1
f 1153/1159/1153 1154/1160/1154 1155/1161/1155 1156/1162/1156 
f 1157/1163/1157 1158/1164/1158 1159/1165/1159 1160/1166/1160 
f 1161/1167/1161 1162/1168/1162 1163/1169/1163 1164/1170/1164 
f 1165/1171/1165 1166/1172/1166 1167/1173/1167 1168/1174/1168 
f 1169/1175/1169 1170/1176/1170 1171/1177/1171 1172/1178/1172 
f 1173/1179/1173 1174/1180/1174 1175/1181/1175 1176/1182/1176 
f 1168/1174/1168 1167/1173/1167 1177/1183/1177 1178/1184/1178 
f 1172/1178/1172 1171/1177/1171 1179/1185/1179 1180/1186/1180 
f 1176/1182/1176 1175/1181/1175 1181/1187/1181 1182/1188/1182 
f 1178/1184/1178 1177/1183/1177 1183/1189/1183 1184/1190/1184 
f 1180/1186/1180 1179/1185/1179 1185/1191/1185 1186/1192/1186 
f 1182/1188/1182 1181/1187/1181 1187/1193/1187 1188/1194/1188 
f 1184/1190/1184 1183/1189/1183 1189/1195/1189 1190/1196/1190 
f 1186/1192/1186 1185/1191/1185 1191/1197/1191 1192/1198/1192 
f 1188/1194/1188 1187/1193/1187 1193/1199/1193 1194/1200/1194 
f 1190/1196/1190 1189/1195/1189 1195/1201/1195 1196/1202/1196 
f 1194/1200/1194 1193/1199/1193 1197/1203/1197 1198/1204/1198 
f 1196/1202/1196 1195/1201/1195 1199/1205/1199 1200/1206/1200 
f 1198/1204/1198 1197/1203/1197 1201/1207/1201 1202/1208/1202 
f 1200/1206/1200 1199/1205/1199 1203/1209/1203 1204/1210/1204 
f 1202/1208/1202 1201/1207/1201 1205/1211/1205 1206/1212/1206 
f 1204/1210/1204 1203/1209/1203 1207/1213/1207 1208/1214/1208 
f 1206/1212/1206 1205/1211/1205 1209/1215/1209 1210/1216/1210 
f 1208/1214/1208 1207/1213/1207 1211/1217/1211 1212/1218/1212 
f 1210/1216/1210 1209/1215/1209 1213/1219/1213 1214/1220/1214 
f 1212/1218/1212 1211/1217/1211 1215/1221/1215 1216/1222/1216 
f 1214/1220/1214 1213/1219/1213 1217/1223/1217 1218/1224/1218 
f 1216/1222/1216 1215/1221/1215 1219/1225/1219 1220/1226/1220 
f 1218/1224/1218 1217/1223/1217 1221/1227/1221 1222/1228/1222 
f 1220/1226/1220 1219/1225/1219 1223/1229/1223 1224/1230/1224 
f 1222/1228/1222 1221/1227/1221 1225/1231/1225 1226/1232/1226 
f 1224/1230/1224 1223/1229/1223 1227/1233/1227 1228/1234/1228 
f 1229/1235/1229 1230/1236/1230 1231/1237/1231 1232/1238/1232 
f 1233/1239/1233 1234/1240/1234 1235/1241/1235 1236/1242/1236 
f 1237/1243/1237 1238/1244/1238 1239/1245/1239 1240/1246/1240 
f 1241/1247/1241 1242/1248/1242 1243/1249/1243 1244/1250/1244 
f 1245/1251/1245 1246/1252/1246 1247/1253/1247 1248/1254/1248 
f 1249/1255/1249 1250/1256/1250 1251/1257/1251 1252/1258/1252 
f 1230/1236/1230 1241/1247/1241 1244/1250/1244 1231/1237/1231 
f 1253/1259/1253 1245/1251/1245 1248/1254/1248 1254/1260/1254 
f 1255/1261/1255 1249/1255/1249 1252/1258/1252 1256/1262/1256 
f 1257/1263/1257 1258/1264/1258 1243/1249/1243 1242/1248/1242 
f 1257/1265/1257 1259/1266/1259 1260/1267/1260 1258/1268/1258 
f 1261/1269/1261 1255/1261/1255 1256/1262/1256 1262/1270/1262 
f 1259/1266/1259 1253/1259/1253 1254/1260/1254 1260/1267/1260 
f 1263/1271/1263 1229/1235/1229 1232/1238/1232 1264/1272/1264 
f 1265/1273/1265 1261/1269/1261 1262/1270/1262 1266/1274/1266 
f 1267/1275/1267 1263/1271/1263 1264/1272/1264 1268/1276/1268 
f 1269/1277/1269 1265/1273/1265 1266/1274/1266 1270/1278/1270 
f 1271/1279/1271 1267/1275/1267 1268/1276/1268 1272/1280/1272 
f 1273/1281/1273 1269/1277/1269 1270/1278/1270 1274/1282/1274 
f 1275/1283/1275 1271/1279/1271 1272/1280/1272 1276/1284/1276 
f 1277/1285/1277 1273/1281/1273 1274/1282/1274 1278/1286/1278 
f 1279/1287/1279 1275/1283/1275 1276/1284/1276 1280/1288/1280 
f 1281/1289/1281 1277/1285/1277 1278/1286/1278 1282/1290/1282 
f 1283/1291/1283 1279/1287/1279 1280/1288/1280 1284/1292/1284 
f 1285/1293/1285 1281/1289/1281 1282/1290/1282 1286/1294/1286 
f 1234/1240/1234 1283/1291/1283 1284/1292/1284 1235/1241/1235 
f 1287/1295/1287 1285/1293/1285 1286/1294/1286 1288/1296/1288 
f 1247/1253/1247 1246/1252/1246 1238/1244/1238 1237/1243/1237 
f 1251/1257/1251 1250/1256/1250 1289/1297/1289 1290/1298/1290 
f 1240/1246/1240 1239/1245/1239 1287/1295/1287 1288/1296/1288 
f 1291/1299/1291 1233/1239/1233 1236/1242/1236 1292/1300/1292 
f 1293/1301/1293 1294/1302/1294 1295/1303/1295 1296/1304/1296 
f 1162/1168/1162 1161/1167/1161 1297/1305/1297 1298/1306/1298 
f 1299/1307/1299 1300/1308/1300 1301/1309/1301 1302/1310/1302 
f 1303/1311/1303 1304/1312/1304 1305/1313/1305 1306/1314/1306 
f 1295/1303/1295 1294/1302/1294 1307/1315/1307 1308/1316/1308 
f 1298/1306/1298 1297/1305/1297 1309/1317/1309 1310/1318/1310 
f 1302/1310/1302 1301/1309/1301 1311/1319/1311 1312/1320/1312 
f 1308/1316/1308 1307/1315/1307 1154/1160/1154 1153/1159/1153 
f 1310/1318/1310 1309/1317/1309 1313/1321/1313 1314/1322/1314 
f 1312/1320/1312 1311/1319/1311 1315/1323/1315 1316/1324/1316 
f 1165/1171/1165 1192/1325/1192 1191/1326/1191 1166/1172/1166 
f 1317/1327/1317 1318/1328/1318 1293/1329/1293 1296/1330/1296 
f 1319/1331/1319 1316/1324/1316 1315/1323/1315 1320/1332/1320 
f 1317/1327/1317 1314/1322/1314 1313/1321/1313 1318/1328/1318 
f 1321/1333/1321 1156/1162/1156 1155/1161/1155 1322/1334/1322 
f 1323/1335/1323 1319/1331/1319 1320/1332/1320 1324/1336/1324 
f 1325/1337/1325 1321/1333/1321 1322/1334/1322 1326/1338/1326 
f 1327/1339/1327 1323/1335/1323 1324/1336/1324 1328/1340/1328 
f 1329/1341/1329 1325/1337/1325 1326/1338/1326 1330/1342/1330 
f 1331/1343/1331 1327/1339/1327 1328/1340/1328 1332/1344/1332 
f 1333/1345/1333 1329/1341/1329 1330/1342/1330 1334/1346/1334 
f 1335/1347/1335 1331/1343/1331 1332/1344/1332 1336/1348/1336 
f 1337/1349/1337 1333/1345/1333 1334/1346/1334 1338/1350/1338 
f 1339/1351/1339 1335/1347/1335 1336/1348/1336 1340/1352/1340 
f 1341/1353/1341 1337/1349/1337 1338/1350/1338 1342/1354/1342 
f 1343/1355/1343 1339/1351/1339 1340/1352/1340 1344/1356/1344 
f 1158/1164/1158 1341/1353/1341 1342/1354/1342 1159/1165/1159 
f 1345/1357/1345 1343/1355/1343 1344/1356/1344 1346/1358/1346 
f 1169/1175/1169 1226/1232/1226 1225/1231/1225 1170/1176/1170 
f 1173/1179/1173 1228/1234/1228 1227/1233/1227 1174/1180/1174 
f 1163/1169/1163 1345/1357/1345 1346/1358/1346 1164/1170/1164 
f 1347/1359/1347 1157/1163/1157 1160/1166/1160 1348/1360/1348 
f 1349/1361/1349 1350/1362/1350 1304/1312/1304 1303/1311/1303 
f 1351/1363/1351 1352/1364/1352 1353/1365/1353 1354/1366/1354 
f 1355/1367/1355 1356/1368/1356 1357/1369/1357 1358/1370/1358 
f 1359/1371/1359 1360/1372/1360 1361/1373/1361 1362/1374/1362 
f 1358/1370/1358 1357/1369/1357 1363/1375/1363 1364/1376/1364 
f 1362/1374/1362 1361/1373/1361 1365/1377/1365 1366/1378/1366 
f 1364/1376/1364 1363/1375/1363 1367/1379/1367 1368/1380/1368 
f 1366/1378/1366 1365/1377/1365 1369/1381/1369 1370/1382/1370 
f 1368/1380/1368 1367/1379/1367 1371/1383/1371 1372/1384/1372 
f 1370/1382/1370 1369/1381/1369 1373/1385/1373 1374/1386/1374 
f 1372/1384/1372 1371/1383/1371 1375/1387/1375 1376/1388/1376 
f 1374/1386/1374 1373/1385/1373 1377/1389/1377 1378/1390/1378 
f 1376/1388/1376 1375/1387/1375 1379/1391/1379 1380/1392/1380 
f 1378/1390/1378 1377/1389/1377 1381/1393/1381 1382/1394/1382 
f 1380/1392/1380 1379/1391/1379 1383/1395/1383 1384/1396/1384 
f 1382/1394/1382 1381/1393/1381 1385/1397/1385 1386/1398/1386 
f 1384/1396/1384 1383/1395/1383 1387/1399/1387 1388/1400/1388 
f 1386/1398/1386 1385/1397/1385 1389/1401/1389 1390/1402/1390 
f 1391/1403/1391 1392/1404/1392 1393/1405/1393 1394/1406/1394 
f 1388/1400/1388 1387/1399/1387 1395/1407/1395 1396/1408/1396 
f 1397/1409/1397 1398/1410/1398 1399/1411/1399 1400/1412/1400 
f 1390/1402/1390 1389/1401/1389 1401/1413/1401 1402/1414/1402 
f 1396/1408/1396 1395/1407/1395 1403/1415/1403 1404/1416/1404 
f 1400/1412/1400 1399/1411/1399 1405/1417/1405 1406/1418/1406 
f 1402/1414/1402 1401/1413/1401 1407/1419/1407 1408/1420/1408 
f 1404/1416/1404 1403/1415/1403 1350/1362/1350 1349/1361/1349 
f 1406/1418/1406 1405/1417/1405 1352/1364/1352 1351/1363/1351 
f 1408/1420/1408 1407/1419/1407 1392/1404/1392 1391/1403/1391 
f 1290/1298/1290 1289/1297/1289 1291/1299/1291 1292/1300/1292 
f 1354/1366/1354 1353/1365/1353 1356/1368/1356 1355/1367/1355 
f 1394/1421/1394 1393/1422/1393 1398/1410/1398 1397/1409/1397 
f 1306/1314/1306 1305/1313/1305 1360/1372/1360 1359/1371/1359 
f 1409/1423/1409 1410/1424/1410 1192/1325/1192 1165/1171/1165 
f 1410/1424/1410 1409/1423/1409 1294/1302/1294 1293/1301/1293 
f 1169/1175/1169 1411/1425/1411 1412/1426/1412 1226/1232/1226 
f 1411/1425/1411 1297/1305/1297 1161/1167/1161 1412/1426/1412 
f 1173/1179/1173 1413/1427/1413 1414/1428/1414 1228/1234/1228 
f 1413/1427/1413 1301/1309/1301 1300/1308/1300 1414/1428/1414 
f 1168/1174/1168 1415/1429/1415 1409/1423/1409 1165/1171/1165 
f 1415/1429/1415 1307/1315/1307 1294/1302/1294 1409/1423/1409 
f 1172/1178/1172 1416/1430/1416 1411/1425/1411 1169/1175/1169 
f 1416/1430/1416 1309/1317/1309 1297/1305/1297 1411/1425/1411 
f 1176/1182/1176 1417/1431/1417 1413/1427/1413 1173/1179/1173 
f 1417/1431/1417 1311/1319/1311 1301/1309/1301 1413/1427/1413 
f 1178/1184/1178 1418/1432/1418 1415/1429/1415 1168/1174/1168 
f 1418/1432/1418 1154/1160/1154 1307/1315/1307 1415/1429/1415 
f 1180/1186/1180 1419/1433/1419 1416/1430/1416 1172/1178/1172 
f 1419/1433/1419 1313/1321/1313 1309/1317/1309 1416/1430/1416 
f 1182/1188/1182 1420/1434/1420 1417/1431/1417 1176/1182/1176 
f 1420/1434/1420 1315/1323/1315 1311/1319/1311 1417/1431/1417 
f 1184/1190/1184 1421/1435/1421 1418/1432/1418 1178/1184/1178 
f 1421/1435/1421 1155/1161/1155 1154/1160/1154 1418/1432/1418 
f 1186/1192/1186 1422/1436/1422 1419/1433/1419 1180/1186/1180 
f 1422/1436/1422 1318/1328/1318 1313/1321/1313 1419/1433/1419 
f 1188/1194/1188 1423/1437/1423 1420/1434/1420 1182/1188/1182 
f 1423/1437/1423 1320/1332/1320 1315/1323/1315 1420/1434/1420 
f 1190/1196/1190 1424/1438/1424 1421/1435/1421 1184/1190/1184 
f 1424/1438/1424 1322/1334/1322 1155/1161/1155 1421/1435/1421 
f 1186/1192/1186 1192/1198/1192 1410/1439/1410 1422/1436/1422 
f 1422/1436/1422 1410/1439/1410 1293/1329/1293 1318/1328/1318 
f 1194/1200/1194 1425/1440/1425 1423/1437/1423 1188/1194/1188 
f 1425/1440/1425 1324/1336/1324 1320/1332/1320 1423/1437/1423 
f 1196/1202/1196 1426/1441/1426 1424/1438/1424 1190/1196/1190 
f 1426/1441/1426 1326/1338/1326 1322/1334/1322 1424/1438/1424 
f 1198/1204/1198 1427/1442/1427 1425/1440/1425 1194/1200/1194 
f 1427/1442/1427 1328/1340/1328 1324/1336/1324 1425/1440/1425 
f 1200/1206/1200 1428/1443/1428 1426/1441/1426 1196/1202/1196 
f 1428/1443/1428 1330/1342/1330 1326/1338/1326 1426/1441/1426 
f 1202/1208/1202 1429/1444/1429 1427/1442/1427 1198/1204/1198 
f 1429/1444/1429 1332/1344/1332 1328/1340/1328 1427/1442/1427 
f 1204/1210/1204 1430/1445/1430 1428/1443/1428 1200/1206/1200 
f 1430/1445/1430 1334/1346/1334 1330/1342/1330 1428/1443/1428 
f 1206/1212/1206 1431/1446/1431 1429/1444/1429 1202/1208/1202 
f 1431/1446/1431 1336/1348/1336 1332/1344/1332 1429/1444/1429 
f 1208/1214/1208 1432/1447/1432 1430/1445/1430 1204/1210/1204 
f 1432/1447/1432 1338/1350/1338 1334/1346/1334 1430/1445/1430 
f 1210/1216/1210 1433/1448/1433 1431/1446/1431 1206/1212/1206 
f 1433/1448/1433 1340/1352/1340 1336/1348/1336 1431/1446/1431 
f 1212/1218/1212 1434/1449/1434 1432/1447/1432 1208/1214/1208 
f 1434/1449/1434 1342/1354/1342 1338/1350/1338 1432/1447/1432 
f 1214/1220/1214 1435/1450/1435 1433/1448/1433 1210/1216/1210 
f 1435/1450/1435 1344/1356/1344 1340/1352/1340 1433/1448/1433 
f 1216/1222/1216 1436/1451/1436 1434/1449/1434 1212/1218/1212 
f 1436/1451/1436 1159/1165/1159 1342/1354/1342 1434/1449/1434 
f 1218/1224/1218 1437/1452/1437 1435/1450/1435 1214/1220/1214 
f 1437/1452/1437 1346/1358/1346 1344/1356/1344 1435/1450/1435 
f 1220/1226/1220 1438/1453/1438 1436/1451/1436 1216/1222/1216 
f 1438/1453/1438 1160/1166/1160 1159/1165/1159 1436/1451/1436 
f 1222/1228/1222 1439/1454/1439 1437/1452/1437 1218/1224/1218 
f 1439/1454/1439 1164/1170/1164 1346/1358/1346 1437/1452/1437 
f 1220/1226/1220 1224/1230/1224 1440/1455/1440 1438/1453/1438 
f 1438/1453/1438 1440/1455/1440 1348/1360/1348 1160/1166/1160 
f 1222/1228/1222 1226/1232/1226 1412/1426/1412 1439/1454/1439 
f 1439/1454/1439 1412/1426/1412 1161/1167/1161 1164/1170/1164 
f 1228/1234/1228 1414/1428/1414 1440/1455/1440 1224/1230/1224 
f 1414/1428/1414 1300/1308/1300 1348/1360/1348 1440/1455/1440 
f 1299/1307/1299 1441/1456/1441 1442/1457/1442 1347/1359/1347 
f 1441/1456/1441 1303/1311/1303 1306/1314/1306 1442/1457/1442 
f 1162/1168/1162 1443/1458/1443 1444/1459/1444 1163/1169/1163 
f 1443/1458/1443 1354/1366/1354 1355/1367/1355 1444/1459/1444 
f 1347/1359/1347 1442/1457/1442 1445/1460/1445 1157/1163/1157 
f 1442/1457/1442 1306/1314/1306 1359/1371/1359 1445/1460/1445 
f 1163/1169/1163 1444/1459/1444 1446/1461/1446 1345/1357/1345 
f 1444/1459/1444 1355/1367/1355 1358/1370/1358 1446/1461/1446 
f 1157/1163/1157 1445/1460/1445 1447/1462/1447 1158/1164/1158 
f 1445/1460/1445 1359/1371/1359 1362/1374/1362 1447/1462/1447 
f 1345/1357/1345 1446/1461/1446 1448/1463/1448 1343/1355/1343 
f 1446/1461/1446 1358/1370/1358 1364/1376/1364 1448/1463/1448 
f 1158/1164/1158 1447/1462/1447 1449/1464/1449 1341/1353/1341 
f 1447/1462/1447 1362/1374/1362 1366/1378/1366 1449/1464/1449 
f 1343/1355/1343 1448/1463/1448 1450/1465/1450 1339/1351/1339 
f 1448/1463/1448 1364/1376/1364 1368/1380/1368 1450/1465/1450 
f 1341/1353/1341 1449/1464/1449 1451/1466/1451 1337/1349/1337 
f 1449/1464/1449 1366/1378/1366 1370/1382/1370 1451/1466/1451 
f 1339/1351/1339 1450/1465/1450 1452/1467/1452 1335/1347/1335 
f 1450/1465/1450 1368/1380/1368 1372/1384/1372 1452/1467/1452 
f 1337/1349/1337 1451/1466/1451 1453/1468/1453 1333/1345/1333 
f 1451/1466/1451 1370/1382/1370 1374/1386/1374 1453/1468/1453 
f 1335/1347/1335 1452/1467/1452 1454/1469/1454 1331/1343/1331 
f 1452/1467/1452 1372/1384/1372 1376/1388/1376 1454/1469/1454 
f 1333/1345/1333 1453/1468/1453 1455/1470/1455 1329/1341/1329 
f 1453/1468/1453 1374/1386/1374 1378/1390/1378 1455/1470/1455 
f 1331/1343/1331 1454/1469/1454 1456/1471/1456 1327/1339/1327 
f 1454/1469/1454 1376/1388/1376 1380/1392/1380 1456/1471/1456 
f 1329/1341/1329 1455/1470/1455 1457/1472/1457 1325/1337/1325 
f 1455/1470/1455 1378/1390/1378 1382/1394/1382 1457/1472/1457 
f 1327/1339/1327 1456/1471/1456 1458/1473/1458 1323/1335/1323 
f 1456/1471/1456 1380/1392/1380 1384/1396/1384 1458/1473/1458 
f 1325/1337/1325 1457/1472/1457 1459/1474/1459 1321/1333/1321 
f 1457/1472/1457 1382/1394/1382 1386/1398/1386 1459/1474/1459 
f 1323/1335/1323 1458/1473/1458 1460/1475/1460 1319/1331/1319 
f 1458/1473/1458 1384/1396/1384 1388/1400/1388 1460/1475/1460 
f 1317/1327/1317 1296/1330/1296 1461/1476/1461 1462/1477/1462 
f 1394/1421/1394 1397/1409/1397 1462/1477/1462 1461/1476/1461 
f 1321/1333/1321 1459/1474/1459 1463/1478/1463 1156/1162/1156 
f 1459/1474/1459 1386/1398/1386 1390/1402/1390 1463/1478/1463 
f 1319/1331/1319 1460/1475/1460 1464/1479/1464 1316/1324/1316 
f 1460/1475/1460 1388/1400/1388 1396/1408/1396 1464/1479/1464 
f 1317/1327/1317 1462/1477/1462 1465/1480/1465 1314/1322/1314 
f 1462/1477/1462 1397/1409/1397 1400/1412/1400 1465/1480/1465 
f 1156/1162/1156 1463/1478/1463 1466/1481/1466 1153/1159/1153 
f 1463/1478/1463 1390/1402/1390 1402/1414/1402 1466/1481/1466 
f 1316/1324/1316 1464/1479/1464 1467/1482/1467 1312/1320/1312 
f 1464/1479/1464 1396/1408/1396 1404/1416/1404 1467/1482/1467 
f 1314/1322/1314 1465/1480/1465 1468/1483/1468 1310/1318/1310 
f 1465/1480/1465 1400/1412/1400 1406/1418/1406 1468/1483/1468 
f 1153/1159/1153 1466/1481/1466 1469/1484/1469 1308/1316/1308 
f 1466/1481/1466 1402/1414/1402 1408/1420/1408 1469/1484/1469 
f 1312/1320/1312 1467/1482/1467 1470/1485/1470 1302/1310/1302 
f 1467/1482/1467 1404/1416/1404 1349/1361/1349 1470/1485/1470 
f 1310/1318/1310 1468/1483/1468 1471/1486/1471 1298/1306/1298 
f 1468/1483/1468 1406/1418/1406 1351/1363/1351 1471/1486/1471 
f 1308/1316/1308 1469/1484/1469 1472/1487/1472 1295/1303/1295 
f 1469/1484/1469 1408/1420/1408 1391/1403/1391 1472/1487/1472 
f 1302/1310/1302 1470/1485/1470 1441/1456/1441 1299/1307/1299 
f 1470/1485/1470 1349/1361/1349 1303/1311/1303 1441/1456/1441 
f 1298/1306/1298 1471/1486/1471 1443/1458/1443 1162/1168/1162 
f 1471/1486/1471 1351/1363/1351 1354/1366/1354 1443/1458/1443 
f 1295/1303/1295 1472/1487/1472 1461/1488/1461 1296/1304/1296 
f 1472/1487/1472 1391/1403/1391 1394/1406/1394 1461/1488/1461 
f 1473/1489/1473 1474/1490/1474 1257/1263/1257 1242/1248/1242 
f 1474/1490/1474 1473/1489/1473 1166/1172/1166 1191/1326/1191 
f 1246/1252/1246 1475/1491/1475 1476/1492/1476 1238/1244/1238 
f 1475/1491/1475 1170/1176/1170 1225/1231/1225 1476/1492/1476 
f 1250/1256/1250 1477/1493/1477 1478/1494/1478 1289/1297/1289 
f 1477/1493/1477 1174/1180/1174 1227/1233/1227 1478/1494/1478 
f 1241/1247/1241 1479/1495/1479 1473/1489/1473 1242/1248/1242 
f 1479/1495/1479 1167/1173/1167 1166/1172/1166 1473/1489/1473 
f 1245/1251/1245 1480/1496/1480 1475/1491/1475 1246/1252/1246 
f 1480/1496/1480 1171/1177/1171 1170/1176/1170 1475/1491/1475 
f 1249/1255/1249 1481/1497/1481 1477/1493/1477 1250/1256/1250 
f 1481/1497/1481 1175/1181/1175 1174/1180/1174 1477/1493/1477 
f 1230/1236/1230 1482/1498/1482 1479/1495/1479 1241/1247/1241 
f 1482/1498/1482 1177/1183/1177 1167/1173/1167 1479/1495/1479 
f 1253/1259/1253 1483/1499/1483 1480/1496/1480 1245/1251/1245 
f 1483/1499/1483 1179/1185/1179 1171/1177/1171 1480/1496/1480 
f 1255/1261/1255 1484/1500/1484 1481/1497/1481 1249/1255/1249 
f 1484/1500/1484 1181/1187/1181 1175/1181/1175 1481/1497/1481 
f 1229/1235/1229 1485/1501/1485 1482/1498/1482 1230/1236/1230 
f 1485/1501/1485 1183/1189/1183 1177/1183/1177 1482/1498/1482 
f 1259/1266/1259 1486/1502/1486 1483/1499/1483 1253/1259/1253 
f 1486/1502/1486 1185/1191/1185 1179/1185/1179 1483/1499/1483 
f 1261/1269/1261 1487/1503/1487 1484/1500/1484 1255/1261/1255 
f 1487/1503/1487 1187/1193/1187 1181/1187/1181 1484/1500/1484 
f 1263/1271/1263 1488/1504/1488 1485/1501/1485 1229/1235/1229 
f 1488/1504/1488 1189/1195/1189 1183/1189/1183 1485/1501/1485 
f 1257/1265/1257 1474/1505/1474 1486/1502/1486 1259/1266/1259 
f 1474/1505/1474 1191/1197/1191 1185/1191/1185 1486/1502/1486 
f 1265/1273/1265 1489/1506/1489 1487/1503/1487 1261/1269/1261 
f 1489/1506/1489 1193/1199/1193 1187/1193/1187 1487/1503/1487 
f 1267/1275/1267 1490/1507/1490 1488/1504/1488 1263/1271/1263 
f 1490/1507/1490 1195/1201/1195 1189/1195/1189 1488/1504/1488 
f 1269/1277/1269 1491/1508/1491 1489/1506/1489 1265/1273/1265 
f 1491/1508/1491 1197/1203/1197 1193/1199/1193 1489/1506/1489 
f 1271/1279/1271 1492/1509/1492 1490/1507/1490 1267/1275/1267 
f 1492/1509/1492 1199/1205/1199 1195/1201/1195 1490/1507/1490 
f 1273/1281/1273 1493/1510/1493 1491/1508/1491 1269/1277/1269 
f 1493/1510/1493 1201/1207/1201 1197/1203/1197 1491/1508/1491 
f 1275/1283/1275 1494/1511/1494 1492/1509/1492 1271/1279/1271 
f 1494/1511/1494 1203/1209/1203 1199/1205/1199 1492/1509/1492 
f 1277/1285/1277 1495/1512/1495 1493/1510/1493 1273/1281/1273 
f 1495/1512/1495 1205/1211/1205 1201/1207/1201 1493/1510/1493 
f 1279/1287/1279 1496/1513/1496 1494/1511/1494 1275/1283/1275 
f 1496/1513/1496 1207/1213/1207 1203/1209/1203 1494/1511/1494 
f 1281/1289/1281 1497/1514/1497 1495/1512/1495 1277/1285/1277 
f 1497/1514/1497 1209/1215/1209 1205/1211/1205 1495/1512/1495 
f 1283/1291/1283 1498/1515/1498 1496/1513/1496 1279/1287/1279 
f 1498/1515/1498 1211/1217/1211 1207/1213/1207 1496/1513/1496 
f 1285/1293/1285 1499/1516/1499 1497/1514/1497 1281/1289/1281 
f 1499/1516/1499 1213/1219/1213 1209/1215/1209 1497/1514/1497 
f 1234/1240/1234 1500/1517/1500 1498/1515/1498 1283/1291/1283 
f 1500/1517/1500 1215/1221/1215 1211/1217/1211 1498/1515/1498 
f 1287/1295/1287 1501/1518/1501 1499/1516/1499 1285/1293/1285 
f 1501/1518/1501 1217/1223/1217 1213/1219/1213 1499/1516/1499 
f 1233/1239/1233 1502/1519/1502 1500/1517/1500 1234/1240/1234 
f 1502/1519/1502 1219/1225/1219 1215/1221/1215 1500/1517/1500 
f 1239/1245/1239 1503/1520/1503 1501/1518/1501 1287/1295/1287 
f 1503/1520/1503 1221/1227/1221 1217/1223/1217 1501/1518/1501 
f 1291/1299/1291 1504/1521/1504 1502/1519/1502 1233/1239/1233 
f 1504/1521/1504 1223/1229/1223 1219/1225/1219 1502/1519/1502 
f 1238/1244/1238 1476/1492/1476 1503/1520/1503 1239/1245/1239 
f 1476/1492/1476 1225/1231/1225 1221/1227/1221 1503/1520/1503 
f 1289/1297/1289 1478/1494/1478 1504/1521/1504 1291/1299/1291 
f 1478/1494/1478 1227/1233/1227 1223/1229/1223 1504/1521/1504 
f 1304/1312/1304 1505/1522/1505 1506/1523/1506 1305/1313/1305 
f 1505/1522/1505 1290/1298/1290 1292/1300/1292 1506/1523/1506 
f 1356/1368/1356 1353/1365/1353 1507/1524/1507 1508/1525/1508 
f 1508/1525/1508 1507/1524/1507 1237/1243/1237 1240/1246/1240 
f 1305/1313/1305 1506/1523/1506 1509/1526/1509 1360/1372/1360 
f 1506/1523/1506 1292/1300/1292 1236/1242/1236 1509/1526/1509 
f 1356/1368/1356 1508/1525/1508 1510/1527/1510 1357/1369/1357 
f 1508/1525/1508 1240/1246/1240 1288/1296/1288 1510/1527/1510 
f 1360/1372/1360 1509/1526/1509 1511/1528/1511 1361/1373/1361 
f 1509/1526/1509 1236/1242/1236 1235/1241/1235 1511/1528/1511 
f 1357/1369/1357 1510/1527/1510 1512/1529/1512 1363/1375/1363 
f 1510/1527/1510 1288/1296/1288 1286/1294/1286 1512/1529/1512 
f 1361/1373/1361 1511/1528/1511 1513/1530/1513 1365/1377/1365 
f 1511/1528/1511 1235/1241/1235 1284/1292/1284 1513/1530/1513 
f 1363/1375/1363 1512/1529/1512 1514/1531/1514 1367/1379/1367 
f 1512/1529/1512 1286/1294/1286 1282/1290/1282 1514/1531/1514 
f 1365/1377/1365 1513/1530/1513 1515/1532/1515 1369/1381/1369 
f 1513/1530/1513 1284/1292/1284 1280/1288/1280 1515/1532/1515 
f 1367/1379/1367 1514/1531/1514 1516/1533/1516 1371/1383/1371 
f 1514/1531/1514 1282/1290/1282 1278/1286/1278 1516/1533/1516 
f 1369/1381/1369 1515/1532/1515 1517/1534/1517 1373/1385/1373 
f 1515/1532/1515 1280/1288/1280 1276/1284/1276 1517/1534/1517 
f 1371/1383/1371 1516/1533/1516 1518/1535/1518 1375/1387/1375 
f 1516/1533/1516 1278/1286/1278 1274/1282/1274 1518/1535/1518 
f 1373/1385/1373 1517/1534/1517 1519/1536/1519 1377/1389/1377 
f 1517/1534/1517 1276/1284/1276 1272/1280/1272 1519/1536/1519 
f 1375/1387/1375 1518/1535/1518 1520/1537/1520 1379/1391/1379 
f 1518/1535/1518 1274/1282/1274 1270/1278/1270 1520/1537/1520 
f 1377/1389/1377 1519/1536/1519 1521/1538/1521 1381/1393/1381 
f 1519/1536/1519 1272/1280/1272 1268/1276/1268 1521/1538/1521 
f 1379/1391/1379 1520/1537/1520 1522/1539/1522 1383/1395/1383 
f 1520/1537/1520 1270/1278/1270 1266/1274/1266 1522/1539/1522 
f 1381/1393/1381 1521/1538/1521 1523/1540/1523 1385/1397/1385 
f 1521/1538/1521 1268/1276/1268 1264/1272/1264 1523/1540/1523 
f 1383/1395/1383 1522/1539/1522 1524/1541/1524 1387/1399/1387 
f 1522/1539/1522 1266/1274/1266 1262/1270/1262 1524/1541/1524 
f 1398/1410/1398 1393/1422/1393 1525/1542/1525 1526/1543/1526 
f 1258/1268/1258 1260/1267/1260 1526/1543/1526 1525/1542/1525 
f 1385/1397/1385 1523/1540/1523 1527/1544/1527 1389/1401/1389 
f 1523/1540/1523 1264/1272/1264 1232/1238/1232 1527/1544/1527 
f 1387/1399/1387 1524/1541/1524 1528/1545/1528 1395/1407/1395 
f 1524/1541/1524 1262/1270/1262 1256/1262/1256 1528/1545/1528 
f 1398/1410/1398 1526/1543/1526 1529/1546/1529 1399/1411/1399 
f 1526/1543/1526 1260/1267/1260 1254/1260/1254 1529/1546/1529 
f 1389/1401/1389 1527/1544/1527 1530/1547/1530 1401/1413/1401 
f 1527/1544/1527 1232/1238/1232 1231/1237/1231 1530/1547/1530 
f 1395/1407/1395 1528/1545/1528 1531/1548/1531 1403/1415/1403 
f 1528/1545/1528 1256/1262/1256 1252/1258/1252 1531/1548/1531 
f 1399/1411/1399 1529/1546/1529 1532/1549/1532 1405/1417/1405 
f 1529/1546/1529 1254/1260/1254 1248/1254/1248 1532/1549/1532 
f 1401/1413/1401 1530/1547/1530 1533/1550/1533 1407/1419/1407 
f 1530/1547/1530 1231/1237/1231 1244/1250/1244 1533/1550/1533 
f 1403/1415/1403 1531/1548/1531 1534/1551/1534 1350/1362/1350 
f 1531/1548/1531 1252/1258/1252 1251/1257/1251 1534/1551/1534 
f 1405/1417/1405 1532/1549/1532 1535/1552/1535 1352/1364/1352 
f 1532/1549/1532 1248/1254/1248 1247/1253/1247 1535/1552/1535 
f 1407/1419/1407 1533/1550/1533 1536/1553/1536 1392/1404/1392 
f 1533/1550/1533 1244/1250/1244 1243/1249/1243 1536/1553/1536 
f 1350/1362/1350 1534/1551/1534 1505/1522/1505 1304/1312/1304 
f 1534/1551/1534 1251/1257/1251 1290/1298/1290 1505/1522/1505 
f 1352/1364/1352 1535/1552/1535 1507/1524/1507 1353/1365/1353 
f 1535/1552/1535 1247/1253/1247 1237/1243/1237 1507/1524/1507 
f 1392/1404/1392 1536/1553/1536 1525/1554/1525 1393/1405/1393 
f 1536/1553/1536 1243/1249/1243 1258/1264/1258 1525/1554/1525 
f 1300/1308/1300 1299/1307/1299 1347/1359/1347 1348/1360/1348 
# 384 polygons

