# 3ds Max Wavefront OBJ Exporter v0.99 - (c)2007 guruware
# File Created: 11.04.2026 21:37:02

mtllib lampara_metal.mtl

#
# object Tube_1
#

v  3.0849 0.8913 -2.8771
v  2.8386 0.8064 -2.8771
v  2.8329 0.8045 -2.9460
v  3.0755 0.8880 -2.9912
v  2.9470 1.2610 -2.9912
v  2.9564 1.2643 -2.8771
v  2.7045 1.1775 -2.9460
v  2.7102 1.1795 -2.8771
v  2.8160 0.7986 -3.0128
v  3.0474 0.8784 -3.1019
v  2.9189 1.2514 -3.1019
v  2.6875 1.1717 -3.0128
v  2.7884 0.7891 -3.0755
v  3.0016 0.8626 -3.2057
v  2.8732 1.2356 -3.2057
v  2.6599 1.1622 -3.0755
v  2.7508 0.7762 -3.1322
v  2.9395 0.8412 -3.2996
v  2.8110 1.2142 -3.2996
v  2.6224 1.1492 -3.1322
v  2.7046 0.7603 -3.1811
v  2.8629 0.8148 -3.3806
v  2.7344 1.1878 -3.3806
v  2.5761 1.1333 -3.1811
v  2.6510 0.7418 -3.2208
v  2.7742 0.7842 -3.4463
v  2.6457 1.1573 -3.4463
v  2.5225 1.1148 -3.2208
v  2.5917 0.7214 -3.2500
v  2.6760 0.7504 -3.4948
v  2.5475 1.1234 -3.4948
v  2.4633 1.0944 -3.2500
v  2.5286 0.6996 -3.2679
v  2.5713 0.7144 -3.5244
v  2.4429 1.0874 -3.5244
v  2.4001 1.0727 -3.2679
v  2.4634 0.6772 -3.2739
v  2.4634 0.6772 -3.5344
v  2.3349 1.0502 -3.5344
v  2.3349 1.0502 -3.2739
v  2.3982 0.6548 -3.2679
v  2.3555 0.6400 -3.5244
v  2.2270 1.0131 -3.5244
v  2.2698 1.0278 -3.2679
v  2.3351 0.6330 -3.2500
v  2.2508 0.6040 -3.4948
v  2.1224 0.9770 -3.4948
v  2.2066 1.0060 -3.2500
v  2.2758 0.6126 -3.2208
v  2.1527 0.5702 -3.4463
v  2.0242 0.9432 -3.4463
v  2.1473 0.9856 -3.2208
v  2.2222 0.5941 -3.1811
v  2.0639 0.5396 -3.3806
v  1.9354 0.9126 -3.3806
v  2.0937 0.9672 -3.1811
v  2.1760 0.5782 -3.1322
v  1.9873 0.5132 -3.2996
v  1.8588 0.8863 -3.2996
v  2.0475 0.9512 -3.1322
v  2.1385 0.5653 -3.0755
v  1.9252 0.4918 -3.2057
v  1.7967 0.8649 -3.2057
v  2.0100 0.9383 -3.0755
v  2.1108 0.5558 -3.0128
v  1.8794 0.4761 -3.1019
v  1.7509 0.8491 -3.1019
v  1.9823 0.9288 -3.0128
v  2.0939 0.5499 -2.9460
v  1.8514 0.4664 -2.9912
v  1.7229 0.8394 -2.9912
v  1.9654 0.9230 -2.9460
v  2.0882 0.5480 -2.8771
v  1.8419 0.4632 -2.8771
v  1.7134 0.8362 -2.8771
v  1.9597 0.9210 -2.8771
v  2.0939 0.5499 -2.8082
v  1.8514 0.4664 -2.7629
v  1.7229 0.8394 -2.7629
v  1.9654 0.9230 -2.8082
v  2.1108 0.5558 -2.7414
v  1.8794 0.4761 -2.6523
v  1.7509 0.8491 -2.6523
v  1.9823 0.9288 -2.7414
v  2.1385 0.5653 -2.6787
v  1.9252 0.4918 -2.5484
v  1.7967 0.8649 -2.5484
v  2.0100 0.9383 -2.6787
v  2.1760 0.5782 -2.6220
v  1.9873 0.5132 -2.4546
v  1.8588 0.8863 -2.4546
v  2.0475 0.9512 -2.6220
v  2.2222 0.5941 -2.5731
v  2.0639 0.5396 -2.3736
v  1.9354 0.9126 -2.3736
v  2.0937 0.9672 -2.5731
v  2.2758 0.6126 -2.5334
v  2.1527 0.5702 -2.3078
v  2.0242 0.9432 -2.3078
v  2.1473 0.9856 -2.5334
v  2.3351 0.6330 -2.5042
v  2.2508 0.6040 -2.2594
v  2.1224 0.9770 -2.2594
v  2.2066 1.0060 -2.5042
v  2.3982 0.6548 -2.4863
v  2.3555 0.6400 -2.2298
v  2.2270 1.0131 -2.2298
v  2.2698 1.0278 -2.4863
v  2.4634 0.6772 -2.4802
v  2.4634 0.6772 -2.2198
v  2.3349 1.0502 -2.2198
v  2.3349 1.0502 -2.4802
v  2.5286 0.6996 -2.4863
v  2.5713 0.7144 -2.2298
v  2.4429 1.0874 -2.2298
v  2.4001 1.0727 -2.4863
v  2.5917 0.7214 -2.5042
v  2.6760 0.7504 -2.2594
v  2.5475 1.1234 -2.2594
v  2.4633 1.0944 -2.5042
v  2.6510 0.7418 -2.5334
v  2.7742 0.7842 -2.3078
v  2.6457 1.1573 -2.3078
v  2.5225 1.1148 -2.5334
v  2.7046 0.7603 -2.5731
v  2.8629 0.8148 -2.3736
v  2.7344 1.1878 -2.3736
v  2.5761 1.1333 -2.5731
v  2.7508 0.7762 -2.6220
v  2.9395 0.8412 -2.4546
v  2.8110 1.2142 -2.4546
v  2.6224 1.1492 -2.6220
v  2.7884 0.7891 -2.6787
v  3.0016 0.8626 -2.5484
v  2.8732 1.2356 -2.5484
v  2.6599 1.1622 -2.6787
v  2.8160 0.7986 -2.7414
v  3.0474 0.8784 -2.6523
v  2.9189 1.2514 -2.6523
v  2.6875 1.1717 -2.7414
v  2.8329 0.8045 -2.8082
v  3.0755 0.8880 -2.7629
v  2.9470 1.2610 -2.7629
v  2.7045 1.1775 -2.8082
v  1.5574 0.4328 -2.8771
v  1.5612 0.3237 -2.8771
v  1.5612 0.3228 -2.8868
v  1.5574 0.4303 -2.9058
v  1.2065 0.4180 -2.9058
v  1.2064 0.4205 -2.8771
v  1.2103 0.3105 -2.8868
v  1.2103 0.3114 -2.8771
v  1.5613 0.3203 -2.8963
v  1.5577 0.4228 -2.9336
v  1.2068 0.4105 -2.9336
v  1.2104 0.3080 -2.8963
v  1.5614 0.3161 -2.9051
v  1.5581 0.4106 -2.9597
v  1.2072 0.3984 -2.9597
v  1.2105 0.3039 -2.9051
v  1.5616 0.3105 -2.9131
v  1.5587 0.3941 -2.9833
v  1.2078 0.3819 -2.9833
v  1.2107 0.2983 -2.9131
v  1.5619 0.3036 -2.9201
v  1.5594 0.3738 -3.0037
v  1.2085 0.3615 -3.0037
v  1.2110 0.2914 -2.9201
v  1.5622 0.2956 -2.9257
v  1.5602 0.3502 -3.0202
v  1.2093 0.3379 -3.0202
v  1.2112 0.2833 -2.9257
v  1.5625 0.2868 -2.9298
v  1.5612 0.3241 -3.0324
v  1.2102 0.3118 -3.0324
v  1.2116 0.2745 -2.9298
v  1.5628 0.2773 -2.9323
v  1.5621 0.2963 -3.0399
v  1.2112 0.2840 -3.0399
v  1.2119 0.2651 -2.9323
v  1.5631 0.2676 -2.9332
v  1.5631 0.2676 -3.0424
v  1.2122 0.2553 -3.0424
v  1.2122 0.2553 -2.9332
v  1.5635 0.2579 -2.9323
v  1.5641 0.2389 -3.0399
v  1.2132 0.2266 -3.0399
v  1.2126 0.2456 -2.9323
v  1.5638 0.2484 -2.9298
v  1.5651 0.2111 -3.0324
v  1.2142 0.1988 -3.0324
v  1.2129 0.2362 -2.9298
v  1.5641 0.2396 -2.9257
v  1.5660 0.1850 -3.0202
v  1.2151 0.1727 -3.0202
v  1.2132 0.2273 -2.9257
v  1.5644 0.2316 -2.9201
v  1.5668 0.1614 -3.0037
v  1.2159 0.1492 -3.0037
v  1.2135 0.2193 -2.9201
v  1.5646 0.2247 -2.9131
v  1.5676 0.1411 -2.9833
v  1.2167 0.1288 -2.9833
v  1.2137 0.2124 -2.9131
v  1.5648 0.2191 -2.9051
v  1.5681 0.1246 -2.9597
v  1.2172 0.1123 -2.9597
v  1.2139 0.2068 -2.9051
v  1.5650 0.2149 -2.8963
v  1.5686 0.1124 -2.9336
v  1.2177 0.1001 -2.9336
v  1.2141 0.2027 -2.8963
v  1.5651 0.2124 -2.8868
v  1.5688 0.1049 -2.9058
v  1.2179 0.0927 -2.9058
v  1.2142 0.2001 -2.8868
v  1.5651 0.2116 -2.8771
v  1.5689 0.1024 -2.8771
v  1.2180 0.0901 -2.8771
v  1.2142 0.1993 -2.8771
v  1.5651 0.2124 -2.8674
v  1.5688 0.1049 -2.8484
v  1.2179 0.0927 -2.8484
v  1.2142 0.2001 -2.8674
v  1.5650 0.2149 -2.8579
v  1.5686 0.1124 -2.8206
v  1.2177 0.1001 -2.8206
v  1.2141 0.2027 -2.8579
v  1.5648 0.2191 -2.8490
v  1.5681 0.1246 -2.7945
v  1.2172 0.1123 -2.7945
v  1.2139 0.2068 -2.8490
v  1.5646 0.2247 -2.8410
v  1.5676 0.1411 -2.7709
v  1.2167 0.1288 -2.7709
v  1.2137 0.2124 -2.8410
v  1.5644 0.2316 -2.8341
v  1.5668 0.1614 -2.7505
v  1.2159 0.1492 -2.7505
v  1.2135 0.2193 -2.8341
v  1.5641 0.2396 -2.8285
v  1.5660 0.1850 -2.7340
v  1.2151 0.1727 -2.7340
v  1.2132 0.2273 -2.8285
v  1.5638 0.2484 -2.8244
v  1.5651 0.2111 -2.7218
v  1.2142 0.1988 -2.7218
v  1.2129 0.2362 -2.8244
v  1.5635 0.2579 -2.8219
v  1.5641 0.2389 -2.7143
v  1.2132 0.2266 -2.7143
v  1.2126 0.2456 -2.8219
v  1.5631 0.2676 -2.8210
v  1.5631 0.2676 -2.7118
v  1.2122 0.2553 -2.7118
v  1.2122 0.2553 -2.8210
v  1.5628 0.2773 -2.8219
v  1.5621 0.2963 -2.7143
v  1.2112 0.2840 -2.7143
v  1.2119 0.2651 -2.8219
v  1.5625 0.2868 -2.8244
v  1.5612 0.3241 -2.7218
v  1.2102 0.3118 -2.7218
v  1.2116 0.2745 -2.8244
v  1.5622 0.2956 -2.8285
v  1.5602 0.3502 -2.7340
v  1.2093 0.3379 -2.7340
v  1.2112 0.2833 -2.8285
v  1.5619 0.3036 -2.8341
v  1.5594 0.3738 -2.7505
v  1.2085 0.3615 -2.7505
v  1.2110 0.2914 -2.8341
v  1.5616 0.3105 -2.8410
v  1.5587 0.3941 -2.7709
v  1.2078 0.3819 -2.7709
v  1.2107 0.2983 -2.8410
v  1.5614 0.3161 -2.8490
v  1.5581 0.4106 -2.7945
v  1.2072 0.3984 -2.7945
v  1.2105 0.3039 -2.8490
v  1.5613 0.3203 -2.8579
v  1.5577 0.4228 -2.8206
v  1.2068 0.4105 -2.8206
v  1.2104 0.3080 -2.8579
v  1.5612 0.3228 -2.8674
v  1.5574 0.4303 -2.8484
v  1.2065 0.4180 -2.8484
v  1.2103 0.3105 -2.8674
v  8.1670 0.1466 -3.2923
v  8.1921 0.1466 -2.8771
v  8.2174 0.0000 -2.8771
v  8.1921 0.0000 -3.2954
v  8.0920 0.1466 -3.7015
v  8.1166 0.0000 -3.7075
v  7.9683 0.1466 -4.0986
v  7.9919 0.0000 -4.1076
v  7.7976 0.1466 -4.4779
v  7.8200 0.0000 -4.4897
v  7.5824 0.1466 -4.8339
v  7.6032 0.0000 -4.8483
v  7.3258 0.1466 -5.1613
v  7.3448 0.0000 -5.1781
v  7.0317 0.1466 -5.4555
v  7.0485 0.0000 -5.4744
v  6.7042 0.1466 -5.7120
v  6.7186 0.0000 -5.7328
v  6.3483 0.1466 -5.9272
v  6.3600 0.0000 -5.9496
v  5.9689 0.1466 -6.0979
v  5.9779 0.0000 -6.1216
v  5.5718 0.1466 -6.2217
v  5.5779 0.0000 -6.2463
v  5.1626 0.1466 -6.2967
v  5.1657 0.0000 -6.3218
v  4.7474 0.1466 -6.3218
v  4.7474 0.0000 -6.3471
v  4.3322 0.1466 -6.2967
v  4.3292 0.0000 -6.3218
v  3.9231 0.1466 -6.2217
v  3.9170 0.0000 -6.2463
v  3.5259 0.1466 -6.0979
v  3.5169 0.0000 -6.1216
v  3.1466 0.1466 -5.9272
v  3.1348 0.0000 -5.9496
v  2.7906 0.1466 -5.7120
v  2.7762 0.0000 -5.7328
v  2.4632 0.1466 -5.4555
v  2.4464 0.0000 -5.4744
v  2.1690 0.1466 -5.1613
v  2.1501 0.0000 -5.1781
v  1.9125 0.1466 -4.8339
v  1.8917 0.0000 -4.8483
v  1.6973 0.1466 -4.4779
v  1.6749 0.0000 -4.4897
v  1.5266 0.1466 -4.0986
v  1.5029 0.0000 -4.1076
v  1.4028 0.1466 -3.7015
v  1.3783 0.0000 -3.7075
v  1.3278 0.1466 -3.2923
v  1.3027 0.0000 -3.2954
v  1.3027 0.1466 -2.8771
v  1.2774 0.0000 -2.8771
v  1.3278 0.1466 -2.4619
v  1.3027 0.0000 -2.4588
v  1.4028 0.1466 -2.0527
v  1.3783 0.0000 -2.0467
v  1.5266 0.1466 -1.6556
v  1.5029 0.0000 -1.6466
v  1.6973 0.1466 -1.2763
v  1.6749 0.0000 -1.2645
v  1.9125 0.1466 -0.9203
v  1.8917 0.0000 -0.9059
v  2.1690 0.1466 -0.5928
v  2.1501 0.0000 -0.5761
v  2.4632 0.1466 -0.2987
v  2.4464 0.0000 -0.2798
v  2.7906 0.1466 -0.0422
v  2.7762 0.0000 -0.0213
v  3.1466 0.1466 0.1730
v  3.1348 0.0000 0.1954
v  3.5259 0.1466 0.3438
v  3.5169 0.0000 0.3674
v  3.9231 0.1466 0.4675
v  3.9170 0.0000 0.4921
v  4.3322 0.1466 0.5425
v  4.3292 0.0000 0.5676
v  4.7474 0.1466 0.5676
v  4.7474 0.0000 0.5929
v  5.1626 0.1466 0.5425
v  5.1657 0.0000 0.5676
v  5.5718 0.1466 0.4675
v  5.5779 0.0000 0.4921
v  5.9689 0.1466 0.3438
v  5.9779 0.0000 0.3674
v  6.3483 0.1466 0.1730
v  6.3600 0.0000 0.1954
v  6.7042 0.1466 -0.0422
v  6.7186 0.0000 -0.0213
v  7.0317 0.1466 -0.2987
v  7.0485 0.0000 -0.2798
v  7.3258 0.1466 -0.5928
v  7.3448 0.0000 -0.5761
v  7.5824 0.1466 -0.9203
v  7.6032 0.0000 -0.9059
v  7.8200 0.0000 -1.2645
v  7.7976 0.1466 -1.2763
v  7.9919 0.0000 -1.6466
v  7.9683 0.1466 -1.6556
v  8.0920 0.1466 -2.0527
v  8.1166 0.0000 -2.0467
v  8.1670 0.1466 -2.4619
v  8.1921 0.0000 -2.4588
v  8.0920 0.2911 -3.2832
v  8.1166 0.2911 -2.8771
v  8.0187 0.2911 -3.6834
v  7.8977 0.2911 -4.0718
v  7.7307 0.2911 -4.4428
v  7.5202 0.2911 -4.7910
v  7.2693 0.2911 -5.1113
v  6.9816 0.2911 -5.3989
v  6.6613 0.2911 -5.6499
v  6.3132 0.2911 -5.8603
v  5.9422 0.2911 -6.0273
v  5.5537 0.2911 -6.1484
v  5.1535 0.2911 -6.2217
v  4.7474 0.2911 -6.2463
v  4.3413 0.2911 -6.2217
v  3.9411 0.2911 -6.1484
v  3.5527 0.2911 -6.0273
v  3.1817 0.2911 -5.8603
v  2.8335 0.2911 -5.6499
v  2.5133 0.2911 -5.3989
v  2.2256 0.2911 -5.1113
v  1.9747 0.2911 -4.7910
v  1.7642 0.2911 -4.4428
v  1.5972 0.2911 -4.0718
v  1.4762 0.2911 -3.6834
v  1.4028 0.2911 -3.2832
v  1.3783 0.2911 -2.8771
v  1.4028 0.2911 -2.4710
v  1.4762 0.2911 -2.0708
v  1.5972 0.2911 -1.6824
v  1.7642 0.2911 -1.3114
v  1.9747 0.2911 -0.9632
v  2.2256 0.2911 -0.6429
v  2.5133 0.2911 -0.3552
v  2.8335 0.2911 -0.1043
v  3.1817 0.2911 0.1062
v  3.5527 0.2911 0.2731
v  3.9411 0.2911 0.3942
v  4.3413 0.2911 0.4675
v  4.7474 0.2911 0.4921
v  5.1535 0.2911 0.4675
v  5.5537 0.2911 0.3942
v  5.9422 0.2911 0.2731
v  6.3132 0.2911 0.1062
v  6.6613 0.2911 -0.1043
v  6.9816 0.2911 -0.3552
v  7.2693 0.2911 -0.6429
v  7.5202 0.2911 -0.9632
v  7.7307 0.2911 -1.3114
v  7.8977 0.2911 -1.6824
v  8.0187 0.2911 -2.0708
v  8.0920 0.2911 -2.4710
v  7.9683 0.4313 -3.2682
v  7.9919 0.4313 -2.8771
v  7.8977 0.4313 -3.6536
v  7.7811 0.4313 -4.0276
v  7.6203 0.4313 -4.3849
v  7.4176 0.4313 -4.7202
v  7.1760 0.4313 -5.0286
v  6.8989 0.4313 -5.3056
v  6.5905 0.4313 -5.5473
v  6.2552 0.4313 -5.7500
v  5.8979 0.4313 -5.9108
v  5.5239 0.4313 -6.0273
v  5.1385 0.4313 -6.0979
v  4.7474 0.4313 -6.1216
v  4.3563 0.4313 -6.0979
v  3.9710 0.4313 -6.0273
v  3.5969 0.4313 -5.9108
v  3.2396 0.4313 -5.7500
v  2.9043 0.4313 -5.5473
v  2.5959 0.4313 -5.3056
v  2.3189 0.4313 -5.0286
v  2.0773 0.4313 -4.7202
v  1.8746 0.4313 -4.3849
v  1.7138 0.4313 -4.0276
v  1.5972 0.4313 -3.6536
v  1.5266 0.4313 -3.2682
v  1.5029 0.4313 -2.8771
v  1.5266 0.4313 -2.4860
v  1.5972 0.4313 -2.1006
v  1.7138 0.4313 -1.7266
v  1.8746 0.4313 -1.3693
v  2.0773 0.4313 -1.0340
v  2.3189 0.4313 -0.7256
v  2.5959 0.4313 -0.4485
v  2.9043 0.4313 -0.2069
v  3.2396 0.4313 -0.0042
v  3.5969 0.4313 0.1566
v  3.9710 0.4313 0.2731
v  4.3563 0.4313 0.3438
v  4.7474 0.4313 0.3674
v  5.1385 0.4313 0.3438
v  5.5239 0.4313 0.2731
v  5.8979 0.4313 0.1566
v  6.2552 0.4313 -0.0042
v  6.5905 0.4313 -0.2069
v  6.8989 0.4313 -0.4485
v  7.1760 0.4313 -0.7256
v  7.4176 0.4313 -1.0340
v  7.6203 0.4313 -1.3693
v  7.7811 0.4313 -1.7266
v  7.8977 0.4313 -2.1006
v  7.9683 0.4313 -2.4860
v  7.7976 0.5653 -3.2474
v  7.8200 0.5653 -2.8771
v  7.7307 0.5653 -3.6124
v  7.6203 0.5653 -3.9666
v  7.4680 0.5653 -4.3050
v  7.2761 0.5653 -4.6225
v  7.0473 0.5653 -4.9146
v  6.7849 0.5653 -5.1769
v  6.4928 0.5653 -5.4057
v  6.1753 0.5653 -5.5977
v  5.8370 0.5653 -5.7500
v  5.4827 0.5653 -5.8603
v  5.1178 0.5653 -5.9272
v  4.7474 0.5653 -5.9496
v  4.3771 0.5653 -5.9272
v  4.0121 0.5653 -5.8603
v  3.6579 0.5653 -5.7500
v  3.3196 0.5653 -5.5977
v  3.0020 0.5653 -5.4057
v  2.7100 0.5653 -5.1769
v  2.4476 0.5653 -4.9146
v  2.2188 0.5653 -4.6225
v  2.0268 0.5653 -4.3050
v  1.8746 0.5653 -3.9666
v  1.7642 0.5653 -3.6124
v  1.6973 0.5653 -3.2474
v  1.6749 0.5653 -2.8771
v  1.6973 0.5653 -2.5067
v  1.7642 0.5653 -2.1418
v  1.8746 0.5653 -1.7876
v  2.0268 0.5653 -1.4492
v  2.2188 0.5653 -1.1317
v  2.4476 0.5653 -0.8396
v  2.7100 0.5653 -0.5773
v  3.0020 0.5653 -0.3484
v  3.3196 0.5653 -0.1565
v  3.6579 0.5653 -0.0042
v  4.0121 0.5653 0.1062
v  4.3771 0.5653 0.1730
v  4.7474 0.5653 0.1954
v  5.1178 0.5653 0.1730
v  5.4827 0.5653 0.1062
v  5.8370 0.5653 -0.0042
v  6.1753 0.5653 -0.1565
v  6.4928 0.5653 -0.3484
v  6.7849 0.5653 -0.5773
v  7.0473 0.5653 -0.8396
v  7.2761 0.5653 -1.1317
v  7.4680 0.5653 -1.4492
v  7.6203 0.5653 -1.7876
v  7.7307 0.5653 -2.1418
v  7.7976 0.5653 -2.5067
v  7.5824 0.6910 -3.2213
v  7.6032 0.6910 -2.8771
v  7.5202 0.6910 -3.5605
v  7.4176 0.6910 -3.8898
v  7.2761 0.6910 -4.2042
v  7.0977 0.6910 -4.4993
v  6.8850 0.6910 -4.7708
v  6.6411 0.6910 -5.0147
v  6.3697 0.6910 -5.2273
v  6.0746 0.6910 -5.4057
v  5.7601 0.6910 -5.5473
v  5.4309 0.6910 -5.6499
v  5.0917 0.6910 -5.7120
v  4.7474 0.6910 -5.7328
v  4.4032 0.6910 -5.7120
v  4.0640 0.6910 -5.6499
v  3.7348 0.6910 -5.5473
v  3.4203 0.6910 -5.4057
v  3.1252 0.6910 -5.2273
v  2.8537 0.6910 -5.0147
v  2.6099 0.6910 -4.7708
v  2.3972 0.6910 -4.4993
v  2.2188 0.6910 -4.2042
v  2.0773 0.6910 -3.8898
v  1.9747 0.6910 -3.5605
v  1.9125 0.6910 -3.2213
v  1.8917 0.6910 -2.8771
v  1.9125 0.6910 -2.5329
v  1.9747 0.6910 -2.1937
v  2.0773 0.6910 -1.8644
v  2.2188 0.6910 -1.5500
v  2.3972 0.6910 -1.2548
v  2.6099 0.6910 -0.9834
v  2.8537 0.6910 -0.7395
v  3.1252 0.6910 -0.5269
v  3.4203 0.6910 -0.3484
v  3.7348 0.6910 -0.2069
v  4.0640 0.6910 -0.1043
v  4.4032 0.6910 -0.0422
v  4.7474 0.6910 -0.0213
v  5.0917 0.6910 -0.0422
v  5.4309 0.6910 -0.1043
v  5.7601 0.6910 -0.2069
v  6.0746 0.6910 -0.3484
v  6.3697 0.6910 -0.5269
v  6.6411 0.6910 -0.7395
v  6.8850 0.6910 -0.9834
v  7.0977 0.6910 -1.2548
v  7.2761 0.6910 -1.5500
v  7.4176 0.6910 -1.8644
v  7.5202 0.6910 -2.1937
v  7.5824 0.6910 -2.5329
v  7.3258 0.8066 -3.1902
v  7.3448 0.8066 -2.8771
v  7.2693 0.8066 -3.4987
v  7.1760 0.8066 -3.7981
v  7.0473 0.8066 -4.0841
v  6.8850 0.8066 -4.3525
v  6.6916 0.8066 -4.5994
v  6.4698 0.8066 -4.8212
v  6.2229 0.8066 -5.0147
v  5.9545 0.8066 -5.1769
v  5.6685 0.8066 -5.3056
v  5.3690 0.8066 -5.3989
v  5.0605 0.8066 -5.4555
v  4.7474 0.8066 -5.4744
v  4.4344 0.8066 -5.4555
v  4.1258 0.8066 -5.3989
v  3.8264 0.8066 -5.3056
v  3.5404 0.8066 -5.1769
v  3.2720 0.8066 -5.0147
v  3.0251 0.8066 -4.8212
v  2.8033 0.8066 -4.5994
v  2.6099 0.8066 -4.3525
v  2.4476 0.8066 -4.0841
v  2.3189 0.8066 -3.7981
v  2.2256 0.8066 -3.4987
v  2.1690 0.8066 -3.1902
v  2.1501 0.8066 -2.8771
v  2.1690 0.8066 -2.5640
v  2.2256 0.8066 -2.2555
v  2.3189 0.8066 -1.9561
v  2.4476 0.8066 -1.6700
v  2.6099 0.8066 -1.4016
v  2.8033 0.8066 -1.1547
v  3.0251 0.8066 -0.9330
v  3.2720 0.8066 -0.7395
v  3.5404 0.8066 -0.5773
v  3.8264 0.8066 -0.4485
v  4.1258 0.8066 -0.3552
v  4.4344 0.8066 -0.2987
v  4.7474 0.8066 -0.2798
v  5.0605 0.8066 -0.2987
v  5.3690 0.8066 -0.3552
v  5.6685 0.8066 -0.4485
v  5.9545 0.8066 -0.5773
v  6.2229 0.8066 -0.7395
v  6.4698 0.8066 -0.9330
v  6.6916 0.8066 -1.1547
v  6.8850 0.8066 -1.4016
v  7.0473 0.8066 -1.6700
v  7.1760 0.8066 -1.9561
v  7.2693 0.8066 -2.2555
v  7.3258 0.8066 -2.5640
v  7.0317 0.9105 -3.1544
v  7.0485 0.9105 -2.8771
v  6.9816 0.9105 -3.4278
v  6.8989 0.9105 -3.6930
v  6.7849 0.9105 -3.9464
v  6.6411 0.9105 -4.1842
v  6.4698 0.9105 -4.4030
v  6.2733 0.9105 -4.5994
v  6.0546 0.9105 -4.7708
v  5.8168 0.9105 -4.9146
v  5.5634 0.9105 -5.0286
v  5.2981 0.9105 -5.1113
v  5.0248 0.9105 -5.1613
v  4.7474 0.9105 -5.1781
v  4.4701 0.9105 -5.1613
v  4.1968 0.9105 -5.1113
v  3.9315 0.9105 -5.0286
v  3.6781 0.9105 -4.9146
v  3.4403 0.9105 -4.7708
v  3.2216 0.9105 -4.5994
v  3.0251 0.9105 -4.4030
v  2.8537 0.9105 -4.1842
v  2.7100 0.9105 -3.9464
v  2.5959 0.9105 -3.6930
v  2.5133 0.9105 -3.4278
v  2.4632 0.9105 -3.1544
v  2.4464 0.9105 -2.8771
v  2.4632 0.9105 -2.5997
v  2.5133 0.9105 -2.3264
v  2.5959 0.9105 -2.0611
v  2.7100 0.9105 -1.8077
v  2.8537 0.9105 -1.5700
v  3.0251 0.9105 -1.3512
v  3.2216 0.9105 -1.1547
v  3.4403 0.9105 -0.9834
v  3.6781 0.9105 -0.8396
v  3.9315 0.9105 -0.7256
v  4.1968 0.9105 -0.6429
v  4.4701 0.9105 -0.5928
v  4.7474 0.9105 -0.5761
v  5.0248 0.9105 -0.5928
v  5.2981 0.9105 -0.6429
v  5.5634 0.9105 -0.7256
v  5.8168 0.9105 -0.8396
v  6.0546 0.9105 -0.9834
v  6.2733 0.9105 -1.1547
v  6.4698 0.9105 -1.3512
v  6.6411 0.9105 -1.5700
v  6.7849 0.9105 -1.8077
v  6.8989 0.9105 -2.0611
v  6.9816 0.9105 -2.3264
v  7.0317 0.9105 -2.5997
v  6.7042 1.0011 -3.1147
v  6.7186 1.0011 -2.8771
v  6.6613 1.0011 -3.3488
v  6.5905 1.0011 -3.5761
v  6.4928 1.0011 -3.7931
v  6.3697 1.0011 -3.9969
v  6.2229 1.0011 -4.1842
v  6.0546 1.0011 -4.3525
v  5.8672 1.0011 -4.4993
v  5.6635 1.0011 -4.6225
v  5.4464 1.0011 -4.7202
v  5.2192 1.0011 -4.7910
v  4.9850 1.0011 -4.8339
v  4.7474 1.0011 -4.8483
v  4.5098 1.0011 -4.8339
v  4.2757 1.0011 -4.7910
v  4.0484 1.0011 -4.7202
v  3.8314 1.0011 -4.6225
v  3.6277 1.0011 -4.4993
v  3.4403 1.0011 -4.3525
v  3.2720 1.0011 -4.1842
v  3.1252 1.0011 -3.9969
v  3.0020 1.0011 -3.7931
v  2.9043 1.0011 -3.5761
v  2.8335 1.0011 -3.3488
v  2.7906 1.0011 -3.1147
v  2.7762 1.0011 -2.8771
v  2.7906 1.0011 -2.6395
v  2.8335 1.0011 -2.4054
v  2.9043 1.0011 -2.1781
v  3.0020 1.0011 -1.9610
v  3.1252 1.0011 -1.7573
v  3.2720 1.0011 -1.5700
v  3.4403 1.0011 -1.4016
v  3.6277 1.0011 -1.2548
v  3.8314 1.0011 -1.1317
v  4.0484 1.0011 -1.0340
v  4.2757 1.0011 -0.9632
v  4.5098 1.0011 -0.9203
v  4.7474 1.0011 -0.9059
v  4.9850 1.0011 -0.9203
v  5.2192 1.0011 -0.9632
v  5.4464 1.0011 -1.0340
v  5.6635 1.0011 -1.1317
v  5.8672 1.0011 -1.2548
v  6.0546 1.0011 -1.4016
v  6.2229 1.0011 -1.5700
v  6.3697 1.0011 -1.7573
v  6.4928 1.0011 -1.9610
v  6.5905 1.0011 -2.1781
v  6.6613 1.0011 -2.4054
v  6.7042 1.0011 -2.6395
v  6.3483 1.0771 -3.0715
v  6.3600 1.0771 -2.8771
v  6.3132 1.0771 -3.2630
v  6.2552 1.0771 -3.4489
v  6.1753 1.0771 -3.6265
v  6.0746 1.0771 -3.7931
v  5.9545 1.0771 -3.9464
v  5.8168 1.0771 -4.0841
v  5.6635 1.0771 -4.2042
v  5.4968 1.0771 -4.3050
v  5.3193 1.0771 -4.3849
v  5.1333 1.0771 -4.4428
v  4.9418 1.0771 -4.4779
v  4.7474 1.0771 -4.4897
v  4.5531 1.0771 -4.4779
v  4.3615 1.0771 -4.4428
v  4.1756 1.0771 -4.3849
v  3.9980 1.0771 -4.3050
v  3.8314 1.0771 -4.2042
v  3.6781 1.0771 -4.0841
v  3.5404 1.0771 -3.9464
v  3.4203 1.0771 -3.7931
v  3.3196 1.0771 -3.6265
v  3.2396 1.0771 -3.4489
v  3.1817 1.0771 -3.2630
v  3.1466 1.0771 -3.0715
v  3.1348 1.0771 -2.8771
v  3.1466 1.0771 -2.6827
v  3.1817 1.0771 -2.4912
v  3.2396 1.0771 -2.3053
v  3.3196 1.0771 -2.1277
v  3.4203 1.0771 -1.9610
v  3.5404 1.0771 -1.8077
v  3.6781 1.0771 -1.6700
v  3.8314 1.0771 -1.5500
v  3.9980 1.0771 -1.4492
v  4.1756 1.0771 -1.3693
v  4.3615 1.0771 -1.3114
v  4.5531 1.0771 -1.2763
v  4.7474 1.0771 -1.2645
v  4.9418 1.0771 -1.2763
v  5.1333 1.0771 -1.3114
v  5.3193 1.0771 -1.3693
v  5.4968 1.0771 -1.4492
v  5.6635 1.0771 -1.5500
v  5.8168 1.0771 -1.6700
v  5.9545 1.0771 -1.8077
v  6.0746 1.0771 -1.9610
v  6.1753 1.0771 -2.1277
v  6.2552 1.0771 -2.3053
v  6.3132 1.0771 -2.4912
v  6.3483 1.0771 -2.6827
v  5.9689 1.1373 -3.0254
v  5.9779 1.1373 -2.8771
v  5.9422 1.1373 -3.1716
v  5.8979 1.1373 -3.3134
v  5.8370 1.1373 -3.4489
v  5.7601 1.1373 -3.5761
v  5.6685 1.1373 -3.6930
v  5.5634 1.1373 -3.7981
v  5.4464 1.1373 -3.8898
v  5.3193 1.1373 -3.9666
v  5.1838 1.1373 -4.0276
v  5.0419 1.1373 -4.0718
v  4.8957 1.1373 -4.0986
v  4.7474 1.1373 -4.1076
v  4.5991 1.1373 -4.0986
v  4.4530 1.1373 -4.0718
v  4.3111 1.1373 -4.0276
v  4.1756 1.1373 -3.9666
v  4.0484 1.1373 -3.8898
v  3.9315 1.1373 -3.7981
v  3.8264 1.1373 -3.6930
v  3.7348 1.1373 -3.5761
v  3.6579 1.1373 -3.4489
v  3.5969 1.1373 -3.3134
v  3.5527 1.1373 -3.1716
v  3.5259 1.1373 -3.0254
v  3.5169 1.1373 -2.8771
v  3.5259 1.1373 -2.7288
v  3.5527 1.1373 -2.5826
v  3.5969 1.1373 -2.4408
v  3.6579 1.1373 -2.3053
v  3.7348 1.1373 -2.1781
v  3.8264 1.1373 -2.0611
v  3.9315 1.1373 -1.9561
v  4.0484 1.1373 -1.8644
v  4.1756 1.1373 -1.7876
v  4.3111 1.1373 -1.7266
v  4.4530 1.1373 -1.6824
v  4.5991 1.1373 -1.6556
v  4.7474 1.1373 -1.6466
v  4.8957 1.1373 -1.6556
v  5.0419 1.1373 -1.6824
v  5.1838 1.1373 -1.7266
v  5.3193 1.1373 -1.7876
v  5.4464 1.1373 -1.8644
v  5.5634 1.1373 -1.9561
v  5.6685 1.1373 -2.0611
v  5.7601 1.1373 -2.1781
v  5.8370 1.1373 -2.3053
v  5.8979 1.1373 -2.4408
v  5.9422 1.1373 -2.5826
v  5.9689 1.1373 -2.7288
v  5.5718 1.1810 -2.9772
v  5.5779 1.1810 -2.8771
v  5.5537 1.1810 -3.0758
v  5.5239 1.1810 -3.1716
v  5.4827 1.1810 -3.2630
v  5.4309 1.1810 -3.3488
v  5.3690 1.1810 -3.4278
v  5.2981 1.1810 -3.4987
v  5.2192 1.1810 -3.5605
v  5.1333 1.1810 -3.6124
v  5.0419 1.1810 -3.6536
v  4.9462 1.1810 -3.6834
v  4.8475 1.1810 -3.7015
v  4.7474 1.1810 -3.7075
v  4.6473 1.1810 -3.7015
v  4.5487 1.1810 -3.6834
v  4.4530 1.1810 -3.6536
v  4.3615 1.1810 -3.6124
v  4.2757 1.1810 -3.5605
v  4.1968 1.1810 -3.4987
v  4.1258 1.1810 -3.4278
v  4.0640 1.1810 -3.3488
v  4.0121 1.1810 -3.2630
v  3.9710 1.1810 -3.1716
v  3.9411 1.1810 -3.0758
v  3.9231 1.1810 -2.9772
v  3.9170 1.1810 -2.8771
v  3.9231 1.1810 -2.7770
v  3.9411 1.1810 -2.6784
v  3.9710 1.1810 -2.5826
v  4.0121 1.1810 -2.4912
v  4.0640 1.1810 -2.4054
v  4.1258 1.1810 -2.3264
v  4.1968 1.1810 -2.2555
v  4.2757 1.1810 -2.1937
v  4.3615 1.1810 -2.1418
v  4.4530 1.1810 -2.1006
v  4.5487 1.1810 -2.0708
v  4.6473 1.1810 -2.0527
v  4.7474 1.1810 -2.0467
v  4.8475 1.1810 -2.0527
v  4.9462 1.1810 -2.0708
v  5.0419 1.1810 -2.1006
v  5.1333 1.1810 -2.1418
v  5.2192 1.1810 -2.1937
v  5.2981 1.1810 -2.2555
v  5.3690 1.1810 -2.3264
v  5.4309 1.1810 -2.4054
v  5.4827 1.1810 -2.4912
v  5.5239 1.1810 -2.5826
v  5.5537 1.1810 -2.6784
v  5.5718 1.1810 -2.7770
v  5.1626 1.2075 -2.9275
v  5.1657 1.2075 -2.8771
v  5.1535 1.2075 -2.9772
v  5.1385 1.2075 -3.0254
v  5.1178 1.2075 -3.0715
v  5.0917 1.2075 -3.1147
v  5.0605 1.2075 -3.1544
v  5.0248 1.2075 -3.1902
v  4.9850 1.2075 -3.2213
v  4.9418 1.2075 -3.2474
v  4.8957 1.2075 -3.2682
v  4.8475 1.2075 -3.2832
v  4.7978 1.2075 -3.2923
v  4.7474 1.2075 -3.2954
v  4.6970 1.2075 -3.2923
v  4.6473 1.2075 -3.2832
v  4.5991 1.2075 -3.2682
v  4.5531 1.2075 -3.2474
v  4.5098 1.2075 -3.2213
v  4.4701 1.2075 -3.1902
v  4.4344 1.2075 -3.1544
v  4.4032 1.2075 -3.1147
v  4.3771 1.2075 -3.0715
v  4.3563 1.2075 -3.0254
v  4.3413 1.2075 -2.9772
v  4.3322 1.2075 -2.9275
v  4.3292 1.2075 -2.8771
v  4.3322 1.2075 -2.8267
v  4.3413 1.2075 -2.7770
v  4.3563 1.2075 -2.7288
v  4.3771 1.2075 -2.6827
v  4.4032 1.2075 -2.6395
v  4.4344 1.2075 -2.5997
v  4.4701 1.2075 -2.5640
v  4.5098 1.2075 -2.5329
v  4.5531 1.2075 -2.5067
v  4.5991 1.2075 -2.4860
v  4.6473 1.2075 -2.4710
v  4.6970 1.2075 -2.4619
v  4.7474 1.2075 -2.4588
v  4.7978 1.2075 -2.4619
v  4.8475 1.2075 -2.4710
v  4.8957 1.2075 -2.4860
v  4.9418 1.2075 -2.5067
v  4.9850 1.2075 -2.5329
v  5.0248 1.2075 -2.5640
v  5.0605 1.2075 -2.5997
v  5.0917 1.2075 -2.6395
v  5.1178 1.2075 -2.6827
v  5.1385 1.2075 -2.7288
v  5.1535 1.2075 -2.7770
v  5.1626 1.2075 -2.8267
v  4.7474 1.2164 -2.8771
v  7.2840 0.0000 -2.8771
v  7.2655 0.0000 -3.1828
v  7.2103 0.0000 -3.4841
v  7.2655 0.0000 -2.5713
v  7.1192 0.0000 -3.7766
v  7.2103 0.0000 -2.2700
v  6.9935 0.0000 -4.0559
v  7.1192 0.0000 -1.9776
v  6.8350 0.0000 -4.3180
v  6.9935 0.0000 -1.6983
v  6.6461 0.0000 -4.5591
v  6.8350 0.0000 -1.4362
v  6.4295 0.0000 -4.7757
v  6.6461 0.0000 -1.1950
v  6.1884 0.0000 -4.9646
v  6.4295 0.0000 -0.9784
v  5.9262 0.0000 -5.1231
v  6.1884 0.0000 -0.7895
v  5.6469 0.0000 -5.2488
v  5.9262 0.0000 -0.6311
v  5.3545 0.0000 -5.3400
v  5.6469 0.0000 -0.5054
v  5.0532 0.0000 -5.3952
v  5.3545 0.0000 -0.4142
v  4.7474 0.0000 -5.4137
v  5.0532 0.0000 -0.3590
v  4.4417 0.0000 -5.3952
v  4.7474 0.0000 -0.3405
v  4.1404 0.0000 -5.3400
v  4.4417 0.0000 -0.3590
v  3.8479 0.0000 -5.2488
v  4.1404 0.0000 -0.4142
v  3.5686 0.0000 -5.1231
v  3.8479 0.0000 -0.5054
v  3.3065 0.0000 -4.9646
v  3.5686 0.0000 -0.6311
v  3.0654 0.0000 -4.7757
v  3.3065 0.0000 -0.7895
v  2.8488 0.0000 -4.5591
v  3.0654 0.0000 -0.9784
v  2.6599 0.0000 -4.3180
v  2.8488 0.0000 -1.1950
v  2.5014 0.0000 -4.0559
v  2.6599 0.0000 -1.4362
v  2.3757 0.0000 -3.7766
v  2.5014 0.0000 -1.6983
v  2.2846 0.0000 -3.4841
v  2.3757 0.0000 -1.9776
v  2.2294 0.0000 -3.1828
v  2.2846 0.0000 -2.2700
v  2.2109 0.0000 -2.8771
v  2.2294 0.0000 -2.5713
v  6.7589 0.0000 -2.8771
v  6.7443 0.0000 -3.1196
v  6.7005 0.0000 -3.3585
v  6.7443 0.0000 -2.6346
v  6.6282 0.0000 -3.5904
v  6.7005 0.0000 -2.3957
v  6.5285 0.0000 -3.8119
v  6.6282 0.0000 -2.1638
v  6.4029 0.0000 -4.0198
v  6.5285 0.0000 -1.9423
v  6.2531 0.0000 -4.2110
v  6.4029 0.0000 -1.7344
v  6.0813 0.0000 -4.3827
v  6.2531 0.0000 -1.5432
v  5.8901 0.0000 -4.5325
v  6.0813 0.0000 -1.3715
v  5.6822 0.0000 -4.6582
v  5.8901 0.0000 -1.2217
v  5.4607 0.0000 -4.7579
v  5.6822 0.0000 -1.0960
v  5.2288 0.0000 -4.8301
v  5.4607 0.0000 -0.9963
v  4.9899 0.0000 -4.8739
v  5.2288 0.0000 -0.9240
v  4.7474 0.0000 -4.8886
v  4.9899 0.0000 -0.8803
v  4.5050 0.0000 -4.8739
v  4.7474 0.0000 -0.8656
v  4.2660 0.0000 -4.8301
v  4.5050 0.0000 -0.8803
v  4.0341 0.0000 -4.7579
v  4.2660 0.0000 -0.9240
v  3.8126 0.0000 -4.6582
v  4.0341 0.0000 -0.9963
v  3.6048 0.0000 -4.5325
v  3.8126 0.0000 -1.0960
v  3.4136 0.0000 -4.3827
v  3.6048 0.0000 -1.2217
v  3.2418 0.0000 -4.2110
v  3.4136 0.0000 -1.3715
v  3.0920 0.0000 -4.0198
v  3.2418 0.0000 -1.5432
v  2.9663 0.0000 -3.8119
v  3.0920 0.0000 -1.7344
v  2.8666 0.0000 -3.5904
v  2.9663 0.0000 -1.9423
v  2.7944 0.0000 -3.3585
v  2.8666 0.0000 -2.1638
v  2.7506 0.0000 -3.1196
v  2.7944 0.0000 -2.3957
v  2.7359 0.0000 -2.8771
v  2.7506 0.0000 -2.6346
v  5.6500 0.0000 -2.9867
v  5.6566 0.0000 -2.8771
v  5.6302 0.0000 -3.0947
v  5.6500 0.0000 -2.7675
v  5.5975 0.0000 -3.1995
v  5.6302 0.0000 -2.6595
v  5.5525 0.0000 -3.2996
v  5.5975 0.0000 -2.5547
v  5.4957 0.0000 -3.3936
v  5.5525 0.0000 -2.4546
v  5.4280 0.0000 -3.4800
v  5.4957 0.0000 -2.3606
v  5.3503 0.0000 -3.5576
v  5.4280 0.0000 -2.2742
v  5.2639 0.0000 -3.6253
v  5.3503 0.0000 -2.1965
v  5.1700 0.0000 -3.6821
v  5.2639 0.0000 -2.1288
v  5.0698 0.0000 -3.7272
v  5.1700 0.0000 -2.0720
v  4.9650 0.0000 -3.7599
v  5.0698 0.0000 -2.0270
v  4.8570 0.0000 -3.7797
v  4.9650 0.0000 -1.9943
v  4.7474 0.0000 -3.7863
v  4.8570 0.0000 -1.9745
v  4.6378 0.0000 -3.7797
v  4.7474 0.0000 -1.9679
v  4.5298 0.0000 -3.7599
v  4.6378 0.0000 -1.9745
v  4.4250 0.0000 -3.7272
v  4.5298 0.0000 -1.9943
v  4.3249 0.0000 -3.6821
v  4.4250 0.0000 -2.0270
v  4.2309 0.0000 -3.6253
v  4.3249 0.0000 -2.0720
v  4.1445 0.0000 -3.5576
v  4.2309 0.0000 -2.1288
v  4.0669 0.0000 -3.4800
v  4.1445 0.0000 -2.1965
v  3.9992 0.0000 -3.3936
v  4.0669 0.0000 -2.2742
v  3.9424 0.0000 -3.2996
v  3.9992 0.0000 -2.3606
v  3.8973 0.0000 -3.1995
v  3.9424 0.0000 -2.4546
v  3.8647 0.0000 -3.0947
v  3.8973 0.0000 -2.5547
v  3.8449 0.0000 -2.9867
v  3.8647 0.0000 -2.6595
v  3.8382 0.0000 -2.8771
v  3.8449 0.0000 -2.7675
v  5.3955 0.1497 -2.8771
v  5.3908 0.1497 -2.9552
v  5.3767 0.1497 -3.0322
v  5.3908 0.1497 -2.7990
v  5.3534 0.1497 -3.1069
v  5.3767 0.1497 -2.7220
v  5.3213 0.1497 -3.1783
v  5.3534 0.1497 -2.6473
v  5.2808 0.1497 -3.2452
v  5.3213 0.1497 -2.5759
v  5.2325 0.1497 -3.3069
v  5.2808 0.1497 -2.5089
v  5.1772 0.1497 -3.3622
v  5.2325 0.1497 -2.4473
v  5.1156 0.1497 -3.4105
v  5.1772 0.1497 -2.3920
v  5.0486 0.1497 -3.4509
v  5.1156 0.1497 -2.3437
v  4.9772 0.1497 -3.4831
v  5.0486 0.1497 -2.3032
v  4.9025 0.1497 -3.5063
v  4.9772 0.1497 -2.2711
v  4.8255 0.1497 -3.5205
v  4.9025 0.1497 -2.2478
v  4.7474 0.1497 -3.5252
v  4.8255 0.1497 -2.2337
v  4.6693 0.1497 -3.5205
v  4.7474 0.1497 -2.2290
v  4.5923 0.1497 -3.5063
v  4.6693 0.1497 -2.2337
v  4.5176 0.1497 -3.4831
v  4.5923 0.1497 -2.2478
v  4.4462 0.1497 -3.4509
v  4.5176 0.1497 -2.2711
v  4.3793 0.1497 -3.4105
v  4.4462 0.1497 -2.3032
v  4.3177 0.1497 -3.3622
v  4.3793 0.1497 -2.3437
v  4.2623 0.1497 -3.3069
v  4.3177 0.1497 -2.3920
v  4.2141 0.1497 -3.2452
v  4.2623 0.1497 -2.4473
v  4.1736 0.1497 -3.1783
v  4.2141 0.1497 -2.5089
v  4.1415 0.1497 -3.1069
v  4.1736 0.1497 -2.5759
v  4.1182 0.1497 -3.0322
v  4.1415 0.1497 -2.6473
v  4.1041 0.1497 -2.9552
v  4.1182 0.1497 -2.7220
v  4.0993 0.1497 -2.8771
v  4.1041 0.1497 -2.7990
v  4.7533 0.1497 -2.8771
v  4.7532 0.1497 -2.8778
v  4.7531 0.1497 -2.8785
v  4.7532 0.1497 -2.8764
v  4.7529 0.1497 -2.8792
v  4.7531 0.1497 -2.8757
v  4.7526 0.1497 -2.8798
v  4.7529 0.1497 -2.8750
v  4.7522 0.1497 -2.8804
v  4.7526 0.1497 -2.8744
v  4.7518 0.1497 -2.8810
v  4.7522 0.1497 -2.8738
v  4.7513 0.1497 -2.8815
v  4.7518 0.1497 -2.8732
v  4.7507 0.1497 -2.8819
v  4.7513 0.1497 -2.8727
v  4.7501 0.1497 -2.8823
v  4.7507 0.1497 -2.8723
v  4.7495 0.1497 -2.8825
v  4.7501 0.1497 -2.8719
v  4.7488 0.1497 -2.8828
v  4.7495 0.1497 -2.8716
v  4.7481 0.1497 -2.8829
v  4.7488 0.1497 -2.8714
v  4.7474 0.1497 -2.8829
v  4.7481 0.1497 -2.8713
v  4.7467 0.1497 -2.8829
v  4.7474 0.1497 -2.8713
v  4.7460 0.1497 -2.8828
v  4.7467 0.1497 -2.8713
v  4.7454 0.1497 -2.8825
v  4.7460 0.1497 -2.8714
v  4.7447 0.1497 -2.8823
v  4.7454 0.1497 -2.8716
v  4.7441 0.1497 -2.8819
v  4.7447 0.1497 -2.8719
v  4.7436 0.1497 -2.8815
v  4.7441 0.1497 -2.8723
v  4.7431 0.1497 -2.8810
v  4.7436 0.1497 -2.8727
v  4.7426 0.1497 -2.8804
v  4.7431 0.1497 -2.8732
v  4.7423 0.1497 -2.8798
v  4.7426 0.1497 -2.8738
v  4.7420 0.1497 -2.8792
v  4.7423 0.1497 -2.8744
v  4.7418 0.1497 -2.8785
v  4.7420 0.1497 -2.8750
v  4.7416 0.1497 -2.8778
v  4.7418 0.1497 -2.8757
v  4.7416 0.1497 -2.8771
v  4.7416 0.1497 -2.8764
# 1225 vertices

vn 0.3256 -0.9455 -0.0000
vn 0.3256 -0.9455 0.0000
vn 0.9455 0.3256 -0.0000
vn 0.9311 0.3207 -0.1736
vn 0.9311 0.3207 -0.1737
vn -0.3256 0.9455 -0.0000
vn -0.3256 0.9455 0.0000
vn -0.9455 -0.3256 -0.0000
vn -0.9311 -0.3207 0.1736
vn 0.8885 0.3060 -0.3420
vn -0.8885 -0.3060 0.3420
vn 0.8188 0.2820 -0.5000
vn -0.8188 -0.2820 0.5000
vn 0.7243 0.2495 -0.6428
vn -0.7243 -0.2495 0.6428
vn 0.6077 0.2093 -0.7660
vn 0.6077 0.2093 -0.7661
vn -0.6078 -0.2093 0.7660
vn -0.6077 -0.2093 0.7661
vn 0.4727 0.1628 -0.8660
vn -0.4727 -0.1628 0.8660
vn 0.3234 0.1114 -0.9397
vn -0.3234 -0.1114 0.9397
vn 0.1642 0.0565 -0.9848
vn -0.1642 -0.0565 0.9848
vn 0.0000 0.0000 -1.0000
vn -0.0000 -0.0000 1.0000
vn 0.0000 0.0000 1.0000
vn -0.1642 -0.0565 -0.9848
vn 0.1642 0.0565 0.9848
vn -0.3234 -0.1114 -0.9397
vn 0.3234 0.1114 0.9397
vn -0.4727 -0.1628 -0.8660
vn 0.4728 0.1628 0.8660
vn 0.4727 0.1628 0.8660
vn -0.6078 -0.2093 -0.7660
vn -0.6077 -0.2093 -0.7661
vn 0.6077 0.2093 0.7660
vn 0.6078 0.2093 0.7660
vn -0.7243 -0.2495 -0.6428
vn 0.7243 0.2495 0.6428
vn -0.8188 -0.2820 -0.5000
vn 0.8188 0.2820 0.5000
vn -0.8885 -0.3060 -0.3420
vn 0.8885 0.3060 0.3420
vn -0.9311 -0.3207 -0.1736
vn -0.9311 -0.3207 -0.1737
vn 0.9311 0.3207 0.1736
vn -0.9311 -0.3207 0.1737
vn 0.6078 0.2093 -0.7660
vn 0.4728 0.1628 -0.8660
vn -0.0000 -0.0000 -1.0000
vn 0.6077 0.2093 0.7661
vn 0.9311 0.3207 0.1737
vn 0.9994 0.0350 -0.0000
vn 0.9994 0.0350 0.0000
vn -0.0350 0.9994 -0.0000
vn -0.0344 0.9842 -0.1737
vn -0.9994 -0.0350 -0.0000
vn -0.9994 -0.0350 0.0000
vn 0.0350 -0.9994 -0.0000
vn 0.0344 -0.9842 0.1737
vn 0.0344 -0.9842 0.1736
vn -0.0329 0.9391 -0.3420
vn 0.0329 -0.9391 0.3420
vn -0.0303 0.8655 -0.5000
vn 0.0303 -0.8655 0.5000
vn -0.0268 0.7656 -0.6428
vn 0.0268 -0.7656 0.6428
vn -0.0225 0.6424 -0.7660
vn -0.0225 0.6424 -0.7661
vn -0.9994 -0.0349 0.0000
vn 0.0225 -0.6424 0.7660
vn 0.0225 -0.6424 0.7661
vn -0.0175 0.4997 -0.8660
vn 0.0175 -0.4997 0.8660
vn -0.0120 0.3418 -0.9397
vn 0.0120 -0.3418 0.9397
vn -0.0061 0.1735 -0.9848
vn 0.0061 -0.1735 0.9848
vn -0.0000 0.0000 1.0000
vn 0.0061 -0.1735 -0.9848
vn -0.0061 0.1735 0.9848
vn 0.0120 -0.3418 -0.9397
vn -0.0120 0.3418 0.9397
vn 0.0175 -0.4997 -0.8660
vn -0.0175 0.4997 0.8660
vn 0.0225 -0.6424 -0.7661
vn -0.0225 0.6424 0.7661
vn 0.0268 -0.7656 -0.6428
vn -0.0268 0.7656 0.6428
vn 0.0303 -0.8655 -0.5000
vn -0.0303 0.8655 0.5000
vn 0.0329 -0.9391 -0.3420
vn -0.0329 0.9391 0.3420
vn 0.0344 -0.9842 -0.1736
vn -0.0344 0.9842 0.1736
vn -0.0344 0.9842 0.1737
vn -0.0344 0.9842 -0.1736
vn -0.0000 0.0000 -1.0000
vn -0.0225 0.6424 0.7660
vn -0.9994 -0.0349 -0.0000
vn 0.0225 -0.6424 -0.7660
vn 0.0344 -0.9842 -0.1737
vn 0.9409 0.3187 -0.1143
vn 0.9478 0.3187 -0.0000
vn 0.7765 -0.6301 -0.0000
vn 0.7709 -0.6301 -0.0936
vn 0.9203 0.3187 -0.2268
vn 0.7540 -0.6301 -0.1858
vn 0.8862 0.3187 -0.3361
vn 0.7261 -0.6301 -0.2754
vn 0.8393 0.3187 -0.4405
vn 0.6876 -0.6301 -0.3609
vn 0.7801 0.3187 -0.5384
vn 0.6391 -0.6301 -0.4411
vn 0.7095 0.3187 -0.6285
vn 0.5813 -0.6301 -0.5149
vn 0.6285 0.3187 -0.7095
vn 0.5149 -0.6301 -0.5813
vn 0.5384 0.3187 -0.7801
vn 0.4411 -0.6301 -0.6391
vn 0.4405 0.3187 -0.8393
vn 0.3609 -0.6301 -0.6876
vn 0.3361 0.3187 -0.8862
vn 0.2754 -0.6301 -0.7261
vn 0.2268 0.3187 -0.9203
vn 0.1858 -0.6301 -0.7540
vn 0.1143 0.3187 -0.9409
vn 0.0936 -0.6301 -0.7709
vn 0.0000 0.3187 -0.9478
vn 0.0000 -0.6301 -0.7765
vn -0.1143 0.3187 -0.9409
vn -0.0936 -0.6301 -0.7709
vn -0.2268 0.3187 -0.9203
vn -0.1858 -0.6301 -0.7540
vn -0.3361 0.3187 -0.8862
vn -0.2754 -0.6301 -0.7261
vn -0.4405 0.3187 -0.8393
vn -0.3609 -0.6301 -0.6876
vn -0.5384 0.3187 -0.7801
vn -0.4411 -0.6301 -0.6391
vn -0.6285 0.3187 -0.7095
vn -0.5149 -0.6301 -0.5813
vn -0.7095 0.3187 -0.6285
vn -0.5813 -0.6301 -0.5149
vn -0.7801 0.3187 -0.5384
vn -0.6391 -0.6301 -0.4411
vn -0.8393 0.3187 -0.4405
vn -0.6876 -0.6301 -0.3609
vn -0.8862 0.3187 -0.3361
vn -0.7261 -0.6301 -0.2754
vn -0.9203 0.3187 -0.2268
vn -0.7540 -0.6301 -0.1858
vn -0.9409 0.3187 -0.1143
vn -0.7709 -0.6301 -0.0936
vn -0.9478 0.3187 -0.0000
vn -0.7765 -0.6301 -0.0000
vn -0.9409 0.3187 0.1143
vn -0.7709 -0.6301 0.0936
vn -0.9203 0.3187 0.2268
vn -0.7540 -0.6301 0.1858
vn -0.8862 0.3187 0.3361
vn -0.7261 -0.6301 0.2754
vn -0.8393 0.3187 0.4405
vn -0.6876 -0.6301 0.3609
vn -0.7801 0.3187 0.5384
vn -0.6391 -0.6301 0.4411
vn -0.7095 0.3187 0.6285
vn -0.5813 -0.6301 0.5149
vn -0.6285 0.3187 0.7095
vn -0.5149 -0.6301 0.5813
vn -0.5384 0.3187 0.7801
vn -0.4411 -0.6301 0.6391
vn -0.4405 0.3187 0.8393
vn -0.3609 -0.6301 0.6876
vn -0.3361 0.3187 0.8862
vn -0.2754 -0.6301 0.7261
vn -0.2268 0.3187 0.9203
vn -0.1858 -0.6301 0.7540
vn -0.1143 0.3187 0.9409
vn -0.0936 -0.6301 0.7709
vn 0.0000 0.3187 0.9478
vn 0.0000 -0.6301 0.7765
vn 0.1143 0.3187 0.9409
vn 0.0936 -0.6301 0.7709
vn 0.2268 0.3187 0.9203
vn 0.1858 -0.6301 0.7540
vn 0.3361 0.3187 0.8862
vn 0.2754 -0.6301 0.7261
vn 0.4405 0.3187 0.8393
vn 0.3609 -0.6301 0.6876
vn 0.5384 0.3187 0.7801
vn 0.4411 -0.6301 0.6391
vn 0.6285 0.3187 0.7095
vn 0.5149 -0.6301 0.5813
vn 0.7095 0.3187 0.6285
vn 0.5813 -0.6301 0.5149
vn 0.7801 0.3187 0.5384
vn 0.6391 -0.6301 0.4411
vn 0.6876 -0.6301 0.3609
vn 0.8393 0.3187 0.4405
vn 0.7261 -0.6301 0.2754
vn 0.8862 0.3187 0.3361
vn 0.9203 0.3187 0.2268
vn 0.7540 -0.6301 0.1858
vn 0.9409 0.3187 0.1143
vn 0.7709 -0.6301 0.0936
vn 0.8185 0.5659 -0.0994
vn 0.8245 0.5659 -0.0000
vn 0.8005 0.5659 -0.1973
vn 0.7709 0.5659 -0.2924
vn 0.7300 0.5659 -0.3831
vn 0.6785 0.5659 -0.4684
vn 0.6171 0.5659 -0.5467
vn 0.5467 0.5659 -0.6171
vn 0.4684 0.5659 -0.6785
vn 0.3831 0.5659 -0.7300
vn 0.2924 0.5659 -0.7709
vn 0.1973 0.5659 -0.8005
vn 0.0994 0.5659 -0.8185
vn 0.0000 0.5659 -0.8245
vn -0.0994 0.5659 -0.8185
vn -0.1973 0.5659 -0.8005
vn -0.2924 0.5659 -0.7709
vn -0.3831 0.5659 -0.7300
vn -0.4684 0.5659 -0.6785
vn -0.5467 0.5659 -0.6171
vn -0.6171 0.5659 -0.5467
vn -0.6785 0.5659 -0.4684
vn -0.7300 0.5659 -0.3831
vn -0.7709 0.5659 -0.2924
vn -0.8005 0.5659 -0.1973
vn -0.8185 0.5659 -0.0994
vn -0.8245 0.5659 -0.0000
vn -0.8185 0.5659 0.0994
vn -0.8005 0.5659 0.1973
vn -0.7709 0.5659 0.2924
vn -0.7300 0.5659 0.3831
vn -0.6785 0.5659 0.4684
vn -0.6171 0.5659 0.5467
vn -0.5467 0.5659 0.6171
vn -0.4684 0.5659 0.6785
vn -0.3831 0.5659 0.7300
vn -0.2924 0.5659 0.7709
vn -0.1973 0.5659 0.8005
vn -0.0994 0.5659 0.8185
vn 0.0000 0.5659 0.8245
vn 0.0994 0.5659 0.8185
vn 0.1973 0.5659 0.8005
vn 0.2924 0.5659 0.7709
vn 0.3831 0.5659 0.7300
vn 0.4684 0.5659 0.6785
vn 0.5467 0.5659 0.6171
vn 0.6171 0.5659 0.5467
vn 0.6785 0.5659 0.4684
vn 0.7300 0.5659 0.3831
vn 0.7709 0.5659 0.2924
vn 0.8005 0.5659 0.1973
vn 0.8185 0.5659 0.0994
vn 0.6806 0.7279 -0.0826
vn 0.6856 0.7279 -0.0000
vn 0.6657 0.7279 -0.1641
vn 0.6411 0.7279 -0.2431
vn 0.6071 0.7279 -0.3186
vn 0.5643 0.7279 -0.3895
vn 0.5132 0.7279 -0.4547
vn 0.4547 0.7279 -0.5132
vn 0.3895 0.7279 -0.5643
vn 0.3186 0.7279 -0.6071
vn 0.2431 0.7279 -0.6411
vn 0.1641 0.7279 -0.6657
vn 0.0826 0.7279 -0.6806
vn 0.0000 0.7279 -0.6856
vn -0.0826 0.7279 -0.6806
vn -0.1641 0.7279 -0.6657
vn -0.2431 0.7279 -0.6411
vn -0.3186 0.7279 -0.6071
vn -0.3895 0.7279 -0.5643
vn -0.4547 0.7279 -0.5132
vn -0.5132 0.7279 -0.4547
vn -0.5643 0.7279 -0.3895
vn -0.6071 0.7279 -0.3186
vn -0.6411 0.7279 -0.2431
vn -0.6657 0.7279 -0.1641
vn -0.6806 0.7279 -0.0826
vn -0.6856 0.7279 -0.0000
vn -0.6806 0.7279 0.0826
vn -0.6657 0.7279 0.1641
vn -0.6411 0.7279 0.2431
vn -0.6071 0.7279 0.3186
vn -0.5643 0.7279 0.3895
vn -0.5132 0.7279 0.4547
vn -0.4547 0.7279 0.5132
vn -0.3895 0.7279 0.5643
vn -0.3186 0.7279 0.6071
vn -0.2431 0.7279 0.6411
vn -0.1641 0.7279 0.6657
vn -0.0826 0.7279 0.6806
vn 0.0000 0.7279 0.6856
vn 0.0826 0.7279 0.6806
vn 0.1641 0.7279 0.6657
vn 0.2431 0.7279 0.6411
vn 0.3186 0.7279 0.6071
vn 0.3895 0.7279 0.5643
vn 0.4547 0.7279 0.5132
vn 0.5132 0.7279 0.4547
vn 0.5643 0.7279 0.3895
vn 0.6071 0.7279 0.3186
vn 0.6411 0.7279 0.2431
vn 0.6657 0.7279 0.1641
vn 0.6806 0.7279 0.0826
vn 0.5571 0.8277 -0.0676
vn 0.5611 0.8277 -0.0000
vn 0.5448 0.8277 -0.1343
vn 0.5247 0.8277 -0.1990
vn 0.4969 0.8277 -0.2608
vn 0.4618 0.8277 -0.3188
vn 0.4200 0.8277 -0.3721
vn 0.3721 0.8277 -0.4200
vn 0.3188 0.8277 -0.4618
vn 0.2608 0.8277 -0.4969
vn 0.1990 0.8277 -0.5247
vn 0.1343 0.8277 -0.5448
vn 0.0676 0.8277 -0.5571
vn 0.0000 0.8277 -0.5611
vn -0.0676 0.8277 -0.5571
vn -0.1343 0.8277 -0.5448
vn -0.1990 0.8277 -0.5247
vn -0.2608 0.8277 -0.4969
vn -0.3188 0.8277 -0.4618
vn -0.3721 0.8277 -0.4200
vn -0.4200 0.8277 -0.3721
vn -0.4618 0.8277 -0.3188
vn -0.4969 0.8277 -0.2608
vn -0.5247 0.8277 -0.1990
vn -0.5448 0.8277 -0.1343
vn -0.5571 0.8277 -0.0676
vn -0.5611 0.8277 -0.0000
vn -0.5571 0.8277 0.0676
vn -0.5448 0.8277 0.1343
vn -0.5247 0.8277 0.1990
vn -0.4969 0.8277 0.2608
vn -0.4618 0.8277 0.3188
vn -0.4200 0.8277 0.3721
vn -0.3721 0.8277 0.4200
vn -0.3188 0.8277 0.4618
vn -0.2608 0.8277 0.4969
vn -0.1990 0.8277 0.5247
vn -0.1343 0.8277 0.5448
vn -0.0676 0.8277 0.5571
vn 0.0000 0.8277 0.5611
vn 0.0676 0.8277 0.5571
vn 0.1343 0.8277 0.5448
vn 0.1990 0.8277 0.5247
vn 0.2608 0.8277 0.4969
vn 0.3188 0.8277 0.4618
vn 0.3721 0.8277 0.4200
vn 0.4200 0.8277 0.3721
vn 0.4618 0.8277 0.3188
vn 0.4969 0.8277 0.2608
vn 0.5247 0.8277 0.1990
vn 0.5448 0.8277 0.1343
vn 0.5571 0.8277 0.0676
vn 0.4539 0.8893 -0.0551
vn 0.4572 0.8893 -0.0000
vn 0.4440 0.8893 -0.1094
vn 0.4275 0.8893 -0.1621
vn 0.4049 0.8893 -0.2125
vn 0.3763 0.8893 -0.2597
vn 0.3423 0.8893 -0.3032
vn 0.3032 0.8893 -0.3423
vn 0.2597 0.8893 -0.3763
vn 0.2125 0.8893 -0.4049
vn 0.1621 0.8893 -0.4275
vn 0.1094 0.8893 -0.4440
vn 0.0551 0.8893 -0.4539
vn 0.0000 0.8893 -0.4572
vn -0.0551 0.8893 -0.4539
vn -0.1094 0.8893 -0.4440
vn -0.1621 0.8893 -0.4275
vn -0.2125 0.8893 -0.4049
vn -0.2597 0.8893 -0.3763
vn -0.3032 0.8893 -0.3423
vn -0.3423 0.8893 -0.3032
vn -0.3763 0.8893 -0.2597
vn -0.4049 0.8893 -0.2125
vn -0.4275 0.8893 -0.1621
vn -0.4440 0.8893 -0.1094
vn -0.4539 0.8893 -0.0551
vn -0.4572 0.8893 -0.0000
vn -0.4539 0.8893 0.0551
vn -0.4440 0.8893 0.1094
vn -0.4275 0.8893 0.1621
vn -0.4049 0.8893 0.2125
vn -0.3763 0.8893 0.2597
vn -0.3423 0.8893 0.3032
vn -0.3032 0.8893 0.3423
vn -0.2597 0.8893 0.3763
vn -0.2125 0.8893 0.4049
vn -0.1621 0.8893 0.4275
vn -0.1094 0.8893 0.4440
vn -0.0551 0.8893 0.4539
vn 0.0000 0.8893 0.4572
vn 0.0551 0.8893 0.4539
vn 0.1094 0.8893 0.4440
vn 0.1621 0.8893 0.4275
vn 0.2125 0.8893 0.4049
vn 0.2597 0.8893 0.3763
vn 0.3032 0.8893 0.3423
vn 0.3423 0.8893 0.3032
vn 0.3763 0.8893 0.2597
vn 0.4049 0.8893 0.2125
vn 0.4275 0.8893 0.1621
vn 0.4440 0.8893 0.1094
vn 0.4539 0.8893 0.0551
vn 0.3686 0.9285 -0.0448
vn 0.3713 0.9285 -0.0000
vn 0.3605 0.9285 -0.0889
vn 0.3472 0.9285 -0.1317
vn 0.3288 0.9285 -0.1726
vn 0.3056 0.9285 -0.2109
vn 0.2779 0.9285 -0.2462
vn 0.2462 0.9285 -0.2779
vn 0.2109 0.9285 -0.3056
vn 0.1726 0.9285 -0.3288
vn 0.1317 0.9285 -0.3472
vn 0.0889 0.9285 -0.3605
vn 0.0448 0.9285 -0.3686
vn 0.0000 0.9285 -0.3713
vn -0.0448 0.9285 -0.3686
vn -0.0889 0.9285 -0.3605
vn -0.1317 0.9285 -0.3472
vn -0.1726 0.9285 -0.3288
vn -0.2109 0.9285 -0.3056
vn -0.2462 0.9285 -0.2779
vn -0.2779 0.9285 -0.2462
vn -0.3056 0.9285 -0.2109
vn -0.3288 0.9285 -0.1726
vn -0.3472 0.9285 -0.1317
vn -0.3605 0.9285 -0.0889
vn -0.3686 0.9285 -0.0448
vn -0.3713 0.9285 -0.0000
vn -0.3686 0.9285 0.0448
vn -0.3605 0.9285 0.0889
vn -0.3472 0.9285 0.1317
vn -0.3288 0.9285 0.1726
vn -0.3056 0.9285 0.2109
vn -0.2779 0.9285 0.2462
vn -0.2462 0.9285 0.2779
vn -0.2109 0.9285 0.3056
vn -0.1726 0.9285 0.3288
vn -0.1317 0.9285 0.3472
vn -0.0889 0.9285 0.3605
vn -0.0448 0.9285 0.3686
vn 0.0000 0.9285 0.3713
vn 0.0448 0.9285 0.3686
vn 0.0889 0.9285 0.3605
vn 0.1317 0.9285 0.3472
vn 0.1726 0.9285 0.3288
vn 0.2109 0.9285 0.3056
vn 0.2462 0.9285 0.2779
vn 0.2779 0.9285 0.2462
vn 0.3056 0.9285 0.2109
vn 0.3288 0.9285 0.1726
vn 0.3472 0.9285 0.1317
vn 0.3605 0.9285 0.0889
vn 0.3686 0.9285 0.0448
vn 0.2970 0.9542 -0.0361
vn 0.2992 0.9542 -0.0000
vn 0.2905 0.9542 -0.0716
vn 0.2798 0.9542 -0.1061
vn 0.2649 0.9542 -0.1390
vn 0.2462 0.9542 -0.1700
vn 0.2240 0.9542 -0.1984
vn 0.1984 0.9542 -0.2240
vn 0.1700 0.9542 -0.2462
vn 0.1390 0.9542 -0.2649
vn 0.1061 0.9542 -0.2798
vn 0.0716 0.9542 -0.2905
vn 0.0361 0.9542 -0.2970
vn 0.0000 0.9542 -0.2992
vn -0.0361 0.9542 -0.2970
vn -0.0716 0.9542 -0.2905
vn -0.1061 0.9542 -0.2798
vn -0.1390 0.9542 -0.2649
vn -0.1700 0.9542 -0.2462
vn -0.1984 0.9542 -0.2240
vn -0.2240 0.9542 -0.1984
vn -0.2462 0.9542 -0.1700
vn -0.2649 0.9542 -0.1390
vn -0.2798 0.9542 -0.1061
vn -0.2905 0.9542 -0.0716
vn -0.2970 0.9542 -0.0361
vn -0.2992 0.9542 -0.0000
vn -0.2970 0.9542 0.0361
vn -0.2905 0.9542 0.0716
vn -0.2798 0.9542 0.1061
vn -0.2649 0.9542 0.1390
vn -0.2462 0.9542 0.1700
vn -0.2240 0.9542 0.1984
vn -0.1984 0.9542 0.2240
vn -0.1700 0.9542 0.2462
vn -0.1390 0.9542 0.2649
vn -0.1061 0.9542 0.2798
vn -0.0716 0.9542 0.2905
vn -0.0361 0.9542 0.2970
vn 0.0000 0.9542 0.2992
vn 0.0361 0.9542 0.2970
vn 0.0716 0.9542 0.2905
vn 0.1061 0.9542 0.2798
vn 0.1390 0.9542 0.2649
vn 0.1700 0.9542 0.2462
vn 0.1984 0.9542 0.2240
vn 0.2240 0.9542 0.1984
vn 0.2462 0.9542 0.1700
vn 0.2649 0.9542 0.1390
vn 0.2798 0.9542 0.1061
vn 0.2905 0.9542 0.0716
vn 0.2970 0.9542 0.0361
vn 0.2355 0.9714 -0.0286
vn 0.2372 0.9714 -0.0000
vn 0.2304 0.9714 -0.0568
vn 0.2218 0.9714 -0.0841
vn 0.2101 0.9714 -0.1103
vn 0.1952 0.9714 -0.1348
vn 0.1776 0.9714 -0.1573
vn 0.1573 0.9714 -0.1776
vn 0.1348 0.9714 -0.1952
vn 0.1103 0.9714 -0.2101
vn 0.0841 0.9714 -0.2218
vn 0.0568 0.9714 -0.2304
vn 0.0286 0.9714 -0.2355
vn 0.0000 0.9714 -0.2372
vn -0.0286 0.9714 -0.2355
vn -0.0568 0.9714 -0.2304
vn -0.0841 0.9714 -0.2218
vn -0.1103 0.9714 -0.2101
vn -0.1348 0.9714 -0.1952
vn -0.1573 0.9714 -0.1776
vn -0.1776 0.9714 -0.1573
vn -0.1952 0.9714 -0.1348
vn -0.2101 0.9714 -0.1103
vn -0.2218 0.9714 -0.0841
vn -0.2304 0.9714 -0.0568
vn -0.2355 0.9714 -0.0286
vn -0.2372 0.9714 -0.0000
vn -0.2355 0.9714 0.0286
vn -0.2304 0.9714 0.0568
vn -0.2218 0.9714 0.0841
vn -0.2101 0.9714 0.1103
vn -0.1952 0.9714 0.1348
vn -0.1776 0.9714 0.1573
vn -0.1573 0.9714 0.1776
vn -0.1348 0.9714 0.1952
vn -0.1103 0.9714 0.2101
vn -0.0841 0.9714 0.2218
vn -0.0568 0.9714 0.2304
vn -0.0286 0.9714 0.2355
vn 0.0000 0.9714 0.2372
vn 0.0286 0.9714 0.2355
vn 0.0568 0.9714 0.2304
vn 0.0841 0.9714 0.2218
vn 0.1103 0.9714 0.2101
vn 0.1348 0.9714 0.1952
vn 0.1573 0.9714 0.1776
vn 0.1776 0.9714 0.1573
vn 0.1952 0.9714 0.1348
vn 0.2101 0.9714 0.1103
vn 0.2218 0.9714 0.0841
vn 0.2304 0.9714 0.0568
vn 0.2355 0.9714 0.0286
vn 0.1813 0.9832 -0.0220
vn 0.1826 0.9832 -0.0000
vn 0.1773 0.9832 -0.0437
vn 0.1707 0.9832 -0.0648
vn 0.1617 0.9832 -0.0849
vn 0.1503 0.9832 -0.1037
vn 0.1367 0.9832 -0.1211
vn 0.1211 0.9832 -0.1367
vn 0.1037 0.9832 -0.1503
vn 0.0849 0.9832 -0.1617
vn 0.0648 0.9832 -0.1707
vn 0.0437 0.9832 -0.1773
vn 0.0220 0.9832 -0.1813
vn 0.0000 0.9832 -0.1826
vn -0.0220 0.9832 -0.1813
vn -0.0437 0.9832 -0.1773
vn -0.0648 0.9832 -0.1707
vn -0.0849 0.9832 -0.1617
vn -0.1037 0.9832 -0.1503
vn -0.1211 0.9832 -0.1367
vn -0.1367 0.9832 -0.1211
vn -0.1503 0.9832 -0.1037
vn -0.1617 0.9832 -0.0849
vn -0.1707 0.9832 -0.0648
vn -0.1773 0.9832 -0.0437
vn -0.1813 0.9832 -0.0220
vn -0.1826 0.9832 -0.0000
vn -0.1813 0.9832 0.0220
vn -0.1773 0.9832 0.0437
vn -0.1707 0.9832 0.0648
vn -0.1617 0.9832 0.0849
vn -0.1503 0.9832 0.1037
vn -0.1367 0.9832 0.1211
vn -0.1211 0.9832 0.1367
vn -0.1037 0.9832 0.1503
vn -0.0849 0.9832 0.1617
vn -0.0648 0.9832 0.1707
vn -0.0437 0.9832 0.1773
vn -0.0220 0.9832 0.1813
vn 0.0000 0.9832 0.1826
vn 0.0220 0.9832 0.1813
vn 0.0437 0.9832 0.1773
vn 0.0648 0.9832 0.1707
vn 0.0849 0.9832 0.1617
vn 0.1037 0.9832 0.1503
vn 0.1211 0.9832 0.1367
vn 0.1367 0.9832 0.1211
vn 0.1503 0.9832 0.1037
vn 0.1617 0.9832 0.0849
vn 0.1707 0.9832 0.0648
vn 0.1773 0.9832 0.0437
vn 0.1813 0.9832 0.0220
vn 0.1322 0.9911 -0.0160
vn 0.1332 0.9911 -0.0000
vn 0.1293 0.9911 -0.0319
vn 0.1245 0.9911 -0.0472
vn 0.1179 0.9911 -0.0619
vn 0.1096 0.9911 -0.0756
vn 0.0997 0.9911 -0.0883
vn 0.0883 0.9911 -0.0997
vn 0.0756 0.9911 -0.1096
vn 0.0619 0.9911 -0.1179
vn 0.0472 0.9911 -0.1245
vn 0.0319 0.9911 -0.1293
vn 0.0160 0.9911 -0.1322
vn 0.0000 0.9911 -0.1332
vn -0.0160 0.9911 -0.1322
vn -0.0319 0.9911 -0.1293
vn -0.0472 0.9911 -0.1245
vn -0.0619 0.9911 -0.1179
vn -0.0756 0.9911 -0.1096
vn -0.0883 0.9911 -0.0997
vn -0.0997 0.9911 -0.0883
vn -0.1096 0.9911 -0.0756
vn -0.1179 0.9911 -0.0619
vn -0.1245 0.9911 -0.0472
vn -0.1293 0.9911 -0.0319
vn -0.1322 0.9911 -0.0160
vn -0.1332 0.9911 -0.0000
vn -0.1322 0.9911 0.0160
vn -0.1293 0.9911 0.0319
vn -0.1245 0.9911 0.0472
vn -0.1179 0.9911 0.0619
vn -0.1096 0.9911 0.0756
vn -0.0997 0.9911 0.0883
vn -0.0883 0.9911 0.0997
vn -0.0756 0.9911 0.1096
vn -0.0619 0.9911 0.1179
vn -0.0472 0.9911 0.1245
vn -0.0319 0.9911 0.1293
vn -0.0160 0.9911 0.1322
vn 0.0000 0.9911 0.1332
vn 0.0160 0.9911 0.1322
vn 0.0319 0.9911 0.1293
vn 0.0472 0.9911 0.1245
vn 0.0619 0.9911 0.1179
vn 0.0756 0.9911 0.1096
vn 0.0883 0.9911 0.0997
vn 0.0997 0.9911 0.0883
vn 0.1096 0.9911 0.0756
vn 0.1179 0.9911 0.0619
vn 0.1245 0.9911 0.0472
vn 0.1293 0.9911 0.0319
vn 0.1322 0.9911 0.0160
vn 0.0866 0.9962 -0.0105
vn 0.0872 0.9962 -0.0000
vn 0.0847 0.9962 -0.0209
vn 0.0816 0.9962 -0.0309
vn 0.0772 0.9962 -0.0405
vn 0.0718 0.9962 -0.0495
vn 0.0653 0.9962 -0.0578
vn 0.0578 0.9962 -0.0653
vn 0.0495 0.9962 -0.0718
vn 0.0405 0.9962 -0.0772
vn 0.0309 0.9962 -0.0816
vn 0.0209 0.9962 -0.0847
vn 0.0105 0.9962 -0.0866
vn 0.0000 0.9962 -0.0872
vn -0.0105 0.9962 -0.0866
vn -0.0209 0.9962 -0.0847
vn -0.0309 0.9962 -0.0816
vn -0.0405 0.9962 -0.0772
vn -0.0495 0.9962 -0.0718
vn -0.0578 0.9962 -0.0653
vn -0.0653 0.9962 -0.0578
vn -0.0718 0.9962 -0.0495
vn -0.0772 0.9962 -0.0405
vn -0.0816 0.9962 -0.0309
vn -0.0847 0.9962 -0.0209
vn -0.0866 0.9962 -0.0105
vn -0.0872 0.9962 -0.0000
vn -0.0866 0.9962 0.0105
vn -0.0847 0.9962 0.0209
vn -0.0816 0.9962 0.0309
vn -0.0772 0.9962 0.0405
vn -0.0718 0.9962 0.0495
vn -0.0653 0.9962 0.0578
vn -0.0578 0.9962 0.0653
vn -0.0495 0.9962 0.0718
vn -0.0405 0.9962 0.0772
vn -0.0309 0.9962 0.0816
vn -0.0209 0.9962 0.0847
vn -0.0105 0.9962 0.0866
vn 0.0000 0.9962 0.0872
vn 0.0105 0.9962 0.0866
vn 0.0209 0.9962 0.0847
vn 0.0309 0.9962 0.0816
vn 0.0405 0.9962 0.0772
vn 0.0495 0.9962 0.0718
vn 0.0578 0.9962 0.0653
vn 0.0653 0.9962 0.0578
vn 0.0718 0.9962 0.0495
vn 0.0772 0.9962 0.0405
vn 0.0816 0.9962 0.0309
vn 0.0847 0.9962 0.0209
vn 0.0866 0.9962 0.0105
vn 0.0432 0.9991 -0.0052
vn 0.0435 0.9991 -0.0000
vn 0.0422 0.9991 -0.0104
vn 0.0407 0.9991 -0.0154
vn 0.0385 0.9991 -0.0202
vn 0.0358 0.9991 -0.0247
vn 0.0326 0.9991 -0.0288
vn 0.0288 0.9991 -0.0326
vn 0.0247 0.9991 -0.0358
vn 0.0202 0.9991 -0.0385
vn 0.0154 0.9991 -0.0407
vn 0.0104 0.9991 -0.0422
vn 0.0052 0.9991 -0.0432
vn 0.0000 0.9991 -0.0435
vn -0.0052 0.9991 -0.0432
vn -0.0104 0.9991 -0.0422
vn -0.0154 0.9991 -0.0407
vn -0.0202 0.9991 -0.0385
vn -0.0247 0.9991 -0.0358
vn -0.0288 0.9991 -0.0326
vn -0.0326 0.9991 -0.0288
vn -0.0358 0.9991 -0.0247
vn -0.0385 0.9991 -0.0202
vn -0.0407 0.9991 -0.0154
vn -0.0422 0.9991 -0.0104
vn -0.0432 0.9991 -0.0052
vn -0.0435 0.9991 -0.0000
vn -0.0432 0.9991 0.0052
vn -0.0422 0.9991 0.0104
vn -0.0407 0.9991 0.0154
vn -0.0385 0.9991 0.0202
vn -0.0358 0.9991 0.0247
vn -0.0326 0.9991 0.0288
vn -0.0288 0.9991 0.0326
vn -0.0247 0.9991 0.0358
vn -0.0202 0.9991 0.0385
vn -0.0154 0.9991 0.0407
vn -0.0104 0.9991 0.0422
vn -0.0052 0.9991 0.0432
vn 0.0000 0.9991 0.0435
vn 0.0052 0.9991 0.0432
vn 0.0104 0.9991 0.0422
vn 0.0154 0.9991 0.0407
vn 0.0202 0.9991 0.0385
vn 0.0247 0.9991 0.0358
vn 0.0288 0.9991 0.0326
vn 0.0326 0.9991 0.0288
vn 0.0358 0.9991 0.0247
vn 0.0385 0.9991 0.0202
vn 0.0407 0.9991 0.0154
vn 0.0422 0.9991 0.0104
vn 0.0432 0.9991 0.0052
vn -0.0000 1.0000 0.0000
vn 0.0000 -1.0000 -0.0000
vn -0.2462 -0.9687 0.0299
vn -0.2480 -0.9687 -0.0000
vn -0.2408 -0.9687 0.0594
vn -0.2462 -0.9687 -0.0299
vn -0.2319 -0.9688 0.0880
vn -0.2408 -0.9687 -0.0594
vn -0.2196 -0.9687 0.1153
vn -0.2319 -0.9688 -0.0880
vn -0.2041 -0.9687 0.1409
vn -0.2196 -0.9687 -0.1153
vn -0.1857 -0.9687 0.1645
vn -0.2041 -0.9687 -0.1409
vn -0.1645 -0.9687 0.1857
vn -0.1857 -0.9687 -0.1645
vn -0.1409 -0.9687 0.2041
vn -0.1645 -0.9687 -0.1857
vn -0.1153 -0.9687 0.2196
vn -0.1409 -0.9687 -0.2041
vn -0.0880 -0.9688 0.2319
vn -0.1153 -0.9687 -0.2196
vn -0.0594 -0.9687 0.2408
vn -0.0880 -0.9688 -0.2319
vn -0.0299 -0.9687 0.2462
vn -0.0594 -0.9687 -0.2408
vn 0.0000 -0.9687 0.2480
vn -0.0299 -0.9687 -0.2462
vn 0.0299 -0.9687 0.2462
vn 0.0000 -0.9687 -0.2480
vn 0.0594 -0.9687 0.2408
vn 0.0299 -0.9687 -0.2462
vn 0.0880 -0.9688 0.2319
vn 0.0594 -0.9687 -0.2408
vn 0.1153 -0.9687 0.2196
vn 0.0880 -0.9688 -0.2319
vn 0.1409 -0.9687 0.2041
vn 0.1153 -0.9687 -0.2196
vn 0.1645 -0.9687 0.1857
vn 0.1409 -0.9687 -0.2041
vn 0.1857 -0.9687 0.1645
vn 0.1645 -0.9687 -0.1857
vn 0.2041 -0.9687 0.1409
vn 0.1857 -0.9687 -0.1645
vn 0.2196 -0.9687 0.1153
vn 0.2041 -0.9687 -0.1409
vn 0.2319 -0.9688 0.0880
vn 0.2196 -0.9687 -0.1153
vn 0.2408 -0.9687 0.0594
vn 0.2319 -0.9688 -0.0880
vn 0.2462 -0.9687 0.0299
vn 0.2408 -0.9687 -0.0594
vn 0.2480 -0.9687 -0.0000
vn 0.2462 -0.9687 -0.0299
vn -0.2665 -0.9638 -0.0000
vn -0.2646 -0.9638 0.0321
vn -0.2588 -0.9638 0.0638
vn -0.2646 -0.9638 -0.0321
vn -0.2492 -0.9638 0.0945
vn -0.2588 -0.9638 -0.0638
vn -0.2360 -0.9638 0.1239
vn -0.2492 -0.9638 -0.0945
vn -0.2193 -0.9638 0.1514
vn -0.2360 -0.9638 -0.1239
vn -0.1995 -0.9638 0.1767
vn -0.2193 -0.9638 -0.1514
vn -0.1767 -0.9638 0.1995
vn -0.1995 -0.9638 -0.1767
vn -0.1514 -0.9638 0.2193
vn -0.1767 -0.9638 -0.1995
vn -0.1239 -0.9638 0.2360
vn -0.1514 -0.9638 -0.2193
vn -0.0945 -0.9638 0.2492
vn -0.1239 -0.9638 -0.2360
vn -0.0638 -0.9638 0.2588
vn -0.0945 -0.9638 -0.2492
vn -0.0321 -0.9638 0.2646
vn -0.0638 -0.9638 -0.2588
vn 0.0000 -0.9638 0.2665
vn -0.0321 -0.9638 -0.2646
vn 0.0321 -0.9638 0.2646
vn 0.0000 -0.9638 -0.2665
vn 0.0638 -0.9638 0.2588
vn 0.0321 -0.9638 -0.2646
vn 0.0945 -0.9638 0.2492
vn 0.0638 -0.9638 -0.2588
vn 0.1239 -0.9638 0.2360
vn 0.0945 -0.9638 -0.2492
vn 0.1514 -0.9638 0.2193
vn 0.1239 -0.9638 -0.2360
vn 0.1767 -0.9638 0.1995
vn 0.1514 -0.9638 -0.2193
vn 0.1995 -0.9638 0.1767
vn 0.1767 -0.9638 -0.1995
vn 0.2193 -0.9638 0.1514
vn 0.1995 -0.9638 -0.1767
vn 0.2360 -0.9638 0.1239
vn 0.2193 -0.9638 -0.1514
vn 0.2492 -0.9638 0.0945
vn 0.2360 -0.9638 -0.1239
vn 0.2588 -0.9638 0.0638
vn 0.2492 -0.9638 -0.0945
vn 0.2646 -0.9638 0.0321
vn 0.2588 -0.9638 -0.0638
vn 0.2665 -0.9638 -0.0000
vn 0.2646 -0.9638 -0.0321
# 886 vertex normals

vt 0.0000 0.5000 0.0000
vt 0.1981 0.5000 0.0000
vt 0.2027 0.5524 0.0000
vt 0.0076 0.5868 0.0000
vt 0.0000 0.0000 0.0000
vt 0.0278 0.0000 0.0000
vt 0.0278 1.0000 0.0000
vt 0.0000 1.0000 0.0000
vt 1.0000 0.5000 0.0000
vt 0.9924 0.5868 0.0000
vt 0.7973 0.5524 0.0000
vt 0.8019 0.5000 0.0000
vt 0.2163 0.6032 0.0000
vt 0.0302 0.6710 0.0000
vt 0.0556 0.0000 0.0000
vt 0.0556 1.0000 0.0000
vt 0.9698 0.6710 0.0000
vt 0.7837 0.6032 0.0000
vt 0.2386 0.6509 0.0000
vt 0.0670 0.7500 0.0000
vt 0.0833 0.0000 0.0000
vt 0.0833 1.0000 0.0000
vt 0.9330 0.7500 0.0000
vt 0.7614 0.6509 0.0000
vt 0.2688 0.6940 0.0000
vt 0.1170 0.8214 0.0000
vt 0.1111 0.0000 0.0000
vt 0.1111 1.0000 0.0000
vt 0.8830 0.8214 0.0000
vt 0.7312 0.6940 0.0000
vt 0.3060 0.7312 0.0000
vt 0.1786 0.8830 0.0000
vt 0.1389 0.0000 0.0000
vt 0.1389 1.0000 0.0000
vt 0.8214 0.8830 0.0000
vt 0.6940 0.7312 0.0000
vt 0.3491 0.7614 0.0000
vt 0.2500 0.9330 0.0000
vt 0.1667 0.0000 0.0000
vt 0.1667 1.0000 0.0000
vt 0.7500 0.9330 0.0000
vt 0.6509 0.7614 0.0000
vt 0.3968 0.7837 0.0000
vt 0.3290 0.9698 0.0000
vt 0.1944 0.0000 0.0000
vt 0.1944 1.0000 0.0000
vt 0.6710 0.9698 0.0000
vt 0.6032 0.7837 0.0000
vt 0.4476 0.7973 0.0000
vt 0.4132 0.9924 0.0000
vt 0.2222 0.0000 0.0000
vt 0.2222 1.0000 0.0000
vt 0.5868 0.9924 0.0000
vt 0.5524 0.7973 0.0000
vt 0.5000 0.8019 0.0000
vt 0.5000 1.0000 0.0000
vt 0.2500 0.0000 0.0000
vt 0.2500 1.0000 0.0000
vt 0.2778 0.0000 0.0000
vt 0.2778 1.0000 0.0000
vt 0.3056 0.0000 0.0000
vt 0.3056 1.0000 0.0000
vt 0.3333 0.0000 0.0000
vt 0.3333 1.0000 0.0000
vt 0.3611 0.0000 0.0000
vt 0.3611 1.0000 0.0000
vt 0.3889 0.0000 0.0000
vt 0.3889 1.0000 0.0000
vt 0.4167 0.0000 0.0000
vt 0.4167 1.0000 0.0000
vt 0.4444 0.0000 0.0000
vt 0.4444 1.0000 0.0000
vt 0.4722 0.0000 0.0000
vt 0.4722 1.0000 0.0000
vt 0.5000 0.0000 0.0000
vt 0.7973 0.4476 0.0000
vt 0.9924 0.4132 0.0000
vt 0.5278 0.0000 0.0000
vt 0.5278 1.0000 0.0000
vt 0.0076 0.4132 0.0000
vt 0.2027 0.4476 0.0000
vt 0.7837 0.3968 0.0000
vt 0.9698 0.3290 0.0000
vt 0.5556 0.0000 0.0000
vt 0.5556 1.0000 0.0000
vt 0.0302 0.3290 0.0000
vt 0.2163 0.3968 0.0000
vt 0.7614 0.3491 0.0000
vt 0.9330 0.2500 0.0000
vt 0.5833 0.0000 0.0000
vt 0.5833 1.0000 0.0000
vt 0.0670 0.2500 0.0000
vt 0.2386 0.3491 0.0000
vt 0.7312 0.3060 0.0000
vt 0.8830 0.1786 0.0000
vt 0.6111 0.0000 0.0000
vt 0.6111 1.0000 0.0000
vt 0.1170 0.1786 0.0000
vt 0.2688 0.3060 0.0000
vt 0.6940 0.2688 0.0000
vt 0.8214 0.1170 0.0000
vt 0.6389 0.0000 0.0000
vt 0.6389 1.0000 0.0000
vt 0.1786 0.1170 0.0000
vt 0.3060 0.2688 0.0000
vt 0.6509 0.2386 0.0000
vt 0.7500 0.0670 0.0000
vt 0.6667 0.0000 0.0000
vt 0.6667 1.0000 0.0000
vt 0.2500 0.0670 0.0000
vt 0.3491 0.2386 0.0000
vt 0.6032 0.2163 0.0000
vt 0.6710 0.0302 0.0000
vt 0.6944 0.0000 0.0000
vt 0.6944 1.0000 0.0000
vt 0.3290 0.0302 0.0000
vt 0.3968 0.2163 0.0000
vt 0.5524 0.2027 0.0000
vt 0.5868 0.0076 0.0000
vt 0.7222 0.0000 0.0000
vt 0.7222 1.0000 0.0000
vt 0.4132 0.0076 0.0000
vt 0.4476 0.2027 0.0000
vt 0.5000 0.1981 0.0000
vt 0.7500 0.0000 0.0000
vt 0.7500 1.0000 0.0000
vt 0.7778 0.0000 0.0000
vt 0.7778 1.0000 0.0000
vt 0.8056 0.0000 0.0000
vt 0.8056 1.0000 0.0000
vt 0.8333 0.0000 0.0000
vt 0.8333 1.0000 0.0000
vt 0.8611 0.0000 0.0000
vt 0.8611 1.0000 0.0000
vt 0.8889 0.0000 0.0000
vt 0.8889 1.0000 0.0000
vt 0.9167 0.0000 0.0000
vt 0.9167 1.0000 0.0000
vt 0.9444 0.0000 0.0000
vt 0.9444 1.0000 0.0000
vt 0.9722 0.0000 0.0000
vt 0.9722 1.0000 0.0000
vt 1.0000 0.0000 0.0000
vt 1.0000 1.0000 0.0000
vt 0.3303 0.5000 0.0000
vt 0.3329 0.5295 0.0000
vt 0.6671 0.5295 0.0000
vt 0.6697 0.5000 0.0000
vt 0.3406 0.5580 0.0000
vt 0.6594 0.5580 0.0000
vt 0.3531 0.5848 0.0000
vt 0.6469 0.5848 0.0000
vt 0.3700 0.6091 0.0000
vt 0.6300 0.6091 0.0000
vt 0.3909 0.6300 0.0000
vt 0.6091 0.6300 0.0000
vt 0.4152 0.6469 0.0000
vt 0.5848 0.6469 0.0000
vt 0.4420 0.6594 0.0000
vt 0.5580 0.6594 0.0000
vt 0.4705 0.6671 0.0000
vt 0.5295 0.6671 0.0000
vt 0.5000 0.6697 0.0000
vt 0.6671 0.4705 0.0000
vt 0.3329 0.4705 0.0000
vt 0.6594 0.4420 0.0000
vt 0.3406 0.4420 0.0000
vt 0.6469 0.4152 0.0000
vt 0.3531 0.4152 0.0000
vt 0.6300 0.3909 0.0000
vt 0.3700 0.3909 0.0000
vt 0.6091 0.3700 0.0000
vt 0.3909 0.3700 0.0000
vt 0.5848 0.3531 0.0000
vt 0.4152 0.3531 0.0000
vt 0.5580 0.3406 0.0000
vt 0.4420 0.3406 0.0000
vt 0.5295 0.3329 0.0000
vt 0.4705 0.3329 0.0000
vt 0.5000 0.3303 0.0000
vt 0.0192 0.5385 0.0000
vt 0.0000 0.5385 0.0000
vt 0.0192 0.5000 0.0000
vt 0.0385 0.5385 0.0000
vt 0.0385 0.5000 0.0000
vt 0.0577 0.5385 0.0000
vt 0.0577 0.5000 0.0000
vt 0.0769 0.5385 0.0000
vt 0.0769 0.5000 0.0000
vt 0.0962 0.5385 0.0000
vt 0.0962 0.5000 0.0000
vt 0.1154 0.5385 0.0000
vt 0.1154 0.5000 0.0000
vt 0.1346 0.5385 0.0000
vt 0.1346 0.5000 0.0000
vt 0.1538 0.5385 0.0000
vt 0.1538 0.5000 0.0000
vt 0.1731 0.5385 0.0000
vt 0.1731 0.5000 0.0000
vt 0.1923 0.5385 0.0000
vt 0.1923 0.5000 0.0000
vt 0.2115 0.5385 0.0000
vt 0.2115 0.5000 0.0000
vt 0.2308 0.5385 0.0000
vt 0.2308 0.5000 0.0000
vt 0.2500 0.5385 0.0000
vt 0.2500 0.5000 0.0000
vt 0.2692 0.5385 0.0000
vt 0.2692 0.5000 0.0000
vt 0.2885 0.5385 0.0000
vt 0.2885 0.5000 0.0000
vt 0.3077 0.5385 0.0000
vt 0.3077 0.5000 0.0000
vt 0.3269 0.5385 0.0000
vt 0.3269 0.5000 0.0000
vt 0.3462 0.5385 0.0000
vt 0.3462 0.5000 0.0000
vt 0.3654 0.5385 0.0000
vt 0.3654 0.5000 0.0000
vt 0.3846 0.5385 0.0000
vt 0.3846 0.5000 0.0000
vt 0.4038 0.5385 0.0000
vt 0.4038 0.5000 0.0000
vt 0.4231 0.5385 0.0000
vt 0.4231 0.5000 0.0000
vt 0.4423 0.5385 0.0000
vt 0.4423 0.5000 0.0000
vt 0.4615 0.5385 0.0000
vt 0.4615 0.5000 0.0000
vt 0.4808 0.5385 0.0000
vt 0.4808 0.5000 0.0000
vt 0.5000 0.5385 0.0000
vt 0.5000 0.5000 0.0000
vt 0.5192 0.5385 0.0000
vt 0.5192 0.5000 0.0000
vt 0.5385 0.5385 0.0000
vt 0.5385 0.5000 0.0000
vt 0.5577 0.5385 0.0000
vt 0.5577 0.5000 0.0000
vt 0.5769 0.5385 0.0000
vt 0.5769 0.5000 0.0000
vt 0.5962 0.5385 0.0000
vt 0.5962 0.5000 0.0000
vt 0.6154 0.5385 0.0000
vt 0.6154 0.5000 0.0000
vt 0.6346 0.5385 0.0000
vt 0.6346 0.5000 0.0000
vt 0.6538 0.5385 0.0000
vt 0.6538 0.5000 0.0000
vt 0.6731 0.5385 0.0000
vt 0.6731 0.5000 0.0000
vt 0.6923 0.5385 0.0000
vt 0.6923 0.5000 0.0000
vt 0.7115 0.5385 0.0000
vt 0.7115 0.5000 0.0000
vt 0.7308 0.5385 0.0000
vt 0.7308 0.5000 0.0000
vt 0.7500 0.5385 0.0000
vt 0.7500 0.5000 0.0000
vt 0.7692 0.5385 0.0000
vt 0.7692 0.5000 0.0000
vt 0.7885 0.5385 0.0000
vt 0.7885 0.5000 0.0000
vt 0.8077 0.5385 0.0000
vt 0.8077 0.5000 0.0000
vt 0.8269 0.5385 0.0000
vt 0.8269 0.5000 0.0000
vt 0.8462 0.5385 0.0000
vt 0.8462 0.5000 0.0000
vt 0.8654 0.5385 0.0000
vt 0.8654 0.5000 0.0000
vt 0.8846 0.5385 0.0000
vt 0.8846 0.5000 0.0000
vt 0.9038 0.5385 0.0000
vt 0.9038 0.5000 0.0000
vt 0.9231 0.5000 0.0000
vt 0.9231 0.5385 0.0000
vt 0.9423 0.5000 0.0000
vt 0.9423 0.5385 0.0000
vt 0.9615 0.5385 0.0000
vt 0.9615 0.5000 0.0000
vt 0.9808 0.5385 0.0000
vt 0.9808 0.5000 0.0000
vt 1.0000 0.5385 0.0000
vt 0.0192 0.5769 0.0000
vt 0.0000 0.5769 0.0000
vt 0.0385 0.5769 0.0000
vt 0.0577 0.5769 0.0000
vt 0.0769 0.5769 0.0000
vt 0.0962 0.5769 0.0000
vt 0.1154 0.5769 0.0000
vt 0.1346 0.5769 0.0000
vt 0.1538 0.5769 0.0000
vt 0.1731 0.5769 0.0000
vt 0.1923 0.5769 0.0000
vt 0.2115 0.5769 0.0000
vt 0.2308 0.5769 0.0000
vt 0.2500 0.5769 0.0000
vt 0.2692 0.5769 0.0000
vt 0.2885 0.5769 0.0000
vt 0.3077 0.5769 0.0000
vt 0.3269 0.5769 0.0000
vt 0.3462 0.5769 0.0000
vt 0.3654 0.5769 0.0000
vt 0.3846 0.5769 0.0000
vt 0.4038 0.5769 0.0000
vt 0.4231 0.5769 0.0000
vt 0.4423 0.5769 0.0000
vt 0.4615 0.5769 0.0000
vt 0.4808 0.5769 0.0000
vt 0.5000 0.5769 0.0000
vt 0.5192 0.5769 0.0000
vt 0.5385 0.5769 0.0000
vt 0.5577 0.5769 0.0000
vt 0.5769 0.5769 0.0000
vt 0.5962 0.5769 0.0000
vt 0.6154 0.5769 0.0000
vt 0.6346 0.5769 0.0000
vt 0.6538 0.5769 0.0000
vt 0.6731 0.5769 0.0000
vt 0.6923 0.5769 0.0000
vt 0.7115 0.5769 0.0000
vt 0.7308 0.5769 0.0000
vt 0.7500 0.5769 0.0000
vt 0.7692 0.5769 0.0000
vt 0.7885 0.5769 0.0000
vt 0.8077 0.5769 0.0000
vt 0.8269 0.5769 0.0000
vt 0.8462 0.5769 0.0000
vt 0.8654 0.5769 0.0000
vt 0.8846 0.5769 0.0000
vt 0.9038 0.5769 0.0000
vt 0.9231 0.5769 0.0000
vt 0.9423 0.5769 0.0000
vt 0.9615 0.5769 0.0000
vt 0.9808 0.5769 0.0000
vt 1.0000 0.5769 0.0000
vt 0.0192 0.6154 0.0000
vt 0.0000 0.6154 0.0000
vt 0.0385 0.6154 0.0000
vt 0.0577 0.6154 0.0000
vt 0.0769 0.6154 0.0000
vt 0.0962 0.6154 0.0000
vt 0.1154 0.6154 0.0000
vt 0.1346 0.6154 0.0000
vt 0.1538 0.6154 0.0000
vt 0.1731 0.6154 0.0000
vt 0.1923 0.6154 0.0000
vt 0.2115 0.6154 0.0000
vt 0.2308 0.6154 0.0000
vt 0.2500 0.6154 0.0000
vt 0.2692 0.6154 0.0000
vt 0.2885 0.6154 0.0000
vt 0.3077 0.6154 0.0000
vt 0.3269 0.6154 0.0000
vt 0.3462 0.6154 0.0000
vt 0.3654 0.6154 0.0000
vt 0.3846 0.6154 0.0000
vt 0.4038 0.6154 0.0000
vt 0.4231 0.6154 0.0000
vt 0.4423 0.6154 0.0000
vt 0.4615 0.6154 0.0000
vt 0.4808 0.6154 0.0000
vt 0.5000 0.6154 0.0000
vt 0.5192 0.6154 0.0000
vt 0.5385 0.6154 0.0000
vt 0.5577 0.6154 0.0000
vt 0.5769 0.6154 0.0000
vt 0.5962 0.6154 0.0000
vt 0.6154 0.6154 0.0000
vt 0.6346 0.6154 0.0000
vt 0.6538 0.6154 0.0000
vt 0.6731 0.6154 0.0000
vt 0.6923 0.6154 0.0000
vt 0.7115 0.6154 0.0000
vt 0.7308 0.6154 0.0000
vt 0.7500 0.6154 0.0000
vt 0.7692 0.6154 0.0000
vt 0.7885 0.6154 0.0000
vt 0.8077 0.6154 0.0000
vt 0.8269 0.6154 0.0000
vt 0.8462 0.6154 0.0000
vt 0.8654 0.6154 0.0000
vt 0.8846 0.6154 0.0000
vt 0.9038 0.6154 0.0000
vt 0.9231 0.6154 0.0000
vt 0.9423 0.6154 0.0000
vt 0.9615 0.6154 0.0000
vt 0.9808 0.6154 0.0000
vt 1.0000 0.6154 0.0000
vt 0.0192 0.6538 0.0000
vt 0.0000 0.6538 0.0000
vt 0.0385 0.6538 0.0000
vt 0.0577 0.6538 0.0000
vt 0.0769 0.6538 0.0000
vt 0.0962 0.6538 0.0000
vt 0.1154 0.6538 0.0000
vt 0.1346 0.6538 0.0000
vt 0.1538 0.6538 0.0000
vt 0.1731 0.6538 0.0000
vt 0.1923 0.6538 0.0000
vt 0.2115 0.6538 0.0000
vt 0.2308 0.6538 0.0000
vt 0.2500 0.6538 0.0000
vt 0.2692 0.6538 0.0000
vt 0.2885 0.6538 0.0000
vt 0.3077 0.6538 0.0000
vt 0.3269 0.6538 0.0000
vt 0.3462 0.6538 0.0000
vt 0.3654 0.6538 0.0000
vt 0.3846 0.6538 0.0000
vt 0.4038 0.6538 0.0000
vt 0.4231 0.6538 0.0000
vt 0.4423 0.6538 0.0000
vt 0.4615 0.6538 0.0000
vt 0.4808 0.6538 0.0000
vt 0.5000 0.6538 0.0000
vt 0.5192 0.6538 0.0000
vt 0.5385 0.6538 0.0000
vt 0.5577 0.6538 0.0000
vt 0.5769 0.6538 0.0000
vt 0.5962 0.6538 0.0000
vt 0.6154 0.6538 0.0000
vt 0.6346 0.6538 0.0000
vt 0.6538 0.6538 0.0000
vt 0.6731 0.6538 0.0000
vt 0.6923 0.6538 0.0000
vt 0.7115 0.6538 0.0000
vt 0.7308 0.6538 0.0000
vt 0.7500 0.6538 0.0000
vt 0.7692 0.6538 0.0000
vt 0.7885 0.6538 0.0000
vt 0.8077 0.6538 0.0000
vt 0.8269 0.6538 0.0000
vt 0.8462 0.6538 0.0000
vt 0.8654 0.6538 0.0000
vt 0.8846 0.6538 0.0000
vt 0.9038 0.6538 0.0000
vt 0.9231 0.6538 0.0000
vt 0.9423 0.6538 0.0000
vt 0.9615 0.6538 0.0000
vt 0.9808 0.6538 0.0000
vt 1.0000 0.6538 0.0000
vt 0.0192 0.6923 0.0000
vt 0.0000 0.6923 0.0000
vt 0.0385 0.6923 0.0000
vt 0.0577 0.6923 0.0000
vt 0.0769 0.6923 0.0000
vt 0.0962 0.6923 0.0000
vt 0.1154 0.6923 0.0000
vt 0.1346 0.6923 0.0000
vt 0.1538 0.6923 0.0000
vt 0.1731 0.6923 0.0000
vt 0.1923 0.6923 0.0000
vt 0.2115 0.6923 0.0000
vt 0.2308 0.6923 0.0000
vt 0.2500 0.6923 0.0000
vt 0.2692 0.6923 0.0000
vt 0.2885 0.6923 0.0000
vt 0.3077 0.6923 0.0000
vt 0.3269 0.6923 0.0000
vt 0.3462 0.6923 0.0000
vt 0.3654 0.6923 0.0000
vt 0.3846 0.6923 0.0000
vt 0.4038 0.6923 0.0000
vt 0.4231 0.6923 0.0000
vt 0.4423 0.6923 0.0000
vt 0.4615 0.6923 0.0000
vt 0.4808 0.6923 0.0000
vt 0.5000 0.6923 0.0000
vt 0.5192 0.6923 0.0000
vt 0.5385 0.6923 0.0000
vt 0.5577 0.6923 0.0000
vt 0.5769 0.6923 0.0000
vt 0.5962 0.6923 0.0000
vt 0.6154 0.6923 0.0000
vt 0.6346 0.6923 0.0000
vt 0.6538 0.6923 0.0000
vt 0.6731 0.6923 0.0000
vt 0.6923 0.6923 0.0000
vt 0.7115 0.6923 0.0000
vt 0.7308 0.6923 0.0000
vt 0.7500 0.6923 0.0000
vt 0.7692 0.6923 0.0000
vt 0.7885 0.6923 0.0000
vt 0.8077 0.6923 0.0000
vt 0.8269 0.6923 0.0000
vt 0.8462 0.6923 0.0000
vt 0.8654 0.6923 0.0000
vt 0.8846 0.6923 0.0000
vt 0.9038 0.6923 0.0000
vt 0.9231 0.6923 0.0000
vt 0.9423 0.6923 0.0000
vt 0.9615 0.6923 0.0000
vt 0.9808 0.6923 0.0000
vt 1.0000 0.6923 0.0000
vt 0.0192 0.7308 0.0000
vt 0.0000 0.7308 0.0000
vt 0.0385 0.7308 0.0000
vt 0.0577 0.7308 0.0000
vt 0.0769 0.7308 0.0000
vt 0.0962 0.7308 0.0000
vt 0.1154 0.7308 0.0000
vt 0.1346 0.7308 0.0000
vt 0.1538 0.7308 0.0000
vt 0.1731 0.7308 0.0000
vt 0.1923 0.7308 0.0000
vt 0.2115 0.7308 0.0000
vt 0.2308 0.7308 0.0000
vt 0.2500 0.7308 0.0000
vt 0.2692 0.7308 0.0000
vt 0.2885 0.7308 0.0000
vt 0.3077 0.7308 0.0000
vt 0.3269 0.7308 0.0000
vt 0.3462 0.7308 0.0000
vt 0.3654 0.7308 0.0000
vt 0.3846 0.7308 0.0000
vt 0.4038 0.7308 0.0000
vt 0.4231 0.7308 0.0000
vt 0.4423 0.7308 0.0000
vt 0.4615 0.7308 0.0000
vt 0.4808 0.7308 0.0000
vt 0.5000 0.7308 0.0000
vt 0.5192 0.7308 0.0000
vt 0.5385 0.7308 0.0000
vt 0.5577 0.7308 0.0000
vt 0.5769 0.7308 0.0000
vt 0.5962 0.7308 0.0000
vt 0.6154 0.7308 0.0000
vt 0.6346 0.7308 0.0000
vt 0.6538 0.7308 0.0000
vt 0.6731 0.7308 0.0000
vt 0.6923 0.7308 0.0000
vt 0.7115 0.7308 0.0000
vt 0.7308 0.7308 0.0000
vt 0.7500 0.7308 0.0000
vt 0.7692 0.7308 0.0000
vt 0.7885 0.7308 0.0000
vt 0.8077 0.7308 0.0000
vt 0.8269 0.7308 0.0000
vt 0.8462 0.7308 0.0000
vt 0.8654 0.7308 0.0000
vt 0.8846 0.7308 0.0000
vt 0.9038 0.7308 0.0000
vt 0.9231 0.7308 0.0000
vt 0.9423 0.7308 0.0000
vt 0.9615 0.7308 0.0000
vt 0.9808 0.7308 0.0000
vt 1.0000 0.7308 0.0000
vt 0.0192 0.7692 0.0000
vt 0.0000 0.7692 0.0000
vt 0.0385 0.7692 0.0000
vt 0.0577 0.7692 0.0000
vt 0.0769 0.7692 0.0000
vt 0.0962 0.7692 0.0000
vt 0.1154 0.7692 0.0000
vt 0.1346 0.7692 0.0000
vt 0.1538 0.7692 0.0000
vt 0.1731 0.7692 0.0000
vt 0.1923 0.7692 0.0000
vt 0.2115 0.7692 0.0000
vt 0.2308 0.7692 0.0000
vt 0.2500 0.7692 0.0000
vt 0.2692 0.7692 0.0000
vt 0.2885 0.7692 0.0000
vt 0.3077 0.7692 0.0000
vt 0.3269 0.7692 0.0000
vt 0.3462 0.7692 0.0000
vt 0.3654 0.7692 0.0000
vt 0.3846 0.7692 0.0000
vt 0.4038 0.7692 0.0000
vt 0.4231 0.7692 0.0000
vt 0.4423 0.7692 0.0000
vt 0.4615 0.7692 0.0000
vt 0.4808 0.7692 0.0000
vt 0.5000 0.7692 0.0000
vt 0.5192 0.7692 0.0000
vt 0.5385 0.7692 0.0000
vt 0.5577 0.7692 0.0000
vt 0.5769 0.7692 0.0000
vt 0.5962 0.7692 0.0000
vt 0.6154 0.7692 0.0000
vt 0.6346 0.7692 0.0000
vt 0.6538 0.7692 0.0000
vt 0.6731 0.7692 0.0000
vt 0.6923 0.7692 0.0000
vt 0.7115 0.7692 0.0000
vt 0.7308 0.7692 0.0000
vt 0.7500 0.7692 0.0000
vt 0.7692 0.7692 0.0000
vt 0.7885 0.7692 0.0000
vt 0.8077 0.7692 0.0000
vt 0.8269 0.7692 0.0000
vt 0.8462 0.7692 0.0000
vt 0.8654 0.7692 0.0000
vt 0.8846 0.7692 0.0000
vt 0.9038 0.7692 0.0000
vt 0.9231 0.7692 0.0000
vt 0.9423 0.7692 0.0000
vt 0.9615 0.7692 0.0000
vt 0.9808 0.7692 0.0000
vt 1.0000 0.7692 0.0000
vt 0.0192 0.8077 0.0000
vt 0.0000 0.8077 0.0000
vt 0.0385 0.8077 0.0000
vt 0.0577 0.8077 0.0000
vt 0.0769 0.8077 0.0000
vt 0.0962 0.8077 0.0000
vt 0.1154 0.8077 0.0000
vt 0.1346 0.8077 0.0000
vt 0.1538 0.8077 0.0000
vt 0.1731 0.8077 0.0000
vt 0.1923 0.8077 0.0000
vt 0.2115 0.8077 0.0000
vt 0.2308 0.8077 0.0000
vt 0.2500 0.8077 0.0000
vt 0.2692 0.8077 0.0000
vt 0.2885 0.8077 0.0000
vt 0.3077 0.8077 0.0000
vt 0.3269 0.8077 0.0000
vt 0.3462 0.8077 0.0000
vt 0.3654 0.8077 0.0000
vt 0.3846 0.8077 0.0000
vt 0.4038 0.8077 0.0000
vt 0.4231 0.8077 0.0000
vt 0.4423 0.8077 0.0000
vt 0.4615 0.8077 0.0000
vt 0.4808 0.8077 0.0000
vt 0.5000 0.8077 0.0000
vt 0.5192 0.8077 0.0000
vt 0.5385 0.8077 0.0000
vt 0.5577 0.8077 0.0000
vt 0.5769 0.8077 0.0000
vt 0.5962 0.8077 0.0000
vt 0.6154 0.8077 0.0000
vt 0.6346 0.8077 0.0000
vt 0.6538 0.8077 0.0000
vt 0.6731 0.8077 0.0000
vt 0.6923 0.8077 0.0000
vt 0.7115 0.8077 0.0000
vt 0.7308 0.8077 0.0000
vt 0.7500 0.8077 0.0000
vt 0.7692 0.8077 0.0000
vt 0.7885 0.8077 0.0000
vt 0.8077 0.8077 0.0000
vt 0.8269 0.8077 0.0000
vt 0.8462 0.8077 0.0000
vt 0.8654 0.8077 0.0000
vt 0.8846 0.8077 0.0000
vt 0.9038 0.8077 0.0000
vt 0.9231 0.8077 0.0000
vt 0.9423 0.8077 0.0000
vt 0.9615 0.8077 0.0000
vt 0.9808 0.8077 0.0000
vt 1.0000 0.8077 0.0000
vt 0.0192 0.8462 0.0000
vt 0.0000 0.8462 0.0000
vt 0.0385 0.8462 0.0000
vt 0.0577 0.8462 0.0000
vt 0.0769 0.8462 0.0000
vt 0.0962 0.8462 0.0000
vt 0.1154 0.8462 0.0000
vt 0.1346 0.8462 0.0000
vt 0.1538 0.8462 0.0000
vt 0.1731 0.8462 0.0000
vt 0.1923 0.8462 0.0000
vt 0.2115 0.8462 0.0000
vt 0.2308 0.8462 0.0000
vt 0.2500 0.8462 0.0000
vt 0.2692 0.8462 0.0000
vt 0.2885 0.8462 0.0000
vt 0.3077 0.8462 0.0000
vt 0.3269 0.8462 0.0000
vt 0.3462 0.8462 0.0000
vt 0.3654 0.8462 0.0000
vt 0.3846 0.8462 0.0000
vt 0.4038 0.8462 0.0000
vt 0.4231 0.8462 0.0000
vt 0.4423 0.8462 0.0000
vt 0.4615 0.8462 0.0000
vt 0.4808 0.8462 0.0000
vt 0.5000 0.8462 0.0000
vt 0.5192 0.8462 0.0000
vt 0.5385 0.8462 0.0000
vt 0.5577 0.8462 0.0000
vt 0.5769 0.8462 0.0000
vt 0.5962 0.8462 0.0000
vt 0.6154 0.8462 0.0000
vt 0.6346 0.8462 0.0000
vt 0.6538 0.8462 0.0000
vt 0.6731 0.8462 0.0000
vt 0.6923 0.8462 0.0000
vt 0.7115 0.8462 0.0000
vt 0.7308 0.8462 0.0000
vt 0.7500 0.8462 0.0000
vt 0.7692 0.8462 0.0000
vt 0.7885 0.8462 0.0000
vt 0.8077 0.8462 0.0000
vt 0.8269 0.8462 0.0000
vt 0.8462 0.8462 0.0000
vt 0.8654 0.8462 0.0000
vt 0.8846 0.8462 0.0000
vt 0.9038 0.8462 0.0000
vt 0.9231 0.8462 0.0000
vt 0.9423 0.8462 0.0000
vt 0.9615 0.8462 0.0000
vt 0.9808 0.8462 0.0000
vt 1.0000 0.8462 0.0000
vt 0.0192 0.8846 0.0000
vt 0.0000 0.8846 0.0000
vt 0.0385 0.8846 0.0000
vt 0.0577 0.8846 0.0000
vt 0.0769 0.8846 0.0000
vt 0.0962 0.8846 0.0000
vt 0.1154 0.8846 0.0000
vt 0.1346 0.8846 0.0000
vt 0.1538 0.8846 0.0000
vt 0.1731 0.8846 0.0000
vt 0.1923 0.8846 0.0000
vt 0.2115 0.8846 0.0000
vt 0.2308 0.8846 0.0000
vt 0.2500 0.8846 0.0000
vt 0.2692 0.8846 0.0000
vt 0.2885 0.8846 0.0000
vt 0.3077 0.8846 0.0000
vt 0.3269 0.8846 0.0000
vt 0.3462 0.8846 0.0000
vt 0.3654 0.8846 0.0000
vt 0.3846 0.8846 0.0000
vt 0.4038 0.8846 0.0000
vt 0.4231 0.8846 0.0000
vt 0.4423 0.8846 0.0000
vt 0.4615 0.8846 0.0000
vt 0.4808 0.8846 0.0000
vt 0.5000 0.8846 0.0000
vt 0.5192 0.8846 0.0000
vt 0.5385 0.8846 0.0000
vt 0.5577 0.8846 0.0000
vt 0.5769 0.8846 0.0000
vt 0.5962 0.8846 0.0000
vt 0.6154 0.8846 0.0000
vt 0.6346 0.8846 0.0000
vt 0.6538 0.8846 0.0000
vt 0.6731 0.8846 0.0000
vt 0.6923 0.8846 0.0000
vt 0.7115 0.8846 0.0000
vt 0.7308 0.8846 0.0000
vt 0.7500 0.8846 0.0000
vt 0.7692 0.8846 0.0000
vt 0.7885 0.8846 0.0000
vt 0.8077 0.8846 0.0000
vt 0.8269 0.8846 0.0000
vt 0.8462 0.8846 0.0000
vt 0.8654 0.8846 0.0000
vt 0.8846 0.8846 0.0000
vt 0.9038 0.8846 0.0000
vt 0.9231 0.8846 0.0000
vt 0.9423 0.8846 0.0000
vt 0.9615 0.8846 0.0000
vt 0.9808 0.8846 0.0000
vt 1.0000 0.8846 0.0000
vt 0.0192 0.9231 0.0000
vt 0.0000 0.9231 0.0000
vt 0.0385 0.9231 0.0000
vt 0.0577 0.9231 0.0000
vt 0.0769 0.9231 0.0000
vt 0.0962 0.9231 0.0000
vt 0.1154 0.9231 0.0000
vt 0.1346 0.9231 0.0000
vt 0.1538 0.9231 0.0000
vt 0.1731 0.9231 0.0000
vt 0.1923 0.9231 0.0000
vt 0.2115 0.9231 0.0000
vt 0.2308 0.9231 0.0000
vt 0.2500 0.9231 0.0000
vt 0.2692 0.9231 0.0000
vt 0.2885 0.9231 0.0000
vt 0.3077 0.9231 0.0000
vt 0.3269 0.9231 0.0000
vt 0.3462 0.9231 0.0000
vt 0.3654 0.9231 0.0000
vt 0.3846 0.9231 0.0000
vt 0.4038 0.9231 0.0000
vt 0.4231 0.9231 0.0000
vt 0.4423 0.9231 0.0000
vt 0.4615 0.9231 0.0000
vt 0.4808 0.9231 0.0000
vt 0.5000 0.9231 0.0000
vt 0.5192 0.9231 0.0000
vt 0.5385 0.9231 0.0000
vt 0.5577 0.9231 0.0000
vt 0.5769 0.9231 0.0000
vt 0.5962 0.9231 0.0000
vt 0.6154 0.9231 0.0000
vt 0.6346 0.9231 0.0000
vt 0.6538 0.9231 0.0000
vt 0.6731 0.9231 0.0000
vt 0.6923 0.9231 0.0000
vt 0.7115 0.9231 0.0000
vt 0.7308 0.9231 0.0000
vt 0.7500 0.9231 0.0000
vt 0.7692 0.9231 0.0000
vt 0.7885 0.9231 0.0000
vt 0.8077 0.9231 0.0000
vt 0.8269 0.9231 0.0000
vt 0.8462 0.9231 0.0000
vt 0.8654 0.9231 0.0000
vt 0.8846 0.9231 0.0000
vt 0.9038 0.9231 0.0000
vt 0.9231 0.9231 0.0000
vt 0.9423 0.9231 0.0000
vt 0.9615 0.9231 0.0000
vt 0.9808 0.9231 0.0000
vt 1.0000 0.9231 0.0000
vt 0.0192 0.9615 0.0000
vt 0.0000 0.9615 0.0000
vt 0.0385 0.9615 0.0000
vt 0.0577 0.9615 0.0000
vt 0.0769 0.9615 0.0000
vt 0.0962 0.9615 0.0000
vt 0.1154 0.9615 0.0000
vt 0.1346 0.9615 0.0000
vt 0.1538 0.9615 0.0000
vt 0.1731 0.9615 0.0000
vt 0.1923 0.9615 0.0000
vt 0.2115 0.9615 0.0000
vt 0.2308 0.9615 0.0000
vt 0.2500 0.9615 0.0000
vt 0.2692 0.9615 0.0000
vt 0.2885 0.9615 0.0000
vt 0.3077 0.9615 0.0000
vt 0.3269 0.9615 0.0000
vt 0.3462 0.9615 0.0000
vt 0.3654 0.9615 0.0000
vt 0.3846 0.9615 0.0000
vt 0.4038 0.9615 0.0000
vt 0.4231 0.9615 0.0000
vt 0.4423 0.9615 0.0000
vt 0.4615 0.9615 0.0000
vt 0.4808 0.9615 0.0000
vt 0.5000 0.9615 0.0000
vt 0.5192 0.9615 0.0000
vt 0.5385 0.9615 0.0000
vt 0.5577 0.9615 0.0000
vt 0.5769 0.9615 0.0000
vt 0.5962 0.9615 0.0000
vt 0.6154 0.9615 0.0000
vt 0.6346 0.9615 0.0000
vt 0.6538 0.9615 0.0000
vt 0.6731 0.9615 0.0000
vt 0.6923 0.9615 0.0000
vt 0.7115 0.9615 0.0000
vt 0.7308 0.9615 0.0000
vt 0.7500 0.9615 0.0000
vt 0.7692 0.9615 0.0000
vt 0.7885 0.9615 0.0000
vt 0.8077 0.9615 0.0000
vt 0.8269 0.9615 0.0000
vt 0.8462 0.9615 0.0000
vt 0.8654 0.9615 0.0000
vt 0.8846 0.9615 0.0000
vt 0.9038 0.9615 0.0000
vt 0.9231 0.9615 0.0000
vt 0.9423 0.9615 0.0000
vt 0.9615 0.9615 0.0000
vt 0.9808 0.9615 0.0000
vt 1.0000 0.9615 0.0000
vt 0.0192 1.0000 0.0000
vt 0.0385 1.0000 0.0000
vt 0.0577 1.0000 0.0000
vt 0.0769 1.0000 0.0000
vt 0.0962 1.0000 0.0000
vt 0.1154 1.0000 0.0000
vt 0.1346 1.0000 0.0000
vt 0.1538 1.0000 0.0000
vt 0.1731 1.0000 0.0000
vt 0.1923 1.0000 0.0000
vt 0.2115 1.0000 0.0000
vt 0.2308 1.0000 0.0000
vt 0.2692 1.0000 0.0000
vt 0.2885 1.0000 0.0000
vt 0.3077 1.0000 0.0000
vt 0.3269 1.0000 0.0000
vt 0.3462 1.0000 0.0000
vt 0.3654 1.0000 0.0000
vt 0.3846 1.0000 0.0000
vt 0.4038 1.0000 0.0000
vt 0.4231 1.0000 0.0000
vt 0.4423 1.0000 0.0000
vt 0.4615 1.0000 0.0000
vt 0.4808 1.0000 0.0000
vt 0.5192 1.0000 0.0000
vt 0.5385 1.0000 0.0000
vt 0.5577 1.0000 0.0000
vt 0.5769 1.0000 0.0000
vt 0.5962 1.0000 0.0000
vt 0.6154 1.0000 0.0000
vt 0.6346 1.0000 0.0000
vt 0.6538 1.0000 0.0000
vt 0.6731 1.0000 0.0000
vt 0.6923 1.0000 0.0000
vt 0.7115 1.0000 0.0000
vt 0.7308 1.0000 0.0000
vt 0.7692 1.0000 0.0000
vt 0.7885 1.0000 0.0000
vt 0.8077 1.0000 0.0000
vt 0.8269 1.0000 0.0000
vt 0.8462 1.0000 0.0000
vt 0.8654 1.0000 0.0000
vt 0.8846 1.0000 0.0000
vt 0.9038 1.0000 0.0000
vt 0.9231 1.0000 0.0000
vt 0.9423 1.0000 0.0000
vt 0.9615 1.0000 0.0000
vt 0.9808 1.0000 0.0000
# 915 texture coords

o Tube_1
g Tube_1
usemtl Material__25
s 1
f 1/1/1 2/2/1 3/3/2 4/4/2 
f 1/5/3 4/6/4 5/7/5 6/8/3 
f 6/9/6 5/10/7 7/11/6 8/12/6 
f 8/5/8 7/6/9 3/7/9 2/8/8 
f 4/4/2 3/3/2 9/13/1 10/14/2 
f 5/7/5 4/6/4 10/15/10 11/16/10 
f 5/10/7 11/17/6 12/18/7 7/11/6 
f 7/6/9 12/15/11 9/16/11 3/7/9 
f 9/13/1 13/19/2 14/20/2 10/14/2 
f 10/15/10 14/21/12 15/22/12 11/16/10 
f 11/17/6 15/23/6 16/24/7 12/18/7 
f 12/15/11 16/21/13 13/22/13 9/16/11 
f 14/20/2 13/19/2 17/25/2 18/26/2 
f 14/21/12 18/27/14 19/28/14 15/22/12 
f 16/24/7 15/23/6 19/29/6 20/30/6 
f 13/22/13 16/21/13 20/27/15 17/28/15 
f 18/26/2 17/25/2 21/31/2 22/32/1 
f 19/28/14 18/27/14 22/33/16 23/34/17 
f 20/30/6 19/29/6 23/35/7 24/36/6 
f 17/28/15 20/27/15 24/33/18 21/34/19 
f 21/31/2 25/37/1 26/38/1 22/32/1 
f 23/34/17 22/33/16 26/39/20 27/40/20 
f 23/35/7 27/41/7 28/42/7 24/36/6 
f 28/39/21 25/40/21 21/34/19 24/33/18 
f 29/43/1 30/44/2 26/38/1 25/37/1 
f 30/45/22 31/46/22 27/40/20 26/39/20 
f 28/42/7 27/41/7 31/47/6 32/48/6 
f 28/39/21 32/45/23 29/46/23 25/40/21 
f 30/44/2 29/43/1 33/49/2 34/50/2 
f 30/45/22 34/51/24 35/52/24 31/46/22 
f 31/47/6 35/53/6 36/54/6 32/48/6 
f 29/46/23 32/45/23 36/51/25 33/52/25 
f 34/50/2 33/49/2 37/55/1 38/56/1 
f 34/51/24 38/57/26 39/58/26 35/52/24 
f 35/53/6 39/56/6 40/55/6 36/54/6 
f 33/52/25 36/51/25 40/57/27 37/58/28 
f 37/55/1 41/54/2 42/53/2 38/56/1 
f 38/57/26 42/59/29 43/60/29 39/58/26 
f 39/56/6 43/50/6 44/49/6 40/55/6 
f 40/57/27 44/59/30 41/60/30 37/58/28 
f 41/54/2 45/48/2 46/47/2 42/53/2 
f 43/60/29 42/59/29 46/61/31 47/62/31 
f 44/49/6 43/50/6 47/44/7 48/43/7 
f 44/59/30 48/61/32 45/62/32 41/60/30 
f 45/48/2 49/42/1 50/41/1 46/47/2 
f 46/61/31 50/63/33 51/64/33 47/62/31 
f 47/44/7 51/38/7 52/37/7 48/43/7 
f 45/62/32 48/61/32 52/63/34 49/64/35 
f 49/42/1 53/36/2 54/35/2 50/41/1 
f 54/65/36 55/66/37 51/64/33 50/63/33 
f 55/32/6 56/31/6 52/37/7 51/38/7 
f 56/65/38 53/66/39 49/64/35 52/63/34 
f 54/35/2 53/36/2 57/30/1 58/29/2 
f 54/65/36 58/67/40 59/68/40 55/66/37 
f 55/32/6 59/26/6 60/25/7 56/31/6 
f 53/66/39 56/65/38 60/67/41 57/68/41 
f 58/29/2 57/30/1 61/24/2 62/23/2 
f 59/68/40 58/67/40 62/69/42 63/70/42 
f 60/25/7 59/26/6 63/20/6 64/19/6 
f 57/68/41 60/67/41 64/69/43 61/70/43 
f 61/24/2 65/18/1 66/17/2 62/23/2 
f 62/69/42 66/71/44 67/72/44 63/70/42 
f 63/20/6 67/14/6 68/13/7 64/19/6 
f 64/69/43 68/71/45 65/72/45 61/70/43 
f 66/17/2 65/18/1 69/11/1 70/10/1 
f 67/72/44 66/71/44 70/73/46 71/74/47 
f 67/14/6 71/4/7 72/3/7 68/13/7 
f 68/71/45 72/73/48 69/74/48 65/72/45 
f 70/10/1 69/11/1 73/12/1 74/9/1 
f 71/74/47 70/73/46 74/75/8 75/56/8 
f 72/3/7 71/4/7 75/1/6 76/2/6 
f 72/73/48 76/75/3 73/56/3 69/74/48 
f 73/12/1 77/76/2 78/77/2 74/9/1 
f 75/56/8 74/75/8 78/78/9 79/79/49 
f 75/1/6 79/80/6 80/81/6 76/2/6 
f 80/78/4 77/79/4 73/56/3 76/75/3 
f 81/82/2 82/83/1 78/77/2 77/76/2 
f 82/84/11 83/85/11 79/79/49 78/78/9 
f 80/81/6 79/80/6 83/86/7 84/87/6 
f 80/78/4 84/84/10 81/85/10 77/79/4 
f 81/82/2 85/88/1 86/89/1 82/83/1 
f 83/85/11 82/84/11 86/90/13 87/91/13 
f 84/87/6 83/86/7 87/92/7 88/93/7 
f 84/84/10 88/90/12 85/91/12 81/85/10 
f 85/88/1 89/94/2 90/95/1 86/89/1 
f 87/91/13 86/90/13 90/96/15 91/97/15 
f 88/93/7 87/92/7 91/98/7 92/99/6 
f 88/90/12 92/96/14 89/97/14 85/91/12 
f 90/95/1 89/94/2 93/100/1 94/101/1 
f 90/96/15 94/102/18 95/103/19 91/97/15 
f 91/98/7 95/104/7 96/105/7 92/99/6 
f 89/97/14 92/96/14 96/102/16 93/103/50 
f 94/101/1 93/100/1 97/106/2 98/107/2 
f 94/102/18 98/108/21 99/109/21 95/103/19 
f 95/104/7 99/110/6 100/111/6 96/105/7 
f 96/102/16 100/108/51 97/109/20 93/103/50 
f 98/107/2 97/106/2 101/112/1 102/113/1 
f 98/108/21 102/114/23 103/115/23 99/109/21 
f 99/110/6 103/116/6 104/117/6 100/111/6 
f 97/109/20 100/108/51 104/114/22 101/115/22 
f 101/112/1 105/118/1 106/119/1 102/113/1 
f 106/120/25 107/121/25 103/115/23 102/114/23 
f 107/122/7 108/123/7 104/117/6 103/116/6 
f 108/120/24 105/121/24 101/115/22 104/114/22 
f 106/119/1 105/118/1 109/124/1 110/75/1 
f 107/121/25 106/120/25 110/125/28 111/126/28 
f 107/122/7 111/75/6 112/124/6 108/123/7 
f 105/121/24 108/120/24 112/125/52 109/126/26 
f 110/75/1 109/124/1 113/123/1 114/122/1 
f 111/126/28 110/125/28 114/127/30 115/128/30 
f 111/75/6 115/119/7 116/118/7 112/124/6 
f 112/125/52 116/127/29 113/128/29 109/126/26 
f 114/122/1 113/123/1 117/117/2 118/116/1 
f 114/127/30 118/129/32 119/130/32 115/128/30 
f 116/118/7 115/119/7 119/113/7 120/112/7 
f 113/128/29 116/127/29 120/129/31 117/130/31 
f 118/116/1 117/117/2 121/111/2 122/110/2 
f 119/130/32 118/129/32 122/131/35 123/132/35 
f 119/113/7 123/107/6 124/106/6 120/112/7 
f 120/129/31 124/131/33 121/132/33 117/130/31 
f 121/111/2 125/105/1 126/104/2 122/110/2 
f 122/131/35 126/133/38 127/134/53 123/132/35 
f 123/107/6 127/101/6 128/100/7 124/106/6 
f 121/132/33 124/131/33 128/133/36 125/134/37 
f 126/104/2 125/105/1 129/99/1 130/98/1 
f 126/133/38 130/135/41 131/136/41 127/134/53 
f 127/101/6 131/95/7 132/94/7 128/100/7 
f 132/135/40 129/136/40 125/134/37 128/133/36 
f 133/93/1 134/92/1 130/98/1 129/99/1 
f 134/137/43 135/138/43 131/136/41 130/135/41 
f 132/94/7 131/95/7 135/89/7 136/88/6 
f 132/135/40 136/137/42 133/138/42 129/136/40 
f 133/93/1 137/87/2 138/86/1 134/92/1 
f 134/137/43 138/139/45 139/140/45 135/138/43 
f 135/89/7 139/83/7 140/82/6 136/88/6 
f 136/137/42 140/139/44 137/140/44 133/138/42 
f 138/86/1 137/87/2 141/81/1 142/80/1 
f 139/140/45 138/139/45 142/141/48 143/142/54 
f 140/82/6 139/83/7 143/77/6 144/76/7 
f 140/139/44 144/141/46 141/142/46 137/140/44 
f 141/81/1 2/2/1 1/1/1 142/80/1 
f 142/141/48 1/143/3 6/144/3 143/142/54 
f 143/77/6 6/9/6 8/12/6 144/76/7 
f 144/141/46 8/143/8 2/144/8 141/142/46 
f 145/1/55 146/145/55 147/146/56 148/4/56 
f 145/5/57 148/6/58 149/7/58 150/8/57 
f 150/9/59 149/10/60 151/147/60 152/148/59 
f 152/5/61 151/6/62 147/7/63 146/8/61 
f 148/4/56 147/146/56 153/149/56 154/14/56 
f 149/7/58 148/6/58 154/15/64 155/16/64 
f 149/10/60 155/17/59 156/150/60 151/147/60 
f 147/7/63 151/6/62 156/15/65 153/16/65 
f 153/149/56 157/151/55 158/20/56 154/14/56 
f 158/21/66 159/22/66 155/16/64 154/15/64 
f 159/23/59 160/152/59 156/150/60 155/17/59 
f 160/21/67 157/22/67 153/16/65 156/15/65 
f 158/20/56 157/151/55 161/153/56 162/26/55 
f 158/21/66 162/27/68 163/28/68 159/22/66 
f 159/23/59 163/29/60 164/154/59 160/152/59 
f 160/21/67 164/27/69 161/28/69 157/22/67 
f 161/153/56 165/155/55 166/32/56 162/26/55 
f 162/27/68 166/33/70 167/34/71 163/28/68 
f 164/154/59 163/29/60 167/35/60 168/156/72 
f 164/27/69 168/33/73 165/34/74 161/28/69 
f 166/32/56 165/155/55 169/157/56 170/38/56 
f 167/34/71 166/33/70 170/39/75 171/40/75 
f 168/156/72 167/35/60 171/41/59 172/158/59 
f 165/34/74 168/33/73 172/39/76 169/40/76 
f 169/157/56 173/159/55 174/44/56 170/38/56 
f 170/39/75 174/45/77 175/46/77 171/40/75 
f 171/41/59 175/47/60 176/160/59 172/158/59 
f 172/39/76 176/45/78 173/46/78 169/40/76 
f 173/159/55 177/161/56 178/50/56 174/44/56 
f 174/45/77 178/51/79 179/52/79 175/46/77 
f 175/47/60 179/53/60 180/162/60 176/160/59 
f 176/45/78 180/51/80 177/52/80 173/46/78 
f 177/161/56 181/163/55 182/56/55 178/50/56 
f 179/52/79 178/51/79 182/57/26 183/58/26 
f 179/53/60 183/56/59 184/163/59 180/162/60 
f 177/52/80 180/51/80 184/57/81 181/58/81 
f 182/56/55 181/163/55 185/162/55 186/53/55 
f 183/58/26 182/57/26 186/59/82 187/60/82 
f 184/163/59 183/56/59 187/50/60 188/161/60 
f 181/58/81 184/57/81 188/59/83 185/60/83 
f 185/162/55 189/160/56 190/47/56 186/53/55 
f 187/60/82 186/59/82 190/61/84 191/62/84 
f 188/161/60 187/50/60 191/44/60 192/159/60 
f 185/60/83 188/59/83 192/61/85 189/62/85 
f 190/47/56 189/160/56 193/158/55 194/41/55 
f 190/61/84 194/63/86 195/64/86 191/62/84 
f 192/159/60 191/44/60 195/38/59 196/157/59 
f 189/62/85 192/61/85 196/63/87 193/64/87 
f 194/41/55 193/158/55 197/156/55 198/35/55 
f 194/63/86 198/65/88 199/66/88 195/64/86 
f 195/38/59 199/32/59 200/155/59 196/157/59 
f 193/64/87 196/63/87 200/65/89 197/66/89 
f 198/35/55 197/156/55 201/154/55 202/29/56 
f 198/65/88 202/67/90 203/68/90 199/66/88 
f 200/155/59 199/32/59 203/26/60 204/153/60 
f 197/66/89 200/65/89 204/67/91 201/68/91 
f 202/29/56 201/154/55 205/152/56 206/23/55 
f 203/68/90 202/67/90 206/69/92 207/70/92 
f 204/153/60 203/26/60 207/20/60 208/151/60 
f 201/68/91 204/67/91 208/69/93 205/70/93 
f 205/152/56 209/150/56 210/17/55 206/23/55 
f 207/70/92 206/69/92 210/71/94 211/72/94 
f 208/151/60 207/20/60 211/14/59 212/149/59 
f 205/70/93 208/69/93 212/71/95 209/72/95 
f 213/147/55 214/10/55 210/17/55 209/150/56 
f 210/71/94 214/73/96 215/74/96 211/72/94 
f 211/14/59 215/4/59 216/146/59 212/149/59 
f 212/71/95 216/73/97 213/74/98 209/72/95 
f 214/10/55 213/147/55 217/148/55 218/9/55 
f 215/74/96 214/73/96 218/75/61 219/56/61 
f 215/4/59 219/1/59 220/145/59 216/146/59 
f 213/74/98 216/73/97 220/75/57 217/56/57 
f 218/9/55 217/148/55 221/164/56 222/77/56 
f 219/56/61 218/75/61 222/78/63 223/79/63 
f 219/1/59 223/80/60 224/165/60 220/145/59 
f 220/75/57 224/78/99 221/79/58 217/56/57 
f 222/77/56 221/164/56 225/166/55 226/83/56 
f 223/79/63 222/78/63 226/84/65 227/85/65 
f 223/80/60 227/86/60 228/167/60 224/165/60 
f 224/78/99 228/84/64 225/85/64 221/79/58 
f 226/83/56 225/166/55 229/168/55 230/89/56 
f 226/84/65 230/90/67 231/91/67 227/85/65 
f 227/86/60 231/92/59 232/169/59 228/167/60 
f 228/84/64 232/90/66 229/91/66 225/85/64 
f 230/89/56 229/168/55 233/170/56 234/95/55 
f 230/90/67 234/96/69 235/97/69 231/91/67 
f 231/92/59 235/98/59 236/171/59 232/169/59 
f 229/91/66 232/90/66 236/96/68 233/97/68 
f 234/95/55 233/170/56 237/172/56 238/101/56 
f 235/97/69 234/96/69 238/102/74 239/103/74 
f 239/104/60 240/173/60 236/171/59 235/98/59 
f 236/96/68 240/102/71 237/103/71 233/97/68 
f 237/172/56 241/174/56 242/107/56 238/101/56 
f 238/102/74 242/108/76 243/109/76 239/103/74 
f 239/104/60 243/110/60 244/175/60 240/173/60 
f 237/103/71 240/102/71 244/108/75 241/109/75 
f 241/174/56 245/176/55 246/113/55 242/107/56 
f 242/108/76 246/114/78 247/115/78 243/109/76 
f 243/110/60 247/116/59 248/177/59 244/175/60 
f 241/109/75 244/108/75 248/114/77 245/115/77 
f 246/113/55 245/176/55 249/178/56 250/119/56 
f 247/115/78 246/114/78 250/120/80 251/121/80 
f 247/116/59 251/122/59 252/179/59 248/177/59 
f 245/115/77 248/114/77 252/120/79 249/121/79 
f 250/119/56 249/178/56 253/180/55 254/75/55 
f 251/121/80 250/120/80 254/125/28 255/126/28 
f 251/122/59 255/75/59 256/180/59 252/179/59 
f 249/121/79 252/120/79 256/125/100 253/126/100 
f 253/180/55 257/179/55 258/122/55 254/75/55 
f 254/125/28 258/127/83 259/128/83 255/126/28 
f 256/180/59 255/75/59 259/119/59 260/178/59 
f 253/126/100 256/125/100 260/127/82 257/128/82 
f 257/179/55 261/177/56 262/116/55 258/122/55 
f 259/128/83 258/127/83 262/129/85 263/130/85 
f 260/178/59 259/119/59 263/113/59 264/176/60 
f 257/128/82 260/127/82 264/129/84 261/130/84 
f 265/175/55 266/110/55 262/116/55 261/177/56 
f 263/130/85 262/129/85 266/131/87 267/132/87 
f 264/176/60 263/113/59 267/107/60 268/174/60 
f 261/130/84 264/129/84 268/131/86 265/132/86 
f 265/175/55 269/173/56 270/104/55 266/110/55 
f 267/132/87 266/131/87 270/133/101 271/134/89 
f 268/174/60 267/107/60 271/101/59 272/172/102 
f 265/132/86 268/131/86 272/133/103 269/134/88 
f 269/173/56 273/171/55 274/98/56 270/104/55 
f 271/134/89 270/133/101 274/135/91 275/136/91 
f 271/101/59 275/95/59 276/170/60 272/172/102 
f 269/134/88 272/133/103 276/135/90 273/136/90 
f 274/98/56 273/171/55 277/169/56 278/92/55 
f 275/136/91 274/135/91 278/137/93 279/138/93 
f 275/95/59 279/89/60 280/168/60 276/170/60 
f 273/136/90 276/135/90 280/137/92 277/138/92 
f 277/169/56 281/167/55 282/86/55 278/92/55 
f 278/137/93 282/139/95 283/140/95 279/138/93 
f 280/168/60 279/89/60 283/83/60 284/166/59 
f 277/138/92 280/137/92 284/139/94 281/140/94 
f 282/86/55 281/167/55 285/165/55 286/80/55 
f 283/140/95 282/139/95 286/141/98 287/142/98 
f 283/83/60 287/77/59 288/164/59 284/166/59 
f 281/140/94 284/139/94 288/141/104 285/142/96 
f 285/165/55 146/145/55 145/1/55 286/80/55 
f 286/141/98 145/143/57 150/144/57 287/142/98 
f 288/164/59 287/77/59 150/9/59 152/148/59 
f 288/141/104 152/143/61 146/144/61 285/142/96 
f 289/181/105 290/182/106 291/1/107 292/183/108 
f 293/184/109 289/181/105 292/183/108 294/185/110 
f 295/186/111 293/184/109 294/185/110 296/187/112 
f 297/188/113 295/186/111 296/187/112 298/189/114 
f 299/190/115 297/188/113 298/189/114 300/191/116 
f 301/192/117 299/190/115 300/191/116 302/193/118 
f 303/194/119 301/192/117 302/193/118 304/195/120 
f 305/196/121 303/194/119 304/195/120 306/197/122 
f 307/198/123 305/196/121 306/197/122 308/199/124 
f 309/200/125 307/198/123 308/199/124 310/201/126 
f 311/202/127 309/200/125 310/201/126 312/203/128 
f 313/204/129 311/202/127 312/203/128 314/205/130 
f 315/206/131 313/204/129 314/205/130 316/207/132 
f 317/208/133 315/206/131 316/207/132 318/209/134 
f 319/210/135 317/208/133 318/209/134 320/211/136 
f 321/212/137 319/210/135 320/211/136 322/213/138 
f 323/214/139 321/212/137 322/213/138 324/215/140 
f 325/216/141 323/214/139 324/215/140 326/217/142 
f 327/218/143 325/216/141 326/217/142 328/219/144 
f 329/220/145 327/218/143 328/219/144 330/221/146 
f 331/222/147 329/220/145 330/221/146 332/223/148 
f 333/224/149 331/222/147 332/223/148 334/225/150 
f 335/226/151 333/224/149 334/225/150 336/227/152 
f 337/228/153 335/226/151 336/227/152 338/229/154 
f 339/230/155 337/228/153 338/229/154 340/231/156 
f 341/232/157 339/230/155 340/231/156 342/233/158 
f 343/234/159 341/232/157 342/233/158 344/235/160 
f 345/236/161 343/234/159 344/235/160 346/237/162 
f 347/238/163 345/236/161 346/237/162 348/239/164 
f 349/240/165 347/238/163 348/239/164 350/241/166 
f 351/242/167 349/240/165 350/241/166 352/243/168 
f 353/244/169 351/242/167 352/243/168 354/245/170 
f 355/246/171 353/244/169 354/245/170 356/247/172 
f 357/248/173 355/246/171 356/247/172 358/249/174 
f 359/250/175 357/248/173 358/249/174 360/251/176 
f 361/252/177 359/250/175 360/251/176 362/253/178 
f 363/254/179 361/252/177 362/253/178 364/255/180 
f 365/256/181 363/254/179 364/255/180 366/257/182 
f 367/258/183 365/256/181 366/257/182 368/259/184 
f 369/260/185 367/258/183 368/259/184 370/261/186 
f 371/262/187 369/260/185 370/261/186 372/263/188 
f 373/264/189 371/262/187 372/263/188 374/265/190 
f 375/266/191 373/264/189 374/265/190 376/267/192 
f 377/268/193 375/266/191 376/267/192 378/269/194 
f 379/270/195 377/268/193 378/269/194 380/271/196 
f 381/272/197 379/270/195 380/271/196 382/273/198 
f 383/274/199 381/272/197 382/273/198 384/275/200 
f 384/275/200 385/276/201 386/277/202 383/274/199 
f 387/278/203 388/279/204 386/277/202 385/276/201 
f 389/280/205 388/279/204 387/278/203 390/281/206 
f 391/282/207 389/280/205 390/281/206 392/283/208 
f 391/282/207 392/283/208 291/9/107 290/284/106 
f 393/285/209 394/286/210 290/182/106 289/181/105 
f 395/287/211 393/285/209 289/181/105 293/184/109 
f 396/288/212 395/287/211 293/184/109 295/186/111 
f 397/289/213 396/288/212 295/186/111 297/188/113 
f 398/290/214 397/289/213 297/188/113 299/190/115 
f 399/291/215 398/290/214 299/190/115 301/192/117 
f 400/292/216 399/291/215 301/192/117 303/194/119 
f 401/293/217 400/292/216 303/194/119 305/196/121 
f 402/294/218 401/293/217 305/196/121 307/198/123 
f 403/295/219 402/294/218 307/198/123 309/200/125 
f 404/296/220 403/295/219 309/200/125 311/202/127 
f 405/297/221 404/296/220 311/202/127 313/204/129 
f 406/298/222 405/297/221 313/204/129 315/206/131 
f 407/299/223 406/298/222 315/206/131 317/208/133 
f 408/300/224 407/299/223 317/208/133 319/210/135 
f 409/301/225 408/300/224 319/210/135 321/212/137 
f 410/302/226 409/301/225 321/212/137 323/214/139 
f 411/303/227 410/302/226 323/214/139 325/216/141 
f 412/304/228 411/303/227 325/216/141 327/218/143 
f 413/305/229 412/304/228 327/218/143 329/220/145 
f 414/306/230 413/305/229 329/220/145 331/222/147 
f 415/307/231 414/306/230 331/222/147 333/224/149 
f 416/308/232 415/307/231 333/224/149 335/226/151 
f 417/309/233 416/308/232 335/226/151 337/228/153 
f 418/310/234 417/309/233 337/228/153 339/230/155 
f 419/311/235 418/310/234 339/230/155 341/232/157 
f 420/312/236 419/311/235 341/232/157 343/234/159 
f 421/313/237 420/312/236 343/234/159 345/236/161 
f 422/314/238 421/313/237 345/236/161 347/238/163 
f 423/315/239 422/314/238 347/238/163 349/240/165 
f 424/316/240 423/315/239 349/240/165 351/242/167 
f 425/317/241 424/316/240 351/242/167 353/244/169 
f 426/318/242 425/317/241 353/244/169 355/246/171 
f 427/319/243 426/318/242 355/246/171 357/248/173 
f 428/320/244 427/319/243 357/248/173 359/250/175 
f 429/321/245 428/320/244 359/250/175 361/252/177 
f 430/322/246 429/321/245 361/252/177 363/254/179 
f 431/323/247 430/322/246 363/254/179 365/256/181 
f 432/324/248 431/323/247 365/256/181 367/258/183 
f 433/325/249 432/324/248 367/258/183 369/260/185 
f 434/326/250 433/325/249 369/260/185 371/262/187 
f 435/327/251 434/326/250 371/262/187 373/264/189 
f 436/328/252 435/327/251 373/264/189 375/266/191 
f 437/329/253 436/328/252 375/266/191 377/268/193 
f 438/330/254 437/329/253 377/268/193 379/270/195 
f 439/331/255 438/330/254 379/270/195 381/272/197 
f 440/332/256 439/331/255 381/272/197 383/274/199 
f 386/277/202 441/333/257 440/332/256 383/274/199 
f 441/333/257 386/277/202 388/279/204 442/334/258 
f 443/335/259 442/334/258 388/279/204 389/280/205 
f 444/336/260 443/335/259 389/280/205 391/282/207 
f 391/282/207 290/284/106 394/337/210 444/336/260 
f 445/338/261 446/339/262 394/286/210 393/285/209 
f 447/340/263 445/338/261 393/285/209 395/287/211 
f 448/341/264 447/340/263 395/287/211 396/288/212 
f 449/342/265 448/341/264 396/288/212 397/289/213 
f 450/343/266 449/342/265 397/289/213 398/290/214 
f 451/344/267 450/343/266 398/290/214 399/291/215 
f 452/345/268 451/344/267 399/291/215 400/292/216 
f 453/346/269 452/345/268 400/292/216 401/293/217 
f 454/347/270 453/346/269 401/293/217 402/294/218 
f 455/348/271 454/347/270 402/294/218 403/295/219 
f 456/349/272 455/348/271 403/295/219 404/296/220 
f 457/350/273 456/349/272 404/296/220 405/297/221 
f 458/351/274 457/350/273 405/297/221 406/298/222 
f 459/352/275 458/351/274 406/298/222 407/299/223 
f 460/353/276 459/352/275 407/299/223 408/300/224 
f 461/354/277 460/353/276 408/300/224 409/301/225 
f 462/355/278 461/354/277 409/301/225 410/302/226 
f 463/356/279 462/355/278 410/302/226 411/303/227 
f 464/357/280 463/356/279 411/303/227 412/304/228 
f 465/358/281 464/357/280 412/304/228 413/305/229 
f 466/359/282 465/358/281 413/305/229 414/306/230 
f 467/360/283 466/359/282 414/306/230 415/307/231 
f 468/361/284 467/360/283 415/307/231 416/308/232 
f 469/362/285 468/361/284 416/308/232 417/309/233 
f 470/363/286 469/362/285 417/309/233 418/310/234 
f 471/364/287 470/363/286 418/310/234 419/311/235 
f 472/365/288 471/364/287 419/311/235 420/312/236 
f 473/366/289 472/365/288 420/312/236 421/313/237 
f 474/367/290 473/366/289 421/313/237 422/314/238 
f 475/368/291 474/367/290 422/314/238 423/315/239 
f 476/369/292 475/368/291 423/315/239 424/316/240 
f 477/370/293 476/369/292 424/316/240 425/317/241 
f 478/371/294 477/370/293 425/317/241 426/318/242 
f 479/372/295 478/371/294 426/318/242 427/319/243 
f 480/373/296 479/372/295 427/319/243 428/320/244 
f 481/374/297 480/373/296 428/320/244 429/321/245 
f 482/375/298 481/374/297 429/321/245 430/322/246 
f 483/376/299 482/375/298 430/322/246 431/323/247 
f 484/377/300 483/376/299 431/323/247 432/324/248 
f 485/378/301 484/377/300 432/324/248 433/325/249 
f 486/379/302 485/378/301 433/325/249 434/326/250 
f 487/380/303 486/379/302 434/326/250 435/327/251 
f 488/381/304 487/380/303 435/327/251 436/328/252 
f 489/382/305 488/381/304 436/328/252 437/329/253 
f 490/383/306 489/382/305 437/329/253 438/330/254 
f 491/384/307 490/383/306 438/330/254 439/331/255 
f 492/385/308 491/384/307 439/331/255 440/332/256 
f 493/386/309 492/385/308 440/332/256 441/333/257 
f 442/334/258 494/387/310 493/386/309 441/333/257 
f 495/388/311 494/387/310 442/334/258 443/335/259 
f 496/389/312 495/388/311 443/335/259 444/336/260 
f 446/390/262 496/389/312 444/336/260 394/337/210 
f 497/391/313 498/392/314 446/339/262 445/338/261 
f 499/393/315 497/391/313 445/338/261 447/340/263 
f 500/394/316 499/393/315 447/340/263 448/341/264 
f 501/395/317 500/394/316 448/341/264 449/342/265 
f 502/396/318 501/395/317 449/342/265 450/343/266 
f 503/397/319 502/396/318 450/343/266 451/344/267 
f 504/398/320 503/397/319 451/344/267 452/345/268 
f 505/399/321 504/398/320 452/345/268 453/346/269 
f 506/400/322 505/399/321 453/346/269 454/347/270 
f 507/401/323 506/400/322 454/347/270 455/348/271 
f 508/402/324 507/401/323 455/348/271 456/349/272 
f 509/403/325 508/402/324 456/349/272 457/350/273 
f 510/404/326 509/403/325 457/350/273 458/351/274 
f 511/405/327 510/404/326 458/351/274 459/352/275 
f 512/406/328 511/405/327 459/352/275 460/353/276 
f 513/407/329 512/406/328 460/353/276 461/354/277 
f 514/408/330 513/407/329 461/354/277 462/355/278 
f 515/409/331 514/408/330 462/355/278 463/356/279 
f 516/410/332 515/409/331 463/356/279 464/357/280 
f 517/411/333 516/410/332 464/357/280 465/358/281 
f 518/412/334 517/411/333 465/358/281 466/359/282 
f 519/413/335 518/412/334 466/359/282 467/360/283 
f 520/414/336 519/413/335 467/360/283 468/361/284 
f 521/415/337 520/414/336 468/361/284 469/362/285 
f 522/416/338 521/415/337 469/362/285 470/363/286 
f 523/417/339 522/416/338 470/363/286 471/364/287 
f 524/418/340 523/417/339 471/364/287 472/365/288 
f 525/419/341 524/418/340 472/365/288 473/366/289 
f 526/420/342 525/419/341 473/366/289 474/367/290 
f 527/421/343 526/420/342 474/367/290 475/368/291 
f 528/422/344 527/421/343 475/368/291 476/369/292 
f 529/423/345 528/422/344 476/369/292 477/370/293 
f 530/424/346 529/423/345 477/370/293 478/371/294 
f 531/425/347 530/424/346 478/371/294 479/372/295 
f 532/426/348 531/425/347 479/372/295 480/373/296 
f 533/427/349 532/426/348 480/373/296 481/374/297 
f 534/428/350 533/427/349 481/374/297 482/375/298 
f 535/429/351 534/428/350 482/375/298 483/376/299 
f 536/430/352 535/429/351 483/376/299 484/377/300 
f 537/431/353 536/430/352 484/377/300 485/378/301 
f 538/432/354 537/431/353 485/378/301 486/379/302 
f 539/433/355 538/432/354 486/379/302 487/380/303 
f 540/434/356 539/433/355 487/380/303 488/381/304 
f 541/435/357 540/434/356 488/381/304 489/382/305 
f 542/436/358 541/435/357 489/382/305 490/383/306 
f 543/437/359 542/436/358 490/383/306 491/384/307 
f 544/438/360 543/437/359 491/384/307 492/385/308 
f 545/439/361 544/438/360 492/385/308 493/386/309 
f 494/387/310 546/440/362 545/439/361 493/386/309 
f 547/441/363 546/440/362 494/387/310 495/388/311 
f 548/442/364 547/441/363 495/388/311 496/389/312 
f 498/443/314 548/442/364 496/389/312 446/390/262 
f 549/444/365 550/445/366 498/392/314 497/391/313 
f 551/446/367 549/444/365 497/391/313 499/393/315 
f 552/447/368 551/446/367 499/393/315 500/394/316 
f 553/448/369 552/447/368 500/394/316 501/395/317 
f 554/449/370 553/448/369 501/395/317 502/396/318 
f 555/450/371 554/449/370 502/396/318 503/397/319 
f 556/451/372 555/450/371 503/397/319 504/398/320 
f 557/452/373 556/451/372 504/398/320 505/399/321 
f 558/453/374 557/452/373 505/399/321 506/400/322 
f 559/454/375 558/453/374 506/400/322 507/401/323 
f 560/455/376 559/454/375 507/401/323 508/402/324 
f 561/456/377 560/455/376 508/402/324 509/403/325 
f 562/457/378 561/456/377 509/403/325 510/404/326 
f 563/458/379 562/457/378 510/404/326 511/405/327 
f 564/459/380 563/458/379 511/405/327 512/406/328 
f 565/460/381 564/459/380 512/406/328 513/407/329 
f 566/461/382 565/460/381 513/407/329 514/408/330 
f 567/462/383 566/461/382 514/408/330 515/409/331 
f 568/463/384 567/462/383 515/409/331 516/410/332 
f 569/464/385 568/463/384 516/410/332 517/411/333 
f 570/465/386 569/464/385 517/411/333 518/412/334 
f 571/466/387 570/465/386 518/412/334 519/413/335 
f 572/467/388 571/466/387 519/413/335 520/414/336 
f 573/468/389 572/467/388 520/414/336 521/415/337 
f 574/469/390 573/468/389 521/415/337 522/416/338 
f 575/470/391 574/469/390 522/416/338 523/417/339 
f 576/471/392 575/470/391 523/417/339 524/418/340 
f 577/472/393 576/471/392 524/418/340 525/419/341 
f 578/473/394 577/472/393 525/419/341 526/420/342 
f 579/474/395 578/473/394 526/420/342 527/421/343 
f 580/475/396 579/474/395 527/421/343 528/422/344 
f 581/476/397 580/475/396 528/422/344 529/423/345 
f 582/477/398 581/476/397 529/423/345 530/424/346 
f 583/478/399 582/477/398 530/424/346 531/425/347 
f 584/479/400 583/478/399 531/425/347 532/426/348 
f 585/480/401 584/479/400 532/426/348 533/427/349 
f 586/481/402 585/480/401 533/427/349 534/428/350 
f 587/482/403 586/481/402 534/428/350 535/429/351 
f 588/483/404 587/482/403 535/429/351 536/430/352 
f 589/484/405 588/483/404 536/430/352 537/431/353 
f 590/485/406 589/484/405 537/431/353 538/432/354 
f 591/486/407 590/485/406 538/432/354 539/433/355 
f 592/487/408 591/486/407 539/433/355 540/434/356 
f 593/488/409 592/487/408 540/434/356 541/435/357 
f 594/489/410 593/488/409 541/435/357 542/436/358 
f 595/490/411 594/489/410 542/436/358 543/437/359 
f 596/491/412 595/490/411 543/437/359 544/438/360 
f 597/492/413 596/491/412 544/438/360 545/439/361 
f 546/440/362 598/493/414 597/492/413 545/439/361 
f 599/494/415 598/493/414 546/440/362 547/441/363 
f 600/495/416 599/494/415 547/441/363 548/442/364 
f 550/496/366 600/495/416 548/442/364 498/443/314 
f 601/497/417 602/498/418 550/445/366 549/444/365 
f 603/499/419 601/497/417 549/444/365 551/446/367 
f 604/500/420 603/499/419 551/446/367 552/447/368 
f 605/501/421 604/500/420 552/447/368 553/448/369 
f 606/502/422 605/501/421 553/448/369 554/449/370 
f 607/503/423 606/502/422 554/449/370 555/450/371 
f 608/504/424 607/503/423 555/450/371 556/451/372 
f 609/505/425 608/504/424 556/451/372 557/452/373 
f 610/506/426 609/505/425 557/452/373 558/453/374 
f 611/507/427 610/506/426 558/453/374 559/454/375 
f 612/508/428 611/507/427 559/454/375 560/455/376 
f 613/509/429 612/508/428 560/455/376 561/456/377 
f 614/510/430 613/509/429 561/456/377 562/457/378 
f 615/511/431 614/510/430 562/457/378 563/458/379 
f 616/512/432 615/511/431 563/458/379 564/459/380 
f 617/513/433 616/512/432 564/459/380 565/460/381 
f 618/514/434 617/513/433 565/460/381 566/461/382 
f 619/515/435 618/514/434 566/461/382 567/462/383 
f 620/516/436 619/515/435 567/462/383 568/463/384 
f 621/517/437 620/516/436 568/463/384 569/464/385 
f 622/518/438 621/517/437 569/464/385 570/465/386 
f 623/519/439 622/518/438 570/465/386 571/466/387 
f 624/520/440 623/519/439 571/466/387 572/467/388 
f 625/521/441 624/520/440 572/467/388 573/468/389 
f 626/522/442 625/521/441 573/468/389 574/469/390 
f 627/523/443 626/522/442 574/469/390 575/470/391 
f 628/524/444 627/523/443 575/470/391 576/471/392 
f 629/525/445 628/524/444 576/471/392 577/472/393 
f 630/526/446 629/525/445 577/472/393 578/473/394 
f 631/527/447 630/526/446 578/473/394 579/474/395 
f 632/528/448 631/527/447 579/474/395 580/475/396 
f 633/529/449 632/528/448 580/475/396 581/476/397 
f 634/530/450 633/529/449 581/476/397 582/477/398 
f 635/531/451 634/530/450 582/477/398 583/478/399 
f 636/532/452 635/531/451 583/478/399 584/479/400 
f 637/533/453 636/532/452 584/479/400 585/480/401 
f 638/534/454 637/533/453 585/480/401 586/481/402 
f 639/535/455 638/534/454 586/481/402 587/482/403 
f 640/536/456 639/535/455 587/482/403 588/483/404 
f 641/537/457 640/536/456 588/483/404 589/484/405 
f 642/538/458 641/537/457 589/484/405 590/485/406 
f 643/539/459 642/538/458 590/485/406 591/486/407 
f 644/540/460 643/539/459 591/486/407 592/487/408 
f 645/541/461 644/540/460 592/487/408 593/488/409 
f 646/542/462 645/541/461 593/488/409 594/489/410 
f 647/543/463 646/542/462 594/489/410 595/490/411 
f 648/544/464 647/543/463 595/490/411 596/491/412 
f 649/545/465 648/544/464 596/491/412 597/492/413 
f 598/493/414 650/546/466 649/545/465 597/492/413 
f 651/547/467 650/546/466 598/493/414 599/494/415 
f 652/548/468 651/547/467 599/494/415 600/495/416 
f 602/549/418 652/548/468 600/495/416 550/496/366 
f 653/550/469 654/551/470 602/498/418 601/497/417 
f 655/552/471 653/550/469 601/497/417 603/499/419 
f 656/553/472 655/552/471 603/499/419 604/500/420 
f 657/554/473 656/553/472 604/500/420 605/501/421 
f 658/555/474 657/554/473 605/501/421 606/502/422 
f 659/556/475 658/555/474 606/502/422 607/503/423 
f 660/557/476 659/556/475 607/503/423 608/504/424 
f 661/558/477 660/557/476 608/504/424 609/505/425 
f 662/559/478 661/558/477 609/505/425 610/506/426 
f 663/560/479 662/559/478 610/506/426 611/507/427 
f 664/561/480 663/560/479 611/507/427 612/508/428 
f 665/562/481 664/561/480 612/508/428 613/509/429 
f 666/563/482 665/562/481 613/509/429 614/510/430 
f 667/564/483 666/563/482 614/510/430 615/511/431 
f 668/565/484 667/564/483 615/511/431 616/512/432 
f 669/566/485 668/565/484 616/512/432 617/513/433 
f 670/567/486 669/566/485 617/513/433 618/514/434 
f 671/568/487 670/567/486 618/514/434 619/515/435 
f 672/569/488 671/568/487 619/515/435 620/516/436 
f 673/570/489 672/569/488 620/516/436 621/517/437 
f 674/571/490 673/570/489 621/517/437 622/518/438 
f 675/572/491 674/571/490 622/518/438 623/519/439 
f 676/573/492 675/572/491 623/519/439 624/520/440 
f 677/574/493 676/573/492 624/520/440 625/521/441 
f 678/575/494 677/574/493 625/521/441 626/522/442 
f 679/576/495 678/575/494 626/522/442 627/523/443 
f 680/577/496 679/576/495 627/523/443 628/524/444 
f 681/578/497 680/577/496 628/524/444 629/525/445 
f 682/579/498 681/578/497 629/525/445 630/526/446 
f 683/580/499 682/579/498 630/526/446 631/527/447 
f 684/581/500 683/580/499 631/527/447 632/528/448 
f 685/582/501 684/581/500 632/528/448 633/529/449 
f 686/583/502 685/582/501 633/529/449 634/530/450 
f 687/584/503 686/583/502 634/530/450 635/531/451 
f 688/585/504 687/584/503 635/531/451 636/532/452 
f 689/586/505 688/585/504 636/532/452 637/533/453 
f 690/587/506 689/586/505 637/533/453 638/534/454 
f 691/588/507 690/587/506 638/534/454 639/535/455 
f 692/589/508 691/588/507 639/535/455 640/536/456 
f 693/590/509 692/589/508 640/536/456 641/537/457 
f 694/591/510 693/590/509 641/537/457 642/538/458 
f 695/592/511 694/591/510 642/538/458 643/539/459 
f 696/593/512 695/592/511 643/539/459 644/540/460 
f 697/594/513 696/593/512 644/540/460 645/541/461 
f 698/595/514 697/594/513 645/541/461 646/542/462 
f 699/596/515 698/595/514 646/542/462 647/543/463 
f 700/597/516 699/596/515 647/543/463 648/544/464 
f 701/598/517 700/597/516 648/544/464 649/545/465 
f 650/546/466 702/599/518 701/598/517 649/545/465 
f 703/600/519 702/599/518 650/546/466 651/547/467 
f 704/601/520 703/600/519 651/547/467 652/548/468 
f 654/602/470 704/601/520 652/548/468 602/549/418 
f 705/603/521 706/604/522 654/551/470 653/550/469 
f 707/605/523 705/603/521 653/550/469 655/552/471 
f 708/606/524 707/605/523 655/552/471 656/553/472 
f 709/607/525 708/606/524 656/553/472 657/554/473 
f 710/608/526 709/607/525 657/554/473 658/555/474 
f 711/609/527 710/608/526 658/555/474 659/556/475 
f 712/610/528 711/609/527 659/556/475 660/557/476 
f 713/611/529 712/610/528 660/557/476 661/558/477 
f 714/612/530 713/611/529 661/558/477 662/559/478 
f 715/613/531 714/612/530 662/559/478 663/560/479 
f 716/614/532 715/613/531 663/560/479 664/561/480 
f 717/615/533 716/614/532 664/561/480 665/562/481 
f 718/616/534 717/615/533 665/562/481 666/563/482 
f 719/617/535 718/616/534 666/563/482 667/564/483 
f 720/618/536 719/617/535 667/564/483 668/565/484 
f 721/619/537 720/618/536 668/565/484 669/566/485 
f 722/620/538 721/619/537 669/566/485 670/567/486 
f 723/621/539 722/620/538 670/567/486 671/568/487 
f 724/622/540 723/621/539 671/568/487 672/569/488 
f 725/623/541 724/622/540 672/569/488 673/570/489 
f 726/624/542 725/623/541 673/570/489 674/571/490 
f 727/625/543 726/624/542 674/571/490 675/572/491 
f 728/626/544 727/625/543 675/572/491 676/573/492 
f 729/627/545 728/626/544 676/573/492 677/574/493 
f 730/628/546 729/627/545 677/574/493 678/575/494 
f 731/629/547 730/628/546 678/575/494 679/576/495 
f 732/630/548 731/629/547 679/576/495 680/577/496 
f 733/631/549 732/630/548 680/577/496 681/578/497 
f 734/632/550 733/631/549 681/578/497 682/579/498 
f 735/633/551 734/632/550 682/579/498 683/580/499 
f 736/634/552 735/633/551 683/580/499 684/581/500 
f 737/635/553 736/634/552 684/581/500 685/582/501 
f 738/636/554 737/635/553 685/582/501 686/583/502 
f 739/637/555 738/636/554 686/583/502 687/584/503 
f 740/638/556 739/637/555 687/584/503 688/585/504 
f 741/639/557 740/638/556 688/585/504 689/586/505 
f 742/640/558 741/639/557 689/586/505 690/587/506 
f 743/641/559 742/640/558 690/587/506 691/588/507 
f 744/642/560 743/641/559 691/588/507 692/589/508 
f 745/643/561 744/642/560 692/589/508 693/590/509 
f 746/644/562 745/643/561 693/590/509 694/591/510 
f 747/645/563 746/644/562 694/591/510 695/592/511 
f 748/646/564 747/645/563 695/592/511 696/593/512 
f 749/647/565 748/646/564 696/593/512 697/594/513 
f 750/648/566 749/647/565 697/594/513 698/595/514 
f 751/649/567 750/648/566 698/595/514 699/596/515 
f 752/650/568 751/649/567 699/596/515 700/597/516 
f 753/651/569 752/650/568 700/597/516 701/598/517 
f 702/599/518 754/652/570 753/651/569 701/598/517 
f 755/653/571 754/652/570 702/599/518 703/600/519 
f 756/654/572 755/653/571 703/600/519 704/601/520 
f 706/655/522 756/654/572 704/601/520 654/602/470 
f 757/656/573 758/657/574 706/604/522 705/603/521 
f 759/658/575 757/656/573 705/603/521 707/605/523 
f 760/659/576 759/658/575 707/605/523 708/606/524 
f 761/660/577 760/659/576 708/606/524 709/607/525 
f 762/661/578 761/660/577 709/607/525 710/608/526 
f 763/662/579 762/661/578 710/608/526 711/609/527 
f 764/663/580 763/662/579 711/609/527 712/610/528 
f 765/664/581 764/663/580 712/610/528 713/611/529 
f 766/665/582 765/664/581 713/611/529 714/612/530 
f 767/666/583 766/665/582 714/612/530 715/613/531 
f 768/667/584 767/666/583 715/613/531 716/614/532 
f 769/668/585 768/667/584 716/614/532 717/615/533 
f 770/669/586 769/668/585 717/615/533 718/616/534 
f 771/670/587 770/669/586 718/616/534 719/617/535 
f 772/671/588 771/670/587 719/617/535 720/618/536 
f 773/672/589 772/671/588 720/618/536 721/619/537 
f 774/673/590 773/672/589 721/619/537 722/620/538 
f 775/674/591 774/673/590 722/620/538 723/621/539 
f 776/675/592 775/674/591 723/621/539 724/622/540 
f 777/676/593 776/675/592 724/622/540 725/623/541 
f 778/677/594 777/676/593 725/623/541 726/624/542 
f 779/678/595 778/677/594 726/624/542 727/625/543 
f 780/679/596 779/678/595 727/625/543 728/626/544 
f 781/680/597 780/679/596 728/626/544 729/627/545 
f 782/681/598 781/680/597 729/627/545 730/628/546 
f 783/682/599 782/681/598 730/628/546 731/629/547 
f 784/683/600 783/682/599 731/629/547 732/630/548 
f 785/684/601 784/683/600 732/630/548 733/631/549 
f 786/685/602 785/684/601 733/631/549 734/632/550 
f 787/686/603 786/685/602 734/632/550 735/633/551 
f 788/687/604 787/686/603 735/633/551 736/634/552 
f 789/688/605 788/687/604 736/634/552 737/635/553 
f 790/689/606 789/688/605 737/635/553 738/636/554 
f 791/690/607 790/689/606 738/636/554 739/637/555 
f 792/691/608 791/690/607 739/637/555 740/638/556 
f 793/692/609 792/691/608 740/638/556 741/639/557 
f 794/693/610 793/692/609 741/639/557 742/640/558 
f 795/694/611 794/693/610 742/640/558 743/641/559 
f 796/695/612 795/694/611 743/641/559 744/642/560 
f 797/696/613 796/695/612 744/642/560 745/643/561 
f 798/697/614 797/696/613 745/643/561 746/644/562 
f 799/698/615 798/697/614 746/644/562 747/645/563 
f 800/699/616 799/698/615 747/645/563 748/646/564 
f 801/700/617 800/699/616 748/646/564 749/647/565 
f 802/701/618 801/700/617 749/647/565 750/648/566 
f 803/702/619 802/701/618 750/648/566 751/649/567 
f 804/703/620 803/702/619 751/649/567 752/650/568 
f 805/704/621 804/703/620 752/650/568 753/651/569 
f 754/652/570 806/705/622 805/704/621 753/651/569 
f 807/706/623 806/705/622 754/652/570 755/653/571 
f 808/707/624 807/706/623 755/653/571 756/654/572 
f 758/708/574 808/707/624 756/654/572 706/655/522 
f 809/709/625 810/710/626 758/657/574 757/656/573 
f 811/711/627 809/709/625 757/656/573 759/658/575 
f 812/712/628 811/711/627 759/658/575 760/659/576 
f 813/713/629 812/712/628 760/659/576 761/660/577 
f 814/714/630 813/713/629 761/660/577 762/661/578 
f 815/715/631 814/714/630 762/661/578 763/662/579 
f 816/716/632 815/715/631 763/662/579 764/663/580 
f 817/717/633 816/716/632 764/663/580 765/664/581 
f 818/718/634 817/717/633 765/664/581 766/665/582 
f 819/719/635 818/718/634 766/665/582 767/666/583 
f 820/720/636 819/719/635 767/666/583 768/667/584 
f 821/721/637 820/720/636 768/667/584 769/668/585 
f 822/722/638 821/721/637 769/668/585 770/669/586 
f 823/723/639 822/722/638 770/669/586 771/670/587 
f 824/724/640 823/723/639 771/670/587 772/671/588 
f 825/725/641 824/724/640 772/671/588 773/672/589 
f 826/726/642 825/725/641 773/672/589 774/673/590 
f 827/727/643 826/726/642 774/673/590 775/674/591 
f 828/728/644 827/727/643 775/674/591 776/675/592 
f 829/729/645 828/728/644 776/675/592 777/676/593 
f 830/730/646 829/729/645 777/676/593 778/677/594 
f 831/731/647 830/730/646 778/677/594 779/678/595 
f 832/732/648 831/731/647 779/678/595 780/679/596 
f 833/733/649 832/732/648 780/679/596 781/680/597 
f 834/734/650 833/733/649 781/680/597 782/681/598 
f 835/735/651 834/734/650 782/681/598 783/682/599 
f 836/736/652 835/735/651 783/682/599 784/683/600 
f 837/737/653 836/736/652 784/683/600 785/684/601 
f 838/738/654 837/737/653 785/684/601 786/685/602 
f 839/739/655 838/738/654 786/685/602 787/686/603 
f 840/740/656 839/739/655 787/686/603 788/687/604 
f 841/741/657 840/740/656 788/687/604 789/688/605 
f 842/742/658 841/741/657 789/688/605 790/689/606 
f 843/743/659 842/742/658 790/689/606 791/690/607 
f 844/744/660 843/743/659 791/690/607 792/691/608 
f 845/745/661 844/744/660 792/691/608 793/692/609 
f 846/746/662 845/745/661 793/692/609 794/693/610 
f 847/747/663 846/746/662 794/693/610 795/694/611 
f 848/748/664 847/747/663 795/694/611 796/695/612 
f 849/749/665 848/748/664 796/695/612 797/696/613 
f 850/750/666 849/749/665 797/696/613 798/697/614 
f 851/751/667 850/750/666 798/697/614 799/698/615 
f 852/752/668 851/751/667 799/698/615 800/699/616 
f 853/753/669 852/752/668 800/699/616 801/700/617 
f 854/754/670 853/753/669 801/700/617 802/701/618 
f 855/755/671 854/754/670 802/701/618 803/702/619 
f 856/756/672 855/755/671 803/702/619 804/703/620 
f 857/757/673 856/756/672 804/703/620 805/704/621 
f 806/705/622 858/758/674 857/757/673 805/704/621 
f 859/759/675 858/758/674 806/705/622 807/706/623 
f 860/760/676 859/759/675 807/706/623 808/707/624 
f 810/761/626 860/760/676 808/707/624 758/708/574 
f 861/762/677 862/763/678 810/710/626 809/709/625 
f 863/764/679 861/762/677 809/709/625 811/711/627 
f 864/765/680 863/764/679 811/711/627 812/712/628 
f 865/766/681 864/765/680 812/712/628 813/713/629 
f 866/767/682 865/766/681 813/713/629 814/714/630 
f 867/768/683 866/767/682 814/714/630 815/715/631 
f 868/769/684 867/768/683 815/715/631 816/716/632 
f 869/770/685 868/769/684 816/716/632 817/717/633 
f 870/771/686 869/770/685 817/717/633 818/718/634 
f 871/772/687 870/771/686 818/718/634 819/719/635 
f 872/773/688 871/772/687 819/719/635 820/720/636 
f 873/774/689 872/773/688 820/720/636 821/721/637 
f 874/775/690 873/774/689 821/721/637 822/722/638 
f 875/776/691 874/775/690 822/722/638 823/723/639 
f 876/777/692 875/776/691 823/723/639 824/724/640 
f 877/778/693 876/777/692 824/724/640 825/725/641 
f 878/779/694 877/778/693 825/725/641 826/726/642 
f 879/780/695 878/779/694 826/726/642 827/727/643 
f 880/781/696 879/780/695 827/727/643 828/728/644 
f 881/782/697 880/781/696 828/728/644 829/729/645 
f 882/783/698 881/782/697 829/729/645 830/730/646 
f 883/784/699 882/783/698 830/730/646 831/731/647 
f 884/785/700 883/784/699 831/731/647 832/732/648 
f 885/786/701 884/785/700 832/732/648 833/733/649 
f 886/787/702 885/786/701 833/733/649 834/734/650 
f 887/788/703 886/787/702 834/734/650 835/735/651 
f 888/789/704 887/788/703 835/735/651 836/736/652 
f 889/790/705 888/789/704 836/736/652 837/737/653 
f 890/791/706 889/790/705 837/737/653 838/738/654 
f 891/792/707 890/791/706 838/738/654 839/739/655 
f 892/793/708 891/792/707 839/739/655 840/740/656 
f 893/794/709 892/793/708 840/740/656 841/741/657 
f 894/795/710 893/794/709 841/741/657 842/742/658 
f 895/796/711 894/795/710 842/742/658 843/743/659 
f 896/797/712 895/796/711 843/743/659 844/744/660 
f 897/798/713 896/797/712 844/744/660 845/745/661 
f 898/799/714 897/798/713 845/745/661 846/746/662 
f 899/800/715 898/799/714 846/746/662 847/747/663 
f 900/801/716 899/800/715 847/747/663 848/748/664 
f 901/802/717 900/801/716 848/748/664 849/749/665 
f 902/803/718 901/802/717 849/749/665 850/750/666 
f 903/804/719 902/803/718 850/750/666 851/751/667 
f 904/805/720 903/804/719 851/751/667 852/752/668 
f 905/806/721 904/805/720 852/752/668 853/753/669 
f 906/807/722 905/806/721 853/753/669 854/754/670 
f 907/808/723 906/807/722 854/754/670 855/755/671 
f 908/809/724 907/808/723 855/755/671 856/756/672 
f 909/810/725 908/809/724 856/756/672 857/757/673 
f 858/758/674 910/811/726 909/810/725 857/757/673 
f 911/812/727 910/811/726 858/758/674 859/759/675 
f 912/813/728 911/812/727 859/759/675 860/760/676 
f 862/814/678 912/813/728 860/760/676 810/761/626 
f 913/815/729 914/816/730 862/763/678 861/762/677 
f 915/817/731 913/815/729 861/762/677 863/764/679 
f 916/818/732 915/817/731 863/764/679 864/765/680 
f 917/819/733 916/818/732 864/765/680 865/766/681 
f 918/820/734 917/819/733 865/766/681 866/767/682 
f 919/821/735 918/820/734 866/767/682 867/768/683 
f 920/822/736 919/821/735 867/768/683 868/769/684 
f 921/823/737 920/822/736 868/769/684 869/770/685 
f 922/824/738 921/823/737 869/770/685 870/771/686 
f 923/825/739 922/824/738 870/771/686 871/772/687 
f 924/826/740 923/825/739 871/772/687 872/773/688 
f 925/827/741 924/826/740 872/773/688 873/774/689 
f 926/828/742 925/827/741 873/774/689 874/775/690 
f 927/829/743 926/828/742 874/775/690 875/776/691 
f 928/830/744 927/829/743 875/776/691 876/777/692 
f 929/831/745 928/830/744 876/777/692 877/778/693 
f 930/832/746 929/831/745 877/778/693 878/779/694 
f 931/833/747 930/832/746 878/779/694 879/780/695 
f 932/834/748 931/833/747 879/780/695 880/781/696 
f 933/835/749 932/834/748 880/781/696 881/782/697 
f 934/836/750 933/835/749 881/782/697 882/783/698 
f 935/837/751 934/836/750 882/783/698 883/784/699 
f 936/838/752 935/837/751 883/784/699 884/785/700 
f 937/839/753 936/838/752 884/785/700 885/786/701 
f 938/840/754 937/839/753 885/786/701 886/787/702 
f 939/841/755 938/840/754 886/787/702 887/788/703 
f 940/842/756 939/841/755 887/788/703 888/789/704 
f 941/843/757 940/842/756 888/789/704 889/790/705 
f 942/844/758 941/843/757 889/790/705 890/791/706 
f 943/845/759 942/844/758 890/791/706 891/792/707 
f 944/846/760 943/845/759 891/792/707 892/793/708 
f 945/847/761 944/846/760 892/793/708 893/794/709 
f 946/848/762 945/847/761 893/794/709 894/795/710 
f 947/849/763 946/848/762 894/795/710 895/796/711 
f 948/850/764 947/849/763 895/796/711 896/797/712 
f 949/851/765 948/850/764 896/797/712 897/798/713 
f 950/852/766 949/851/765 897/798/713 898/799/714 
f 951/853/767 950/852/766 898/799/714 899/800/715 
f 952/854/768 951/853/767 899/800/715 900/801/716 
f 953/855/769 952/854/768 900/801/716 901/802/717 
f 954/856/770 953/855/769 901/802/717 902/803/718 
f 955/857/771 954/856/770 902/803/718 903/804/719 
f 956/858/772 955/857/771 903/804/719 904/805/720 
f 957/859/773 956/858/772 904/805/720 905/806/721 
f 958/860/774 957/859/773 905/806/721 906/807/722 
f 959/861/775 958/860/774 906/807/722 907/808/723 
f 960/862/776 959/861/775 907/808/723 908/809/724 
f 961/863/777 960/862/776 908/809/724 909/810/725 
f 961/863/777 909/810/725 910/811/726 962/864/778 
f 963/865/779 962/864/778 910/811/726 911/812/727 
f 964/866/780 963/865/779 911/812/727 912/813/728 
f 912/813/728 862/814/678 914/867/730 964/866/780 
f 965/8/781 914/816/730 913/815/729 
f 965/868/781 913/815/729 915/817/731 
f 965/869/781 915/817/731 916/818/732 
f 965/870/781 916/818/732 917/819/733 
f 965/871/781 917/819/733 918/820/734 
f 965/872/781 918/820/734 919/821/735 
f 965/873/781 919/821/735 920/822/736 
f 965/874/781 920/822/736 921/823/737 
f 965/875/781 921/823/737 922/824/738 
f 965/876/781 922/824/738 923/825/739 
f 965/877/781 923/825/739 924/826/740 
f 965/878/781 924/826/740 925/827/741 
f 965/879/781 925/827/741 926/828/742 
f 965/58/781 926/828/742 927/829/743 
f 965/880/781 927/829/743 928/830/744 
f 965/881/781 928/830/744 929/831/745 
f 965/882/781 929/831/745 930/832/746 
f 965/883/781 930/832/746 931/833/747 
f 965/884/781 931/833/747 932/834/748 
f 965/885/781 932/834/748 933/835/749 
f 965/886/781 933/835/749 934/836/750 
f 965/887/781 934/836/750 935/837/751 
f 965/888/781 935/837/751 936/838/752 
f 965/889/781 936/838/752 937/839/753 
f 965/890/781 937/839/753 938/840/754 
f 965/891/781 938/840/754 939/841/755 
f 965/56/781 939/841/755 940/842/756 
f 965/892/781 940/842/756 941/843/757 
f 965/893/781 941/843/757 942/844/758 
f 965/894/781 942/844/758 943/845/759 
f 965/895/781 943/845/759 944/846/760 
f 965/896/781 944/846/760 945/847/761 
f 965/897/781 945/847/761 946/848/762 
f 965/898/781 946/848/762 947/849/763 
f 965/899/781 947/849/763 948/850/764 
f 965/900/781 948/850/764 949/851/765 
f 965/901/781 949/851/765 950/852/766 
f 965/902/781 950/852/766 951/853/767 
f 965/903/781 951/853/767 952/854/768 
f 965/126/781 952/854/768 953/855/769 
f 965/904/781 953/855/769 954/856/770 
f 965/905/781 954/856/770 955/857/771 
f 965/906/781 955/857/771 956/858/772 
f 965/907/781 956/858/772 957/859/773 
f 965/908/781 957/859/773 958/860/774 
f 965/909/781 958/860/774 959/861/775 
f 965/910/781 959/861/775 960/862/776 
f 965/911/781 960/862/776 961/863/777 
f 965/912/781 961/863/777 962/864/778 
f 965/913/781 962/864/778 963/865/779 
f 965/914/781 963/865/779 964/866/780 
f 965/915/781 964/866/780 914/867/730 
f 291/5/107 966/143/782 967/144/782 292/8/108 
f 967/143/782 968/144/782 294/8/110 292/5/108 
f 969/143/782 966/144/782 291/8/107 392/5/208 
f 968/143/782 970/144/782 296/8/112 294/5/110 
f 390/5/206 971/143/782 969/144/782 392/8/208 
f 970/143/782 972/144/782 298/8/114 296/5/112 
f 387/5/203 973/143/782 971/144/782 390/8/206 
f 972/143/782 974/144/782 300/8/116 298/5/114 
f 385/5/201 975/143/782 973/144/782 387/8/203 
f 974/143/782 976/144/782 302/8/118 300/5/116 
f 384/5/200 977/143/782 975/144/782 385/8/201 
f 976/143/782 978/144/782 304/8/120 302/5/118 
f 979/143/782 977/144/782 384/8/200 382/5/198 
f 978/143/782 980/144/782 306/8/122 304/5/120 
f 981/143/782 979/144/782 382/8/198 380/5/196 
f 980/143/782 982/144/782 308/8/124 306/5/122 
f 983/143/782 981/144/782 380/8/196 378/5/194 
f 982/143/782 984/144/782 310/8/126 308/5/124 
f 985/143/782 983/144/782 378/8/194 376/5/192 
f 984/143/782 986/144/782 312/8/128 310/5/126 
f 987/143/782 985/144/782 376/8/192 374/5/190 
f 986/143/782 988/144/782 314/8/130 312/5/128 
f 989/143/782 987/144/782 374/8/190 372/5/188 
f 988/143/782 990/144/782 316/8/132 314/5/130 
f 991/143/782 989/144/782 372/8/188 370/5/186 
f 990/143/782 992/144/782 318/8/134 316/5/132 
f 993/143/782 991/144/782 370/8/186 368/5/184 
f 992/143/782 994/144/782 320/8/136 318/5/134 
f 995/143/782 993/144/782 368/8/184 366/5/182 
f 994/143/782 996/144/782 322/8/138 320/5/136 
f 364/5/180 997/143/782 995/144/782 366/8/182 
f 996/143/782 998/144/782 324/8/140 322/5/138 
f 362/5/178 999/143/782 997/144/782 364/8/180 
f 324/5/140 998/143/782 1000/144/782 326/8/142 
f 360/5/176 1001/143/782 999/144/782 362/8/178 
f 326/5/142 1000/143/782 1002/144/782 328/8/144 
f 358/5/174 1003/143/782 1001/144/782 360/8/176 
f 328/5/144 1002/143/782 1004/144/782 330/8/146 
f 356/5/172 1005/143/782 1003/144/782 358/8/174 
f 330/5/146 1004/143/782 1006/144/782 332/8/148 
f 354/5/170 1007/143/782 1005/144/782 356/8/172 
f 332/5/148 1006/143/782 1008/144/782 334/8/150 
f 352/5/168 1009/143/782 1007/144/782 354/8/170 
f 334/5/150 1008/143/782 1010/144/782 336/8/152 
f 350/5/166 1011/143/782 1009/144/782 352/8/168 
f 336/5/152 1010/143/782 1012/144/782 338/8/154 
f 348/5/164 1013/143/782 1011/144/782 350/8/166 
f 338/5/154 1012/143/782 1014/144/782 340/8/156 
f 346/5/162 1015/143/782 1013/144/782 348/8/164 
f 340/5/156 1014/143/782 1016/144/782 342/8/158 
f 344/5/160 1017/143/782 1015/144/782 346/8/162 
f 1016/143/782 1017/144/782 344/8/160 342/5/158 
f 966/5/782 1018/143/782 1019/144/782 967/8/782 
f 1019/143/782 1020/144/782 968/8/782 967/5/782 
f 969/5/782 1021/143/782 1018/144/782 966/8/782 
f 1020/143/782 1022/144/782 970/8/782 968/5/782 
f 971/5/782 1023/143/782 1021/144/782 969/8/782 
f 970/5/782 1022/143/782 1024/144/782 972/8/782 
f 973/5/782 1025/143/782 1023/144/782 971/8/782 
f 1024/143/782 1026/144/782 974/8/782 972/5/782 
f 975/5/782 1027/143/782 1025/144/782 973/8/782 
f 1026/143/782 1028/144/782 976/8/782 974/5/782 
f 977/5/782 1029/143/782 1027/144/782 975/8/782 
f 1028/143/782 1030/144/782 978/8/782 976/5/782 
f 979/5/782 1031/143/782 1029/144/782 977/8/782 
f 1030/143/782 1032/144/782 980/8/782 978/5/782 
f 981/5/782 1033/143/782 1031/144/782 979/8/782 
f 980/5/782 1032/143/782 1034/144/782 982/8/782 
f 983/5/782 1035/143/782 1033/144/782 981/8/782 
f 1034/143/782 1036/144/782 984/8/782 982/5/782 
f 985/5/782 1037/143/782 1035/144/782 983/8/782 
f 984/5/782 1036/143/782 1038/144/782 986/8/782 
f 987/5/782 1039/143/782 1037/144/782 985/8/782 
f 1038/143/782 1040/144/782 988/8/782 986/5/782 
f 989/5/782 1041/143/782 1039/144/782 987/8/782 
f 1040/143/782 1042/144/782 990/8/782 988/5/782 
f 1043/143/782 1041/144/782 989/8/782 991/5/782 
f 1044/144/782 992/8/782 990/5/782 1042/143/782 
f 993/5/782 1045/143/782 1043/144/782 991/8/782 
f 992/5/782 1044/143/782 1046/144/782 994/8/782 
f 1045/144/782 993/8/782 995/5/782 1047/143/782 
f 1048/144/782 996/8/782 994/5/782 1046/143/782 
f 1047/144/782 995/8/782 997/5/782 1049/143/782 
f 1050/144/782 998/8/782 996/5/782 1048/143/782 
f 1049/144/782 997/8/782 999/5/782 1051/143/782 
f 1052/144/782 1000/8/782 998/5/782 1050/143/782 
f 1051/144/782 999/8/782 1001/5/782 1053/143/782 
f 1054/144/782 1002/8/782 1000/5/782 1052/143/782 
f 1053/144/782 1001/8/782 1003/5/782 1055/143/782 
f 1056/144/782 1004/8/782 1002/5/782 1054/143/782 
f 1055/144/782 1003/8/782 1005/5/782 1057/143/782 
f 1058/144/782 1006/8/782 1004/5/782 1056/143/782 
f 1057/144/782 1005/8/782 1007/5/782 1059/143/782 
f 1060/144/782 1008/8/782 1006/5/782 1058/143/782 
f 1059/144/782 1007/8/782 1009/5/782 1061/143/782 
f 1062/144/782 1010/8/782 1008/5/782 1060/143/782 
f 1061/144/782 1009/8/782 1011/5/782 1063/143/782 
f 1064/144/782 1012/8/782 1010/5/782 1062/143/782 
f 1063/144/782 1011/8/782 1013/5/782 1065/143/782 
f 1066/144/782 1014/8/782 1012/5/782 1064/143/782 
f 1065/144/782 1013/8/782 1015/5/782 1067/143/782 
f 1016/8/782 1014/5/782 1066/143/782 1068/144/782 
f 1017/5/782 1069/143/782 1067/144/782 1015/8/782 
f 1068/143/782 1069/144/782 1017/8/782 1016/5/782 
f 1070/144/783 1019/8/782 1018/5/782 1071/143/784 
f 1072/144/785 1020/8/782 1019/5/782 1070/143/783 
f 1071/144/784 1018/8/782 1021/5/782 1073/143/786 
f 1074/144/787 1022/8/782 1020/5/782 1072/143/785 
f 1023/5/782 1075/143/788 1073/144/786 1021/8/782 
f 1074/143/787 1076/144/789 1024/8/782 1022/5/782 
f 1077/143/790 1075/144/788 1023/8/782 1025/5/782 
f 1076/143/789 1078/144/791 1026/8/782 1024/5/782 
f 1077/144/790 1025/8/782 1027/5/782 1079/143/792 
f 1080/144/793 1028/8/782 1026/5/782 1078/143/791 
f 1081/143/794 1079/144/792 1027/8/782 1029/5/782 
f 1080/143/793 1082/144/795 1030/8/782 1028/5/782 
f 1081/144/794 1029/8/782 1031/5/782 1083/143/796 
f 1084/144/797 1032/8/782 1030/5/782 1082/143/795 
f 1033/5/782 1085/143/798 1083/144/796 1031/8/782 
f 1084/143/797 1086/144/799 1034/8/782 1032/5/782 
f 1035/5/782 1087/143/800 1085/144/798 1033/8/782 
f 1086/143/799 1088/144/801 1036/8/782 1034/5/782 
f 1089/143/802 1087/144/800 1035/8/782 1037/5/782 
f 1036/5/782 1088/143/801 1090/144/803 1038/8/782 
f 1091/143/804 1089/144/802 1037/8/782 1039/5/782 
f 1038/5/782 1090/143/803 1092/144/805 1040/8/782 
f 1093/143/806 1091/144/804 1039/8/782 1041/5/782 
f 1040/5/782 1092/143/805 1094/144/807 1042/8/782 
f 1041/8/782 1043/5/782 1095/143/808 1093/144/806 
f 1096/144/809 1044/8/782 1042/5/782 1094/143/807 
f 1095/144/808 1043/8/782 1045/5/782 1097/143/810 
f 1046/8/782 1044/5/782 1096/143/809 1098/144/811 
f 1047/5/782 1099/143/812 1097/144/810 1045/8/782 
f 1046/5/782 1098/143/811 1100/144/813 1048/8/782 
f 1049/5/782 1101/143/814 1099/144/812 1047/8/782 
f 1048/5/782 1100/143/813 1102/144/815 1050/8/782 
f 1051/5/782 1103/143/816 1101/144/814 1049/8/782 
f 1050/5/782 1102/143/815 1104/144/817 1052/8/782 
f 1053/5/782 1105/143/818 1103/144/816 1051/8/782 
f 1052/5/782 1104/143/817 1106/144/819 1054/8/782 
f 1055/5/782 1107/143/820 1105/144/818 1053/8/782 
f 1054/5/782 1106/143/819 1108/144/821 1056/8/782 
f 1057/5/782 1109/143/822 1107/144/820 1055/8/782 
f 1056/5/782 1108/143/821 1110/144/823 1058/8/782 
f 1059/5/782 1111/143/824 1109/144/822 1057/8/782 
f 1058/5/782 1110/143/823 1112/144/825 1060/8/782 
f 1061/5/782 1113/143/826 1111/144/824 1059/8/782 
f 1060/5/782 1112/143/825 1114/144/827 1062/8/782 
f 1063/5/782 1115/143/828 1113/144/826 1061/8/782 
f 1062/5/782 1114/143/827 1116/144/829 1064/8/782 
f 1065/5/782 1117/143/830 1115/144/828 1063/8/782 
f 1064/5/782 1116/143/829 1118/144/831 1066/8/782 
f 1067/5/782 1119/143/832 1117/144/830 1065/8/782 
f 1066/5/782 1118/143/831 1120/144/833 1068/8/782 
f 1069/5/782 1121/143/834 1119/144/832 1067/8/782 
f 1068/5/782 1120/143/833 1121/144/834 1069/8/782 
f 1071/5/784 1122/143/835 1123/144/836 1070/8/783 
f 1070/5/783 1123/143/836 1124/144/837 1072/8/785 
f 1073/5/786 1125/143/838 1122/144/835 1071/8/784 
f 1072/5/785 1124/143/837 1126/144/839 1074/8/787 
f 1075/5/788 1127/143/840 1125/144/838 1073/8/786 
f 1074/5/787 1126/143/839 1128/144/841 1076/8/789 
f 1077/5/790 1129/143/842 1127/144/840 1075/8/788 
f 1076/5/789 1128/143/841 1130/144/843 1078/8/791 
f 1079/5/792 1131/143/844 1129/144/842 1077/8/790 
f 1078/5/791 1130/143/843 1132/144/845 1080/8/793 
f 1081/5/794 1133/143/846 1131/144/844 1079/8/792 
f 1080/5/793 1132/143/845 1134/144/847 1082/8/795 
f 1083/5/796 1135/143/848 1133/144/846 1081/8/794 
f 1082/5/795 1134/143/847 1136/144/849 1084/8/797 
f 1135/144/848 1083/8/796 1085/5/798 1137/143/850 
f 1138/144/851 1086/8/799 1084/5/797 1136/143/849 
f 1087/5/800 1139/143/852 1137/144/850 1085/8/798 
f 1086/5/799 1138/143/851 1140/144/853 1088/8/801 
f 1089/5/802 1141/143/854 1139/144/852 1087/8/800 
f 1088/5/801 1140/143/853 1142/144/855 1090/8/803 
f 1091/5/804 1143/143/856 1141/144/854 1089/8/802 
f 1090/5/803 1142/143/855 1144/144/857 1092/8/805 
f 1093/5/806 1145/143/858 1143/144/856 1091/8/804 
f 1092/5/805 1144/143/857 1146/144/859 1094/8/807 
f 1095/5/808 1147/143/860 1145/144/858 1093/8/806 
f 1094/5/807 1146/143/859 1148/144/861 1096/8/809 
f 1097/5/810 1149/143/862 1147/144/860 1095/8/808 
f 1096/5/809 1148/143/861 1150/144/863 1098/8/811 
f 1099/5/812 1151/143/864 1149/144/862 1097/8/810 
f 1098/5/811 1150/143/863 1152/144/865 1100/8/813 
f 1101/5/814 1153/143/866 1151/144/864 1099/8/812 
f 1100/5/813 1152/143/865 1154/144/867 1102/8/815 
f 1103/5/816 1155/143/868 1153/144/866 1101/8/814 
f 1102/5/815 1154/143/867 1156/144/869 1104/8/817 
f 1105/5/818 1157/143/870 1155/144/868 1103/8/816 
f 1104/5/817 1156/143/869 1158/144/871 1106/8/819 
f 1107/5/820 1159/143/872 1157/144/870 1105/8/818 
f 1106/5/819 1158/143/871 1160/144/873 1108/8/821 
f 1109/5/822 1161/143/874 1159/144/872 1107/8/820 
f 1108/5/821 1160/143/873 1162/144/875 1110/8/823 
f 1111/5/824 1163/143/876 1161/144/874 1109/8/822 
f 1110/5/823 1162/143/875 1164/144/877 1112/8/825 
f 1113/5/826 1165/143/878 1163/144/876 1111/8/824 
f 1112/5/825 1164/143/877 1166/144/879 1114/8/827 
f 1115/5/828 1167/143/880 1165/144/878 1113/8/826 
f 1114/5/827 1166/143/879 1168/144/881 1116/8/829 
f 1117/5/830 1169/143/882 1167/144/880 1115/8/828 
f 1116/5/829 1168/143/881 1170/144/883 1118/8/831 
f 1119/5/832 1171/143/884 1169/144/882 1117/8/830 
f 1118/5/831 1170/143/883 1172/144/885 1120/8/833 
f 1121/5/834 1173/143/886 1171/144/884 1119/8/832 
f 1120/5/833 1172/143/885 1173/144/886 1121/8/834 
f 1122/5/835 1174/143/782 1175/144/782 1123/8/836 
f 1123/5/836 1175/143/782 1176/144/782 1124/8/837 
f 1174/144/782 1122/8/835 1125/5/838 1177/143/782 
f 1178/144/782 1126/8/839 1124/5/837 1176/143/782 
f 1127/5/840 1179/143/782 1177/144/782 1125/8/838 
f 1126/5/839 1178/143/782 1180/144/782 1128/8/841 
f 1129/5/842 1181/143/782 1179/144/782 1127/8/840 
f 1128/5/841 1180/143/782 1182/144/782 1130/8/843 
f 1131/5/844 1183/143/782 1181/144/782 1129/8/842 
f 1130/5/843 1182/143/782 1184/144/782 1132/8/845 
f 1133/5/846 1185/143/782 1183/144/782 1131/8/844 
f 1132/5/845 1184/143/782 1186/144/782 1134/8/847 
f 1135/5/848 1187/143/782 1185/144/782 1133/8/846 
f 1134/5/847 1186/143/782 1188/144/782 1136/8/849 
f 1137/5/850 1189/143/782 1187/144/782 1135/8/848 
f 1136/5/849 1188/143/782 1190/144/782 1138/8/851 
f 1139/5/852 1191/143/782 1189/144/782 1137/8/850 
f 1138/5/851 1190/143/782 1192/144/782 1140/8/853 
f 1141/5/854 1193/143/782 1191/144/782 1139/8/852 
f 1140/5/853 1192/143/782 1194/144/782 1142/8/855 
f 1143/5/856 1195/143/782 1193/144/782 1141/8/854 
f 1142/5/855 1194/143/782 1196/144/782 1144/8/857 
f 1145/5/858 1197/143/782 1195/144/782 1143/8/856 
f 1144/5/857 1196/143/782 1198/144/782 1146/8/859 
f 1147/5/860 1199/143/782 1197/144/782 1145/8/858 
f 1146/5/859 1198/143/782 1200/144/782 1148/8/861 
f 1149/5/862 1201/143/782 1199/144/782 1147/8/860 
f 1148/5/861 1200/143/782 1202/144/782 1150/8/863 
f 1151/5/864 1203/143/782 1201/144/782 1149/8/862 
f 1150/5/863 1202/143/782 1204/144/782 1152/8/865 
f 1153/5/866 1205/143/782 1203/144/782 1151/8/864 
f 1152/5/865 1204/143/782 1206/144/782 1154/8/867 
f 1155/5/868 1207/143/782 1205/144/782 1153/8/866 
f 1154/5/867 1206/143/782 1208/144/782 1156/8/869 
f 1157/5/870 1209/143/782 1207/144/782 1155/8/868 
f 1156/5/869 1208/143/782 1210/144/782 1158/8/871 
f 1159/5/872 1211/143/782 1209/144/782 1157/8/870 
f 1158/5/871 1210/143/782 1212/144/782 1160/8/873 
f 1161/5/874 1213/143/782 1211/144/782 1159/8/872 
f 1160/5/873 1212/143/782 1214/144/782 1162/8/875 
f 1163/5/876 1215/143/782 1213/144/782 1161/8/874 
f 1162/5/875 1214/143/782 1216/144/782 1164/8/877 
f 1215/144/782 1163/8/876 1165/5/878 1217/143/782 
f 1218/144/782 1166/8/879 1164/5/877 1216/143/782 
f 1167/5/880 1219/143/782 1217/144/782 1165/8/878 
f 1166/5/879 1218/143/782 1220/144/782 1168/8/881 
f 1169/5/882 1221/143/782 1219/144/782 1167/8/880 
f 1168/5/881 1220/143/782 1222/144/782 1170/8/883 
f 1171/5/884 1223/143/782 1221/144/782 1169/8/882 
f 1170/5/883 1222/143/782 1224/144/782 1172/8/885 
f 1173/5/886 1225/143/782 1223/144/782 1171/8/884 
f 1172/5/885 1224/143/782 1225/144/782 1173/8/886 
# 1172 polygons - 52 triangles

#
# object Tube
#

v  3.0530 0.2477 -2.8771
v  3.0334 0.2410 -2.8771
v  3.0277 0.2390 -2.9460
v  3.0470 0.2457 -2.9496
v  0.9110 6.4473 -2.9496
v  0.9170 6.4494 -2.8771
v  0.8917 6.4407 -2.9460
v  0.8974 6.4427 -2.8771
v  3.0108 0.2332 -3.0128
v  3.0292 0.2395 -3.0199
v  0.8932 6.4412 -3.0199
v  0.8748 6.4349 -3.0128
v  2.9831 0.2237 -3.0755
v  3.0001 0.2295 -3.0859
v  0.8641 6.4312 -3.0859
v  0.8472 6.4253 -3.0755
v  2.9456 0.2107 -3.1322
v  2.9606 0.2159 -3.1455
v  0.8247 6.4176 -3.1455
v  0.8097 6.4124 -3.1322
v  2.8993 0.1948 -3.1811
v  2.9119 0.1992 -3.1970
v  0.7760 6.4008 -3.1970
v  0.7634 6.3965 -3.1811
v  2.8458 0.1764 -3.2208
v  2.8556 0.1797 -3.2387
v  0.7196 6.3814 -3.2387
v  0.7098 6.3780 -3.2208
v  2.7865 0.1559 -3.2500
v  2.7932 0.1583 -3.2695
v  0.6572 6.3599 -3.2695
v  0.6505 6.3576 -3.2500
v  2.7233 0.1342 -3.2679
v  2.7267 0.1354 -3.2883
v  0.5908 6.3370 -3.2883
v  0.5874 6.3359 -3.2679
v  2.6582 0.1117 -3.2739
v  2.6582 0.1117 -3.2947
v  0.5222 6.3134 -3.2947
v  0.5222 6.3134 -3.2739
v  2.5930 0.0893 -3.2679
v  2.5896 0.0881 -3.2883
v  0.4537 6.2898 -3.2883
v  0.4571 6.2910 -3.2679
v  2.5298 0.0675 -3.2500
v  2.5231 0.0652 -3.2695
v  0.3872 6.2669 -3.2695
v  0.3939 6.2692 -3.2500
v  2.4705 0.0471 -3.2208
v  2.4608 0.0438 -3.2387
v  0.3248 6.2454 -3.2387
v  0.3346 6.2488 -3.2208
v  2.4170 0.0287 -3.1811
v  2.4044 0.0243 -3.1970
v  0.2684 6.2260 -3.1970
v  0.2810 6.2304 -3.1811
v  2.3707 0.0128 -3.1322
v  2.3557 0.0076 -3.1455
v  0.2198 6.2093 -3.1455
v  0.2348 6.2144 -3.1322
v  2.3332 -0.0002 -3.0755
v  2.3162 -0.0060 -3.0859
v  0.1803 6.1957 -3.0859
v  0.1973 6.2015 -3.0755
v  2.3056 -0.0097 -3.0128
v  2.2872 -0.0160 -3.0199
v  0.1512 6.1856 -3.0199
v  0.1696 6.1920 -3.0128
v  2.2886 -0.0155 -2.9460
v  2.2693 -0.0222 -2.9496
v  0.1334 6.1795 -2.9496
v  0.1527 6.1862 -2.9460
v  2.2829 -0.0175 -2.8771
v  2.2633 -0.0242 -2.8771
v  0.1274 6.1774 -2.8771
v  0.1470 6.1842 -2.8771
v  2.2886 -0.0155 -2.8082
v  2.2693 -0.0222 -2.8046
v  0.1334 6.1795 -2.8046
v  0.1527 6.1862 -2.8082
v  2.3056 -0.0097 -2.7414
v  2.2872 -0.0160 -2.7343
v  0.1512 6.1856 -2.7343
v  0.1696 6.1920 -2.7414
v  2.3332 -0.0002 -2.6787
v  2.3162 -0.0060 -2.6683
v  0.1803 6.1957 -2.6683
v  0.1973 6.2015 -2.6787
v  2.3707 0.0128 -2.6220
v  2.3557 0.0076 -2.6087
v  0.2198 6.2093 -2.6087
v  0.2348 6.2144 -2.6220
v  2.4170 0.0287 -2.5731
v  2.4044 0.0243 -2.5572
v  0.2684 6.2260 -2.5572
v  0.2810 6.2304 -2.5731
v  2.4705 0.0471 -2.5334
v  2.4608 0.0438 -2.5155
v  0.3248 6.2454 -2.5155
v  0.3346 6.2488 -2.5334
v  2.5298 0.0675 -2.5042
v  2.5231 0.0652 -2.4847
v  0.3872 6.2669 -2.4847
v  0.3939 6.2692 -2.5042
v  2.5930 0.0893 -2.4863
v  2.5896 0.0881 -2.4659
v  0.4537 6.2898 -2.4659
v  0.4571 6.2910 -2.4863
v  2.6582 0.1117 -2.4802
v  2.6582 0.1117 -2.4595
v  0.5222 6.3134 -2.4595
v  0.5222 6.3134 -2.4802
v  2.7233 0.1342 -2.4863
v  2.7267 0.1354 -2.4659
v  0.5908 6.3370 -2.4659
v  0.5874 6.3359 -2.4863
v  2.7865 0.1559 -2.5042
v  2.7932 0.1583 -2.4847
v  0.6572 6.3599 -2.4847
v  0.6505 6.3576 -2.5042
v  2.8458 0.1764 -2.5334
v  2.8556 0.1797 -2.5155
v  0.7196 6.3814 -2.5155
v  0.7098 6.3780 -2.5334
v  2.8993 0.1948 -2.5731
v  2.9119 0.1992 -2.5572
v  0.7760 6.4008 -2.5572
v  0.7634 6.3965 -2.5731
v  2.9456 0.2107 -2.6220
v  2.9606 0.2159 -2.6087
v  0.8247 6.4176 -2.6087
v  0.8097 6.4124 -2.6220
v  2.9831 0.2237 -2.6787
v  3.0001 0.2295 -2.6683
v  0.8641 6.4312 -2.6683
v  0.8472 6.4253 -2.6787
v  3.0108 0.2332 -2.7414
v  3.0292 0.2395 -2.7343
v  0.8932 6.4412 -2.7343
v  0.8748 6.4349 -2.7414
v  3.0277 0.2390 -2.8082
v  3.0470 0.2457 -2.8046
v  0.9110 6.4473 -2.8046
v  0.8917 6.4407 -2.8082
# 144 vertices

vn 0.3256 -0.9455 -0.0000
vn 0.3256 -0.9455 0.0000
vn 0.9455 0.3256 -0.0000
vn 0.9311 0.3207 -0.1736
vn 0.9311 0.3207 -0.1737
vn -0.3256 0.9455 -0.0000
vn -0.3256 0.9455 0.0000
vn -0.9455 -0.3256 -0.0000
vn -0.9311 -0.3207 0.1737
vn -0.9311 -0.3207 0.1736
vn 0.3257 -0.9455 -0.0000
vn 0.8885 0.3060 -0.3420
vn -0.3257 0.9455 0.0000
vn -0.8885 -0.3060 0.3420
vn 0.8188 0.2820 -0.5000
vn -0.8188 -0.2820 0.5000
vn 0.7243 0.2495 -0.6428
vn -0.7243 -0.2495 0.6428
vn 0.6077 0.2093 -0.7661
vn 0.6077 0.2093 -0.7660
vn -0.6077 -0.2093 0.7661
vn -0.6077 -0.2093 0.7660
vn 0.4727 0.1628 -0.8660
vn 0.4728 0.1628 -0.8660
vn -0.4727 -0.1628 0.8660
vn 0.3234 0.1114 -0.9397
vn -0.3234 -0.1114 0.9397
vn 0.1642 0.0565 -0.9848
vn -0.1642 -0.0565 0.9848
vn -0.0000 -0.0000 -1.0000
vn 0.0000 0.0000 1.0000
vn -0.1642 -0.0565 -0.9848
vn 0.1642 0.0566 0.9848
vn 0.1642 0.0565 0.9848
vn -0.3234 -0.1114 -0.9397
vn 0.3234 0.1114 0.9397
vn -0.4727 -0.1628 -0.8660
vn -0.3257 0.9455 -0.0000
vn 0.4727 0.1628 0.8660
vn 0.3257 -0.9455 0.0000
vn -0.6077 -0.2093 -0.7660
vn 0.6078 0.2093 0.7660
vn -0.7243 -0.2495 -0.6428
vn 0.7243 0.2495 0.6428
vn -0.8188 -0.2820 -0.5000
vn 0.8188 0.2820 0.5000
vn -0.8885 -0.3060 -0.3420
vn 0.8885 0.3060 0.3420
vn -0.9311 -0.3207 -0.1737
vn -0.9311 -0.3207 -0.1736
vn 0.9311 0.3207 0.1736
vn 0.9311 0.3207 0.1737
vn 0.6078 0.2093 -0.7660
vn 0.1642 0.0566 -0.9848
vn -0.0000 -0.0000 1.0000
vn 0.0000 0.0000 -1.0000
vn 0.4728 0.1628 0.8660
vn 0.6077 0.2093 0.7661
vn 0.6077 0.2093 0.7660
vn -0.6077 -0.2093 -0.7661
# 60 vertex normals

vt 0.0000 0.5000 0.0000
vt 0.0248 0.5000 0.0000
vt 0.0320 0.5825 0.0000
vt 0.0076 0.5868 0.0000
vt 0.0000 0.0000 0.0000
vt 0.0278 0.0000 0.0000
vt 0.0278 1.0000 0.0000
vt 0.0000 1.0000 0.0000
vt 1.0000 0.5000 0.0000
vt 0.9924 0.5868 0.0000
vt 0.9680 0.5825 0.0000
vt 0.9752 0.5000 0.0000
vt 0.0535 0.6625 0.0000
vt 0.0302 0.6710 0.0000
vt 0.0556 0.0000 0.0000
vt 0.0556 1.0000 0.0000
vt 0.9698 0.6710 0.0000
vt 0.9465 0.6625 0.0000
vt 0.0885 0.7376 0.0000
vt 0.0670 0.7500 0.0000
vt 0.0833 0.0000 0.0000
vt 0.0833 1.0000 0.0000
vt 0.9330 0.7500 0.0000
vt 0.9115 0.7376 0.0000
vt 0.1360 0.8054 0.0000
vt 0.1170 0.8214 0.0000
vt 0.1111 0.0000 0.0000
vt 0.1111 1.0000 0.0000
vt 0.8830 0.8214 0.0000
vt 0.8640 0.8054 0.0000
vt 0.1946 0.8640 0.0000
vt 0.1786 0.8830 0.0000
vt 0.1389 0.0000 0.0000
vt 0.1389 1.0000 0.0000
vt 0.8214 0.8830 0.0000
vt 0.8054 0.8640 0.0000
vt 0.2624 0.9115 0.0000
vt 0.2500 0.9330 0.0000
vt 0.1667 0.0000 0.0000
vt 0.1667 1.0000 0.0000
vt 0.7500 0.9330 0.0000
vt 0.7376 0.9115 0.0000
vt 0.3375 0.9465 0.0000
vt 0.3290 0.9698 0.0000
vt 0.1944 0.0000 0.0000
vt 0.1944 1.0000 0.0000
vt 0.6710 0.9698 0.0000
vt 0.6625 0.9465 0.0000
vt 0.4175 0.9680 0.0000
vt 0.4132 0.9924 0.0000
vt 0.2222 0.0000 0.0000
vt 0.2222 1.0000 0.0000
vt 0.5868 0.9924 0.0000
vt 0.5825 0.9680 0.0000
vt 0.5000 0.9752 0.0000
vt 0.5000 1.0000 0.0000
vt 0.2500 0.0000 0.0000
vt 0.2500 1.0000 0.0000
vt 0.2778 0.0000 0.0000
vt 0.2778 1.0000 0.0000
vt 0.3056 0.0000 0.0000
vt 0.3056 1.0000 0.0000
vt 0.3333 0.0000 0.0000
vt 0.3333 1.0000 0.0000
vt 0.3611 0.0000 0.0000
vt 0.3611 1.0000 0.0000
vt 0.3889 0.0000 0.0000
vt 0.3889 1.0000 0.0000
vt 0.4167 0.0000 0.0000
vt 0.4167 1.0000 0.0000
vt 0.4444 0.0000 0.0000
vt 0.4444 1.0000 0.0000
vt 0.4722 0.0000 0.0000
vt 0.4722 1.0000 0.0000
vt 0.5000 0.0000 0.0000
vt 0.9680 0.4175 0.0000
vt 0.9924 0.4132 0.0000
vt 0.5278 0.0000 0.0000
vt 0.5278 1.0000 0.0000
vt 0.0076 0.4132 0.0000
vt 0.0320 0.4175 0.0000
vt 0.9465 0.3375 0.0000
vt 0.9698 0.3290 0.0000
vt 0.5556 0.0000 0.0000
vt 0.5556 1.0000 0.0000
vt 0.0302 0.3290 0.0000
vt 0.0535 0.3375 0.0000
vt 0.9115 0.2624 0.0000
vt 0.9330 0.2500 0.0000
vt 0.5833 0.0000 0.0000
vt 0.5833 1.0000 0.0000
vt 0.0670 0.2500 0.0000
vt 0.0885 0.2624 0.0000
vt 0.8640 0.1946 0.0000
vt 0.8830 0.1786 0.0000
vt 0.6111 0.0000 0.0000
vt 0.6111 1.0000 0.0000
vt 0.1170 0.1786 0.0000
vt 0.1360 0.1946 0.0000
vt 0.8054 0.1360 0.0000
vt 0.8214 0.1170 0.0000
vt 0.6389 0.0000 0.0000
vt 0.6389 1.0000 0.0000
vt 0.1786 0.1170 0.0000
vt 0.1946 0.1360 0.0000
vt 0.7376 0.0885 0.0000
vt 0.7500 0.0670 0.0000
vt 0.6667 0.0000 0.0000
vt 0.6667 1.0000 0.0000
vt 0.2500 0.0670 0.0000
vt 0.2624 0.0885 0.0000
vt 0.6625 0.0535 0.0000
vt 0.6710 0.0302 0.0000
vt 0.6944 0.0000 0.0000
vt 0.6944 1.0000 0.0000
vt 0.3290 0.0302 0.0000
vt 0.3375 0.0535 0.0000
vt 0.5825 0.0320 0.0000
vt 0.5868 0.0076 0.0000
vt 0.7222 0.0000 0.0000
vt 0.7222 1.0000 0.0000
vt 0.4132 0.0076 0.0000
vt 0.4175 0.0320 0.0000
vt 0.5000 0.0248 0.0000
vt 0.7500 0.0000 0.0000
vt 0.7500 1.0000 0.0000
vt 0.7778 0.0000 0.0000
vt 0.7778 1.0000 0.0000
vt 0.8056 0.0000 0.0000
vt 0.8056 1.0000 0.0000
vt 0.8333 0.0000 0.0000
vt 0.8333 1.0000 0.0000
vt 0.8611 0.0000 0.0000
vt 0.8611 1.0000 0.0000
vt 0.8889 0.0000 0.0000
vt 0.8889 1.0000 0.0000
vt 0.9167 0.0000 0.0000
vt 0.9167 1.0000 0.0000
vt 0.9444 0.0000 0.0000
vt 0.9444 1.0000 0.0000
vt 0.9722 0.0000 0.0000
vt 0.9722 1.0000 0.0000
vt 1.0000 0.0000 0.0000
vt 1.0000 1.0000 0.0000
# 144 texture coords

o Tube
g Tube
usemtl Material__25
s 1
f 1226/916/887 1227/917/887 1228/918/888 1229/919/887 
f 1226/920/889 1229/921/890 1230/922/891 1231/923/889 
f 1231/924/892 1230/925/893 1232/926/892 1233/927/892 
f 1233/920/894 1232/921/895 1228/922/896 1227/923/894 
f 1229/919/887 1228/918/888 1234/928/897 1235/929/897 
f 1230/922/891 1229/921/890 1235/930/898 1236/931/898 
f 1230/925/893 1236/932/899 1237/933/899 1232/926/892 
f 1232/921/895 1237/930/900 1234/931/900 1228/922/896 
f 1234/928/897 1238/934/888 1239/935/888 1235/929/897 
f 1235/930/898 1239/936/901 1240/937/901 1236/931/898 
f 1236/932/899 1240/938/892 1241/939/892 1237/933/899 
f 1237/930/900 1241/936/902 1238/937/902 1234/931/900 
f 1239/935/888 1238/934/888 1242/940/888 1243/941/887 
f 1239/936/901 1243/942/903 1244/943/903 1240/937/901 
f 1241/939/892 1240/938/892 1244/944/899 1245/945/899 
f 1238/937/902 1241/936/902 1245/942/904 1242/943/904 
f 1243/941/887 1242/940/888 1246/946/888 1247/947/888 
f 1244/943/903 1243/942/903 1247/948/905 1248/949/906 
f 1245/945/899 1244/944/899 1248/950/899 1249/951/899 
f 1242/943/904 1245/942/904 1249/948/907 1246/949/908 
f 1246/946/888 1250/952/887 1251/953/887 1247/947/888 
f 1248/949/906 1247/948/905 1251/954/909 1252/955/910 
f 1248/950/899 1252/956/892 1253/957/892 1249/951/899 
f 1253/954/911 1250/955/911 1246/949/908 1249/948/907 
f 1254/958/887 1255/959/887 1251/953/887 1250/952/887 
f 1255/960/912 1256/961/912 1252/955/910 1251/954/909 
f 1253/957/892 1252/956/892 1256/962/893 1257/963/892 
f 1253/954/911 1257/960/913 1254/961/913 1250/955/911 
f 1255/959/887 1254/958/887 1258/964/887 1259/965/887 
f 1255/960/912 1259/966/914 1260/967/914 1256/961/912 
f 1256/962/893 1260/968/893 1261/969/893 1257/963/892 
f 1254/961/913 1257/960/913 1261/966/915 1258/967/915 
f 1259/965/887 1258/964/887 1262/970/887 1263/971/887 
f 1259/966/914 1263/972/916 1264/973/916 1260/967/914 
f 1260/968/893 1264/971/892 1265/970/892 1261/969/893 
f 1258/967/915 1261/966/915 1265/972/917 1262/973/917 
f 1262/970/887 1266/969/888 1267/968/888 1263/971/887 
f 1263/972/916 1267/974/918 1268/975/918 1264/973/916 
f 1264/971/892 1268/965/893 1269/964/893 1265/970/892 
f 1265/972/917 1269/974/919 1266/975/920 1262/973/917 
f 1266/969/888 1270/963/888 1271/962/888 1267/968/888 
f 1268/975/918 1267/974/918 1271/976/921 1272/977/921 
f 1269/964/893 1268/965/893 1272/959/892 1273/958/892 
f 1269/974/919 1273/976/922 1270/977/922 1266/975/920 
f 1270/963/888 1274/957/887 1275/956/887 1271/962/888 
f 1271/976/921 1275/978/923 1276/979/923 1272/977/921 
f 1272/959/892 1276/953/892 1277/952/924 1273/958/892 
f 1270/977/922 1273/976/922 1277/978/925 1274/979/925 
f 1274/957/887 1278/951/926 1279/950/926 1275/956/887 
f 1279/980/927 1280/981/927 1276/979/923 1275/978/923 
f 1280/947/893 1281/946/893 1277/952/924 1276/953/892 
f 1281/980/928 1278/981/928 1274/979/925 1277/978/925 
f 1279/950/926 1278/951/926 1282/945/888 1283/944/887 
f 1279/980/927 1283/982/929 1284/983/929 1280/981/927 
f 1280/947/893 1284/941/924 1285/940/924 1281/946/893 
f 1278/981/928 1281/980/928 1285/982/930 1282/983/930 
f 1283/944/887 1282/945/888 1286/939/926 1287/938/926 
f 1284/983/929 1283/982/929 1287/984/931 1288/985/931 
f 1285/940/924 1284/941/924 1288/935/893 1289/934/893 
f 1282/983/930 1285/982/930 1289/984/932 1286/985/932 
f 1286/939/926 1290/933/926 1291/932/926 1287/938/926 
f 1287/984/931 1291/986/933 1292/987/933 1288/985/931 
f 1288/935/893 1292/929/924 1293/928/924 1289/934/893 
f 1289/984/932 1293/986/934 1290/987/934 1286/985/932 
f 1291/932/926 1290/933/926 1294/926/887 1295/925/887 
f 1292/987/933 1291/986/933 1295/988/935 1296/989/936 
f 1292/929/924 1296/919/892 1297/918/893 1293/928/924 
f 1293/986/934 1297/988/937 1294/989/938 1290/987/934 
f 1295/925/887 1294/926/887 1298/927/897 1299/924/897 
f 1296/989/936 1295/988/935 1299/990/894 1300/971/894 
f 1297/918/893 1296/919/892 1300/916/892 1301/917/892 
f 1297/988/937 1301/990/889 1298/971/889 1294/989/938 
f 1298/927/897 1302/991/888 1303/992/888 1299/924/897 
f 1300/971/894 1299/990/894 1303/993/895 1304/994/896 
f 1300/916/892 1304/995/893 1305/996/892 1301/917/892 
f 1305/993/890 1302/994/891 1298/971/889 1301/990/889 
f 1306/997/897 1307/998/897 1303/992/888 1302/991/888 
f 1307/999/900 1308/1000/900 1304/994/896 1303/993/895 
f 1305/996/892 1304/995/893 1308/1001/899 1309/1002/899 
f 1305/993/890 1309/999/898 1306/1000/898 1302/994/891 
f 1306/997/897 1310/1003/897 1311/1004/897 1307/998/897 
f 1308/1000/900 1307/999/900 1311/1005/902 1312/1006/902 
f 1309/1002/899 1308/1001/899 1312/1007/892 1313/1008/892 
f 1309/999/898 1313/1005/901 1310/1006/901 1306/1000/898 
f 1310/1003/897 1314/1009/887 1315/1010/888 1311/1004/897 
f 1312/1006/902 1311/1005/902 1315/1011/904 1316/1012/904 
f 1313/1008/892 1312/1007/892 1316/1013/899 1317/1014/899 
f 1313/1005/901 1317/1011/903 1314/1012/903 1310/1006/901 
f 1315/1010/888 1314/1009/887 1318/1015/897 1319/1016/897 
f 1315/1011/904 1319/1017/908 1320/1018/908 1316/1012/904 
f 1316/1013/899 1320/1019/892 1321/1020/892 1317/1014/899 
f 1314/1012/903 1317/1011/903 1321/1017/939 1318/1018/939 
f 1319/1016/897 1318/1015/897 1322/1021/888 1323/1022/888 
f 1319/1017/908 1323/1023/911 1324/1024/911 1320/1018/908 
f 1320/1019/892 1324/1025/893 1325/1026/899 1321/1020/892 
f 1321/1017/939 1325/1023/909 1322/1024/909 1318/1018/939 
f 1323/1022/888 1322/1021/888 1326/1027/887 1327/1028/887 
f 1323/1023/911 1327/1029/913 1328/1030/913 1324/1024/911 
f 1324/1025/893 1328/1031/893 1329/1032/893 1325/1026/899 
f 1322/1024/909 1325/1023/909 1329/1029/912 1326/1030/912 
f 1326/1027/887 1330/1033/887 1331/1034/887 1327/1028/887 
f 1331/1035/915 1332/1036/915 1328/1030/913 1327/1029/913 
f 1332/1037/892 1333/1038/892 1329/1032/893 1328/1031/893 
f 1333/1035/940 1330/1036/914 1326/1030/912 1329/1029/912 
f 1331/1034/887 1330/1033/887 1334/1039/887 1335/990/887 
f 1332/1036/915 1331/1035/915 1335/1040/941 1336/1041/941 
f 1332/1037/892 1336/990/892 1337/1039/892 1333/1038/892 
f 1330/1036/914 1333/1035/940 1337/1040/942 1334/1041/942 
f 1335/990/887 1334/1039/887 1338/1038/888 1339/1037/888 
f 1336/1041/941 1335/1040/941 1339/1042/920 1340/1043/920 
f 1336/990/892 1340/1034/892 1341/1033/892 1337/1039/892 
f 1337/1040/942 1341/1042/918 1338/1043/918 1334/1041/942 
f 1339/1037/888 1338/1038/888 1342/1032/888 1343/1031/888 
f 1339/1042/920 1343/1044/922 1344/1045/922 1340/1043/920 
f 1341/1033/892 1340/1034/892 1344/1028/892 1345/1027/893 
f 1338/1043/918 1341/1042/918 1345/1044/921 1342/1045/921 
f 1343/1031/888 1342/1032/888 1346/1026/888 1347/1025/888 
f 1344/1045/922 1343/1044/922 1347/1046/925 1348/1047/943 
f 1344/1028/892 1348/1022/893 1349/1021/893 1345/1027/893 
f 1345/1044/921 1349/1046/923 1346/1047/923 1342/1045/921 
f 1346/1026/888 1350/1020/887 1351/1019/887 1347/1025/888 
f 1347/1046/925 1351/1048/944 1352/1049/945 1348/1047/943 
f 1348/1022/893 1352/1016/924 1353/1015/924 1349/1021/893 
f 1346/1047/923 1349/1046/923 1353/1048/946 1350/1049/927 
f 1351/1019/887 1350/1020/887 1354/1014/887 1355/1013/888 
f 1351/1048/944 1355/1050/930 1356/1051/930 1352/1049/945 
f 1352/1016/924 1356/1010/924 1357/1009/924 1353/1015/924 
f 1357/1050/929 1354/1051/929 1350/1049/927 1353/1048/946 
f 1358/1008/887 1359/1007/887 1355/1013/888 1354/1014/887 
f 1359/1052/932 1360/1053/932 1356/1051/930 1355/1050/930 
f 1357/1009/924 1356/1010/924 1360/1004/893 1361/1003/893 
f 1357/1050/929 1361/1052/931 1358/1053/931 1354/1051/929 
f 1358/1008/887 1362/1002/926 1363/1001/926 1359/1007/887 
f 1359/1052/932 1363/1054/934 1364/1055/934 1360/1053/932 
f 1360/1004/893 1364/998/924 1365/997/924 1361/1003/893 
f 1361/1052/931 1365/1054/933 1362/1055/933 1358/1053/931 
f 1363/1001/926 1362/1002/926 1366/996/887 1367/995/888 
f 1364/1055/934 1363/1054/934 1367/1056/937 1368/1057/938 
f 1365/997/924 1364/998/924 1368/992/892 1369/991/893 
f 1365/1054/933 1369/1056/935 1366/1057/936 1362/1055/933 
f 1366/996/887 1227/917/887 1226/916/887 1367/995/888 
f 1367/1056/937 1226/1058/889 1231/1059/889 1368/1057/938 
f 1368/992/892 1231/924/892 1233/927/892 1369/991/893 
f 1369/1056/935 1233/1058/894 1227/1059/894 1366/1057/936 
# 144 polygons

#
# object Tube_14
#

v  1.0634 6.7786 -3.3388
v  0.7784 6.7786 -3.3388
v  0.7724 6.8475 -3.3388
v  1.0531 6.8970 -3.3388
v  1.0531 6.8970 -2.4154
v  1.0634 6.7786 -2.4154
v  0.7724 6.8475 -2.4154
v  0.7784 6.7786 -2.4154
v  0.7545 6.9143 -3.3388
v  1.0223 7.0118 -3.3388
v  1.0223 7.0118 -2.4154
v  0.7545 6.9143 -2.4154
v  0.7253 6.9770 -3.3388
v  0.9721 7.1195 -3.3388
v  0.9721 7.1195 -2.4154
v  0.7253 6.9770 -2.4154
v  0.6856 7.0337 -3.3388
v  0.9039 7.2169 -3.3388
v  0.9039 7.2169 -2.4154
v  0.6856 7.0337 -2.4154
v  0.6367 7.0826 -3.3388
v  0.8199 7.3009 -3.3388
v  0.8199 7.3009 -2.4154
v  0.6367 7.0826 -2.4154
v  0.5800 7.1223 -3.3388
v  0.7225 7.3691 -3.3388
v  0.7225 7.3691 -2.4154
v  0.5800 7.1223 -2.4154
v  0.5173 7.1515 -3.3388
v  0.6148 7.4193 -3.3388
v  0.6148 7.4193 -2.4154
v  0.5173 7.1515 -2.4154
v  0.4505 7.1694 -3.3388
v  0.5000 7.4501 -3.3388
v  0.5000 7.4501 -2.4154
v  0.4505 7.1694 -2.4154
v  0.3816 7.1754 -3.3388
v  0.3816 7.4604 -3.3388
v  0.3816 7.4604 -2.4154
v  0.3816 7.1754 -2.4154
v  0.3127 7.1694 -3.3388
v  0.2632 7.4501 -3.3388
v  0.2632 7.4501 -2.4154
v  0.3127 7.1694 -2.4154
v  0.2459 7.1515 -3.3388
v  0.1484 7.4193 -3.3388
v  0.1484 7.4193 -2.4154
v  0.2459 7.1515 -2.4154
v  0.1832 7.1223 -3.3388
v  0.0407 7.3691 -3.3388
v  0.0407 7.3691 -2.4154
v  0.1832 7.1223 -2.4154
v  0.1265 7.0826 -3.3388
v  -0.0567 7.3009 -3.3388
v  -0.0567 7.3009 -2.4154
v  0.1265 7.0826 -2.4154
v  0.0776 7.0337 -3.3388
v  -0.1407 7.2169 -3.3388
v  -0.1407 7.2169 -2.4154
v  0.0776 7.0337 -2.4154
v  0.0379 6.9770 -3.3388
v  -0.2089 7.1195 -3.3388
v  -0.2089 7.1195 -2.4154
v  0.0379 6.9770 -2.4154
v  0.0087 6.9143 -3.3388
v  -0.2591 7.0118 -3.3388
v  -0.2591 7.0118 -2.4154
v  0.0087 6.9143 -2.4154
v  -0.0092 6.8475 -3.3388
v  -0.2899 6.8970 -3.3388
v  -0.2899 6.8970 -2.4154
v  -0.0092 6.8475 -2.4154
v  -0.0153 6.7786 -3.3388
v  -0.3003 6.7786 -3.3388
v  -0.3003 6.7786 -2.4154
v  -0.0153 6.7786 -2.4154
v  -0.0092 6.7097 -3.3388
v  -0.2899 6.6602 -3.3388
v  -0.2899 6.6602 -2.4154
v  -0.0092 6.7097 -2.4154
v  0.0087 6.6429 -3.3388
v  -0.2591 6.5454 -3.3388
v  -0.2591 6.5454 -2.4154
v  0.0087 6.6429 -2.4154
v  0.0379 6.5802 -3.3388
v  -0.2089 6.4377 -3.3388
v  -0.2089 6.4377 -2.4154
v  0.0379 6.5802 -2.4154
v  0.0776 6.5235 -3.3388
v  -0.1407 6.3403 -3.3388
v  -0.1407 6.3403 -2.4154
v  0.0776 6.5235 -2.4154
v  0.1265 6.4746 -3.3388
v  -0.0567 6.2563 -3.3388
v  -0.0567 6.2563 -2.4154
v  0.1265 6.4746 -2.4154
v  0.1832 6.4349 -3.3388
v  0.0407 6.1881 -3.3388
v  0.0407 6.1881 -2.4154
v  0.1832 6.4349 -2.4154
v  0.2459 6.4057 -3.3388
v  0.1484 6.1379 -3.3388
v  0.1484 6.1379 -2.4154
v  0.2459 6.4057 -2.4154
v  0.3127 6.3878 -3.3388
v  0.2632 6.1071 -3.3388
v  0.2632 6.1071 -2.4154
v  0.3127 6.3878 -2.4154
v  0.3816 6.3817 -3.3388
v  0.3816 6.0967 -3.3388
v  0.3816 6.0967 -2.4154
v  0.3816 6.3817 -2.4154
v  0.4505 6.3878 -3.3388
v  0.5000 6.1071 -3.3388
v  0.5000 6.1071 -2.4154
v  0.4505 6.3878 -2.4154
v  0.5173 6.4057 -3.3388
v  0.6148 6.1379 -3.3388
v  0.6148 6.1379 -2.4154
v  0.5173 6.4057 -2.4154
v  0.5800 6.4349 -3.3388
v  0.7225 6.1881 -3.3388
v  0.7225 6.1881 -2.4154
v  0.5800 6.4349 -2.4154
v  0.6367 6.4746 -3.3388
v  0.8199 6.2563 -3.3388
v  0.8199 6.2563 -2.4154
v  0.6367 6.4746 -2.4154
v  0.6856 6.5235 -3.3388
v  0.9039 6.3403 -3.3388
v  0.9039 6.3403 -2.4154
v  0.6856 6.5235 -2.4154
v  0.7253 6.5802 -3.3388
v  0.9721 6.4377 -3.3388
v  0.9721 6.4377 -2.4154
v  0.7253 6.5802 -2.4154
v  0.7545 6.6429 -3.3388
v  1.0223 6.5454 -3.3388
v  1.0223 6.5454 -2.4154
v  0.7545 6.6429 -2.4154
v  0.7724 6.7097 -3.3388
v  1.0531 6.6602 -3.3388
v  1.0531 6.6602 -2.4154
v  0.7724 6.7097 -2.4154
v  0.9045 6.7786 -3.1477
v  0.5626 6.7786 -3.1477
v  0.5599 6.8100 -3.1477
v  0.8965 6.8694 -3.1477
v  0.8965 6.8694 -2.6065
v  0.9045 6.7786 -2.6065
v  0.5599 6.8100 -2.6065
v  0.5626 6.7786 -2.6065
v  0.5517 6.8405 -3.1477
v  0.8729 6.9574 -3.1477
v  0.8729 6.9574 -2.6065
v  0.5517 6.8405 -2.6065
v  0.5384 6.8691 -3.1477
v  0.8344 7.0400 -3.1477
v  0.8344 7.0400 -2.6065
v  0.5384 6.8691 -2.6065
v  0.5203 6.8950 -3.1477
v  0.7821 7.1147 -3.1477
v  0.7821 7.1147 -2.6065
v  0.5203 6.8950 -2.6065
v  0.4980 6.9173 -3.1477
v  0.7177 7.1791 -3.1477
v  0.7177 7.1791 -2.6065
v  0.4980 6.9173 -2.6065
v  0.4721 6.9354 -3.1477
v  0.6430 7.2314 -3.1477
v  0.6430 7.2314 -2.6065
v  0.4721 6.9354 -2.6065
v  0.4435 6.9487 -3.1477
v  0.5604 7.2699 -3.1477
v  0.5604 7.2699 -2.6065
v  0.4435 6.9487 -2.6065
v  0.4130 6.9569 -3.1477
v  0.4724 7.2935 -3.1477
v  0.4724 7.2935 -2.6065
v  0.4130 6.9569 -2.6065
v  0.3816 6.9596 -3.1477
v  0.3816 7.3015 -3.1477
v  0.3816 7.3015 -2.6065
v  0.3816 6.9596 -2.6065
v  0.3502 6.9569 -3.1477
v  0.2908 7.2935 -3.1477
v  0.2908 7.2935 -2.6065
v  0.3502 6.9569 -2.6065
v  0.3197 6.9487 -3.1477
v  0.2028 7.2699 -3.1477
v  0.2028 7.2699 -2.6065
v  0.3197 6.9487 -2.6065
v  0.2911 6.9354 -3.1477
v  0.1202 7.2314 -3.1477
v  0.1202 7.2314 -2.6065
v  0.2911 6.9354 -2.6065
v  0.2652 6.9173 -3.1477
v  0.0455 7.1791 -3.1477
v  0.0455 7.1791 -2.6065
v  0.2652 6.9173 -2.6065
v  0.2429 6.8950 -3.1477
v  -0.0189 7.1147 -3.1477
v  -0.0189 7.1147 -2.6065
v  0.2429 6.8950 -2.6065
v  0.2248 6.8691 -3.1477
v  -0.0712 7.0400 -3.1477
v  -0.0712 7.0400 -2.6065
v  0.2248 6.8691 -2.6065
v  0.2115 6.8405 -3.1477
v  -0.1097 6.9574 -3.1477
v  -0.1097 6.9574 -2.6065
v  0.2115 6.8405 -2.6065
v  0.2033 6.8100 -3.1477
v  -0.1333 6.8694 -3.1477
v  -0.1333 6.8694 -2.6065
v  0.2033 6.8100 -2.6065
v  0.2005 6.7786 -3.1477
v  -0.1413 6.7786 -3.1477
v  -0.1413 6.7786 -2.6065
v  0.2005 6.7786 -2.6065
v  0.2033 6.7472 -3.1477
v  -0.1333 6.6878 -3.1477
v  -0.1333 6.6878 -2.6065
v  0.2033 6.7472 -2.6065
v  0.2115 6.7167 -3.1477
v  -0.1097 6.5998 -3.1477
v  -0.1097 6.5998 -2.6065
v  0.2115 6.7167 -2.6065
v  0.2248 6.6881 -3.1477
v  -0.0712 6.5172 -3.1477
v  -0.0712 6.5172 -2.6065
v  0.2248 6.6881 -2.6065
v  0.2429 6.6622 -3.1477
v  -0.0189 6.4425 -3.1477
v  -0.0189 6.4425 -2.6065
v  0.2429 6.6622 -2.6065
v  0.2652 6.6399 -3.1477
v  0.0455 6.3781 -3.1477
v  0.0455 6.3781 -2.6065
v  0.2652 6.6399 -2.6065
v  0.2911 6.6218 -3.1477
v  0.1202 6.3258 -3.1477
v  0.1202 6.3258 -2.6065
v  0.2911 6.6218 -2.6065
v  0.3197 6.6085 -3.1477
v  0.2028 6.2873 -3.1477
v  0.2028 6.2873 -2.6065
v  0.3197 6.6085 -2.6065
v  0.3502 6.6003 -3.1477
v  0.2908 6.2637 -3.1477
v  0.2908 6.2637 -2.6065
v  0.3502 6.6003 -2.6065
v  0.3816 6.5976 -3.1477
v  0.3816 6.2557 -3.1477
v  0.3816 6.2557 -2.6065
v  0.3816 6.5976 -2.6065
v  0.4130 6.6003 -3.1477
v  0.4724 6.2637 -3.1477
v  0.4724 6.2637 -2.6065
v  0.4130 6.6003 -2.6065
v  0.4435 6.6085 -3.1477
v  0.5604 6.2873 -3.1477
v  0.5604 6.2873 -2.6065
v  0.4435 6.6085 -2.6065
v  0.4721 6.6218 -3.1477
v  0.6430 6.3258 -3.1477
v  0.6430 6.3258 -2.6065
v  0.4721 6.6218 -2.6065
v  0.4980 6.6399 -3.1477
v  0.7177 6.3781 -3.1477
v  0.7177 6.3781 -2.6065
v  0.4980 6.6399 -2.6065
v  0.5203 6.6622 -3.1477
v  0.7821 6.4425 -3.1477
v  0.7821 6.4425 -2.6065
v  0.5203 6.6622 -2.6065
v  0.5384 6.6881 -3.1477
v  0.8344 6.5172 -3.1477
v  0.8344 6.5172 -2.6065
v  0.5384 6.6881 -2.6065
v  0.5517 6.7167 -3.1477
v  0.8729 6.5998 -3.1477
v  0.8729 6.5998 -2.6065
v  0.5517 6.7167 -2.6065
v  0.5599 6.7472 -3.1477
v  0.8965 6.6878 -3.1477
v  0.8965 6.6878 -2.6065
v  0.5599 6.7472 -2.6065
v  0.3816 6.7786 -3.2632
v  0.6592 6.8275 -3.2632
v  0.6635 6.7786 -3.2632
v  0.6635 6.7786 -2.4910
v  0.6592 6.8275 -2.4910
v  0.3816 6.7786 -2.4910
v  0.6465 6.8750 -3.2632
v  0.6465 6.8750 -2.4910
v  0.6257 6.9195 -3.2632
v  0.6257 6.9195 -2.4910
v  0.5975 6.9598 -3.2632
v  0.5975 6.9598 -2.4910
v  0.5628 6.9945 -3.2632
v  0.5628 6.9945 -2.4910
v  0.5225 7.0227 -3.2632
v  0.5225 7.0227 -2.4910
v  0.4780 7.0435 -3.2632
v  0.4780 7.0435 -2.4910
v  0.4305 7.0562 -3.2632
v  0.4305 7.0562 -2.4910
v  0.3816 7.0605 -3.2632
v  0.3816 7.0605 -2.4910
v  0.3326 7.0562 -3.2632
v  0.3326 7.0562 -2.4910
v  0.2852 7.0435 -3.2632
v  0.2852 7.0435 -2.4910
v  0.2406 7.0227 -3.2632
v  0.2406 7.0227 -2.4910
v  0.2004 6.9945 -3.2632
v  0.2004 6.9945 -2.4910
v  0.1657 6.9598 -3.2632
v  0.1657 6.9598 -2.4910
v  0.1375 6.9195 -3.2632
v  0.1375 6.9195 -2.4910
v  0.1167 6.8750 -3.2632
v  0.1167 6.8750 -2.4910
v  0.1040 6.8275 -3.2632
v  0.1040 6.8275 -2.4910
v  0.0997 6.7786 -3.2632
v  0.0997 6.7786 -2.4910
v  0.1040 6.7296 -3.2632
v  0.1040 6.7296 -2.4910
v  0.1167 6.6822 -3.2632
v  0.1167 6.6822 -2.4910
v  0.1375 6.6377 -3.2632
v  0.1375 6.6377 -2.4910
v  0.1657 6.5974 -3.2632
v  0.1657 6.5974 -2.4910
v  0.2004 6.5627 -3.2632
v  0.2004 6.5627 -2.4910
v  0.2406 6.5345 -3.2632
v  0.2406 6.5345 -2.4910
v  0.2852 6.5137 -3.2632
v  0.2852 6.5137 -2.4910
v  0.3326 6.5010 -3.2632
v  0.3326 6.5010 -2.4910
v  0.3816 6.4967 -3.2632
v  0.3816 6.4967 -2.4910
v  0.4305 6.5010 -3.2632
v  0.4305 6.5010 -2.4910
v  0.4780 6.5137 -3.2632
v  0.4780 6.5137 -2.4910
v  0.5225 6.5345 -3.2632
v  0.5225 6.5345 -2.4910
v  0.5628 6.5627 -3.2632
v  0.5628 6.5627 -2.4910
v  0.5975 6.5974 -3.2632
v  0.5975 6.5974 -2.4910
v  0.6257 6.6377 -3.2632
v  0.6257 6.6377 -2.4910
v  0.6465 6.6822 -3.2632
v  0.6465 6.6822 -2.4910
v  0.6592 6.7296 -3.2632
v  0.6592 6.7296 -2.4910
# 362 vertices

vn 0.0000 0.0000 -1.0000
vn 1.0000 -0.0000 -0.0000
vn 0.9848 0.1736 -0.0000
vn 0.0000 0.0000 1.0000
vn -1.0000 0.0000 -0.0000
vn -0.9848 -0.1737 -0.0000
vn 0.9397 0.3420 -0.0000
vn -0.9397 -0.3420 -0.0000
vn 0.8660 0.5000 -0.0000
vn -0.8660 -0.5000 -0.0000
vn 0.7660 0.6428 -0.0000
vn -0.7660 -0.6428 -0.0000
vn 0.6428 0.7660 -0.0000
vn -0.6428 -0.7660 -0.0000
vn 0.5000 0.8660 -0.0000
vn -0.5000 -0.8660 -0.0000
vn 0.3420 0.9397 -0.0000
vn -0.3420 -0.9397 -0.0000
vn 0.1737 0.9848 -0.0000
vn -0.1736 -0.9848 -0.0000
vn -0.0000 1.0000 -0.0000
vn 0.0000 -1.0000 -0.0000
vn -0.1737 0.9848 -0.0000
vn 0.1736 -0.9848 -0.0000
vn -0.3420 0.9397 -0.0000
vn 0.3420 -0.9397 -0.0000
vn -0.5000 0.8660 -0.0000
vn 0.5000 -0.8660 -0.0000
vn -0.6428 0.7660 -0.0000
vn 0.6428 -0.7660 -0.0000
vn -0.7660 0.6428 -0.0000
vn 0.7660 -0.6428 -0.0000
vn -0.8660 0.5000 -0.0000
vn 0.8660 -0.5000 -0.0000
vn -0.9397 0.3420 -0.0000
vn 0.9397 -0.3420 -0.0000
vn -0.9848 0.1736 -0.0000
vn 0.9848 -0.1736 -0.0000
vn -1.0000 -0.0000 -0.0000
vn 1.0000 0.0000 -0.0000
vn -0.9848 -0.1736 -0.0000
vn 0.9848 0.1737 -0.0000
vn -0.1737 -0.9848 -0.0000
vn 0.1736 0.9848 -0.0000
vn -0.0000 -1.0000 -0.0000
vn 0.0000 1.0000 -0.0000
vn 0.1737 -0.9848 -0.0000
vn -0.1736 0.9848 -0.0000
vn -0.9848 0.1737 -0.0000
vn 0.7661 0.6428 -0.0000
vn -0.7661 0.6428 -0.0000
vn 0.9848 -0.1737 -0.0000
vn -0.7661 -0.6428 -0.0000
vn 0.7661 -0.6428 -0.0000
# 54 vertex normals

vt 0.0000 0.5000 0.0000
vt 0.2090 0.5000 0.0000
vt 0.2134 0.5505 0.0000
vt 0.0076 0.5868 0.0000
vt 0.0000 0.0000 0.0000
vt 0.0278 0.0000 0.0000
vt 0.0278 1.0000 0.0000
vt 0.0000 1.0000 0.0000
vt 1.0000 0.5000 0.0000
vt 0.9924 0.5868 0.0000
vt 0.7866 0.5505 0.0000
vt 0.7910 0.5000 0.0000
vt 0.2265 0.5995 0.0000
vt 0.0302 0.6710 0.0000
vt 0.0556 0.0000 0.0000
vt 0.0556 1.0000 0.0000
vt 0.9698 0.6710 0.0000
vt 0.7735 0.5995 0.0000
vt 0.2480 0.6455 0.0000
vt 0.0670 0.7500 0.0000
vt 0.0833 0.0000 0.0000
vt 0.0833 1.0000 0.0000
vt 0.9330 0.7500 0.0000
vt 0.7520 0.6455 0.0000
vt 0.2771 0.6871 0.0000
vt 0.1170 0.8214 0.0000
vt 0.1111 0.0000 0.0000
vt 0.1111 1.0000 0.0000
vt 0.8830 0.8214 0.0000
vt 0.7229 0.6871 0.0000
vt 0.3129 0.7229 0.0000
vt 0.1786 0.8830 0.0000
vt 0.1389 0.0000 0.0000
vt 0.1389 1.0000 0.0000
vt 0.8214 0.8830 0.0000
vt 0.6871 0.7229 0.0000
vt 0.3545 0.7520 0.0000
vt 0.2500 0.9330 0.0000
vt 0.1667 0.0000 0.0000
vt 0.1667 1.0000 0.0000
vt 0.7500 0.9330 0.0000
vt 0.6455 0.7520 0.0000
vt 0.4005 0.7735 0.0000
vt 0.3290 0.9698 0.0000
vt 0.1944 0.0000 0.0000
vt 0.1944 1.0000 0.0000
vt 0.6710 0.9698 0.0000
vt 0.5995 0.7735 0.0000
vt 0.4495 0.7866 0.0000
vt 0.4132 0.9924 0.0000
vt 0.2222 0.0000 0.0000
vt 0.2222 1.0000 0.0000
vt 0.5868 0.9924 0.0000
vt 0.5505 0.7866 0.0000
vt 0.5000 0.7910 0.0000
vt 0.5000 1.0000 0.0000
vt 0.2500 0.0000 0.0000
vt 0.2500 1.0000 0.0000
vt 0.2778 0.0000 0.0000
vt 0.2778 1.0000 0.0000
vt 0.3056 0.0000 0.0000
vt 0.3056 1.0000 0.0000
vt 0.3333 0.0000 0.0000
vt 0.3333 1.0000 0.0000
vt 0.3611 0.0000 0.0000
vt 0.3611 1.0000 0.0000
vt 0.3889 0.0000 0.0000
vt 0.3889 1.0000 0.0000
vt 0.4167 0.0000 0.0000
vt 0.4167 1.0000 0.0000
vt 0.4444 0.0000 0.0000
vt 0.4444 1.0000 0.0000
vt 0.4722 0.0000 0.0000
vt 0.4722 1.0000 0.0000
vt 0.5000 0.0000 0.0000
vt 0.7866 0.4495 0.0000
vt 0.9924 0.4132 0.0000
vt 0.5278 0.0000 0.0000
vt 0.5278 1.0000 0.0000
vt 0.0076 0.4132 0.0000
vt 0.2134 0.4495 0.0000
vt 0.7735 0.4005 0.0000
vt 0.9698 0.3290 0.0000
vt 0.5556 0.0000 0.0000
vt 0.5556 1.0000 0.0000
vt 0.0302 0.3290 0.0000
vt 0.2265 0.4005 0.0000
vt 0.7520 0.3545 0.0000
vt 0.9330 0.2500 0.0000
vt 0.5833 0.0000 0.0000
vt 0.5833 1.0000 0.0000
vt 0.0670 0.2500 0.0000
vt 0.2480 0.3545 0.0000
vt 0.7229 0.3129 0.0000
vt 0.8830 0.1786 0.0000
vt 0.6111 0.0000 0.0000
vt 0.6111 1.0000 0.0000
vt 0.1170 0.1786 0.0000
vt 0.2771 0.3129 0.0000
vt 0.6871 0.2771 0.0000
vt 0.8214 0.1170 0.0000
vt 0.6389 0.0000 0.0000
vt 0.6389 1.0000 0.0000
vt 0.1786 0.1170 0.0000
vt 0.3129 0.2771 0.0000
vt 0.6455 0.2480 0.0000
vt 0.7500 0.0670 0.0000
vt 0.6667 0.0000 0.0000
vt 0.6667 1.0000 0.0000
vt 0.2500 0.0670 0.0000
vt 0.3545 0.2480 0.0000
vt 0.5995 0.2265 0.0000
vt 0.6710 0.0302 0.0000
vt 0.6944 0.0000 0.0000
vt 0.6944 1.0000 0.0000
vt 0.3290 0.0302 0.0000
vt 0.4005 0.2265 0.0000
vt 0.5505 0.2134 0.0000
vt 0.5868 0.0076 0.0000
vt 0.7222 0.0000 0.0000
vt 0.7222 1.0000 0.0000
vt 0.4132 0.0076 0.0000
vt 0.4495 0.2134 0.0000
vt 0.5000 0.2090 0.0000
vt 0.7500 0.0000 0.0000
vt 0.7500 1.0000 0.0000
vt 0.7778 0.0000 0.0000
vt 0.7778 1.0000 0.0000
vt 0.8056 0.0000 0.0000
vt 0.8056 1.0000 0.0000
vt 0.8333 0.0000 0.0000
vt 0.8333 1.0000 0.0000
vt 0.8611 0.0000 0.0000
vt 0.8611 1.0000 0.0000
vt 0.8889 0.0000 0.0000
vt 0.8889 1.0000 0.0000
vt 0.9167 0.0000 0.0000
vt 0.9167 1.0000 0.0000
vt 0.9444 0.0000 0.0000
vt 0.9444 1.0000 0.0000
vt 0.9722 0.0000 0.0000
vt 0.9722 1.0000 0.0000
vt 1.0000 0.0000 0.0000
vt 1.0000 1.0000 0.0000
vt 0.3269 0.5000 0.0000
vt 0.3295 0.5301 0.0000
vt 0.6705 0.5301 0.0000
vt 0.6731 0.5000 0.0000
vt 0.3373 0.5592 0.0000
vt 0.6627 0.5592 0.0000
vt 0.3501 0.5866 0.0000
vt 0.6499 0.5866 0.0000
vt 0.3674 0.6113 0.0000
vt 0.6326 0.6113 0.0000
vt 0.3887 0.6326 0.0000
vt 0.6113 0.6326 0.0000
vt 0.4134 0.6499 0.0000
vt 0.5866 0.6499 0.0000
vt 0.4408 0.6627 0.0000
vt 0.5592 0.6627 0.0000
vt 0.4699 0.6705 0.0000
vt 0.5301 0.6705 0.0000
vt 0.5000 0.6731 0.0000
vt 0.6705 0.4699 0.0000
vt 0.3295 0.4699 0.0000
vt 0.6627 0.4408 0.0000
vt 0.3373 0.4408 0.0000
vt 0.6499 0.4134 0.0000
vt 0.3501 0.4134 0.0000
vt 0.6326 0.3887 0.0000
vt 0.3674 0.3887 0.0000
vt 0.6113 0.3674 0.0000
vt 0.3887 0.3674 0.0000
vt 0.5866 0.3501 0.0000
vt 0.4134 0.3501 0.0000
vt 0.5592 0.3373 0.0000
vt 0.4408 0.3373 0.0000
vt 0.5301 0.3295 0.0000
vt 0.4699 0.3295 0.0000
vt 0.5000 0.3269 0.0000
vt 0.5000 0.5000 0.0000
# 181 texture coords

o Tube_14
g Tube_14
usemtl Material__25
s 1
f 1370/1060/947 1371/1061/947 1372/1062/947 1373/1063/947 
f 1370/1064/948 1373/1065/949 1374/1066/949 1375/1067/948 
f 1375/1068/950 1374/1069/950 1376/1070/950 1377/1071/950 
f 1377/1064/951 1376/1065/952 1372/1066/952 1371/1067/951 
f 1373/1063/947 1372/1062/947 1378/1072/947 1379/1073/947 
f 1374/1066/949 1373/1065/949 1379/1074/953 1380/1075/953 
f 1374/1069/950 1380/1076/950 1381/1077/950 1376/1070/950 
f 1376/1065/952 1381/1074/954 1378/1075/954 1372/1066/952 
f 1378/1072/947 1382/1078/947 1383/1079/947 1379/1073/947 
f 1379/1074/953 1383/1080/955 1384/1081/955 1380/1075/953 
f 1380/1076/950 1384/1082/950 1385/1083/950 1381/1077/950 
f 1381/1074/954 1385/1080/956 1382/1081/956 1378/1075/954 
f 1383/1079/947 1382/1078/947 1386/1084/947 1387/1085/947 
f 1383/1080/955 1387/1086/957 1388/1087/957 1384/1081/955 
f 1385/1083/950 1384/1082/950 1388/1088/950 1389/1089/950 
f 1382/1081/956 1385/1080/956 1389/1086/958 1386/1087/958 
f 1387/1085/947 1386/1084/947 1390/1090/947 1391/1091/947 
f 1388/1087/957 1387/1086/957 1391/1092/959 1392/1093/959 
f 1389/1089/950 1388/1088/950 1392/1094/950 1393/1095/950 
f 1386/1087/958 1389/1086/958 1393/1092/960 1390/1093/960 
f 1390/1090/947 1394/1096/947 1395/1097/947 1391/1091/947 
f 1392/1093/959 1391/1092/959 1395/1098/961 1396/1099/961 
f 1392/1094/950 1396/1100/950 1397/1101/950 1393/1095/950 
f 1397/1098/962 1394/1099/962 1390/1093/960 1393/1092/960 
f 1398/1102/947 1399/1103/947 1395/1097/947 1394/1096/947 
f 1399/1104/963 1400/1105/963 1396/1099/961 1395/1098/961 
f 1397/1101/950 1396/1100/950 1400/1106/950 1401/1107/950 
f 1397/1098/962 1401/1104/964 1398/1105/964 1394/1099/962 
f 1399/1103/947 1398/1102/947 1402/1108/947 1403/1109/947 
f 1399/1104/963 1403/1110/965 1404/1111/965 1400/1105/963 
f 1400/1106/950 1404/1112/950 1405/1113/950 1401/1107/950 
f 1398/1105/964 1401/1104/964 1405/1110/966 1402/1111/966 
f 1403/1109/947 1402/1108/947 1406/1114/947 1407/1115/947 
f 1403/1110/965 1407/1116/967 1408/1117/967 1404/1111/965 
f 1404/1112/950 1408/1115/950 1409/1114/950 1405/1113/950 
f 1402/1111/966 1405/1110/966 1409/1116/968 1406/1117/968 
f 1406/1114/947 1410/1113/947 1411/1112/947 1407/1115/947 
f 1407/1116/967 1411/1118/969 1412/1119/969 1408/1117/967 
f 1408/1115/950 1412/1109/950 1413/1108/950 1409/1114/950 
f 1409/1116/968 1413/1118/970 1410/1119/970 1406/1117/968 
f 1410/1113/947 1414/1107/947 1415/1106/947 1411/1112/947 
f 1412/1119/969 1411/1118/969 1415/1120/971 1416/1121/971 
f 1413/1108/950 1412/1109/950 1416/1103/950 1417/1102/950 
f 1413/1118/970 1417/1120/972 1414/1121/972 1410/1119/970 
f 1414/1107/947 1418/1101/947 1419/1100/947 1415/1106/947 
f 1415/1120/971 1419/1122/973 1420/1123/973 1416/1121/971 
f 1416/1103/950 1420/1097/950 1421/1096/950 1417/1102/950 
f 1414/1121/972 1417/1120/972 1421/1122/974 1418/1123/974 
f 1418/1101/947 1422/1095/947 1423/1094/947 1419/1100/947 
f 1423/1124/975 1424/1125/975 1420/1123/973 1419/1122/973 
f 1424/1091/950 1425/1090/950 1421/1096/950 1420/1097/950 
f 1425/1124/976 1422/1125/976 1418/1123/974 1421/1122/974 
f 1423/1094/947 1422/1095/947 1426/1089/947 1427/1088/947 
f 1423/1124/975 1427/1126/977 1428/1127/977 1424/1125/975 
f 1424/1091/950 1428/1085/950 1429/1084/950 1425/1090/950 
f 1422/1125/976 1425/1124/976 1429/1126/978 1426/1127/978 
f 1427/1088/947 1426/1089/947 1430/1083/947 1431/1082/947 
f 1428/1127/977 1427/1126/977 1431/1128/979 1432/1129/979 
f 1429/1084/950 1428/1085/950 1432/1079/950 1433/1078/950 
f 1426/1127/978 1429/1126/978 1433/1128/980 1430/1129/980 
f 1430/1083/947 1434/1077/947 1435/1076/947 1431/1082/947 
f 1431/1128/979 1435/1130/981 1436/1131/981 1432/1129/979 
f 1432/1079/950 1436/1073/950 1437/1072/950 1433/1078/950 
f 1433/1128/980 1437/1130/982 1434/1131/982 1430/1129/980 
f 1435/1076/947 1434/1077/947 1438/1070/947 1439/1069/947 
f 1436/1131/981 1435/1130/981 1439/1132/983 1440/1133/983 
f 1436/1073/950 1440/1063/950 1441/1062/950 1437/1072/950 
f 1437/1130/982 1441/1132/984 1438/1133/984 1434/1131/982 
f 1439/1069/947 1438/1070/947 1442/1071/947 1443/1068/947 
f 1440/1133/983 1439/1132/983 1443/1134/985 1444/1115/985 
f 1441/1062/950 1440/1063/950 1444/1060/950 1445/1061/950 
f 1441/1132/984 1445/1134/986 1442/1115/986 1438/1133/984 
f 1442/1071/947 1446/1135/947 1447/1136/947 1443/1068/947 
f 1444/1115/985 1443/1134/985 1447/1137/987 1448/1138/987 
f 1444/1060/950 1448/1139/950 1449/1140/950 1445/1061/950 
f 1449/1137/988 1446/1138/988 1442/1115/986 1445/1134/986 
f 1450/1141/947 1451/1142/947 1447/1136/947 1446/1135/947 
f 1451/1143/954 1452/1144/954 1448/1138/987 1447/1137/987 
f 1449/1140/950 1448/1139/950 1452/1145/950 1453/1146/950 
f 1449/1137/988 1453/1143/953 1450/1144/953 1446/1138/988 
f 1450/1141/947 1454/1147/947 1455/1148/947 1451/1142/947 
f 1452/1144/954 1451/1143/954 1455/1149/956 1456/1150/956 
f 1453/1146/950 1452/1145/950 1456/1151/950 1457/1152/950 
f 1453/1143/953 1457/1149/955 1454/1150/955 1450/1144/953 
f 1454/1147/947 1458/1153/947 1459/1154/947 1455/1148/947 
f 1456/1150/956 1455/1149/956 1459/1155/958 1460/1156/958 
f 1457/1152/950 1456/1151/950 1460/1157/950 1461/1158/950 
f 1457/1149/955 1461/1155/957 1458/1156/957 1454/1150/955 
f 1459/1154/947 1458/1153/947 1462/1159/947 1463/1160/947 
f 1459/1155/958 1463/1161/960 1464/1162/960 1460/1156/958 
f 1460/1157/950 1464/1163/950 1465/1164/950 1461/1158/950 
f 1458/1156/957 1461/1155/957 1465/1161/959 1462/1162/959 
f 1463/1160/947 1462/1159/947 1466/1165/947 1467/1166/947 
f 1463/1161/960 1467/1167/962 1468/1168/962 1464/1162/960 
f 1464/1163/950 1468/1169/950 1469/1170/950 1465/1164/950 
f 1465/1161/959 1469/1167/961 1466/1168/961 1462/1162/959 
f 1467/1166/947 1466/1165/947 1470/1171/947 1471/1172/947 
f 1467/1167/962 1471/1173/964 1472/1174/964 1468/1168/962 
f 1468/1169/950 1472/1175/950 1473/1176/950 1469/1170/950 
f 1466/1168/961 1469/1167/961 1473/1173/963 1470/1174/963 
f 1470/1171/947 1474/1177/947 1475/1178/947 1471/1172/947 
f 1475/1179/989 1476/1180/989 1472/1174/964 1471/1173/964 
f 1476/1181/950 1477/1182/950 1473/1176/950 1472/1175/950 
f 1477/1179/990 1474/1180/990 1470/1174/963 1473/1173/963 
f 1475/1178/947 1474/1177/947 1478/1183/947 1479/1134/947 
f 1476/1180/989 1475/1179/989 1479/1184/991 1480/1185/991 
f 1476/1181/950 1480/1134/950 1481/1183/950 1477/1182/950 
f 1474/1180/990 1477/1179/990 1481/1184/992 1478/1185/992 
f 1479/1134/947 1478/1183/947 1482/1182/947 1483/1181/947 
f 1480/1185/991 1479/1184/991 1483/1186/993 1484/1187/993 
f 1480/1134/950 1484/1178/950 1485/1177/950 1481/1183/950 
f 1481/1184/992 1485/1186/994 1482/1187/994 1478/1185/992 
f 1483/1181/947 1482/1182/947 1486/1176/947 1487/1175/947 
f 1483/1186/993 1487/1188/972 1488/1189/972 1484/1187/993 
f 1485/1177/950 1484/1178/950 1488/1172/950 1489/1171/950 
f 1482/1187/994 1485/1186/994 1489/1188/971 1486/1189/971 
f 1487/1175/947 1486/1176/947 1490/1170/947 1491/1169/947 
f 1488/1189/972 1487/1188/972 1491/1190/974 1492/1191/974 
f 1488/1172/950 1492/1166/950 1493/1165/950 1489/1171/950 
f 1489/1188/971 1493/1190/973 1490/1191/973 1486/1189/971 
f 1490/1170/947 1494/1164/947 1495/1163/947 1491/1169/947 
f 1491/1190/974 1495/1192/976 1496/1193/976 1492/1191/974 
f 1492/1166/950 1496/1160/950 1497/1159/950 1493/1165/950 
f 1490/1191/973 1493/1190/973 1497/1192/975 1494/1193/975 
f 1495/1163/947 1494/1164/947 1498/1158/947 1499/1157/947 
f 1495/1192/976 1499/1194/978 1500/1195/978 1496/1193/976 
f 1496/1160/950 1500/1154/950 1501/1153/950 1497/1159/950 
f 1501/1194/977 1498/1195/977 1494/1193/975 1497/1192/975 
f 1502/1152/947 1503/1151/947 1499/1157/947 1498/1158/947 
f 1503/1196/980 1504/1197/980 1500/1195/978 1499/1194/978 
f 1501/1153/950 1500/1154/950 1504/1148/950 1505/1147/950 
f 1501/1194/977 1505/1196/979 1502/1197/979 1498/1195/977 
f 1502/1152/947 1506/1146/947 1507/1145/947 1503/1151/947 
f 1503/1196/980 1507/1198/982 1508/1199/982 1504/1197/980 
f 1504/1148/950 1508/1142/950 1509/1141/950 1505/1147/950 
f 1505/1196/979 1509/1198/981 1506/1199/981 1502/1197/979 
f 1507/1145/947 1506/1146/947 1510/1140/947 1511/1139/947 
f 1508/1199/982 1507/1198/982 1511/1200/984 1512/1201/984 
f 1509/1141/950 1508/1142/950 1512/1136/950 1513/1135/950 
f 1509/1198/981 1513/1200/995 1510/1201/995 1506/1199/981 
f 1510/1140/947 1371/1061/947 1370/1060/947 1511/1139/947 
f 1511/1200/984 1370/1202/948 1375/1203/948 1512/1201/984 
f 1512/1136/950 1375/1068/950 1377/1071/950 1513/1135/950 
f 1513/1200/995 1377/1202/951 1371/1203/951 1510/1201/995 
f 1514/1060/947 1515/1204/947 1516/1205/947 1517/1063/947 
f 1514/1064/948 1517/1065/988 1518/1066/988 1519/1067/948 
f 1519/1068/950 1518/1069/950 1520/1206/950 1521/1207/950 
f 1521/1064/951 1520/1065/952 1516/1066/952 1515/1067/951 
f 1517/1063/947 1516/1205/947 1522/1208/947 1523/1073/947 
f 1518/1066/988 1517/1065/988 1523/1074/953 1524/1075/953 
f 1518/1069/950 1524/1076/950 1525/1209/950 1520/1206/950 
f 1516/1066/952 1520/1065/952 1525/1074/954 1522/1075/954 
f 1522/1208/947 1526/1210/947 1527/1079/947 1523/1073/947 
f 1527/1080/955 1528/1081/955 1524/1075/953 1523/1074/953 
f 1528/1082/950 1529/1211/950 1525/1209/950 1524/1076/950 
f 1529/1080/956 1526/1081/956 1522/1075/954 1525/1074/954 
f 1527/1079/947 1526/1210/947 1530/1212/947 1531/1085/947 
f 1527/1080/955 1531/1086/996 1532/1087/996 1528/1081/955 
f 1528/1082/950 1532/1088/950 1533/1213/950 1529/1211/950 
f 1529/1080/956 1533/1086/958 1530/1087/958 1526/1081/956 
f 1530/1212/947 1534/1214/947 1535/1091/947 1531/1085/947 
f 1531/1086/996 1535/1092/959 1536/1093/959 1532/1087/996 
f 1533/1213/950 1532/1088/950 1536/1094/950 1537/1215/950 
f 1533/1086/958 1537/1092/960 1534/1093/960 1530/1087/958 
f 1535/1091/947 1534/1214/947 1538/1216/947 1539/1097/947 
f 1536/1093/959 1535/1092/959 1539/1098/961 1540/1099/961 
f 1537/1215/950 1536/1094/950 1540/1100/950 1541/1217/950 
f 1534/1093/960 1537/1092/960 1541/1098/962 1538/1099/962 
f 1538/1216/947 1542/1218/947 1543/1103/947 1539/1097/947 
f 1539/1098/961 1543/1104/963 1544/1105/963 1540/1099/961 
f 1540/1100/950 1544/1106/950 1545/1219/950 1541/1217/950 
f 1541/1098/962 1545/1104/964 1542/1105/964 1538/1099/962 
f 1542/1218/947 1546/1220/947 1547/1109/947 1543/1103/947 
f 1543/1104/963 1547/1110/990 1548/1111/990 1544/1105/963 
f 1544/1106/950 1548/1112/950 1549/1221/950 1545/1219/950 
f 1545/1104/964 1549/1110/989 1546/1111/989 1542/1105/964 
f 1546/1220/947 1550/1222/947 1551/1115/947 1547/1109/947 
f 1548/1111/990 1547/1110/990 1551/1116/992 1552/1117/992 
f 1548/1112/950 1552/1115/950 1553/1222/950 1549/1221/950 
f 1546/1111/989 1549/1110/989 1553/1116/968 1550/1117/968 
f 1551/1115/947 1550/1222/947 1554/1221/947 1555/1112/947 
f 1552/1117/992 1551/1116/992 1555/1118/969 1556/1119/969 
f 1553/1222/950 1552/1115/950 1556/1109/950 1557/1220/950 
f 1550/1117/968 1553/1116/968 1557/1118/970 1554/1119/970 
f 1554/1221/947 1558/1219/947 1559/1106/947 1555/1112/947 
f 1556/1119/969 1555/1118/969 1559/1120/971 1560/1121/971 
f 1557/1220/950 1556/1109/950 1560/1103/950 1561/1218/950 
f 1554/1119/970 1557/1118/970 1561/1120/972 1558/1121/972 
f 1559/1106/947 1558/1219/947 1562/1217/947 1563/1100/947 
f 1559/1120/971 1563/1122/973 1564/1123/973 1560/1121/971 
f 1561/1218/950 1560/1103/950 1564/1097/950 1565/1216/950 
f 1558/1121/972 1561/1120/972 1565/1122/974 1562/1123/974 
f 1563/1100/947 1562/1217/947 1566/1215/947 1567/1094/947 
f 1563/1122/973 1567/1124/975 1568/1125/975 1564/1123/973 
f 1564/1097/950 1568/1091/950 1569/1214/950 1565/1216/950 
f 1562/1123/974 1565/1122/974 1569/1124/976 1566/1125/976 
f 1567/1094/947 1566/1215/947 1570/1213/947 1571/1088/947 
f 1567/1124/975 1571/1126/997 1572/1127/997 1568/1125/975 
f 1569/1214/950 1568/1091/950 1572/1085/950 1573/1212/950 
f 1566/1125/976 1569/1124/976 1573/1126/978 1570/1127/978 
f 1571/1088/947 1570/1213/947 1574/1211/947 1575/1082/947 
f 1572/1127/997 1571/1126/997 1575/1128/979 1576/1129/979 
f 1573/1212/950 1572/1085/950 1576/1079/950 1577/1210/950 
f 1570/1127/978 1573/1126/978 1577/1128/980 1574/1129/980 
f 1574/1211/947 1578/1209/947 1579/1076/947 1575/1082/947 
f 1576/1129/979 1575/1128/979 1579/1130/981 1580/1131/981 
f 1577/1210/950 1576/1079/950 1580/1073/950 1581/1208/950 
f 1574/1129/980 1577/1128/980 1581/1130/982 1578/1131/982 
f 1582/1206/947 1583/1069/947 1579/1076/947 1578/1209/947 
f 1579/1130/981 1583/1132/995 1584/1133/995 1580/1131/981 
f 1580/1073/950 1584/1063/950 1585/1205/950 1581/1208/950 
f 1581/1130/982 1585/1132/998 1582/1133/998 1578/1131/982 
f 1583/1069/947 1582/1206/947 1586/1207/947 1587/1068/947 
f 1584/1133/995 1583/1132/995 1587/1134/985 1588/1115/985 
f 1584/1063/950 1588/1060/950 1589/1204/950 1585/1205/950 
f 1582/1133/998 1585/1132/998 1589/1134/986 1586/1115/986 
f 1587/1068/947 1586/1207/947 1590/1223/947 1591/1136/947 
f 1588/1115/985 1587/1134/985 1591/1137/952 1592/1138/952 
f 1588/1060/950 1592/1139/950 1593/1224/950 1589/1204/950 
f 1589/1134/986 1593/1137/949 1590/1138/949 1586/1115/986 
f 1591/1136/947 1590/1223/947 1594/1225/947 1595/1142/947 
f 1592/1138/952 1591/1137/952 1595/1143/954 1596/1144/954 
f 1592/1139/950 1596/1145/950 1597/1226/950 1593/1224/950 
f 1593/1137/949 1597/1143/953 1594/1144/953 1590/1138/949 
f 1595/1142/947 1594/1225/947 1598/1227/947 1599/1148/947 
f 1595/1143/954 1599/1149/956 1600/1150/956 1596/1144/954 
f 1596/1145/950 1600/1151/950 1601/1228/950 1597/1226/950 
f 1597/1143/953 1601/1149/955 1598/1150/955 1594/1144/953 
f 1599/1148/947 1598/1227/947 1602/1229/947 1603/1154/947 
f 1599/1149/956 1603/1155/999 1604/1156/999 1600/1150/956 
f 1600/1151/950 1604/1157/950 1605/1230/950 1601/1228/950 
f 1598/1150/955 1601/1149/955 1605/1155/957 1602/1156/957 
f 1603/1154/947 1602/1229/947 1606/1231/947 1607/1160/947 
f 1604/1156/999 1603/1155/999 1607/1161/960 1608/1162/960 
f 1608/1163/950 1609/1232/950 1605/1230/950 1604/1157/950 
f 1605/1155/957 1609/1161/959 1606/1162/959 1602/1156/957 
f 1606/1231/947 1610/1233/947 1611/1166/947 1607/1160/947 
f 1607/1161/960 1611/1167/962 1612/1168/962 1608/1162/960 
f 1608/1163/950 1612/1169/950 1613/1234/950 1609/1232/950 
f 1606/1162/959 1609/1161/959 1613/1167/961 1610/1168/961 
f 1610/1233/947 1614/1235/947 1615/1172/947 1611/1166/947 
f 1611/1167/962 1615/1173/964 1616/1174/964 1612/1168/962 
f 1612/1169/950 1616/1175/950 1617/1236/950 1613/1234/950 
f 1610/1168/961 1613/1167/961 1617/1173/963 1614/1174/963 
f 1615/1172/947 1614/1235/947 1618/1237/947 1619/1178/947 
f 1616/1174/964 1615/1173/964 1619/1179/989 1620/1180/989 
f 1616/1175/950 1620/1181/950 1621/1238/950 1617/1236/950 
f 1614/1174/963 1617/1173/963 1621/1179/990 1618/1180/990 
f 1619/1178/947 1618/1237/947 1622/1239/947 1623/1134/947 
f 1620/1180/989 1619/1179/989 1623/1184/968 1624/1185/968 
f 1620/1181/950 1624/1134/950 1625/1239/950 1621/1238/950 
f 1618/1180/990 1621/1179/990 1625/1184/992 1622/1185/992 
f 1622/1239/947 1626/1238/947 1627/1181/947 1623/1134/947 
f 1623/1184/968 1627/1186/970 1628/1187/970 1624/1185/968 
f 1625/1239/950 1624/1134/950 1628/1178/950 1629/1237/950 
f 1622/1185/992 1625/1184/992 1629/1186/969 1626/1187/969 
f 1626/1238/947 1630/1236/947 1631/1175/947 1627/1181/947 
f 1628/1187/970 1627/1186/970 1631/1188/972 1632/1189/972 
f 1629/1237/950 1628/1178/950 1632/1172/950 1633/1235/950 
f 1626/1187/969 1629/1186/969 1633/1188/971 1630/1189/971 
f 1634/1234/947 1635/1169/947 1631/1175/947 1630/1236/947 
f 1632/1189/972 1631/1188/972 1635/1190/974 1636/1191/974 
f 1633/1235/950 1632/1172/950 1636/1166/950 1637/1233/950 
f 1630/1189/971 1633/1188/971 1637/1190/973 1634/1191/973 
f 1634/1234/947 1638/1232/947 1639/1163/947 1635/1169/947 
f 1636/1191/974 1635/1190/974 1639/1192/976 1640/1193/976 
f 1637/1233/950 1636/1166/950 1640/1160/950 1641/1231/950 
f 1634/1191/973 1637/1190/973 1641/1192/975 1638/1193/975 
f 1638/1232/947 1642/1230/947 1643/1157/947 1639/1163/947 
f 1640/1193/976 1639/1192/976 1643/1194/1000 1644/1195/1000 
f 1640/1160/950 1644/1154/950 1645/1229/950 1641/1231/950 
f 1638/1193/975 1641/1192/975 1645/1194/977 1642/1195/977 
f 1643/1157/947 1642/1230/947 1646/1228/947 1647/1151/947 
f 1644/1195/1000 1643/1194/1000 1647/1196/980 1648/1197/980 
f 1644/1154/950 1648/1148/950 1649/1227/950 1645/1229/950 
f 1642/1195/977 1645/1194/977 1649/1196/979 1646/1197/979 
f 1646/1228/947 1650/1226/947 1651/1145/947 1647/1151/947 
f 1647/1196/980 1651/1198/982 1652/1199/982 1648/1197/980 
f 1649/1227/950 1648/1148/950 1652/1142/950 1653/1225/950 
f 1646/1197/979 1649/1196/979 1653/1198/981 1650/1199/981 
f 1651/1145/947 1650/1226/947 1654/1224/947 1655/1139/947 
f 1652/1199/982 1651/1198/982 1655/1200/998 1656/1201/998 
f 1652/1142/950 1656/1136/950 1657/1223/950 1653/1225/950 
f 1650/1199/981 1653/1198/981 1657/1200/983 1654/1201/983 
f 1654/1224/947 1515/1204/947 1514/1060/947 1655/1139/947 
f 1655/1200/998 1514/1202/948 1519/1203/948 1656/1201/998 
f 1657/1223/950 1656/1136/950 1519/1068/950 1521/1207/950 
f 1657/1200/983 1521/1202/951 1515/1203/951 1654/1201/983 
f 1658/1240/986 1658/1240/986 1659/1063/947 1660/1060/947 
f 1661/1067/948 1660/1064/948 1659/1065/949 1662/1066/949 
f 1663/1240/986 1661/1068/950 1662/1069/950 1663/1240/986 
f 1658/1067/986 1663/1064/986 1663/1065/986 1658/1066/986 
f 1658/1240/986 1658/1240/986 1664/1073/947 1659/1063/947 
f 1659/1065/949 1664/1074/953 1665/1075/953 1662/1066/949 
f 1663/1240/986 1662/1069/950 1665/1076/950 1663/1240/986 
f 1663/1065/986 1663/1074/986 1658/1075/986 1658/1066/986 
f 1658/1240/986 1658/1240/986 1666/1079/947 1664/1073/947 
f 1664/1074/953 1666/1080/955 1667/1081/955 1665/1075/953 
f 1663/1240/986 1665/1076/950 1667/1082/950 1663/1240/986 
f 1658/1075/986 1663/1074/986 1663/1080/986 1658/1081/986 
f 1658/1240/986 1658/1240/986 1668/1085/947 1666/1079/947 
f 1666/1080/955 1668/1086/996 1669/1087/996 1667/1081/955 
f 1663/1240/986 1667/1082/950 1669/1088/950 1663/1240/986 
f 1663/1080/986 1663/1086/986 1658/1087/986 1658/1081/986 
f 1658/1240/986 1658/1240/986 1670/1091/947 1668/1085/947 
f 1668/1086/996 1670/1092/959 1671/1093/959 1669/1087/996 
f 1663/1240/986 1669/1088/950 1671/1094/950 1663/1240/986 
f 1663/1086/986 1663/1092/986 1658/1093/986 1658/1087/986 
f 1658/1240/986 1658/1240/986 1672/1097/947 1670/1091/947 
f 1672/1098/961 1673/1099/961 1671/1093/959 1670/1092/959 
f 1673/1100/950 1663/1240/986 1663/1240/986 1671/1094/950 
f 1663/1098/986 1658/1099/986 1658/1093/986 1663/1092/986 
f 1672/1097/947 1658/1240/986 1658/1240/986 1674/1103/947 
f 1673/1099/961 1672/1098/961 1674/1104/963 1675/1105/963 
f 1663/1240/986 1673/1100/950 1675/1106/950 1663/1240/986 
f 1663/1098/986 1663/1104/986 1658/1105/986 1658/1099/986 
f 1658/1240/986 1658/1240/986 1676/1109/947 1674/1103/947 
f 1675/1105/963 1674/1104/963 1676/1110/965 1677/1111/965 
f 1675/1106/950 1677/1112/950 1663/1240/986 1663/1240/986 
f 1658/1105/986 1663/1104/986 1663/1110/986 1658/1111/986 
f 1658/1240/986 1658/1240/986 1678/1115/947 1676/1109/947 
f 1677/1111/965 1676/1110/965 1678/1116/992 1679/1117/992 
f 1677/1112/950 1679/1115/950 1663/1240/986 1663/1240/986 
f 1663/1110/986 1663/1116/986 1658/1117/986 1658/1111/986 
f 1658/1240/986 1658/1240/986 1680/1112/947 1678/1115/947 
f 1679/1117/992 1678/1116/992 1680/1118/969 1681/1119/969 
f 1679/1115/950 1681/1109/950 1663/1240/986 1663/1240/986 
f 1658/1117/986 1663/1116/986 1663/1118/986 1658/1119/986 
f 1680/1112/947 1658/1240/986 1658/1240/986 1682/1106/947 
f 1680/1118/969 1682/1120/971 1683/1121/971 1681/1119/969 
f 1663/1240/986 1681/1109/950 1683/1103/950 1663/1240/986 
f 1663/1118/986 1663/1120/986 1658/1121/986 1658/1119/986 
f 1658/1240/986 1658/1240/986 1684/1100/947 1682/1106/947 
f 1683/1121/971 1682/1120/971 1684/1122/973 1685/1123/973 
f 1683/1103/950 1685/1097/950 1663/1240/986 1663/1240/986 
f 1658/1123/986 1658/1121/986 1663/1120/986 1663/1122/986 
f 1686/1094/947 1684/1100/947 1658/1240/986 1658/1240/986 
f 1687/1125/975 1685/1123/973 1684/1122/973 1686/1124/975 
f 1687/1091/950 1663/1240/986 1663/1240/986 1685/1097/950 
f 1663/1122/986 1663/1124/986 1658/1125/986 1658/1123/986 
f 1686/1094/947 1658/1240/986 1658/1240/986 1688/1088/947 
f 1686/1124/975 1688/1126/977 1689/1127/977 1687/1125/975 
f 1663/1240/986 1687/1091/950 1689/1085/950 1663/1240/986 
f 1663/1124/986 1663/1126/986 1658/1127/986 1658/1125/986 
f 1658/1240/986 1658/1240/986 1690/1082/947 1688/1088/947 
f 1688/1126/977 1690/1128/979 1691/1129/979 1689/1127/977 
f 1663/1240/986 1689/1085/950 1691/1079/950 1663/1240/986 
f 1658/1127/986 1663/1126/986 1663/1128/986 1658/1129/986 
f 1690/1082/947 1658/1240/986 1658/1240/986 1692/1076/947 
f 1690/1128/979 1692/1130/981 1693/1131/981 1691/1129/979 
f 1691/1079/950 1693/1073/950 1663/1240/986 1663/1240/986 
f 1658/1129/986 1663/1128/986 1663/1130/986 1658/1131/986 
f 1692/1076/947 1658/1240/986 1658/1240/986 1694/1069/947 
f 1692/1130/981 1694/1132/983 1695/1133/983 1693/1131/981 
f 1663/1240/986 1693/1073/950 1695/1063/950 1663/1240/986 
f 1663/1130/986 1663/1132/986 1658/1133/986 1658/1131/986 
f 1658/1240/986 1658/1240/947 1696/1068/947 1694/1069/947 
f 1695/1133/983 1694/1132/983 1696/1134/985 1697/1115/985 
f 1695/1063/950 1697/1060/950 1663/1240/950 1663/1240/986 
f 1658/1133/986 1663/1132/986 1663/1134/986 1658/1115/986 
f 1658/1240/947 1658/1240/986 1698/1136/947 1696/1068/947 
f 1698/1137/987 1699/1138/987 1697/1115/985 1696/1134/985 
f 1699/1139/950 1663/1240/986 1663/1240/950 1697/1060/950 
f 1663/1137/986 1658/1138/986 1658/1115/986 1663/1134/986 
f 1658/1240/986 1700/1142/947 1698/1136/947 1658/1240/986 
f 1699/1138/987 1698/1137/987 1700/1143/954 1701/1144/954 
f 1699/1139/950 1701/1145/950 1663/1240/986 1663/1240/986 
f 1663/1137/986 1663/1143/986 1658/1144/986 1658/1138/986 
f 1700/1142/947 1658/1240/986 1658/1240/986 1702/1148/947 
f 1701/1144/954 1700/1143/954 1702/1149/956 1703/1150/956 
f 1663/1240/986 1701/1145/950 1703/1151/950 1663/1240/986 
f 1663/1143/986 1663/1149/986 1658/1150/986 1658/1144/986 
f 1702/1148/947 1658/1240/986 1658/1240/986 1704/1154/947 
f 1703/1150/956 1702/1149/956 1704/1155/999 1705/1156/999 
f 1663/1240/986 1703/1151/950 1705/1157/950 1663/1240/986 
f 1658/1150/986 1663/1149/986 1663/1155/986 1658/1156/986 
f 1704/1154/947 1658/1240/986 1658/1240/986 1706/1160/947 
f 1705/1156/999 1704/1155/999 1706/1161/960 1707/1162/960 
f 1705/1157/950 1707/1163/950 1663/1240/986 1663/1240/986 
f 1658/1156/986 1663/1155/986 1663/1161/986 1658/1162/986 
f 1706/1160/947 1658/1240/986 1658/1240/986 1708/1166/947 
f 1706/1161/960 1708/1167/962 1709/1168/962 1707/1162/960 
f 1707/1163/950 1709/1169/950 1663/1240/986 1663/1240/986 
f 1663/1161/986 1663/1167/986 1658/1168/986 1658/1162/986 
f 1708/1166/947 1658/1240/986 1658/1240/986 1710/1172/947 
f 1709/1168/962 1708/1167/962 1710/1173/964 1711/1174/964 
f 1709/1169/950 1711/1175/950 1663/1240/986 1663/1240/986 
f 1663/1173/986 1658/1174/986 1658/1168/986 1663/1167/986 
f 1658/1240/986 1712/1178/947 1710/1172/947 1658/1240/986 
f 1712/1179/989 1713/1180/989 1711/1174/964 1710/1173/964 
f 1713/1181/950 1663/1240/986 1663/1240/986 1711/1175/950 
f 1663/1173/986 1663/1179/986 1658/1180/986 1658/1174/986 
f 1712/1178/947 1658/1240/986 1658/1240/986 1714/1134/947 
f 1713/1180/989 1712/1179/989 1714/1184/968 1715/1185/968 
f 1713/1181/950 1715/1134/950 1663/1240/986 1663/1240/986 
f 1663/1179/986 1663/1184/986 1658/1185/986 1658/1180/986 
f 1714/1134/947 1658/1240/986 1658/1240/986 1716/1181/947 
f 1715/1185/968 1714/1184/968 1716/1186/993 1717/1187/993 
f 1715/1134/950 1717/1178/950 1663/1240/986 1663/1240/986 
f 1663/1184/986 1663/1186/986 1658/1187/986 1658/1185/986 
f 1716/1181/947 1658/1240/986 1658/1240/986 1718/1175/947 
f 1716/1186/993 1718/1188/972 1719/1189/972 1717/1187/993 
f 1663/1240/986 1717/1178/950 1719/1172/950 1663/1240/986 
f 1658/1187/986 1663/1186/986 1663/1188/986 1658/1189/986 
f 1718/1175/947 1658/1240/986 1658/1240/986 1720/1169/947 
f 1719/1189/972 1718/1188/972 1720/1190/974 1721/1191/974 
f 1719/1172/950 1721/1166/950 1663/1240/986 1663/1240/986 
f 1663/1188/986 1663/1190/986 1658/1191/986 1658/1189/986 
f 1658/1240/986 1658/1240/986 1722/1163/947 1720/1169/947 
f 1721/1191/974 1720/1190/974 1722/1192/976 1723/1193/976 
f 1663/1240/986 1721/1166/950 1723/1160/950 1663/1240/986 
f 1663/1190/986 1663/1192/986 1658/1193/986 1658/1191/986 
f 1722/1163/947 1658/1240/986 1658/1240/986 1724/1157/947 
f 1723/1193/976 1722/1192/976 1724/1194/978 1725/1195/978 
f 1663/1240/986 1723/1160/950 1725/1154/950 1663/1240/986 
f 1658/1193/986 1663/1192/986 1663/1194/986 1658/1195/986 
f 1724/1157/947 1658/1240/986 1658/1240/986 1726/1151/947 
f 1724/1194/978 1726/1196/980 1727/1197/980 1725/1195/978 
f 1725/1154/950 1727/1148/950 1663/1240/986 1663/1240/986 
f 1663/1194/986 1663/1196/986 1658/1197/986 1658/1195/986 
f 1726/1151/947 1658/1240/986 1658/1240/986 1728/1145/947 
f 1726/1196/980 1728/1198/982 1729/1199/982 1727/1197/980 
f 1727/1148/950 1729/1142/950 1663/1240/986 1663/1240/986 
f 1663/1196/986 1663/1198/986 1658/1199/986 1658/1197/986 
f 1658/1240/986 1658/1240/986 1730/1139/947 1728/1145/947 
f 1729/1199/982 1728/1198/982 1730/1200/984 1731/1201/984 
f 1663/1240/986 1729/1142/950 1731/1136/950 1663/1240/986 
f 1658/1199/986 1663/1198/986 1663/1200/986 1658/1201/986 
f 1730/1139/947 1658/1240/986 1658/1240/986 1660/1060/947 
f 1731/1201/984 1730/1200/984 1660/1202/948 1661/1203/948 
f 1663/1240/986 1731/1136/950 1661/1068/950 1663/1240/986 
f 1658/1201/986 1663/1200/986 1663/1202/986 1658/1203/986 
# 432 polygons

#
# object Tube_6
#

v  0.6518 6.9260 -2.8771
v  0.6452 6.9366 -2.8771
v  0.6433 6.9397 -2.9186
v  0.6498 6.9292 -2.9208
v  5.6073 9.9855 -2.9208
v  5.6093 9.9822 -2.8771
v  5.6008 9.9959 -2.9186
v  5.6027 9.9928 -2.8771
v  0.6377 6.9489 -2.9589
v  0.6438 6.9389 -2.9631
v  5.6013 9.9951 -2.9631
v  5.5952 10.0051 -2.9589
v  0.6284 6.9639 -2.9967
v  0.6341 6.9547 -3.0029
v  5.5916 10.0109 -3.0029
v  5.5859 10.0201 -2.9967
v  0.6159 6.9842 -3.0308
v  0.6209 6.9761 -3.0388
v  5.5784 10.0323 -3.0388
v  5.5734 10.0405 -3.0308
v  0.6004 7.0093 -3.0603
v  0.6046 7.0025 -3.0698
v  5.5621 10.0587 -3.0698
v  5.5579 10.0655 -3.0603
v  0.5825 7.0384 -3.0842
v  0.5858 7.0331 -3.0950
v  5.5433 10.0893 -3.0950
v  5.5400 10.0946 -3.0842
v  0.5627 7.0705 -3.1018
v  0.5649 7.0669 -3.1135
v  5.5224 10.1231 -3.1135
v  5.5202 10.1268 -3.1018
v  0.5416 7.1048 -3.1126
v  0.5427 7.1030 -3.1249
v  5.5002 10.1592 -3.1249
v  5.4990 10.1610 -3.1126
v  0.5198 7.1402 -3.1162
v  0.5198 7.1402 -3.1287
v  5.4772 10.1964 -3.1287
v  5.4772 10.1964 -3.1162
v  0.4980 7.1755 -3.1126
v  0.4968 7.1773 -3.1249
v  5.4543 10.2336 -3.1249
v  5.4555 10.2317 -3.1126
v  0.4768 7.2098 -3.1018
v  0.4746 7.2134 -3.1135
v  5.4321 10.2696 -3.1135
v  5.4343 10.2660 -3.1018
v  0.4570 7.2419 -3.0842
v  0.4537 7.2472 -3.0950
v  5.4112 10.3035 -3.0950
v  5.4145 10.2982 -3.0842
v  0.4391 7.2710 -3.0603
v  0.4349 7.2778 -3.0698
v  5.3924 10.3341 -3.0698
v  5.3966 10.3272 -3.0603
v  0.4236 7.2961 -3.0308
v  0.4186 7.3042 -3.0388
v  5.3761 10.3604 -3.0388
v  5.3811 10.3523 -3.0308
v  0.4111 7.3164 -2.9967
v  0.4054 7.3256 -3.0029
v  5.3629 10.3819 -3.0029
v  5.3686 10.3727 -2.9967
v  0.4018 7.3314 -2.9589
v  0.3957 7.3414 -2.9631
v  5.3532 10.3976 -2.9631
v  5.3593 10.3877 -2.9589
v  0.3962 7.3406 -2.9186
v  0.3897 7.3511 -2.9208
v  5.3472 10.4073 -2.9208
v  5.3537 10.3968 -2.9186
v  0.3943 7.3437 -2.8771
v  0.3877 7.3543 -2.8771
v  5.3452 10.4106 -2.8771
v  5.3518 10.3999 -2.8771
v  0.3962 7.3406 -2.8356
v  0.3897 7.3511 -2.8334
v  5.3472 10.4073 -2.8334
v  5.3537 10.3968 -2.8356
v  0.4018 7.3314 -2.7953
v  0.3957 7.3414 -2.7910
v  5.3532 10.3976 -2.7910
v  5.3593 10.3877 -2.7953
v  0.4111 7.3164 -2.7575
v  0.4054 7.3256 -2.7513
v  5.3629 10.3819 -2.7513
v  5.3686 10.3727 -2.7575
v  0.4236 7.2961 -2.7234
v  0.4186 7.3042 -2.7154
v  5.3761 10.3604 -2.7154
v  5.3811 10.3523 -2.7234
v  0.4391 7.2710 -2.6939
v  0.4349 7.2778 -2.6844
v  5.3924 10.3341 -2.6844
v  5.3966 10.3272 -2.6939
v  0.4570 7.2419 -2.6700
v  0.4537 7.2472 -2.6592
v  5.4112 10.3035 -2.6592
v  5.4145 10.2982 -2.6700
v  0.4768 7.2098 -2.6524
v  0.4746 7.2134 -2.6407
v  5.4321 10.2696 -2.6407
v  5.4343 10.2660 -2.6524
v  0.4980 7.1755 -2.6416
v  0.4968 7.1773 -2.6293
v  5.4543 10.2336 -2.6293
v  5.4555 10.2317 -2.6416
v  0.5198 7.1402 -2.6380
v  0.5198 7.1402 -2.6255
v  5.4772 10.1964 -2.6255
v  5.4772 10.1964 -2.6380
v  0.5416 7.1048 -2.6416
v  0.5427 7.1030 -2.6293
v  5.5002 10.1592 -2.6293
v  5.4990 10.1610 -2.6416
v  0.5627 7.0705 -2.6524
v  0.5649 7.0669 -2.6407
v  5.5224 10.1231 -2.6407
v  5.5202 10.1268 -2.6524
v  0.5825 7.0384 -2.6700
v  0.5858 7.0331 -2.6592
v  5.5433 10.0893 -2.6592
v  5.5400 10.0946 -2.6700
v  0.6004 7.0093 -2.6939
v  0.6046 7.0025 -2.6844
v  5.5621 10.0587 -2.6844
v  5.5579 10.0655 -2.6939
v  0.6159 6.9842 -2.7234
v  0.6209 6.9761 -2.7154
v  5.5784 10.0323 -2.7154
v  5.5734 10.0405 -2.7234
v  0.6284 6.9639 -2.7575
v  0.6341 6.9547 -2.7513
v  5.5916 10.0109 -2.7513
v  5.5859 10.0201 -2.7575
v  0.6377 6.9489 -2.7953
v  0.6438 6.9389 -2.7910
v  5.6013 9.9951 -2.7910
v  5.5952 10.0051 -2.7953
v  0.6433 6.9397 -2.8356
v  0.6498 6.9292 -2.8334
v  5.6073 9.9855 -2.8334
v  5.6008 9.9959 -2.8356
# 144 vertices

vn -0.8513 -0.5248 -0.0000
vn -0.8513 -0.5247 0.0000
vn 0.5248 -0.8512 -0.0000
vn 0.5168 -0.8383 -0.1737
vn 0.5168 -0.8383 -0.1736
vn 0.8512 0.5248 -0.0000
vn 0.8513 0.5247 -0.0000
vn -0.5248 0.8512 -0.0000
vn -0.5168 0.8383 0.1737
vn -0.5168 0.8383 0.1736
vn -0.8513 -0.5248 0.0000
vn 0.4931 -0.7999 -0.3420
vn 0.8512 0.5248 0.0000
vn -0.4931 0.7999 0.3420
vn -0.8512 -0.5248 0.0000
vn -0.8512 -0.5248 -0.0000
vn 0.4545 -0.7372 -0.5000
vn -0.4545 0.7372 0.5000
vn -0.8512 -0.5248 -0.0001
vn 0.4020 -0.6521 -0.6428
vn -0.4020 0.6521 0.6428
vn 0.3373 -0.5472 -0.7660
vn -0.3373 0.5472 0.7660
vn 0.2624 -0.4256 -0.8660
vn 0.8513 0.5248 -0.0000
vn -0.2624 0.4256 0.8660
vn 0.1795 -0.2911 -0.9397
vn -0.1795 0.2911 0.9397
vn 0.0911 -0.1478 -0.9848
vn -0.0911 0.1478 0.9848
vn 0.0000 -0.0000 -1.0000
vn -0.0000 0.0000 1.0000
vn 0.0000 -0.0000 1.0000
vn -0.0911 0.1478 -0.9848
vn 0.0911 -0.1478 0.9848
vn -0.1795 0.2911 -0.9397
vn 0.1795 -0.2911 0.9397
vn -0.2624 0.4256 -0.8660
vn 0.2624 -0.4256 0.8660
vn -0.3373 0.5472 -0.7660
vn 0.3373 -0.5472 0.7660
vn -0.4020 0.6521 -0.6428
vn 0.4020 -0.6521 0.6428
vn -0.4545 0.7372 -0.5000
vn 0.4545 -0.7372 0.5000
vn -0.4931 0.7999 -0.3420
vn 0.4931 -0.7999 0.3420
vn -0.5168 0.8383 -0.1736
vn 0.5168 -0.8383 0.1736
vn 0.5168 -0.8383 0.1737
vn -0.0000 0.0000 -1.0000
vn 0.8513 0.5248 0.0000
vn -0.8512 -0.5248 0.0001
vn -0.8513 -0.5247 -0.0000
vn 0.8513 0.5247 0.0000
vn -0.5168 0.8383 -0.1737
# 56 vertex normals

vt 0.0000 0.5000 0.0000
vt 0.0248 0.5000 0.0000
vt 0.0320 0.5825 0.0000
vt 0.0076 0.5868 0.0000
vt 0.0000 0.0000 0.0000
vt 0.0278 0.0000 0.0000
vt 0.0278 1.0000 0.0000
vt 0.0000 1.0000 0.0000
vt 1.0000 0.5000 0.0000
vt 0.9924 0.5868 0.0000
vt 0.9680 0.5825 0.0000
vt 0.9752 0.5000 0.0000
vt 0.0535 0.6625 0.0000
vt 0.0302 0.6710 0.0000
vt 0.0556 0.0000 0.0000
vt 0.0556 1.0000 0.0000
vt 0.9698 0.6710 0.0000
vt 0.9465 0.6625 0.0000
vt 0.0885 0.7376 0.0000
vt 0.0670 0.7500 0.0000
vt 0.0833 0.0000 0.0000
vt 0.0833 1.0000 0.0000
vt 0.9330 0.7500 0.0000
vt 0.9115 0.7376 0.0000
vt 0.1360 0.8054 0.0000
vt 0.1170 0.8214 0.0000
vt 0.1111 0.0000 0.0000
vt 0.1111 1.0000 0.0000
vt 0.8830 0.8214 0.0000
vt 0.8640 0.8054 0.0000
vt 0.1946 0.8640 0.0000
vt 0.1786 0.8830 0.0000
vt 0.1389 0.0000 0.0000
vt 0.1389 1.0000 0.0000
vt 0.8214 0.8830 0.0000
vt 0.8054 0.8640 0.0000
vt 0.2624 0.9115 0.0000
vt 0.2500 0.9330 0.0000
vt 0.1667 0.0000 0.0000
vt 0.1667 1.0000 0.0000
vt 0.7500 0.9330 0.0000
vt 0.7376 0.9115 0.0000
vt 0.3375 0.9465 0.0000
vt 0.3290 0.9698 0.0000
vt 0.1944 0.0000 0.0000
vt 0.1944 1.0000 0.0000
vt 0.6710 0.9698 0.0000
vt 0.6625 0.9465 0.0000
vt 0.4175 0.9680 0.0000
vt 0.4132 0.9924 0.0000
vt 0.2222 0.0000 0.0000
vt 0.2222 1.0000 0.0000
vt 0.5868 0.9924 0.0000
vt 0.5825 0.9680 0.0000
vt 0.5000 0.9752 0.0000
vt 0.5000 1.0000 0.0000
vt 0.2500 0.0000 0.0000
vt 0.2500 1.0000 0.0000
vt 0.2778 0.0000 0.0000
vt 0.2778 1.0000 0.0000
vt 0.3056 0.0000 0.0000
vt 0.3056 1.0000 0.0000
vt 0.3333 0.0000 0.0000
vt 0.3333 1.0000 0.0000
vt 0.3611 0.0000 0.0000
vt 0.3611 1.0000 0.0000
vt 0.3889 0.0000 0.0000
vt 0.3889 1.0000 0.0000
vt 0.4167 0.0000 0.0000
vt 0.4167 1.0000 0.0000
vt 0.4444 0.0000 0.0000
vt 0.4444 1.0000 0.0000
vt 0.4722 0.0000 0.0000
vt 0.4722 1.0000 0.0000
vt 0.5000 0.0000 0.0000
vt 0.9680 0.4175 0.0000
vt 0.9924 0.4132 0.0000
vt 0.5278 0.0000 0.0000
vt 0.5278 1.0000 0.0000
vt 0.0076 0.4132 0.0000
vt 0.0320 0.4175 0.0000
vt 0.9465 0.3375 0.0000
vt 0.9698 0.3290 0.0000
vt 0.5556 0.0000 0.0000
vt 0.5556 1.0000 0.0000
vt 0.0302 0.3290 0.0000
vt 0.0535 0.3375 0.0000
vt 0.9115 0.2624 0.0000
vt 0.9330 0.2500 0.0000
vt 0.5833 0.0000 0.0000
vt 0.5833 1.0000 0.0000
vt 0.0670 0.2500 0.0000
vt 0.0885 0.2624 0.0000
vt 0.8640 0.1946 0.0000
vt 0.8830 0.1786 0.0000
vt 0.6111 0.0000 0.0000
vt 0.6111 1.0000 0.0000
vt 0.1170 0.1786 0.0000
vt 0.1360 0.1946 0.0000
vt 0.8054 0.1360 0.0000
vt 0.8214 0.1170 0.0000
vt 0.6389 0.0000 0.0000
vt 0.6389 1.0000 0.0000
vt 0.1786 0.1170 0.0000
vt 0.1946 0.1360 0.0000
vt 0.7376 0.0885 0.0000
vt 0.7500 0.0670 0.0000
vt 0.6667 0.0000 0.0000
vt 0.6667 1.0000 0.0000
vt 0.2500 0.0670 0.0000
vt 0.2624 0.0885 0.0000
vt 0.6625 0.0535 0.0000
vt 0.6710 0.0302 0.0000
vt 0.6944 0.0000 0.0000
vt 0.6944 1.0000 0.0000
vt 0.3290 0.0302 0.0000
vt 0.3375 0.0535 0.0000
vt 0.5825 0.0320 0.0000
vt 0.5868 0.0076 0.0000
vt 0.7222 0.0000 0.0000
vt 0.7222 1.0000 0.0000
vt 0.4132 0.0076 0.0000
vt 0.4175 0.0320 0.0000
vt 0.5000 0.0248 0.0000
vt 0.7500 0.0000 0.0000
vt 0.7500 1.0000 0.0000
vt 0.7778 0.0000 0.0000
vt 0.7778 1.0000 0.0000
vt 0.8056 0.0000 0.0000
vt 0.8056 1.0000 0.0000
vt 0.8333 0.0000 0.0000
vt 0.8333 1.0000 0.0000
vt 0.8611 0.0000 0.0000
vt 0.8611 1.0000 0.0000
vt 0.8889 0.0000 0.0000
vt 0.8889 1.0000 0.0000
vt 0.9167 0.0000 0.0000
vt 0.9167 1.0000 0.0000
vt 0.9444 0.0000 0.0000
vt 0.9444 1.0000 0.0000
vt 0.9722 0.0000 0.0000
vt 0.9722 1.0000 0.0000
vt 1.0000 0.0000 0.0000
vt 1.0000 1.0000 0.0000
# 144 texture coords

o Tube_6
g Tube_6
usemtl Material__25
s 1
f 1732/1241/1001 1733/1242/1001 1734/1243/1002 1735/1244/1002 
f 1732/1245/1003 1735/1246/1004 1736/1247/1005 1737/1248/1003 
f 1737/1249/1006 1736/1250/1007 1738/1251/1007 1739/1252/1006 
f 1739/1245/1008 1738/1246/1009 1734/1247/1010 1733/1248/1008 
f 1735/1244/1002 1734/1243/1002 1740/1253/1011 1741/1254/1001 
f 1736/1247/1005 1735/1246/1004 1741/1255/1012 1742/1256/1012 
f 1736/1250/1007 1742/1257/1013 1743/1258/1013 1738/1251/1007 
f 1738/1246/1009 1743/1255/1014 1740/1256/1014 1734/1247/1010 
f 1740/1253/1011 1744/1259/1015 1745/1260/1016 1741/1254/1001 
f 1741/1255/1012 1745/1261/1017 1746/1262/1017 1742/1256/1012 
f 1742/1257/1013 1746/1263/1013 1747/1264/1013 1743/1258/1013 
f 1743/1255/1014 1747/1261/1018 1744/1262/1018 1740/1256/1014 
f 1745/1260/1016 1744/1259/1015 1748/1265/1019 1749/1266/1019 
f 1745/1261/1017 1749/1267/1020 1750/1268/1020 1746/1262/1017 
f 1747/1264/1013 1746/1263/1013 1750/1269/1006 1751/1270/1006 
f 1744/1262/1018 1747/1261/1018 1751/1267/1021 1748/1268/1021 
f 1749/1266/1019 1748/1265/1019 1752/1271/1011 1753/1272/1015 
f 1750/1268/1020 1749/1267/1020 1753/1273/1022 1754/1274/1022 
f 1751/1270/1006 1750/1269/1006 1754/1275/1013 1755/1276/1013 
f 1748/1268/1021 1751/1267/1021 1755/1273/1023 1752/1274/1023 
f 1752/1271/1011 1756/1277/1015 1757/1278/1015 1753/1272/1015 
f 1754/1274/1022 1753/1273/1022 1757/1279/1024 1758/1280/1024 
f 1754/1275/1013 1758/1281/1006 1759/1282/1025 1755/1276/1013 
f 1759/1279/1026 1756/1280/1026 1752/1274/1023 1755/1273/1023 
f 1760/1283/1016 1761/1284/1016 1757/1278/1015 1756/1277/1015 
f 1761/1285/1027 1762/1286/1027 1758/1280/1024 1757/1279/1024 
f 1759/1282/1025 1758/1281/1006 1762/1287/1006 1763/1288/1006 
f 1759/1279/1026 1763/1285/1028 1760/1286/1028 1756/1280/1026 
f 1761/1284/1016 1760/1283/1016 1764/1289/1016 1765/1290/1016 
f 1761/1285/1027 1765/1291/1029 1766/1292/1029 1762/1286/1027 
f 1762/1287/1006 1766/1293/1006 1767/1294/1006 1763/1288/1006 
f 1760/1286/1028 1763/1285/1028 1767/1291/1030 1764/1292/1030 
f 1765/1290/1016 1764/1289/1016 1768/1295/1016 1769/1296/1016 
f 1765/1291/1029 1769/1297/1031 1770/1298/1031 1766/1292/1029 
f 1766/1293/1006 1770/1296/1006 1771/1295/1006 1767/1294/1006 
f 1764/1292/1030 1767/1291/1030 1771/1297/1032 1768/1298/1033 
f 1768/1295/1016 1772/1294/1015 1773/1293/1015 1769/1296/1016 
f 1769/1297/1031 1773/1299/1034 1774/1300/1034 1770/1298/1031 
f 1770/1296/1006 1774/1290/1013 1775/1289/1013 1771/1295/1006 
f 1771/1297/1032 1775/1299/1035 1772/1300/1035 1768/1298/1033 
f 1772/1294/1015 1776/1288/1015 1777/1287/1015 1773/1293/1015 
f 1774/1300/1034 1773/1299/1034 1777/1301/1036 1778/1302/1036 
f 1775/1289/1013 1774/1290/1013 1778/1284/1013 1779/1283/1013 
f 1775/1299/1035 1779/1301/1037 1776/1302/1037 1772/1300/1035 
f 1776/1288/1015 1780/1282/1016 1781/1281/1016 1777/1287/1015 
f 1777/1301/1036 1781/1303/1038 1782/1304/1038 1778/1302/1036 
f 1778/1284/1013 1782/1278/1006 1783/1277/1006 1779/1283/1013 
f 1776/1302/1037 1779/1301/1037 1783/1303/1039 1780/1304/1039 
f 1780/1282/1016 1784/1276/1015 1785/1275/1015 1781/1281/1016 
f 1785/1305/1040 1786/1306/1040 1782/1304/1038 1781/1303/1038 
f 1786/1272/1006 1787/1271/1006 1783/1277/1006 1782/1278/1006 
f 1787/1305/1041 1784/1306/1041 1780/1304/1039 1783/1303/1039 
f 1785/1275/1015 1784/1276/1015 1788/1270/1016 1789/1269/1016 
f 1785/1305/1040 1789/1307/1042 1790/1308/1042 1786/1306/1040 
f 1786/1272/1006 1790/1266/1013 1791/1265/1013 1787/1271/1006 
f 1784/1306/1041 1787/1305/1041 1791/1307/1043 1788/1308/1043 
f 1789/1269/1016 1788/1270/1016 1792/1264/1016 1793/1263/1016 
f 1790/1308/1042 1789/1307/1042 1793/1309/1044 1794/1310/1044 
f 1791/1265/1013 1790/1266/1013 1794/1260/1013 1795/1259/1006 
f 1788/1308/1043 1791/1307/1043 1795/1309/1045 1792/1310/1045 
f 1792/1264/1016 1796/1258/1016 1797/1257/1016 1793/1263/1016 
f 1793/1309/1044 1797/1311/1046 1798/1312/1046 1794/1310/1044 
f 1794/1260/1013 1798/1254/1006 1799/1253/1006 1795/1259/1006 
f 1795/1309/1045 1799/1311/1047 1796/1312/1047 1792/1310/1045 
f 1797/1257/1016 1796/1258/1016 1800/1251/1015 1801/1250/1015 
f 1798/1312/1046 1797/1311/1046 1801/1313/1048 1802/1314/1048 
f 1798/1254/1006 1802/1244/1013 1803/1243/1013 1799/1253/1006 
f 1799/1311/1047 1803/1313/1049 1800/1314/1050 1796/1312/1047 
f 1801/1250/1015 1800/1251/1015 1804/1252/1016 1805/1249/1016 
f 1802/1314/1048 1801/1313/1048 1805/1315/1008 1806/1296/1008 
f 1803/1243/1013 1802/1244/1013 1806/1241/1006 1807/1242/1006 
f 1803/1313/1049 1807/1315/1003 1804/1296/1003 1800/1314/1050 
f 1804/1252/1016 1808/1316/1016 1809/1317/1016 1805/1249/1016 
f 1806/1296/1008 1805/1315/1008 1809/1318/1010 1810/1319/1010 
f 1806/1241/1006 1810/1320/1006 1811/1321/1006 1807/1242/1006 
f 1811/1318/1005 1808/1319/1004 1804/1296/1003 1807/1315/1003 
f 1812/1322/1015 1813/1323/1015 1809/1317/1016 1808/1316/1016 
f 1813/1324/1014 1814/1325/1014 1810/1319/1010 1809/1318/1010 
f 1811/1321/1006 1810/1320/1006 1814/1326/1013 1815/1327/1013 
f 1811/1318/1005 1815/1324/1012 1812/1325/1012 1808/1319/1004 
f 1812/1322/1015 1816/1328/1015 1817/1329/1015 1813/1323/1015 
f 1814/1325/1014 1813/1324/1014 1817/1330/1018 1818/1331/1018 
f 1815/1327/1013 1814/1326/1013 1818/1332/1006 1819/1333/1013 
f 1815/1324/1012 1819/1330/1017 1816/1331/1017 1812/1325/1012 
f 1816/1328/1015 1820/1334/1015 1821/1335/1015 1817/1329/1015 
f 1818/1331/1018 1817/1330/1018 1821/1336/1021 1822/1337/1021 
f 1819/1333/1013 1818/1332/1006 1822/1338/1006 1823/1339/1006 
f 1819/1330/1017 1823/1336/1020 1820/1337/1020 1816/1331/1017 
f 1821/1335/1015 1820/1334/1015 1824/1340/1016 1825/1341/1016 
f 1821/1336/1021 1825/1342/1023 1826/1343/1023 1822/1337/1021 
f 1822/1338/1006 1826/1344/1013 1827/1345/1013 1823/1339/1006 
f 1820/1337/1020 1823/1336/1020 1827/1342/1022 1824/1343/1022 
f 1825/1341/1016 1824/1340/1016 1828/1346/1015 1829/1347/1015 
f 1825/1342/1023 1829/1348/1026 1830/1349/1026 1826/1343/1023 
f 1826/1344/1013 1830/1350/1013 1831/1351/1013 1827/1345/1013 
f 1827/1342/1022 1831/1348/1024 1828/1349/1024 1824/1343/1022 
f 1829/1347/1015 1828/1346/1015 1832/1352/1016 1833/1353/1016 
f 1829/1348/1026 1833/1354/1028 1834/1355/1028 1830/1349/1026 
f 1830/1350/1013 1834/1356/1006 1835/1357/1006 1831/1351/1013 
f 1828/1349/1024 1831/1348/1024 1835/1354/1027 1832/1355/1027 
f 1832/1352/1016 1836/1358/1016 1837/1359/1016 1833/1353/1016 
f 1837/1360/1030 1838/1361/1030 1834/1355/1028 1833/1354/1028 
f 1838/1362/1006 1839/1363/1006 1835/1357/1006 1834/1356/1006 
f 1839/1360/1029 1836/1361/1029 1832/1355/1027 1835/1354/1027 
f 1837/1359/1016 1836/1358/1016 1840/1364/1016 1841/1315/1016 
f 1838/1361/1030 1837/1360/1030 1841/1365/1033 1842/1366/1033 
f 1838/1362/1006 1842/1315/1006 1843/1364/1006 1839/1363/1006 
f 1836/1361/1029 1839/1360/1029 1843/1365/1051 1840/1366/1031 
f 1841/1315/1016 1840/1364/1016 1844/1363/1015 1845/1362/1015 
f 1842/1366/1033 1841/1365/1033 1845/1367/1035 1846/1368/1035 
f 1842/1315/1006 1846/1359/1013 1847/1358/1013 1843/1364/1006 
f 1843/1365/1051 1847/1367/1034 1844/1368/1034 1840/1366/1031 
f 1845/1362/1015 1844/1363/1015 1848/1357/1015 1849/1356/1015 
f 1845/1367/1035 1849/1369/1037 1850/1370/1037 1846/1368/1035 
f 1847/1358/1013 1846/1359/1013 1850/1353/1013 1851/1352/1013 
f 1844/1368/1034 1847/1367/1034 1851/1369/1036 1848/1370/1036 
f 1849/1356/1015 1848/1357/1015 1852/1351/1016 1853/1350/1016 
f 1850/1370/1037 1849/1369/1037 1853/1371/1039 1854/1372/1039 
f 1850/1353/1013 1854/1347/1013 1855/1346/1052 1851/1352/1013 
f 1851/1369/1036 1855/1371/1038 1852/1372/1038 1848/1370/1036 
f 1852/1351/1016 1856/1345/1001 1857/1344/1016 1853/1350/1016 
f 1853/1371/1039 1857/1373/1041 1858/1374/1041 1854/1372/1039 
f 1854/1347/1013 1858/1341/1006 1859/1340/1006 1855/1346/1052 
f 1852/1372/1038 1855/1371/1038 1859/1373/1040 1856/1374/1040 
f 1857/1344/1016 1856/1345/1001 1860/1339/1053 1861/1338/1053 
f 1857/1373/1041 1861/1375/1043 1862/1376/1043 1858/1374/1041 
f 1858/1341/1006 1862/1335/1013 1863/1334/1013 1859/1340/1006 
f 1863/1375/1042 1860/1376/1042 1856/1374/1040 1859/1373/1040 
f 1864/1333/1016 1865/1332/1015 1861/1338/1053 1860/1339/1053 
f 1865/1377/1045 1866/1378/1045 1862/1376/1043 1861/1375/1043 
f 1863/1334/1013 1862/1335/1013 1866/1329/1006 1867/1328/1006 
f 1863/1375/1042 1867/1377/1044 1864/1378/1044 1860/1376/1042 
f 1864/1333/1016 1868/1327/1001 1869/1326/1011 1865/1332/1015 
f 1865/1377/1045 1869/1379/1047 1870/1380/1047 1866/1378/1045 
f 1866/1329/1006 1870/1323/1006 1871/1322/1006 1867/1328/1006 
f 1867/1377/1044 1871/1379/1046 1868/1380/1046 1864/1378/1044 
f 1869/1326/1011 1868/1327/1001 1872/1321/1054 1873/1320/1054 
f 1870/1380/1047 1869/1379/1047 1873/1381/1050 1874/1382/1049 
f 1871/1322/1006 1870/1323/1006 1874/1317/1055 1875/1316/1055 
f 1871/1379/1046 1875/1381/1056 1872/1382/1048 1868/1380/1046 
f 1872/1321/1054 1733/1242/1001 1732/1241/1001 1873/1320/1054 
f 1873/1381/1050 1732/1383/1003 1737/1384/1003 1874/1382/1049 
f 1874/1317/1055 1737/1249/1006 1739/1252/1006 1875/1316/1055 
f 1875/1381/1056 1739/1383/1008 1733/1384/1008 1872/1382/1048 
# 144 polygons

#
# object Tube_2
#

v  5.9293 10.0509 -3.3705
v  5.7563 10.0509 -3.3705
v  5.7527 10.0927 -3.3705
v  5.9230 10.1228 -3.3705
v  5.9230 10.1228 -2.3837
v  5.9293 10.0509 -2.3837
v  5.7527 10.0927 -2.3837
v  5.7563 10.0509 -2.3837
v  5.7418 10.1333 -3.3705
v  5.9044 10.1925 -3.3705
v  5.9044 10.1925 -2.3837
v  5.7418 10.1333 -2.3837
v  5.7241 10.1714 -3.3705
v  5.8739 10.2579 -3.3705
v  5.8739 10.2579 -2.3837
v  5.7241 10.1714 -2.3837
v  5.7000 10.2058 -3.3705
v  5.8325 10.3170 -3.3705
v  5.8325 10.3170 -2.3837
v  5.7000 10.2058 -2.3837
v  5.6703 10.2354 -3.3705
v  5.7815 10.3680 -3.3705
v  5.7815 10.3680 -2.3837
v  5.6703 10.2354 -2.3837
v  5.6359 10.2595 -3.3705
v  5.7224 10.4093 -3.3705
v  5.7224 10.4093 -2.3837
v  5.6359 10.2595 -2.3837
v  5.5978 10.2773 -3.3705
v  5.6570 10.4398 -3.3705
v  5.6570 10.4398 -2.3837
v  5.5978 10.2773 -2.3837
v  5.5573 10.2881 -3.3705
v  5.5873 10.4585 -3.3705
v  5.5873 10.4585 -2.3837
v  5.5573 10.2881 -2.3837
v  5.5154 10.2918 -3.3705
v  5.5154 10.4648 -3.3705
v  5.5154 10.4648 -2.3837
v  5.5154 10.2918 -2.3837
v  5.4736 10.2881 -3.3705
v  5.4436 10.4585 -3.3705
v  5.4436 10.4585 -2.3837
v  5.4736 10.2881 -2.3837
v  5.4331 10.2773 -3.3705
v  5.3739 10.4398 -3.3705
v  5.3739 10.4398 -2.3837
v  5.4331 10.2773 -2.3837
v  5.3950 10.2595 -3.3705
v  5.3085 10.4093 -3.3705
v  5.3085 10.4093 -2.3837
v  5.3950 10.2595 -2.3837
v  5.3606 10.2354 -3.3705
v  5.2494 10.3680 -3.3705
v  5.2494 10.3680 -2.3837
v  5.3606 10.2354 -2.3837
v  5.3309 10.2058 -3.3705
v  5.1984 10.3170 -3.3705
v  5.1984 10.3170 -2.3837
v  5.3309 10.2058 -2.3837
v  5.3068 10.1714 -3.3705
v  5.1570 10.2579 -3.3705
v  5.1570 10.2579 -2.3837
v  5.3068 10.1714 -2.3837
v  5.2891 10.1333 -3.3705
v  5.1265 10.1925 -3.3705
v  5.1265 10.1925 -2.3837
v  5.2891 10.1333 -2.3837
v  5.2782 10.0927 -3.3705
v  5.1079 10.1228 -3.3705
v  5.1079 10.1228 -2.3837
v  5.2782 10.0927 -2.3837
v  5.2746 10.0509 -3.3705
v  5.1016 10.0509 -3.3705
v  5.1016 10.0509 -2.3837
v  5.2746 10.0509 -2.3837
v  5.2782 10.0091 -3.3705
v  5.1079 9.9790 -3.3705
v  5.1079 9.9790 -2.3837
v  5.2782 10.0091 -2.3837
v  5.2891 9.9685 -3.3705
v  5.1265 9.9094 -3.3705
v  5.1265 9.9094 -2.3837
v  5.2891 9.9685 -2.3837
v  5.3068 9.9305 -3.3705
v  5.1570 9.8440 -3.3705
v  5.1570 9.8440 -2.3837
v  5.3068 9.9305 -2.3837
v  5.3309 9.8961 -3.3705
v  5.1984 9.7849 -3.3705
v  5.1984 9.7849 -2.3837
v  5.3309 9.8961 -2.3837
v  5.3606 9.8664 -3.3705
v  5.2494 9.7339 -3.3705
v  5.2494 9.7339 -2.3837
v  5.3606 9.8664 -2.3837
v  5.3950 9.8423 -3.3705
v  5.3085 9.6925 -3.3705
v  5.3085 9.6925 -2.3837
v  5.3950 9.8423 -2.3837
v  5.4331 9.8246 -3.3705
v  5.3739 9.6620 -3.3705
v  5.3739 9.6620 -2.3837
v  5.4331 9.8246 -2.3837
v  5.4736 9.8137 -3.3705
v  5.4436 9.6433 -3.3705
v  5.4436 9.6433 -2.3837
v  5.4736 9.8137 -2.3837
v  5.5154 9.8100 -3.3705
v  5.5154 9.6370 -3.3705
v  5.5154 9.6370 -2.3837
v  5.5154 9.8100 -2.3837
v  5.5573 9.8137 -3.3705
v  5.5873 9.6433 -3.3705
v  5.5873 9.6433 -2.3837
v  5.5573 9.8137 -2.3837
v  5.5978 9.8246 -3.3705
v  5.6570 9.6620 -3.3705
v  5.6570 9.6620 -2.3837
v  5.5978 9.8246 -2.3837
v  5.6359 9.8423 -3.3705
v  5.7224 9.6925 -3.3705
v  5.7224 9.6925 -2.3837
v  5.6359 9.8423 -2.3837
v  5.6703 9.8664 -3.3705
v  5.7815 9.7339 -3.3705
v  5.7815 9.7339 -2.3837
v  5.6703 9.8664 -2.3837
v  5.7000 9.8961 -3.3705
v  5.8325 9.7849 -3.3705
v  5.8325 9.7849 -2.3837
v  5.7000 9.8961 -2.3837
v  5.7241 9.9305 -3.3705
v  5.8739 9.8440 -3.3705
v  5.8739 9.8440 -2.3837
v  5.7241 9.9305 -2.3837
v  5.7418 9.9685 -3.3705
v  5.9044 9.9094 -3.3705
v  5.9044 9.9094 -2.3837
v  5.7418 9.9685 -2.3837
v  5.7527 10.0091 -3.3705
v  5.9230 9.9790 -3.3705
v  5.9230 9.9790 -2.3837
v  5.7527 10.0091 -2.3837
v  5.8328 10.0509 -3.1662
v  5.6253 10.0509 -3.1662
v  5.6237 10.0700 -3.1662
v  5.8280 10.1060 -3.1662
v  5.8280 10.1060 -2.5880
v  5.8328 10.0509 -2.5880
v  5.6237 10.0700 -2.5880
v  5.6253 10.0509 -2.5880
v  5.6187 10.0885 -3.1662
v  5.8137 10.1595 -3.1662
v  5.8137 10.1595 -2.5880
v  5.6187 10.0885 -2.5880
v  5.6106 10.1059 -3.1662
v  5.7903 10.2096 -3.1662
v  5.7903 10.2096 -2.5880
v  5.6106 10.1059 -2.5880
v  5.5996 10.1216 -3.1662
v  5.7586 10.2549 -3.1662
v  5.7586 10.2549 -2.5880
v  5.5996 10.1216 -2.5880
v  5.5861 10.1351 -3.1662
v  5.7195 10.2940 -3.1662
v  5.7195 10.2940 -2.5880
v  5.5861 10.1351 -2.5880
v  5.5704 10.1461 -3.1662
v  5.6741 10.3258 -3.1662
v  5.6741 10.3258 -2.5880
v  5.5704 10.1461 -2.5880
v  5.5530 10.1542 -3.1662
v  5.6240 10.3492 -3.1662
v  5.6240 10.3492 -2.5880
v  5.5530 10.1542 -2.5880
v  5.5345 10.1591 -3.1662
v  5.5706 10.3635 -3.1662
v  5.5706 10.3635 -2.5880
v  5.5345 10.1591 -2.5880
v  5.5154 10.1608 -3.1662
v  5.5154 10.3683 -3.1662
v  5.5154 10.3683 -2.5880
v  5.5154 10.1608 -2.5880
v  5.4964 10.1591 -3.1662
v  5.4603 10.3635 -3.1662
v  5.4603 10.3635 -2.5880
v  5.4964 10.1591 -2.5880
v  5.4779 10.1542 -3.1662
v  5.4069 10.3492 -3.1662
v  5.4069 10.3492 -2.5880
v  5.4779 10.1542 -2.5880
v  5.4605 10.1461 -3.1662
v  5.3568 10.3258 -3.1662
v  5.3568 10.3258 -2.5880
v  5.4605 10.1461 -2.5880
v  5.4448 10.1351 -3.1662
v  5.3114 10.2940 -3.1662
v  5.3114 10.2940 -2.5880
v  5.4448 10.1351 -2.5880
v  5.4313 10.1216 -3.1662
v  5.2723 10.2549 -3.1662
v  5.2723 10.2549 -2.5880
v  5.4313 10.1216 -2.5880
v  5.4203 10.1059 -3.1662
v  5.2406 10.2096 -3.1662
v  5.2406 10.2096 -2.5880
v  5.4203 10.1059 -2.5880
v  5.4122 10.0885 -3.1662
v  5.2172 10.1595 -3.1662
v  5.2172 10.1595 -2.5880
v  5.4122 10.0885 -2.5880
v  5.4072 10.0700 -3.1662
v  5.2029 10.1060 -3.1662
v  5.2029 10.1060 -2.5880
v  5.4072 10.0700 -2.5880
v  5.4056 10.0509 -3.1662
v  5.1981 10.0509 -3.1662
v  5.1981 10.0509 -2.5880
v  5.4056 10.0509 -2.5880
v  5.4072 10.0318 -3.1662
v  5.2029 9.9958 -3.1662
v  5.2029 9.9958 -2.5880
v  5.4072 10.0318 -2.5880
v  5.4122 10.0133 -3.1662
v  5.2172 9.9424 -3.1662
v  5.2172 9.9424 -2.5880
v  5.4122 10.0133 -2.5880
v  5.4203 9.9960 -3.1662
v  5.2406 9.8922 -3.1662
v  5.2406 9.8922 -2.5880
v  5.4203 9.9960 -2.5880
v  5.4313 9.9803 -3.1662
v  5.2723 9.8469 -3.1662
v  5.2723 9.8469 -2.5880
v  5.4313 9.9803 -2.5880
v  5.4448 9.9667 -3.1662
v  5.3114 9.8078 -3.1662
v  5.3114 9.8078 -2.5880
v  5.4448 9.9667 -2.5880
v  5.4605 9.9557 -3.1662
v  5.3568 9.7761 -3.1662
v  5.3568 9.7761 -2.5880
v  5.4605 9.9557 -2.5880
v  5.4779 9.9477 -3.1662
v  5.4069 9.7527 -3.1662
v  5.4069 9.7527 -2.5880
v  5.4779 9.9477 -2.5880
v  5.4964 9.9427 -3.1662
v  5.4603 9.7384 -3.1662
v  5.4603 9.7384 -2.5880
v  5.4964 9.9427 -2.5880
v  5.5154 9.9410 -3.1662
v  5.5154 9.7335 -3.1662
v  5.5154 9.7335 -2.5880
v  5.5154 9.9410 -2.5880
v  5.5345 9.9427 -3.1662
v  5.5706 9.7384 -3.1662
v  5.5706 9.7384 -2.5880
v  5.5345 9.9427 -2.5880
v  5.5530 9.9477 -3.1662
v  5.6240 9.7527 -3.1662
v  5.6240 9.7527 -2.5880
v  5.5530 9.9477 -2.5880
v  5.5704 9.9557 -3.1662
v  5.6741 9.7761 -3.1662
v  5.6741 9.7761 -2.5880
v  5.5704 9.9557 -2.5880
v  5.5861 9.9667 -3.1662
v  5.7195 9.8078 -3.1662
v  5.7195 9.8078 -2.5880
v  5.5861 9.9667 -2.5880
v  5.5996 9.9803 -3.1662
v  5.7586 9.8469 -3.1662
v  5.7586 9.8469 -2.5880
v  5.5996 9.9803 -2.5880
v  5.6106 9.9960 -3.1662
v  5.7903 9.8922 -3.1662
v  5.7903 9.8922 -2.5880
v  5.6106 9.9960 -2.5880
v  5.6187 10.0133 -3.1662
v  5.8137 9.9424 -3.1662
v  5.8137 9.9424 -2.5880
v  5.6187 10.0133 -2.5880
v  5.6237 10.0318 -3.1662
v  5.8280 9.9958 -3.1662
v  5.8280 9.9958 -2.5880
v  5.6237 10.0318 -2.5880
v  5.5154 10.0509 -3.2896
v  5.6839 10.0806 -3.2896
v  5.6865 10.0509 -3.2896
v  5.6865 10.0509 -2.4645
v  5.6839 10.0806 -2.4645
v  5.5154 10.0509 -2.4645
v  5.6762 10.1094 -3.2896
v  5.6762 10.1094 -2.4645
v  5.6636 10.1365 -3.2896
v  5.6636 10.1365 -2.4645
v  5.6465 10.1609 -3.2896
v  5.6465 10.1609 -2.4645
v  5.6254 10.1820 -3.2896
v  5.6254 10.1820 -2.4645
v  5.6010 10.1991 -3.2896
v  5.6010 10.1991 -2.4645
v  5.5740 10.2117 -3.2896
v  5.5740 10.2117 -2.4645
v  5.5452 10.2194 -3.2896
v  5.5452 10.2194 -2.4645
v  5.5154 10.2220 -3.2896
v  5.5154 10.2220 -2.4645
v  5.4857 10.2194 -3.2896
v  5.4857 10.2194 -2.4645
v  5.4569 10.2117 -3.2896
v  5.4569 10.2117 -2.4645
v  5.4299 10.1991 -3.2896
v  5.4299 10.1991 -2.4645
v  5.4055 10.1820 -3.2896
v  5.4055 10.1820 -2.4645
v  5.3844 10.1609 -3.2896
v  5.3844 10.1609 -2.4645
v  5.3673 10.1365 -3.2896
v  5.3673 10.1365 -2.4645
v  5.3547 10.1094 -3.2896
v  5.3547 10.1094 -2.4645
v  5.3469 10.0806 -3.2896
v  5.3469 10.0806 -2.4645
v  5.3443 10.0509 -3.2896
v  5.3443 10.0509 -2.4645
v  5.3469 10.0212 -3.2896
v  5.3469 10.0212 -2.4645
v  5.3547 9.9924 -3.2896
v  5.3547 9.9924 -2.4645
v  5.3673 9.9654 -3.2896
v  5.3673 9.9654 -2.4645
v  5.3844 9.9409 -3.2896
v  5.3844 9.9409 -2.4645
v  5.4055 9.9198 -3.2896
v  5.4055 9.9198 -2.4645
v  5.4299 9.9027 -3.2896
v  5.4299 9.9027 -2.4645
v  5.4569 9.8901 -3.2896
v  5.4569 9.8901 -2.4645
v  5.4857 9.8824 -3.2896
v  5.4857 9.8824 -2.4645
v  5.5154 9.8798 -3.2896
v  5.5154 9.8798 -2.4645
v  5.5452 9.8824 -3.2896
v  5.5452 9.8824 -2.4645
v  5.5740 9.8901 -3.2896
v  5.5740 9.8901 -2.4645
v  5.6010 9.9027 -3.2896
v  5.6010 9.9027 -2.4645
v  5.6254 9.9198 -3.2896
v  5.6254 9.9198 -2.4645
v  5.6465 9.9409 -3.2896
v  5.6465 9.9409 -2.4645
v  5.6636 9.9654 -3.2896
v  5.6636 9.9654 -2.4645
v  5.6762 9.9924 -3.2896
v  5.6762 9.9924 -2.4645
v  5.6839 10.0212 -3.2896
v  5.6839 10.0212 -2.4645
v  5.6950 10.2398 -3.2433
v  5.6944 10.2408 -3.2567
v  5.6964 10.2374 -3.2574
v  5.6971 10.2364 -3.2433
v  5.9936 10.4192 -3.2433
v  5.9929 10.4202 -3.2574
v  5.9908 10.4236 -3.2567
v  5.9914 10.4226 -3.2433
v  5.6925 10.2438 -3.2697
v  5.6945 10.2406 -3.2711
v  5.9910 10.4233 -3.2711
v  5.9890 10.4266 -3.2697
v  5.6895 10.2486 -3.2819
v  5.6914 10.2457 -3.2839
v  5.9879 10.4284 -3.2839
v  5.9860 10.4314 -3.2819
v  5.6855 10.2552 -3.2929
v  5.6871 10.2526 -3.2955
v  5.9836 10.4354 -3.2955
v  5.9820 10.4380 -3.2929
v  5.6805 10.2633 -3.3025
v  5.6818 10.2611 -3.3056
v  5.9783 10.4439 -3.3056
v  5.9770 10.4461 -3.3025
v  5.6747 10.2727 -3.3102
v  5.6758 10.2710 -3.3137
v  5.9722 10.4538 -3.3137
v  5.9712 10.4555 -3.3102
v  5.6683 10.2831 -3.3159
v  5.6690 10.2819 -3.3197
v  5.9655 10.4647 -3.3197
v  5.9648 10.4659 -3.3159
v  5.6615 10.2942 -3.3194
v  5.6618 10.2936 -3.3234
v  5.9583 10.4764 -3.3234
v  5.9579 10.4770 -3.3194
v  5.6544 10.3056 -3.3206
v  5.6544 10.3056 -3.3246
v  5.9509 10.4884 -3.3246
v  5.9509 10.4884 -3.3206
v  5.6474 10.3170 -3.3194
v  5.6470 10.3176 -3.3234
v  5.9435 10.5004 -3.3234
v  5.9439 10.4998 -3.3194
v  5.6406 10.3281 -3.3159
v  5.6398 10.3293 -3.3197
v  5.9363 10.5121 -3.3197
v  5.9370 10.5109 -3.3159
v  5.6341 10.3385 -3.3102
v  5.6331 10.3402 -3.3137
v  5.9296 10.5230 -3.3137
v  5.9306 10.5213 -3.3102
v  5.6284 10.3479 -3.3025
v  5.6270 10.3501 -3.3056
v  5.9235 10.5329 -3.3056
v  5.9248 10.5307 -3.3025
v  5.6234 10.3560 -3.2929
v  5.6217 10.3586 -3.2955
v  5.9182 10.5414 -3.2955
v  5.9198 10.5388 -3.2929
v  5.6193 10.3626 -3.2819
v  5.6175 10.3655 -3.2839
v  5.9139 10.5483 -3.2839
v  5.9158 10.5453 -3.2819
v  5.6163 10.3674 -3.2697
v  5.6143 10.3706 -3.2711
v  5.9108 10.5534 -3.2711
v  5.9128 10.5502 -3.2697
v  5.6145 10.3704 -3.2567
v  5.6124 10.3738 -3.2574
v  5.9089 10.5565 -3.2574
v  5.9110 10.5532 -3.2567
v  5.6139 10.3714 -3.2433
v  5.6117 10.3748 -3.2433
v  5.9082 10.5576 -3.2433
v  5.9103 10.5542 -3.2433
v  5.6145 10.3704 -3.2299
v  5.6124 10.3738 -3.2292
v  5.9089 10.5565 -3.2292
v  5.9110 10.5532 -3.2299
v  5.6163 10.3674 -3.2168
v  5.6143 10.3706 -3.2155
v  5.9108 10.5534 -3.2155
v  5.9128 10.5502 -3.2168
v  5.6193 10.3626 -3.2046
v  5.6175 10.3655 -3.2026
v  5.9139 10.5483 -3.2026
v  5.9158 10.5453 -3.2046
v  5.6234 10.3560 -3.1936
v  5.6217 10.3586 -3.1910
v  5.9182 10.5414 -3.1910
v  5.9198 10.5388 -3.1936
v  5.6284 10.3479 -3.1841
v  5.6270 10.3501 -3.1810
v  5.9235 10.5329 -3.1810
v  5.9248 10.5307 -3.1841
v  5.6341 10.3385 -3.1764
v  5.6331 10.3402 -3.1729
v  5.9296 10.5230 -3.1729
v  5.9306 10.5213 -3.1764
v  5.6406 10.3281 -3.1707
v  5.6398 10.3293 -3.1669
v  5.9363 10.5121 -3.1669
v  5.9370 10.5109 -3.1707
v  5.6474 10.3170 -3.1672
v  5.6470 10.3176 -3.1632
v  5.9435 10.5004 -3.1632
v  5.9439 10.4998 -3.1672
v  5.6544 10.3056 -3.1660
v  5.6544 10.3056 -3.1620
v  5.9509 10.4884 -3.1620
v  5.9509 10.4884 -3.1660
v  5.6615 10.2942 -3.1672
v  5.6618 10.2936 -3.1632
v  5.9583 10.4764 -3.1632
v  5.9579 10.4770 -3.1672
v  5.6683 10.2831 -3.1707
v  5.6690 10.2819 -3.1669
v  5.9655 10.4647 -3.1669
v  5.9648 10.4659 -3.1707
v  5.6747 10.2727 -3.1764
v  5.6758 10.2710 -3.1729
v  5.9722 10.4538 -3.1729
v  5.9712 10.4555 -3.1764
v  5.6805 10.2633 -3.1841
v  5.6818 10.2611 -3.1810
v  5.9783 10.4439 -3.1810
v  5.9770 10.4461 -3.1841
v  5.6855 10.2552 -3.1936
v  5.6871 10.2526 -3.1910
v  5.9836 10.4354 -3.1910
v  5.9820 10.4380 -3.1936
v  5.6895 10.2486 -3.2046
v  5.6914 10.2457 -3.2026
v  5.9879 10.4284 -3.2026
v  5.9860 10.4314 -3.2046
v  5.6925 10.2438 -3.2168
v  5.6945 10.2406 -3.2155
v  5.9910 10.4233 -3.2155
v  5.9890 10.4266 -3.2168
v  5.6944 10.2408 -3.2299
v  5.6964 10.2374 -3.2292
v  5.9929 10.4202 -3.2292
v  5.9908 10.4236 -3.2299
v  5.8247 9.8988 -2.8856
v  5.8226 9.9023 -2.8856
v  5.8220 9.9033 -2.8990
v  5.8241 9.8999 -2.8997
v  6.1206 10.0827 -2.8997
v  6.1212 10.0816 -2.8856
v  6.1191 10.0851 -2.8856
v  6.1185 10.0861 -2.8990
v  5.8202 9.9062 -2.9120
v  5.8221 9.9030 -2.9134
v  6.1186 10.0858 -2.9134
v  6.1166 10.0890 -2.9120
v  5.8172 9.9111 -2.9242
v  5.8190 9.9081 -2.9262
v  6.1155 10.0909 -2.9262
v  6.1136 10.0939 -2.9242
v  5.8131 9.9177 -2.9353
v  5.8147 9.9150 -2.9378
v  6.1112 10.0978 -2.9378
v  6.1096 10.1004 -2.9353
v  5.8081 9.9258 -2.9448
v  5.8095 9.9236 -2.9479
v  6.1060 10.1063 -2.9479
v  6.1046 10.1086 -2.9448
v  5.8023 9.9352 -2.9525
v  5.8034 9.9335 -2.9560
v  6.0999 10.1162 -2.9560
v  6.0988 10.1179 -2.9525
v  5.7959 9.9456 -2.9582
v  5.7966 9.9444 -2.9620
v  6.0931 10.1272 -2.9620
v  6.0924 10.1283 -2.9582
v  5.7891 9.9566 -2.9617
v  5.7895 9.9560 -2.9657
v  6.0859 10.1388 -2.9657
v  6.0856 10.1394 -2.9617
v  5.7821 9.9681 -2.9629
v  5.7821 9.9681 -2.9669
v  6.0785 10.1508 -2.9669
v  6.0785 10.1508 -2.9629
v  5.7750 9.9795 -2.9617
v  5.7746 9.9801 -2.9657
v  6.0711 10.1629 -2.9657
v  6.0715 10.1623 -2.9617
v  5.7682 9.9906 -2.9582
v  5.7675 9.9917 -2.9620
v  6.0639 10.1745 -2.9620
v  6.0647 10.1733 -2.9582
v  5.7618 10.0010 -2.9525
v  5.7607 10.0027 -2.9560
v  6.0572 10.1854 -2.9560
v  6.0583 10.1837 -2.9525
v  5.7560 10.0103 -2.9448
v  5.7546 10.0126 -2.9479
v  6.0511 10.1953 -2.9479
v  6.0525 10.1931 -2.9448
v  5.7510 10.0185 -2.9353
v  5.7494 10.0211 -2.9378
v  6.0458 10.2039 -2.9378
v  6.0475 10.2012 -2.9353
v  5.7469 10.0250 -2.9242
v  5.7451 10.0280 -2.9262
v  6.0416 10.2108 -2.9262
v  6.0434 10.2078 -2.9242
v  5.7439 10.0299 -2.9120
v  5.7420 10.0331 -2.9134
v  6.0384 10.2159 -2.9134
v  6.0404 10.2127 -2.9120
v  5.7421 10.0328 -2.8990
v  5.7400 10.0362 -2.8997
v  6.0365 10.2190 -2.8997
v  6.0386 10.2156 -2.8990
v  5.7415 10.0338 -2.8856
v  5.7394 10.0373 -2.8856
v  6.0359 10.2201 -2.8856
v  6.0380 10.2166 -2.8856
v  5.7400 10.0362 -2.8715
v  5.7421 10.0328 -2.8722
v  6.0365 10.2190 -2.8715
v  6.0386 10.2156 -2.8722
v  5.7439 10.0299 -2.8592
v  5.7420 10.0331 -2.8578
v  6.0384 10.2159 -2.8578
v  6.0404 10.2127 -2.8592
v  5.7469 10.0250 -2.8469
v  5.7451 10.0280 -2.8449
v  6.0416 10.2108 -2.8449
v  6.0434 10.2078 -2.8469
v  5.7510 10.0185 -2.8359
v  5.7494 10.0211 -2.8333
v  6.0458 10.2039 -2.8333
v  6.0475 10.2012 -2.8359
v  5.7560 10.0103 -2.8264
v  5.7546 10.0126 -2.8233
v  6.0511 10.1953 -2.8233
v  6.0525 10.1931 -2.8264
v  5.7618 10.0010 -2.8187
v  5.7607 10.0027 -2.8152
v  6.0572 10.1854 -2.8152
v  6.0583 10.1837 -2.8187
v  5.7682 9.9906 -2.8130
v  5.7675 9.9917 -2.8092
v  6.0639 10.1745 -2.8092
v  6.0647 10.1733 -2.8130
v  5.7750 9.9795 -2.8095
v  5.7746 9.9801 -2.8055
v  6.0711 10.1629 -2.8055
v  6.0715 10.1623 -2.8095
v  5.7821 9.9681 -2.8083
v  5.7821 9.9681 -2.8043
v  6.0785 10.1508 -2.8043
v  6.0785 10.1508 -2.8083
v  5.7891 9.9566 -2.8095
v  5.7895 9.9560 -2.8055
v  6.0859 10.1388 -2.8055
v  6.0856 10.1394 -2.8095
v  5.7959 9.9456 -2.8130
v  5.7966 9.9444 -2.8092
v  6.0931 10.1272 -2.8092
v  6.0924 10.1283 -2.8130
v  5.8023 9.9352 -2.8187
v  5.8034 9.9335 -2.8152
v  6.0999 10.1162 -2.8152
v  6.0988 10.1179 -2.8187
v  5.8081 9.9258 -2.8264
v  5.8095 9.9236 -2.8233
v  6.1060 10.1063 -2.8233
v  6.1046 10.1086 -2.8264
v  5.8131 9.9177 -2.8359
v  5.8147 9.9150 -2.8333
v  6.1112 10.0978 -2.8333
v  6.1096 10.1004 -2.8359
v  5.8172 9.9111 -2.8469
v  5.8190 9.9081 -2.8449
v  6.1155 10.0909 -2.8449
v  6.1136 10.0939 -2.8469
v  5.8202 9.9062 -2.8592
v  5.8221 9.9030 -2.8578
v  6.1186 10.0858 -2.8578
v  6.1166 10.0890 -2.8592
v  5.8220 9.9033 -2.8722
v  5.8241 9.8999 -2.8715
v  6.1206 10.0827 -2.8715
v  6.1185 10.0861 -2.8722
# 650 vertices

vn 0.0000 0.0000 -1.0000
vn 1.0000 -0.0000 -0.0000
vn 0.9848 0.1736 -0.0000
vn 0.0000 0.0000 1.0000
vn -1.0000 0.0000 -0.0000
vn -0.9848 -0.1736 -0.0000
vn 0.9397 0.3420 -0.0000
vn -0.9397 -0.3420 -0.0000
vn 0.8660 0.5000 -0.0000
vn -0.8660 -0.5000 -0.0000
vn 0.7660 0.6428 -0.0000
vn -0.7660 -0.6428 -0.0000
vn 0.6428 0.7661 -0.0000
vn -0.6428 -0.7660 -0.0000
vn 0.5000 0.8660 -0.0000
vn -0.5000 -0.8660 -0.0000
vn 0.3420 0.9397 -0.0000
vn -0.3420 -0.9397 -0.0000
vn 0.1737 0.9848 -0.0000
vn -0.1737 -0.9848 -0.0000
vn 0.0000 1.0000 -0.0000
vn -0.0000 -1.0000 -0.0000
vn -0.1737 0.9848 -0.0000
vn 0.1737 -0.9848 -0.0000
vn -0.3420 0.9397 -0.0000
vn 0.3420 -0.9397 -0.0000
vn -0.5000 0.8660 -0.0000
vn 0.5000 -0.8660 -0.0000
vn -0.6428 0.7660 -0.0000
vn 0.6428 -0.7660 -0.0000
vn -0.7660 0.6428 -0.0000
vn 0.7660 -0.6428 -0.0000
vn -0.8660 0.5000 -0.0000
vn 0.8660 -0.5000 -0.0000
vn -0.9397 0.3420 -0.0000
vn 0.9397 -0.3420 -0.0000
vn -0.9848 0.1737 -0.0000
vn 0.9848 -0.1736 -0.0000
vn 1.0000 0.0000 -0.0000
vn -0.9848 -0.1737 -0.0000
vn 0.6428 0.7660 -0.0000
vn 0.1736 0.9848 -0.0000
vn 0.0000 -1.0000 -0.0000
vn -0.0000 1.0000 -0.0000
vn 0.1736 -0.9848 -0.0000
vn -0.1736 0.9848 -0.0000
vn 0.6428 -0.7661 -0.0000
vn 0.7661 -0.6428 -0.0000
vn -0.9848 0.1736 -0.0000
vn -0.6428 -0.7661 -0.0000
vn -0.1736 -0.9848 -0.0000
vn -1.0000 -0.0000 -0.0000
vn 0.9848 0.1737 -0.0000
vn -0.6428 0.7661 -0.0000
vn 0.9848 -0.1737 -0.0000
vn -0.8511 -0.5249 -0.0000
vn -0.8513 -0.5247 0.0000
vn -0.8511 -0.5249 0.0000
vn 0.5248 -0.8512 -0.0000
vn 0.5168 -0.8383 -0.1737
vn 0.8512 0.5248 -0.0000
vn 0.8513 0.5247 -0.0000
vn 0.8512 0.5248 0.0000
vn -0.5248 0.8512 -0.0000
vn -0.5248 0.8512 0.0000
vn -0.5168 0.8383 0.1737
vn -0.5168 0.8383 0.1736
vn -0.8512 -0.5248 -0.0000
vn 0.4931 -0.7999 -0.3420
vn 0.8512 0.5248 0.0001
vn -0.4931 0.7999 0.3420
vn 0.4545 -0.7372 -0.5000
vn 0.8512 0.5249 0.0001
vn -0.4545 0.7372 0.5000
vn -0.8512 -0.5248 0.0000
vn 0.4020 -0.6521 -0.6428
vn -0.4020 0.6521 0.6428
vn 0.3373 -0.5472 -0.7661
vn 0.3373 -0.5472 -0.7660
vn 0.8513 0.5247 -0.0001
vn -0.3373 0.5472 0.7660
vn -0.3373 0.5472 0.7661
vn -0.8513 -0.5248 0.0000
vn 0.2624 -0.4256 -0.8660
vn -0.2624 0.4256 0.8660
vn -0.8513 -0.5248 0.0001
vn 0.1795 -0.2911 -0.9397
vn 0.8513 0.5248 -0.0000
vn -0.1795 0.2912 0.9397
vn 0.0911 -0.1478 -0.9848
vn 0.8512 0.5248 -0.0001
vn -0.0911 0.1478 0.9848
vn -0.0000 0.0000 -1.0000
vn 0.0000 -0.0000 -1.0000
vn -0.0000 0.0000 1.0000
vn 0.0000 -0.0000 1.0000
vn -0.0911 0.1478 -0.9848
vn 0.0911 -0.1478 0.9848
vn -0.8512 -0.5248 -0.0001
vn -0.8513 -0.5248 -0.0001
vn -0.1795 0.2911 -0.9397
vn 0.1795 -0.2912 0.9397
vn -0.8513 -0.5247 -0.0001
vn -0.2624 0.4256 -0.8660
vn 0.2624 -0.4256 0.8660
vn -0.3373 0.5471 -0.7661
vn -0.3373 0.5472 -0.7660
vn 0.8513 0.5248 0.0000
vn 0.3373 -0.5472 0.7661
vn 0.3373 -0.5472 0.7660
vn -0.4020 0.6521 -0.6428
vn 0.4020 -0.6521 0.6428
vn -0.4545 0.7372 -0.5000
vn 0.4545 -0.7372 0.5000
vn -0.8513 -0.5247 -0.0000
vn -0.4931 0.7999 -0.3420
vn -0.4931 0.7999 -0.3421
vn 0.8513 0.5247 0.0000
vn 0.4931 -0.7999 0.3420
vn -0.5168 0.8383 -0.1736
vn 0.5168 -0.8383 0.1737
vn 0.5168 -0.8383 0.1736
vn 0.5248 -0.8512 0.0000
vn -0.8513 -0.5247 0.0001
vn 0.5168 -0.8383 -0.1736
vn -0.4931 0.7999 0.3421
vn -0.3373 0.5471 0.7661
vn -0.8512 -0.5248 0.0001
vn -0.1795 0.2911 0.9397
vn 0.1795 -0.2912 -0.9397
vn -0.8513 -0.5248 -0.0000
vn 0.1795 -0.2911 0.9397
vn -0.1795 0.2912 -0.9397
vn 0.8513 0.5247 0.0001
vn -0.3373 0.5472 -0.7661
vn 0.8512 0.5249 -0.0001
vn -0.5168 0.8383 -0.1737
vn 0.4931 -0.7999 -0.3421
vn -0.8512 -0.5249 -0.0001
vn 0.8513 0.5247 -0.0002
vn -0.8513 -0.5247 -0.0002
vn -0.8512 -0.5249 0.0001
vn -0.8513 -0.5246 -0.0000
vn -0.8513 -0.5246 -0.0001
vn 0.8512 0.5249 -0.0000
vn 0.8511 0.5249 -0.0000
vn -0.8513 -0.5246 0.0001
vn -0.8513 -0.5246 0.0000
vn 0.8512 0.5249 0.0000
vn -0.8513 -0.5247 0.0002
vn 0.8513 0.5247 0.0002
vn 0.4931 -0.7999 0.3421
# 152 vertex normals

vt 0.0000 0.5000 0.0000
vt 0.2090 0.5000 0.0000
vt 0.2134 0.5505 0.0000
vt 0.0076 0.5868 0.0000
vt 0.0000 0.0000 0.0000
vt 0.0278 0.0000 0.0000
vt 0.0278 1.0000 0.0000
vt 0.0000 1.0000 0.0000
vt 1.0000 0.5000 0.0000
vt 0.9924 0.5868 0.0000
vt 0.7866 0.5505 0.0000
vt 0.7910 0.5000 0.0000
vt 0.2265 0.5995 0.0000
vt 0.0302 0.6710 0.0000
vt 0.0556 0.0000 0.0000
vt 0.0556 1.0000 0.0000
vt 0.9698 0.6710 0.0000
vt 0.7735 0.5995 0.0000
vt 0.2480 0.6455 0.0000
vt 0.0670 0.7500 0.0000
vt 0.0833 0.0000 0.0000
vt 0.0833 1.0000 0.0000
vt 0.9330 0.7500 0.0000
vt 0.7520 0.6455 0.0000
vt 0.2771 0.6871 0.0000
vt 0.1170 0.8214 0.0000
vt 0.1111 0.0000 0.0000
vt 0.1111 1.0000 0.0000
vt 0.8830 0.8214 0.0000
vt 0.7229 0.6871 0.0000
vt 0.3129 0.7229 0.0000
vt 0.1786 0.8830 0.0000
vt 0.1389 0.0000 0.0000
vt 0.1389 1.0000 0.0000
vt 0.8214 0.8830 0.0000
vt 0.6871 0.7229 0.0000
vt 0.3545 0.7520 0.0000
vt 0.2500 0.9330 0.0000
vt 0.1667 0.0000 0.0000
vt 0.1667 1.0000 0.0000
vt 0.7500 0.9330 0.0000
vt 0.6455 0.7520 0.0000
vt 0.4005 0.7735 0.0000
vt 0.3290 0.9698 0.0000
vt 0.1944 0.0000 0.0000
vt 0.1944 1.0000 0.0000
vt 0.6710 0.9698 0.0000
vt 0.5995 0.7735 0.0000
vt 0.4495 0.7866 0.0000
vt 0.4132 0.9924 0.0000
vt 0.2222 0.0000 0.0000
vt 0.2222 1.0000 0.0000
vt 0.5868 0.9924 0.0000
vt 0.5505 0.7866 0.0000
vt 0.5000 0.7910 0.0000
vt 0.5000 1.0000 0.0000
vt 0.2500 0.0000 0.0000
vt 0.2500 1.0000 0.0000
vt 0.2778 0.0000 0.0000
vt 0.2778 1.0000 0.0000
vt 0.3056 0.0000 0.0000
vt 0.3056 1.0000 0.0000
vt 0.3333 0.0000 0.0000
vt 0.3333 1.0000 0.0000
vt 0.3611 0.0000 0.0000
vt 0.3611 1.0000 0.0000
vt 0.3889 0.0000 0.0000
vt 0.3889 1.0000 0.0000
vt 0.4167 0.0000 0.0000
vt 0.4167 1.0000 0.0000
vt 0.4444 0.0000 0.0000
vt 0.4444 1.0000 0.0000
vt 0.4722 0.0000 0.0000
vt 0.4722 1.0000 0.0000
vt 0.5000 0.0000 0.0000
vt 0.7866 0.4495 0.0000
vt 0.9924 0.4132 0.0000
vt 0.5278 0.0000 0.0000
vt 0.5278 1.0000 0.0000
vt 0.0076 0.4132 0.0000
vt 0.2134 0.4495 0.0000
vt 0.7735 0.4005 0.0000
vt 0.9698 0.3290 0.0000
vt 0.5556 0.0000 0.0000
vt 0.5556 1.0000 0.0000
vt 0.0302 0.3290 0.0000
vt 0.2265 0.4005 0.0000
vt 0.7520 0.3545 0.0000
vt 0.9330 0.2500 0.0000
vt 0.5833 0.0000 0.0000
vt 0.5833 1.0000 0.0000
vt 0.0670 0.2500 0.0000
vt 0.2480 0.3545 0.0000
vt 0.7229 0.3129 0.0000
vt 0.8830 0.1786 0.0000
vt 0.6111 0.0000 0.0000
vt 0.6111 1.0000 0.0000
vt 0.1170 0.1786 0.0000
vt 0.2771 0.3129 0.0000
vt 0.6871 0.2771 0.0000
vt 0.8214 0.1170 0.0000
vt 0.6389 0.0000 0.0000
vt 0.6389 1.0000 0.0000
vt 0.1786 0.1170 0.0000
vt 0.3129 0.2771 0.0000
vt 0.6455 0.2480 0.0000
vt 0.7500 0.0670 0.0000
vt 0.6667 0.0000 0.0000
vt 0.6667 1.0000 0.0000
vt 0.2500 0.0670 0.0000
vt 0.3545 0.2480 0.0000
vt 0.5995 0.2265 0.0000
vt 0.6710 0.0302 0.0000
vt 0.6944 0.0000 0.0000
vt 0.6944 1.0000 0.0000
vt 0.3290 0.0302 0.0000
vt 0.4005 0.2265 0.0000
vt 0.5505 0.2134 0.0000
vt 0.5868 0.0076 0.0000
vt 0.7222 0.0000 0.0000
vt 0.7222 1.0000 0.0000
vt 0.4132 0.0076 0.0000
vt 0.4495 0.2134 0.0000
vt 0.5000 0.2090 0.0000
vt 0.7500 0.0000 0.0000
vt 0.7500 1.0000 0.0000
vt 0.7778 0.0000 0.0000
vt 0.7778 1.0000 0.0000
vt 0.8056 0.0000 0.0000
vt 0.8056 1.0000 0.0000
vt 0.8333 0.0000 0.0000
vt 0.8333 1.0000 0.0000
vt 0.8611 0.0000 0.0000
vt 0.8611 1.0000 0.0000
vt 0.8889 0.0000 0.0000
vt 0.8889 1.0000 0.0000
vt 0.9167 0.0000 0.0000
vt 0.9167 1.0000 0.0000
vt 0.9444 0.0000 0.0000
vt 0.9444 1.0000 0.0000
vt 0.9722 0.0000 0.0000
vt 0.9722 1.0000 0.0000
vt 1.0000 0.0000 0.0000
vt 1.0000 1.0000 0.0000
vt 0.3269 0.5000 0.0000
vt 0.3295 0.5301 0.0000
vt 0.6705 0.5301 0.0000
vt 0.6731 0.5000 0.0000
vt 0.3373 0.5592 0.0000
vt 0.6627 0.5592 0.0000
vt 0.3501 0.5866 0.0000
vt 0.6499 0.5866 0.0000
vt 0.3674 0.6113 0.0000
vt 0.6326 0.6113 0.0000
vt 0.3887 0.6326 0.0000
vt 0.6113 0.6326 0.0000
vt 0.4134 0.6499 0.0000
vt 0.5866 0.6499 0.0000
vt 0.4408 0.6627 0.0000
vt 0.5592 0.6627 0.0000
vt 0.4699 0.6705 0.0000
vt 0.5301 0.6705 0.0000
vt 0.5000 0.6731 0.0000
vt 0.6705 0.4699 0.0000
vt 0.3295 0.4699 0.0000
vt 0.6627 0.4408 0.0000
vt 0.3373 0.4408 0.0000
vt 0.6499 0.4134 0.0000
vt 0.3501 0.4134 0.0000
vt 0.6326 0.3887 0.0000
vt 0.3674 0.3887 0.0000
vt 0.6113 0.3674 0.0000
vt 0.3887 0.3674 0.0000
vt 0.5866 0.3501 0.0000
vt 0.4134 0.3501 0.0000
vt 0.5592 0.3373 0.0000
vt 0.4408 0.3373 0.0000
vt 0.5301 0.3295 0.0000
vt 0.4699 0.3295 0.0000
vt 0.5000 0.3269 0.0000
vt 0.5000 0.5000 0.0000
vt 0.0248 0.5000 0.0000
vt 0.0320 0.5825 0.0000
vt 0.9680 0.5825 0.0000
vt 0.9752 0.5000 0.0000
vt 0.0535 0.6625 0.0000
vt 0.9465 0.6625 0.0000
vt 0.0885 0.7376 0.0000
vt 0.9115 0.7376 0.0000
vt 0.1360 0.8054 0.0000
vt 0.8640 0.8054 0.0000
vt 0.1946 0.8640 0.0000
vt 0.8054 0.8640 0.0000
vt 0.2624 0.9115 0.0000
vt 0.7376 0.9115 0.0000
vt 0.3375 0.9465 0.0000
vt 0.6625 0.9465 0.0000
vt 0.4175 0.9680 0.0000
vt 0.5825 0.9680 0.0000
vt 0.5000 0.9752 0.0000
vt 0.9680 0.4175 0.0000
vt 0.0320 0.4175 0.0000
vt 0.9465 0.3375 0.0000
vt 0.0535 0.3375 0.0000
vt 0.9115 0.2624 0.0000
vt 0.0885 0.2624 0.0000
vt 0.8640 0.1946 0.0000
vt 0.1360 0.1946 0.0000
vt 0.8054 0.1360 0.0000
vt 0.1946 0.1360 0.0000
vt 0.7376 0.0885 0.0000
vt 0.2624 0.0885 0.0000
vt 0.6625 0.0535 0.0000
vt 0.3375 0.0535 0.0000
vt 0.5825 0.0320 0.0000
vt 0.4175 0.0320 0.0000
vt 0.5000 0.0248 0.0000
# 217 texture coords

o Tube_2
g Tube_2
usemtl Material__25
s 1
f 1876/1385/1057 1877/1386/1057 1878/1387/1057 1879/1388/1057 
f 1876/1389/1058 1879/1390/1059 1880/1391/1059 1881/1392/1058 
f 1881/1393/1060 1880/1394/1060 1882/1395/1060 1883/1396/1060 
f 1883/1389/1061 1882/1390/1062 1878/1391/1062 1877/1392/1061 
f 1879/1388/1057 1878/1387/1057 1884/1397/1057 1885/1398/1057 
f 1880/1391/1059 1879/1390/1059 1885/1399/1063 1886/1400/1063 
f 1880/1394/1060 1886/1401/1060 1887/1402/1060 1882/1395/1060 
f 1882/1390/1062 1887/1399/1064 1884/1400/1064 1878/1391/1062 
f 1884/1397/1057 1888/1403/1057 1889/1404/1057 1885/1398/1057 
f 1885/1399/1063 1889/1405/1065 1890/1406/1065 1886/1400/1063 
f 1886/1401/1060 1890/1407/1060 1891/1408/1060 1887/1402/1060 
f 1887/1399/1064 1891/1405/1066 1888/1406/1066 1884/1400/1064 
f 1889/1404/1057 1888/1403/1057 1892/1409/1057 1893/1410/1057 
f 1889/1405/1065 1893/1411/1067 1894/1412/1067 1890/1406/1065 
f 1891/1408/1060 1890/1407/1060 1894/1413/1060 1895/1414/1060 
f 1888/1406/1066 1891/1405/1066 1895/1411/1068 1892/1412/1068 
f 1893/1410/1057 1892/1409/1057 1896/1415/1057 1897/1416/1057 
f 1894/1412/1067 1893/1411/1067 1897/1417/1069 1898/1418/1069 
f 1895/1414/1060 1894/1413/1060 1898/1419/1060 1899/1420/1060 
f 1892/1412/1068 1895/1411/1068 1899/1417/1070 1896/1418/1070 
f 1896/1415/1057 1900/1421/1057 1901/1422/1057 1897/1416/1057 
f 1898/1418/1069 1897/1417/1069 1901/1423/1071 1902/1424/1071 
f 1898/1419/1060 1902/1425/1060 1903/1426/1060 1899/1420/1060 
f 1903/1423/1072 1900/1424/1072 1896/1418/1070 1899/1417/1070 
f 1904/1427/1057 1905/1428/1057 1901/1422/1057 1900/1421/1057 
f 1905/1429/1073 1906/1430/1073 1902/1424/1071 1901/1423/1071 
f 1903/1426/1060 1902/1425/1060 1906/1431/1060 1907/1432/1060 
f 1903/1423/1072 1907/1429/1074 1904/1430/1074 1900/1424/1072 
f 1905/1428/1057 1904/1427/1057 1908/1433/1057 1909/1434/1057 
f 1905/1429/1073 1909/1435/1075 1910/1436/1075 1906/1430/1073 
f 1906/1431/1060 1910/1437/1060 1911/1438/1060 1907/1432/1060 
f 1904/1430/1074 1907/1429/1074 1911/1435/1076 1908/1436/1076 
f 1909/1434/1057 1908/1433/1057 1912/1439/1057 1913/1440/1057 
f 1909/1435/1075 1913/1441/1077 1914/1442/1077 1910/1436/1075 
f 1910/1437/1060 1914/1440/1060 1915/1439/1060 1911/1438/1060 
f 1908/1436/1076 1911/1435/1076 1915/1441/1078 1912/1442/1078 
f 1912/1439/1057 1916/1438/1057 1917/1437/1057 1913/1440/1057 
f 1913/1441/1077 1917/1443/1079 1918/1444/1079 1914/1442/1077 
f 1914/1440/1060 1918/1434/1060 1919/1433/1060 1915/1439/1060 
f 1915/1441/1078 1919/1443/1080 1916/1444/1080 1912/1442/1078 
f 1916/1438/1057 1920/1432/1057 1921/1431/1057 1917/1437/1057 
f 1918/1444/1079 1917/1443/1079 1921/1445/1081 1922/1446/1081 
f 1919/1433/1060 1918/1434/1060 1922/1428/1060 1923/1427/1060 
f 1919/1443/1080 1923/1445/1082 1920/1446/1082 1916/1444/1080 
f 1920/1432/1057 1924/1426/1057 1925/1425/1057 1921/1431/1057 
f 1921/1445/1081 1925/1447/1083 1926/1448/1083 1922/1446/1081 
f 1922/1428/1060 1926/1422/1060 1927/1421/1060 1923/1427/1060 
f 1920/1446/1082 1923/1445/1082 1927/1447/1084 1924/1448/1084 
f 1924/1426/1057 1928/1420/1057 1929/1419/1057 1925/1425/1057 
f 1929/1449/1085 1930/1450/1085 1926/1448/1083 1925/1447/1083 
f 1930/1416/1060 1931/1415/1060 1927/1421/1060 1926/1422/1060 
f 1931/1449/1086 1928/1450/1086 1924/1448/1084 1927/1447/1084 
f 1929/1419/1057 1928/1420/1057 1932/1414/1057 1933/1413/1057 
f 1929/1449/1085 1933/1451/1087 1934/1452/1087 1930/1450/1085 
f 1930/1416/1060 1934/1410/1060 1935/1409/1060 1931/1415/1060 
f 1928/1450/1086 1931/1449/1086 1935/1451/1088 1932/1452/1088 
f 1933/1413/1057 1932/1414/1057 1936/1408/1057 1937/1407/1057 
f 1934/1452/1087 1933/1451/1087 1937/1453/1089 1938/1454/1089 
f 1935/1409/1060 1934/1410/1060 1938/1404/1060 1939/1403/1060 
f 1932/1452/1088 1935/1451/1088 1939/1453/1090 1936/1454/1090 
f 1936/1408/1057 1940/1402/1057 1941/1401/1057 1937/1407/1057 
f 1937/1453/1089 1941/1455/1091 1942/1456/1091 1938/1454/1089 
f 1938/1404/1060 1942/1398/1060 1943/1397/1060 1939/1403/1060 
f 1939/1453/1090 1943/1455/1092 1940/1456/1092 1936/1454/1090 
f 1941/1401/1057 1940/1402/1057 1944/1395/1057 1945/1394/1057 
f 1942/1456/1091 1941/1455/1091 1945/1457/1093 1946/1458/1093 
f 1942/1398/1060 1946/1388/1060 1947/1387/1060 1943/1397/1060 
f 1943/1455/1092 1947/1457/1094 1944/1458/1094 1940/1456/1092 
f 1945/1394/1057 1944/1395/1057 1948/1396/1057 1949/1393/1057 
f 1946/1458/1093 1945/1457/1093 1949/1459/1061 1950/1440/1061 
f 1947/1387/1060 1946/1388/1060 1950/1385/1060 1951/1386/1060 
f 1947/1457/1094 1951/1459/1095 1948/1440/1095 1944/1458/1094 
f 1948/1396/1057 1952/1460/1057 1953/1461/1057 1949/1393/1057 
f 1950/1440/1061 1949/1459/1061 1953/1462/1096 1954/1463/1096 
f 1950/1385/1060 1954/1464/1060 1955/1465/1060 1951/1386/1060 
f 1955/1462/1059 1952/1463/1059 1948/1440/1095 1951/1459/1095 
f 1956/1466/1057 1957/1467/1057 1953/1461/1057 1952/1460/1057 
f 1957/1468/1064 1958/1469/1064 1954/1463/1096 1953/1462/1096 
f 1955/1465/1060 1954/1464/1060 1958/1470/1060 1959/1471/1060 
f 1955/1462/1059 1959/1468/1063 1956/1469/1063 1952/1463/1059 
f 1956/1466/1057 1960/1472/1057 1961/1473/1057 1957/1467/1057 
f 1958/1469/1064 1957/1468/1064 1961/1474/1066 1962/1475/1066 
f 1959/1471/1060 1958/1470/1060 1962/1476/1060 1963/1477/1060 
f 1959/1468/1063 1963/1474/1065 1960/1475/1065 1956/1469/1063 
f 1960/1472/1057 1964/1478/1057 1965/1479/1057 1961/1473/1057 
f 1962/1475/1066 1961/1474/1066 1965/1480/1068 1966/1481/1068 
f 1963/1477/1060 1962/1476/1060 1966/1482/1060 1967/1483/1060 
f 1963/1474/1065 1967/1480/1067 1964/1481/1067 1960/1475/1065 
f 1965/1479/1057 1964/1478/1057 1968/1484/1057 1969/1485/1057 
f 1965/1480/1068 1969/1486/1070 1970/1487/1070 1966/1481/1068 
f 1966/1482/1060 1970/1488/1060 1971/1489/1060 1967/1483/1060 
f 1964/1481/1067 1967/1480/1067 1971/1486/1097 1968/1487/1097 
f 1969/1485/1057 1968/1484/1057 1972/1490/1057 1973/1491/1057 
f 1969/1486/1070 1973/1492/1072 1974/1493/1072 1970/1487/1070 
f 1970/1488/1060 1974/1494/1060 1975/1495/1060 1971/1489/1060 
f 1971/1486/1097 1975/1492/1071 1972/1493/1071 1968/1487/1097 
f 1973/1491/1057 1972/1490/1057 1976/1496/1057 1977/1497/1057 
f 1973/1492/1072 1977/1498/1074 1978/1499/1074 1974/1493/1072 
f 1974/1494/1060 1978/1500/1060 1979/1501/1060 1975/1495/1060 
f 1972/1493/1071 1975/1492/1071 1979/1498/1073 1976/1499/1073 
f 1976/1496/1057 1980/1502/1057 1981/1503/1057 1977/1497/1057 
f 1981/1504/1076 1982/1505/1076 1978/1499/1074 1977/1498/1074 
f 1982/1506/1060 1983/1507/1060 1979/1501/1060 1978/1500/1060 
f 1983/1504/1098 1980/1505/1098 1976/1499/1073 1979/1498/1073 
f 1981/1503/1057 1980/1502/1057 1984/1508/1057 1985/1459/1057 
f 1982/1505/1076 1981/1504/1076 1985/1509/1099 1986/1510/1099 
f 1982/1506/1060 1986/1459/1060 1987/1508/1060 1983/1507/1060 
f 1980/1505/1098 1983/1504/1098 1987/1509/1100 1984/1510/1100 
f 1985/1459/1057 1984/1508/1057 1988/1507/1057 1989/1506/1057 
f 1986/1510/1099 1985/1509/1099 1989/1511/1101 1990/1512/1101 
f 1986/1459/1060 1990/1503/1060 1991/1502/1060 1987/1508/1060 
f 1987/1509/1100 1991/1511/1102 1988/1512/1102 1984/1510/1100 
f 1989/1506/1057 1988/1507/1057 1992/1501/1057 1993/1500/1057 
f 1989/1511/1101 1993/1513/1082 1994/1514/1082 1990/1512/1101 
f 1991/1502/1060 1990/1503/1060 1994/1497/1060 1995/1496/1060 
f 1988/1512/1102 1991/1511/1102 1995/1513/1081 1992/1514/1081 
f 1993/1500/1057 1992/1501/1057 1996/1495/1057 1997/1494/1057 
f 1994/1514/1082 1993/1513/1082 1997/1515/1084 1998/1516/1084 
f 1994/1497/1060 1998/1491/1060 1999/1490/1060 1995/1496/1060 
f 1995/1513/1081 1999/1515/1083 1996/1516/1083 1992/1514/1081 
f 1996/1495/1057 2000/1489/1057 2001/1488/1057 1997/1494/1057 
f 1997/1515/1084 2001/1517/1103 2002/1518/1103 1998/1516/1084 
f 1998/1491/1060 2002/1485/1060 2003/1484/1060 1999/1490/1060 
f 1996/1516/1083 1999/1515/1083 2003/1517/1085 2000/1518/1085 
f 2001/1488/1057 2000/1489/1057 2004/1483/1057 2005/1482/1057 
f 2001/1517/1103 2005/1519/1104 2006/1520/1104 2002/1518/1103 
f 2002/1485/1060 2006/1479/1060 2007/1478/1060 2003/1484/1060 
f 2007/1519/1087 2004/1520/1087 2000/1518/1085 2003/1517/1085 
f 2008/1477/1057 2009/1476/1057 2005/1482/1057 2004/1483/1057 
f 2009/1521/1090 2010/1522/1090 2006/1520/1104 2005/1519/1104 
f 2007/1478/1060 2006/1479/1060 2010/1473/1060 2011/1472/1060 
f 2007/1519/1087 2011/1521/1089 2008/1522/1089 2004/1520/1087 
f 2008/1477/1057 2012/1471/1057 2013/1470/1057 2009/1476/1057 
f 2009/1521/1090 2013/1523/1092 2014/1524/1092 2010/1522/1090 
f 2010/1473/1060 2014/1467/1060 2015/1466/1060 2011/1472/1060 
f 2011/1521/1089 2015/1523/1091 2012/1524/1091 2008/1522/1089 
f 2013/1470/1057 2012/1471/1057 2016/1465/1057 2017/1464/1057 
f 2014/1524/1092 2013/1523/1092 2017/1525/1094 2018/1526/1094 
f 2015/1466/1060 2014/1467/1060 2018/1461/1060 2019/1460/1060 
f 2015/1523/1091 2019/1525/1105 2016/1526/1105 2012/1524/1091 
f 2016/1465/1057 1877/1386/1057 1876/1385/1057 2017/1464/1057 
f 2017/1525/1094 1876/1527/1058 1881/1528/1058 2018/1526/1094 
f 2018/1461/1060 1881/1393/1060 1883/1396/1060 2019/1460/1060 
f 2019/1525/1105 1883/1527/1061 1877/1528/1061 2016/1526/1105 
f 2020/1385/1057 2021/1529/1057 2022/1530/1057 2023/1388/1057 
f 2020/1389/1058 2023/1390/1059 2024/1391/1059 2025/1392/1058 
f 2025/1393/1060 2024/1394/1060 2026/1531/1060 2027/1532/1060 
f 2027/1389/1061 2026/1390/1096 2022/1391/1096 2021/1392/1061 
f 2023/1388/1057 2022/1530/1057 2028/1533/1057 2029/1398/1057 
f 2024/1391/1059 2023/1390/1059 2029/1399/1063 2030/1400/1063 
f 2024/1394/1060 2030/1401/1060 2031/1534/1060 2026/1531/1060 
f 2022/1391/1096 2026/1390/1096 2031/1399/1064 2028/1400/1064 
f 2028/1533/1057 2032/1535/1057 2033/1404/1057 2029/1398/1057 
f 2033/1405/1065 2034/1406/1065 2030/1400/1063 2029/1399/1063 
f 2034/1407/1060 2035/1536/1060 2031/1534/1060 2030/1401/1060 
f 2035/1405/1066 2032/1406/1066 2028/1400/1064 2031/1399/1064 
f 2033/1404/1057 2032/1535/1057 2036/1537/1057 2037/1410/1057 
f 2033/1405/1065 2037/1411/1067 2038/1412/1067 2034/1406/1065 
f 2034/1407/1060 2038/1413/1060 2039/1538/1060 2035/1536/1060 
f 2035/1405/1066 2039/1411/1068 2036/1412/1068 2032/1406/1066 
f 2036/1537/1057 2040/1539/1057 2041/1416/1057 2037/1410/1057 
f 2037/1411/1067 2041/1417/1069 2042/1418/1069 2038/1412/1067 
f 2039/1538/1060 2038/1413/1060 2042/1419/1060 2043/1540/1060 
f 2039/1411/1068 2043/1417/1106 2040/1418/1106 2036/1412/1068 
f 2041/1416/1057 2040/1539/1057 2044/1541/1057 2045/1422/1057 
f 2042/1418/1069 2041/1417/1069 2045/1423/1071 2046/1424/1071 
f 2043/1540/1060 2042/1419/1060 2046/1425/1060 2047/1542/1060 
f 2040/1418/1106 2043/1417/1106 2047/1423/1072 2044/1424/1072 
f 2044/1541/1057 2048/1543/1057 2049/1428/1057 2045/1422/1057 
f 2045/1423/1071 2049/1429/1073 2050/1430/1073 2046/1424/1071 
f 2046/1425/1060 2050/1431/1060 2051/1544/1060 2047/1542/1060 
f 2047/1423/1072 2051/1429/1074 2048/1430/1074 2044/1424/1072 
f 2048/1543/1057 2052/1545/1057 2053/1434/1057 2049/1428/1057 
f 2049/1429/1073 2053/1435/1098 2054/1436/1098 2050/1430/1073 
f 2050/1431/1060 2054/1437/1060 2055/1546/1060 2051/1544/1060 
f 2051/1429/1074 2055/1435/1107 2052/1436/1107 2048/1430/1074 
f 2052/1545/1057 2056/1547/1057 2057/1440/1057 2053/1434/1057 
f 2054/1436/1098 2053/1435/1098 2057/1441/1077 2058/1442/1077 
f 2054/1437/1060 2058/1440/1060 2059/1547/1060 2055/1546/1060 
f 2052/1436/1107 2055/1435/1107 2059/1441/1078 2056/1442/1078 
f 2057/1440/1057 2056/1547/1057 2060/1546/1057 2061/1437/1057 
f 2058/1442/1077 2057/1441/1077 2061/1443/1102 2062/1444/1102 
f 2059/1547/1060 2058/1440/1060 2062/1434/1060 2063/1545/1060 
f 2056/1442/1078 2059/1441/1078 2063/1443/1101 2060/1444/1101 
f 2060/1546/1057 2064/1544/1057 2065/1431/1057 2061/1437/1057 
f 2062/1444/1102 2061/1443/1102 2065/1445/1081 2066/1446/1081 
f 2063/1545/1060 2062/1434/1060 2066/1428/1060 2067/1543/1060 
f 2060/1444/1101 2063/1443/1101 2067/1445/1082 2064/1446/1082 
f 2065/1431/1057 2064/1544/1057 2068/1542/1057 2069/1425/1057 
f 2065/1445/1081 2069/1447/1083 2070/1448/1083 2066/1446/1081 
f 2067/1543/1060 2066/1428/1060 2070/1422/1060 2071/1541/1060 
f 2064/1446/1082 2067/1445/1082 2071/1447/1084 2068/1448/1084 
f 2069/1425/1057 2068/1542/1057 2072/1540/1057 2073/1419/1057 
f 2069/1447/1083 2073/1449/1085 2074/1450/1085 2070/1448/1083 
f 2070/1422/1060 2074/1416/1060 2075/1539/1060 2071/1541/1060 
f 2068/1448/1084 2071/1447/1084 2075/1449/1103 2072/1450/1103 
f 2073/1419/1057 2072/1540/1057 2076/1538/1057 2077/1413/1057 
f 2073/1449/1085 2077/1451/1087 2078/1452/1087 2074/1450/1085 
f 2075/1539/1060 2074/1416/1060 2078/1410/1060 2079/1537/1060 
f 2072/1450/1103 2075/1449/1103 2079/1451/1088 2076/1452/1088 
f 2077/1413/1057 2076/1538/1057 2080/1536/1057 2081/1407/1057 
f 2078/1452/1087 2077/1451/1087 2081/1453/1089 2082/1454/1089 
f 2079/1537/1060 2078/1410/1060 2082/1404/1060 2083/1535/1060 
f 2076/1452/1088 2079/1451/1088 2083/1453/1090 2080/1454/1090 
f 2080/1536/1057 2084/1534/1057 2085/1401/1057 2081/1407/1057 
f 2082/1454/1089 2081/1453/1089 2085/1455/1091 2086/1456/1091 
f 2083/1535/1060 2082/1404/1060 2086/1398/1060 2087/1533/1060 
f 2080/1454/1090 2083/1453/1090 2087/1455/1092 2084/1456/1092 
f 2088/1531/1057 2089/1394/1057 2085/1401/1057 2084/1534/1057 
f 2085/1455/1091 2089/1457/1105 2090/1458/1105 2086/1456/1091 
f 2086/1398/1060 2090/1388/1060 2091/1530/1060 2087/1533/1060 
f 2087/1455/1092 2091/1457/1094 2088/1458/1094 2084/1456/1092 
f 2089/1394/1057 2088/1531/1057 2092/1532/1057 2093/1393/1057 
f 2090/1458/1105 2089/1457/1105 2093/1459/1108 2094/1440/1108 
f 2090/1388/1060 2094/1385/1060 2095/1529/1060 2091/1530/1060 
f 2088/1458/1094 2091/1457/1094 2095/1459/1095 2092/1440/1095 
f 2093/1393/1057 2092/1532/1057 2096/1548/1057 2097/1461/1057 
f 2094/1440/1108 2093/1459/1108 2097/1462/1062 2098/1463/1062 
f 2094/1385/1060 2098/1464/1060 2099/1549/1060 2095/1529/1060 
f 2095/1459/1095 2099/1462/1059 2096/1463/1059 2092/1440/1095 
f 2097/1461/1057 2096/1548/1057 2100/1550/1057 2101/1467/1057 
f 2098/1463/1062 2097/1462/1062 2101/1468/1064 2102/1469/1064 
f 2098/1464/1060 2102/1470/1060 2103/1551/1060 2099/1549/1060 
f 2099/1462/1059 2103/1468/1063 2100/1469/1063 2096/1463/1059 
f 2101/1467/1057 2100/1550/1057 2104/1552/1057 2105/1473/1057 
f 2101/1468/1064 2105/1474/1066 2106/1475/1066 2102/1469/1064 
f 2102/1470/1060 2106/1476/1060 2107/1553/1060 2103/1551/1060 
f 2103/1468/1063 2107/1474/1065 2104/1475/1065 2100/1469/1063 
f 2105/1473/1057 2104/1552/1057 2108/1554/1057 2109/1479/1057 
f 2105/1474/1066 2109/1480/1068 2110/1481/1068 2106/1475/1066 
f 2106/1476/1060 2110/1482/1060 2111/1555/1060 2107/1553/1060 
f 2104/1475/1065 2107/1474/1065 2111/1480/1067 2108/1481/1067 
f 2109/1479/1057 2108/1554/1057 2112/1556/1057 2113/1485/1057 
f 2110/1481/1068 2109/1480/1068 2113/1486/1070 2114/1487/1070 
f 2114/1488/1060 2115/1557/1060 2111/1555/1060 2110/1482/1060 
f 2111/1480/1067 2115/1486/1097 2112/1487/1097 2108/1481/1067 
f 2112/1556/1057 2116/1558/1057 2117/1491/1057 2113/1485/1057 
f 2113/1486/1070 2117/1492/1072 2118/1493/1072 2114/1487/1070 
f 2114/1488/1060 2118/1494/1060 2119/1559/1060 2115/1557/1060 
f 2112/1487/1097 2115/1486/1097 2119/1492/1071 2116/1493/1071 
f 2116/1558/1057 2120/1560/1057 2121/1497/1057 2117/1491/1057 
f 2117/1492/1072 2121/1498/1074 2122/1499/1074 2118/1493/1072 
f 2118/1494/1060 2122/1500/1060 2123/1561/1060 2119/1559/1060 
f 2116/1493/1071 2119/1492/1071 2123/1498/1073 2120/1499/1073 
f 2121/1497/1057 2120/1560/1057 2124/1562/1057 2125/1503/1057 
f 2122/1499/1074 2121/1498/1074 2125/1504/1076 2126/1505/1076 
f 2122/1500/1060 2126/1506/1060 2127/1563/1060 2123/1561/1060 
f 2120/1499/1073 2123/1498/1073 2127/1504/1075 2124/1505/1075 
f 2125/1503/1057 2124/1562/1057 2128/1564/1057 2129/1459/1057 
f 2126/1505/1076 2125/1504/1076 2129/1509/1099 2130/1510/1099 
f 2126/1506/1060 2130/1459/1060 2131/1564/1060 2127/1563/1060 
f 2124/1505/1075 2127/1504/1075 2131/1509/1077 2128/1510/1077 
f 2128/1564/1057 2132/1563/1057 2133/1506/1057 2129/1459/1057 
f 2129/1509/1099 2133/1511/1101 2134/1512/1101 2130/1510/1099 
f 2131/1564/1060 2130/1459/1060 2134/1503/1060 2135/1562/1060 
f 2128/1510/1077 2131/1509/1077 2135/1511/1079 2132/1512/1079 
f 2132/1563/1057 2136/1561/1057 2137/1500/1057 2133/1506/1057 
f 2134/1512/1101 2133/1511/1101 2137/1513/1082 2138/1514/1082 
f 2135/1562/1060 2134/1503/1060 2138/1497/1060 2139/1560/1060 
f 2132/1512/1079 2135/1511/1079 2139/1513/1081 2136/1514/1081 
f 2140/1559/1057 2141/1494/1057 2137/1500/1057 2136/1561/1057 
f 2138/1514/1082 2137/1513/1082 2141/1515/1084 2142/1516/1084 
f 2139/1560/1060 2138/1497/1060 2142/1491/1060 2143/1558/1060 
f 2136/1514/1081 2139/1513/1081 2143/1515/1083 2140/1516/1083 
f 2140/1559/1057 2144/1557/1057 2145/1488/1057 2141/1494/1057 
f 2142/1516/1084 2141/1515/1084 2145/1517/1103 2146/1518/1103 
f 2143/1558/1060 2142/1491/1060 2146/1485/1060 2147/1556/1060 
f 2140/1516/1083 2143/1515/1083 2147/1517/1085 2144/1518/1085 
f 2144/1557/1057 2148/1555/1057 2149/1482/1057 2145/1488/1057 
f 2146/1518/1103 2145/1517/1103 2149/1519/1104 2150/1520/1104 
f 2146/1485/1060 2150/1479/1060 2151/1554/1060 2147/1556/1060 
f 2144/1518/1085 2147/1517/1085 2151/1519/1087 2148/1520/1087 
f 2149/1482/1057 2148/1555/1057 2152/1553/1057 2153/1476/1057 
f 2150/1520/1104 2149/1519/1104 2153/1521/1090 2154/1522/1090 
f 2150/1479/1060 2154/1473/1060 2155/1552/1060 2151/1554/1060 
f 2148/1520/1087 2151/1519/1087 2155/1521/1089 2152/1522/1089 
f 2152/1553/1057 2156/1551/1057 2157/1470/1057 2153/1476/1057 
f 2153/1521/1090 2157/1523/1092 2158/1524/1092 2154/1522/1090 
f 2155/1552/1060 2154/1473/1060 2158/1467/1060 2159/1550/1060 
f 2152/1522/1089 2155/1521/1089 2159/1523/1091 2156/1524/1091 
f 2157/1470/1057 2156/1551/1057 2160/1549/1057 2161/1464/1057 
f 2158/1524/1092 2157/1523/1092 2161/1525/1094 2162/1526/1094 
f 2158/1467/1060 2162/1461/1060 2163/1548/1060 2159/1550/1060 
f 2156/1524/1091 2159/1523/1091 2163/1525/1093 2160/1526/1093 
f 2160/1549/1057 2021/1529/1057 2020/1385/1057 2161/1464/1057 
f 2161/1525/1094 2020/1527/1058 2025/1528/1058 2162/1526/1094 
f 2163/1548/1060 2162/1461/1060 2025/1393/1060 2027/1532/1060 
f 2163/1525/1093 2027/1527/1061 2021/1528/1061 2160/1526/1093 
f 2164/1565/1095 2164/1565/1095 2165/1388/1057 2166/1385/1057 
f 2167/1392/1095 2166/1389/1095 2165/1390/1109 2168/1391/1109 
f 2169/1565/1095 2167/1393/1060 2168/1394/1060 2169/1565/1095 
f 2164/1392/1095 2169/1389/1095 2169/1390/1095 2164/1391/1095 
f 2164/1565/1095 2164/1565/1095 2170/1398/1057 2165/1388/1057 
f 2165/1390/1109 2170/1399/1063 2171/1400/1063 2168/1391/1109 
f 2169/1565/1095 2168/1394/1060 2171/1401/1060 2169/1565/1095 
f 2169/1390/1095 2169/1399/1095 2164/1400/1095 2164/1391/1095 
f 2164/1565/1095 2164/1565/1095 2172/1404/1057 2170/1398/1057 
f 2170/1399/1063 2172/1405/1065 2173/1406/1065 2171/1400/1063 
f 2169/1565/1095 2171/1401/1060 2173/1407/1060 2169/1565/1095 
f 2164/1400/1095 2169/1399/1095 2169/1405/1095 2164/1406/1095 
f 2164/1565/1095 2164/1565/1095 2174/1410/1057 2172/1404/1057 
f 2172/1405/1065 2174/1411/1067 2175/1412/1067 2173/1406/1065 
f 2169/1565/1095 2173/1407/1060 2175/1413/1060 2169/1565/1095 
f 2169/1405/1095 2169/1411/1095 2164/1412/1095 2164/1406/1095 
f 2164/1565/1095 2164/1565/1095 2176/1416/1057 2174/1410/1057 
f 2174/1411/1067 2176/1417/1097 2177/1418/1097 2175/1412/1067 
f 2169/1565/1095 2175/1413/1060 2177/1419/1060 2169/1565/1095 
f 2169/1411/1095 2169/1417/1095 2164/1418/1095 2164/1412/1095 
f 2164/1565/1095 2164/1565/1095 2178/1422/1057 2176/1416/1057 
f 2178/1423/1071 2179/1424/1071 2177/1418/1097 2176/1417/1097 
f 2179/1425/1060 2169/1565/1095 2169/1565/1095 2177/1419/1060 
f 2169/1423/1095 2164/1424/1095 2164/1418/1095 2169/1417/1095 
f 2178/1422/1057 2164/1565/1095 2164/1565/1095 2180/1428/1057 
f 2179/1424/1071 2178/1423/1071 2180/1429/1073 2181/1430/1073 
f 2169/1565/1095 2179/1425/1060 2181/1431/1060 2169/1565/1095 
f 2169/1423/1095 2169/1429/1095 2164/1430/1095 2164/1424/1095 
f 2164/1565/1095 2164/1565/1095 2182/1434/1057 2180/1428/1057 
f 2181/1430/1073 2180/1429/1073 2182/1435/1098 2183/1436/1098 
f 2181/1431/1060 2183/1437/1060 2169/1565/1095 2169/1565/1095 
f 2164/1430/1095 2169/1429/1095 2169/1435/1095 2164/1436/1095 
f 2164/1565/1095 2164/1565/1095 2184/1440/1057 2182/1434/1057 
f 2183/1436/1098 2182/1435/1098 2184/1441/1077 2185/1442/1077 
f 2183/1437/1060 2185/1440/1060 2169/1565/1095 2169/1565/1095 
f 2169/1435/1095 2169/1441/1095 2164/1442/1095 2164/1436/1095 
f 2164/1565/1095 2164/1565/1095 2186/1437/1057 2184/1440/1057 
f 2185/1442/1077 2184/1441/1077 2186/1443/1079 2187/1444/1079 
f 2185/1440/1060 2187/1434/1060 2169/1565/1095 2169/1565/1095 
f 2164/1442/1095 2169/1441/1095 2169/1443/1095 2164/1444/1095 
f 2186/1437/1057 2164/1565/1095 2164/1565/1095 2188/1431/1057 
f 2186/1443/1079 2188/1445/1081 2189/1446/1081 2187/1444/1079 
f 2169/1565/1095 2187/1434/1060 2189/1428/1060 2169/1565/1095 
f 2169/1443/1095 2169/1445/1095 2164/1446/1095 2164/1444/1095 
f 2164/1565/1095 2164/1565/1095 2190/1425/1057 2188/1431/1057 
f 2189/1446/1081 2188/1445/1081 2190/1447/1083 2191/1448/1083 
f 2189/1428/1060 2191/1422/1060 2169/1565/1095 2169/1565/1095 
f 2164/1448/1095 2164/1446/1095 2169/1445/1095 2169/1447/1095 
f 2192/1419/1057 2190/1425/1057 2164/1565/1095 2164/1565/1095 
f 2193/1450/1110 2191/1448/1083 2190/1447/1083 2192/1449/1110 
f 2193/1416/1060 2169/1565/1095 2169/1565/1095 2191/1422/1060 
f 2169/1447/1095 2169/1449/1095 2164/1450/1095 2164/1448/1095 
f 2192/1419/1057 2164/1565/1095 2164/1565/1095 2194/1413/1057 
f 2192/1449/1110 2194/1451/1087 2195/1452/1087 2193/1450/1110 
f 2169/1565/1095 2193/1416/1060 2195/1410/1060 2169/1565/1095 
f 2169/1449/1095 2169/1451/1095 2164/1452/1095 2164/1450/1095 
f 2164/1565/1095 2164/1565/1095 2196/1407/1057 2194/1413/1057 
f 2194/1451/1087 2196/1453/1089 2197/1454/1089 2195/1452/1087 
f 2169/1565/1095 2195/1410/1060 2197/1404/1060 2169/1565/1095 
f 2164/1452/1095 2169/1451/1095 2169/1453/1095 2164/1454/1095 
f 2196/1407/1057 2164/1565/1095 2164/1565/1095 2198/1401/1057 
f 2196/1453/1089 2198/1455/1091 2199/1456/1091 2197/1454/1089 
f 2197/1404/1060 2199/1398/1060 2169/1565/1095 2169/1565/1095 
f 2164/1454/1095 2169/1453/1095 2169/1455/1095 2164/1456/1095 
f 2198/1401/1057 2164/1565/1095 2164/1565/1095 2200/1394/1057 
f 2198/1455/1091 2200/1457/1105 2201/1458/1105 2199/1456/1091 
f 2169/1565/1095 2199/1398/1060 2201/1388/1060 2169/1565/1095 
f 2169/1455/1095 2169/1457/1095 2164/1458/1095 2164/1456/1095 
f 2164/1565/1095 2164/1565/1057 2202/1393/1057 2200/1394/1057 
f 2201/1458/1105 2200/1457/1105 2202/1459/1108 2203/1440/1108 
f 2201/1388/1060 2203/1385/1060 2169/1565/1060 2169/1565/1095 
f 2164/1458/1095 2169/1457/1095 2169/1459/1095 2164/1440/1095 
f 2164/1565/1057 2164/1565/1095 2204/1461/1057 2202/1393/1057 
f 2204/1462/1062 2205/1463/1062 2203/1440/1108 2202/1459/1108 
f 2205/1464/1060 2169/1565/1095 2169/1565/1060 2203/1385/1060 
f 2169/1462/1095 2164/1463/1095 2164/1440/1095 2169/1459/1095 
f 2164/1565/1095 2206/1467/1057 2204/1461/1057 2164/1565/1095 
f 2205/1463/1062 2204/1462/1062 2206/1468/1064 2207/1469/1064 
f 2205/1464/1060 2207/1470/1060 2169/1565/1095 2169/1565/1095 
f 2169/1462/1095 2169/1468/1095 2164/1469/1095 2164/1463/1095 
f 2206/1467/1057 2164/1565/1095 2164/1565/1095 2208/1473/1057 
f 2207/1469/1064 2206/1468/1064 2208/1474/1066 2209/1475/1066 
f 2169/1565/1095 2207/1470/1060 2209/1476/1060 2169/1565/1095 
f 2169/1468/1095 2169/1474/1095 2164/1475/1095 2164/1469/1095 
f 2208/1473/1057 2164/1565/1095 2164/1565/1095 2210/1479/1057 
f 2209/1475/1066 2208/1474/1066 2210/1480/1068 2211/1481/1068 
f 2169/1565/1095 2209/1476/1060 2211/1482/1060 2169/1565/1095 
f 2164/1475/1095 2169/1474/1095 2169/1480/1095 2164/1481/1095 
f 2210/1479/1057 2164/1565/1095 2164/1565/1095 2212/1485/1057 
f 2211/1481/1068 2210/1480/1068 2212/1486/1070 2213/1487/1070 
f 2211/1482/1060 2213/1488/1060 2169/1565/1095 2169/1565/1095 
f 2164/1481/1095 2169/1480/1095 2169/1486/1095 2164/1487/1095 
f 2212/1485/1057 2164/1565/1095 2164/1565/1095 2214/1491/1057 
f 2212/1486/1070 2214/1492/1072 2215/1493/1072 2213/1487/1070 
f 2213/1488/1060 2215/1494/1060 2169/1565/1095 2169/1565/1095 
f 2169/1486/1095 2169/1492/1095 2164/1493/1095 2164/1487/1095 
f 2214/1491/1057 2164/1565/1095 2164/1565/1095 2216/1497/1057 
f 2215/1493/1072 2214/1492/1072 2216/1498/1074 2217/1499/1074 
f 2215/1494/1060 2217/1500/1060 2169/1565/1095 2169/1565/1095 
f 2169/1498/1095 2164/1499/1095 2164/1493/1095 2169/1492/1095 
f 2164/1565/1095 2218/1503/1057 2216/1497/1057 2164/1565/1095 
f 2218/1504/1076 2219/1505/1076 2217/1499/1074 2216/1498/1074 
f 2219/1506/1060 2169/1565/1095 2169/1565/1095 2217/1500/1060 
f 2169/1498/1095 2169/1504/1095 2164/1505/1095 2164/1499/1095 
f 2218/1503/1057 2164/1565/1095 2164/1565/1095 2220/1459/1057 
f 2219/1505/1076 2218/1504/1076 2220/1509/1099 2221/1510/1099 
f 2219/1506/1060 2221/1459/1060 2169/1565/1095 2169/1565/1095 
f 2169/1504/1095 2169/1509/1095 2164/1510/1095 2164/1505/1095 
f 2220/1459/1057 2164/1565/1095 2164/1565/1095 2222/1506/1057 
f 2221/1510/1099 2220/1509/1099 2222/1511/1101 2223/1512/1101 
f 2221/1459/1060 2223/1503/1060 2169/1565/1095 2169/1565/1095 
f 2169/1509/1095 2169/1511/1095 2164/1512/1095 2164/1510/1095 
f 2222/1506/1057 2164/1565/1095 2164/1565/1095 2224/1500/1057 
f 2222/1511/1101 2224/1513/1082 2225/1514/1082 2223/1512/1101 
f 2169/1565/1095 2223/1503/1060 2225/1497/1060 2169/1565/1095 
f 2164/1512/1095 2169/1511/1095 2169/1513/1095 2164/1514/1095 
f 2224/1500/1057 2164/1565/1095 2164/1565/1095 2226/1494/1057 
f 2225/1514/1082 2224/1513/1082 2226/1515/1084 2227/1516/1084 
f 2225/1497/1060 2227/1491/1060 2169/1565/1095 2169/1565/1095 
f 2169/1513/1095 2169/1515/1095 2164/1516/1095 2164/1514/1095 
f 2164/1565/1095 2164/1565/1095 2228/1488/1057 2226/1494/1057 
f 2227/1516/1084 2226/1515/1084 2228/1517/1086 2229/1518/1086 
f 2169/1565/1095 2227/1491/1060 2229/1485/1060 2169/1565/1095 
f 2169/1515/1095 2169/1517/1095 2164/1518/1095 2164/1516/1095 
f 2228/1488/1057 2164/1565/1095 2164/1565/1095 2230/1482/1057 
f 2229/1518/1086 2228/1517/1086 2230/1519/1088 2231/1520/1088 
f 2169/1565/1095 2229/1485/1060 2231/1479/1060 2169/1565/1095 
f 2164/1518/1095 2169/1517/1095 2169/1519/1095 2164/1520/1095 
f 2230/1482/1057 2164/1565/1095 2164/1565/1095 2232/1476/1057 
f 2230/1519/1088 2232/1521/1090 2233/1522/1090 2231/1520/1088 
f 2231/1479/1060 2233/1473/1060 2169/1565/1095 2169/1565/1095 
f 2169/1519/1095 2169/1521/1095 2164/1522/1095 2164/1520/1095 
f 2232/1476/1057 2164/1565/1095 2164/1565/1095 2234/1470/1057 
f 2232/1521/1090 2234/1523/1092 2235/1524/1092 2233/1522/1090 
f 2233/1473/1060 2235/1467/1060 2169/1565/1095 2169/1565/1095 
f 2169/1521/1095 2169/1523/1095 2164/1524/1095 2164/1522/1095 
f 2164/1565/1095 2164/1565/1095 2236/1464/1057 2234/1470/1057 
f 2235/1524/1092 2234/1523/1092 2236/1525/1111 2237/1526/1111 
f 2169/1565/1095 2235/1467/1060 2237/1461/1060 2169/1565/1095 
f 2164/1524/1095 2169/1523/1095 2169/1525/1095 2164/1526/1095 
f 2236/1464/1057 2164/1565/1095 2164/1565/1095 2166/1385/1057 
f 2237/1526/1111 2236/1525/1111 2166/1527/1095 2167/1528/1095 
f 2169/1565/1095 2237/1461/1060 2167/1393/1060 2169/1565/1095 
f 2164/1526/1095 2169/1525/1095 2169/1527/1095 2164/1528/1095 
f 2238/1566/1112 2239/1567/1113 2240/1388/1113 2241/1385/1114 
f 2242/1392/1115 2241/1389/1115 2240/1390/1116 2243/1391/1116 
f 2242/1393/1117 2243/1394/1118 2244/1568/1118 2245/1569/1119 
f 2238/1392/1120 2245/1389/1121 2244/1390/1122 2239/1391/1123 
f 2239/1567/1113 2246/1570/1124 2247/1398/1124 2240/1388/1113 
f 2240/1390/1116 2247/1399/1125 2248/1400/1125 2243/1391/1116 
f 2243/1394/1118 2248/1401/1126 2249/1571/1119 2244/1568/1118 
f 2239/1391/1123 2244/1390/1122 2249/1399/1127 2246/1400/1127 
f 2247/1398/1124 2246/1570/1124 2250/1572/1124 2251/1404/1124 
f 2248/1400/1125 2247/1399/1125 2251/1405/1128 2252/1406/1128 
f 2249/1571/1119 2248/1401/1126 2252/1407/1129 2253/1573/1129 
f 2246/1400/1127 2249/1399/1127 2253/1405/1130 2250/1406/1130 
f 2251/1404/1124 2250/1572/1124 2254/1574/1131 2255/1410/1131 
f 2251/1405/1128 2255/1411/1132 2256/1412/1132 2252/1406/1128 
f 2252/1407/1129 2256/1413/1117 2257/1575/1119 2253/1573/1129 
f 2253/1405/1130 2257/1411/1133 2254/1412/1133 2250/1406/1130 
f 2255/1410/1131 2254/1574/1131 2258/1576/1131 2259/1416/1131 
f 2255/1411/1132 2259/1417/1134 2260/1418/1135 2256/1412/1132 
f 2257/1575/1119 2256/1413/1117 2260/1419/1136 2261/1577/1136 
f 2257/1411/1133 2261/1417/1137 2258/1418/1138 2254/1412/1133 
f 2258/1576/1131 2262/1578/1139 2263/1422/1131 2259/1416/1131 
f 2259/1417/1134 2263/1423/1140 2264/1424/1140 2260/1418/1135 
f 2261/1577/1136 2260/1419/1136 2264/1425/1136 2265/1579/1136 
f 2261/1417/1137 2265/1423/1141 2262/1424/1141 2258/1418/1138 
f 2262/1578/1139 2266/1580/1142 2267/1428/1142 2263/1422/1131 
f 2263/1423/1140 2267/1429/1143 2268/1430/1143 2264/1424/1140 
f 2265/1579/1136 2264/1425/1136 2268/1431/1144 2269/1581/1144 
f 2262/1424/1141 2265/1423/1141 2269/1429/1145 2266/1430/1145 
f 2267/1428/1142 2266/1580/1142 2270/1582/1131 2271/1434/1139 
f 2268/1430/1143 2267/1429/1143 2271/1435/1146 2272/1436/1146 
f 2269/1581/1144 2268/1431/1144 2272/1437/1147 2273/1583/1147 
f 2266/1430/1145 2269/1429/1145 2273/1435/1148 2270/1436/1148 
f 2271/1434/1139 2270/1582/1131 2274/1584/1124 2275/1440/1124 
f 2272/1436/1146 2271/1435/1146 2275/1441/1149 2276/1442/1150 
f 2273/1583/1147 2272/1437/1147 2276/1440/1117 2277/1584/1117 
f 2270/1436/1148 2273/1435/1148 2277/1441/1151 2274/1442/1152 
f 2275/1440/1124 2274/1584/1124 2278/1583/1124 2279/1437/1124 
f 2275/1441/1149 2279/1443/1153 2280/1444/1153 2276/1442/1150 
f 2276/1440/1117 2280/1434/1147 2281/1582/1147 2277/1584/1117 
f 2274/1442/1152 2277/1441/1151 2281/1443/1154 2278/1444/1154 
f 2278/1583/1124 2282/1581/1155 2283/1431/1156 2279/1437/1124 
f 2279/1443/1153 2283/1445/1157 2284/1446/1157 2280/1444/1153 
f 2280/1434/1147 2284/1428/1117 2285/1580/1117 2281/1582/1147 
f 2278/1444/1154 2281/1443/1154 2285/1445/1158 2282/1446/1158 
f 2282/1581/1155 2286/1579/1159 2287/1425/1156 2283/1431/1156 
f 2284/1446/1157 2283/1445/1157 2287/1447/1160 2288/1448/1160 
f 2285/1580/1117 2284/1428/1117 2288/1422/1117 2289/1578/1117 
f 2282/1446/1158 2285/1445/1158 2289/1447/1161 2286/1448/1161 
f 2286/1579/1159 2290/1577/1124 2291/1419/1124 2287/1425/1156 
f 2288/1448/1160 2287/1447/1160 2291/1449/1162 2292/1450/1163 
f 2288/1422/1117 2292/1416/1164 2293/1576/1164 2289/1578/1117 
f 2286/1448/1161 2289/1447/1161 2293/1449/1165 2290/1450/1166 
f 2290/1577/1124 2294/1575/1124 2295/1413/1124 2291/1419/1124 
f 2292/1450/1163 2291/1449/1162 2295/1451/1167 2296/1452/1167 
f 2293/1576/1164 2292/1416/1164 2296/1410/1119 2297/1574/1119 
f 2293/1449/1165 2297/1451/1168 2294/1452/1168 2290/1450/1166 
f 2294/1575/1124 2298/1573/1131 2299/1407/1131 2295/1413/1124 
f 2296/1452/1167 2295/1451/1167 2299/1453/1169 2300/1454/1169 
f 2296/1410/1119 2300/1404/1117 2301/1572/1117 2297/1574/1119 
f 2294/1452/1168 2297/1451/1168 2301/1453/1170 2298/1454/1170 
f 2299/1407/1131 2298/1573/1131 2302/1571/1171 2303/1401/1171 
f 2300/1454/1169 2299/1453/1169 2303/1455/1172 2304/1456/1173 
f 2301/1572/1117 2300/1404/1117 2304/1398/1174 2305/1570/1174 
f 2298/1454/1170 2301/1453/1170 2305/1455/1175 2302/1456/1175 
f 2302/1571/1171 2306/1568/1171 2307/1394/1159 2303/1401/1171 
f 2304/1456/1173 2303/1455/1172 2307/1457/1176 2308/1458/1176 
f 2305/1570/1174 2304/1398/1174 2308/1388/1117 2309/1567/1117 
f 2302/1456/1175 2305/1455/1175 2309/1457/1177 2306/1458/1178 
f 2306/1568/1171 2310/1569/1114 2311/1393/1114 2307/1394/1159 
f 2308/1458/1176 2307/1457/1176 2311/1459/1120 2312/1440/1120 
f 2308/1388/1117 2312/1385/1117 2313/1566/1119 2309/1567/1117 
f 2306/1458/1178 2309/1457/1177 2313/1459/1115 2310/1440/1179 
f 2310/1569/1114 2314/1585/1113 2315/1461/1180 2311/1393/1114 
f 2312/1440/1120 2311/1459/1120 2315/1462/1123 2316/1463/1123 
f 2312/1385/1117 2316/1464/1119 2317/1586/1119 2313/1566/1119 
f 2310/1440/1179 2313/1459/1115 2317/1462/1116 2314/1463/1181 
f 2314/1585/1113 2318/1587/1113 2319/1467/1113 2315/1461/1180 
f 2315/1462/1123 2319/1468/1127 2320/1469/1182 2316/1463/1123 
f 2317/1586/1119 2316/1464/1119 2320/1470/1118 2321/1588/1118 
f 2314/1463/1181 2317/1462/1116 2321/1468/1125 2318/1469/1125 
f 2318/1587/1113 2322/1589/1124 2323/1473/1124 2319/1467/1113 
f 2320/1469/1182 2319/1468/1127 2323/1474/1130 2324/1475/1130 
f 2321/1588/1118 2320/1470/1118 2324/1476/1119 2325/1590/1119 
f 2321/1468/1125 2325/1474/1128 2322/1475/1128 2318/1469/1125 
f 2323/1473/1124 2322/1589/1124 2326/1591/1131 2327/1479/1131 
f 2324/1475/1130 2323/1474/1130 2327/1480/1133 2328/1481/1133 
f 2325/1590/1119 2324/1476/1119 2328/1482/1117 2329/1592/1117 
f 2322/1475/1128 2325/1474/1128 2329/1480/1132 2326/1481/1132 
f 2327/1479/1131 2326/1591/1131 2330/1593/1131 2331/1485/1131 
f 2327/1480/1133 2331/1486/1183 2332/1487/1137 2328/1481/1133 
f 2328/1482/1117 2332/1488/1144 2333/1594/1144 2329/1592/1117 
f 2329/1480/1132 2333/1486/1134 2330/1487/1135 2326/1481/1132 
f 2330/1593/1131 2334/1595/1180 2335/1491/1142 2331/1485/1131 
f 2332/1487/1137 2331/1486/1183 2335/1492/1141 2336/1493/1141 
f 2333/1594/1144 2332/1488/1144 2336/1494/1119 2337/1596/1119 
f 2330/1487/1135 2333/1486/1134 2337/1492/1140 2334/1493/1140 
f 2335/1491/1142 2334/1595/1180 2338/1597/1184 2339/1497/1142 
f 2336/1493/1141 2335/1492/1141 2339/1498/1185 2340/1499/1185 
f 2337/1596/1119 2336/1494/1119 2340/1500/1119 2341/1598/1119 
f 2337/1492/1140 2341/1498/1186 2338/1499/1186 2334/1493/1140 
f 2338/1597/1184 2342/1599/1131 2343/1503/1131 2339/1497/1142 
f 2339/1498/1185 2343/1504/1148 2344/1505/1148 2340/1499/1185 
f 2340/1500/1119 2344/1506/1126 2345/1600/1126 2341/1598/1119 
f 2338/1499/1186 2341/1498/1186 2345/1504/1146 2342/1505/1146 
f 2342/1599/1131 2346/1601/1124 2347/1459/1124 2343/1503/1131 
f 2344/1505/1148 2343/1504/1148 2347/1509/1151 2348/1510/1152 
f 2344/1506/1126 2348/1459/1117 2349/1601/1117 2345/1600/1126 
f 2342/1505/1146 2345/1504/1146 2349/1509/1149 2346/1510/1150 
f 2346/1601/1124 2350/1600/1124 2351/1506/1187 2347/1459/1124 
f 2348/1510/1152 2347/1509/1151 2351/1511/1154 2352/1512/1154 
f 2349/1601/1117 2348/1459/1117 2352/1503/1126 2353/1599/1126 
f 2346/1510/1150 2349/1509/1149 2353/1511/1153 2350/1512/1153 
f 2351/1506/1187 2350/1600/1124 2354/1598/1156 2355/1500/1156 
f 2352/1512/1154 2351/1511/1154 2355/1513/1188 2356/1514/1188 
f 2353/1599/1126 2352/1503/1126 2356/1497/1164 2357/1597/1164 
f 2353/1511/1153 2357/1513/1189 2354/1514/1189 2350/1512/1153 
f 2355/1500/1156 2354/1598/1156 2358/1596/1187 2359/1494/1124 
f 2356/1514/1188 2355/1513/1188 2359/1515/1161 2360/1516/1161 
f 2356/1497/1164 2360/1491/1190 2361/1595/1190 2357/1597/1164 
f 2354/1514/1189 2357/1513/1189 2361/1515/1160 2358/1516/1160 
f 2359/1494/1124 2358/1596/1187 2362/1594/1124 2363/1488/1124 
f 2359/1515/1161 2363/1517/1165 2364/1518/1166 2360/1516/1161 
f 2360/1491/1190 2364/1485/1190 2365/1593/1190 2361/1595/1190 
f 2358/1516/1160 2361/1515/1160 2365/1517/1163 2362/1518/1191 
f 2363/1488/1124 2362/1594/1124 2366/1592/1124 2367/1482/1124 
f 2364/1518/1166 2363/1517/1165 2367/1519/1168 2368/1520/1168 
f 2364/1485/1190 2368/1479/1119 2369/1591/1117 2365/1593/1190 
f 2365/1517/1163 2369/1519/1167 2366/1520/1167 2362/1518/1191 
f 2366/1592/1124 2370/1590/1131 2371/1476/1131 2367/1482/1124 
f 2367/1519/1168 2371/1521/1170 2372/1522/1170 2368/1520/1168 
f 2368/1479/1119 2372/1473/1192 2373/1589/1192 2369/1591/1117 
f 2366/1520/1167 2369/1519/1167 2373/1521/1169 2370/1522/1169 
f 2370/1590/1131 2374/1588/1131 2375/1470/1131 2371/1476/1131 
f 2372/1522/1170 2371/1521/1170 2375/1523/1175 2376/1524/1175 
f 2372/1473/1192 2376/1467/1147 2377/1587/1117 2373/1589/1192 
f 2370/1522/1169 2373/1521/1169 2377/1523/1172 2374/1524/1172 
f 2374/1588/1131 2378/1586/1171 2379/1464/1171 2375/1470/1131 
f 2376/1524/1175 2375/1523/1175 2379/1525/1177 2380/1526/1177 
f 2377/1587/1117 2376/1467/1147 2380/1461/1174 2381/1585/1174 
f 2374/1524/1172 2377/1523/1172 2381/1525/1193 2378/1526/1176 
f 2378/1586/1171 2238/1566/1112 2241/1385/1114 2379/1464/1171 
f 2379/1525/1177 2241/1527/1115 2242/1528/1115 2380/1526/1177 
f 2380/1461/1174 2242/1393/1117 2245/1569/1119 2381/1585/1174 
f 2381/1525/1193 2245/1527/1121 2238/1528/1120 2378/1526/1176 
f 2382/1385/1112 2383/1566/1112 2384/1567/1124 2385/1388/1131 
f 2382/1389/1179 2385/1390/1116 2386/1391/1116 2387/1392/1115 
f 2388/1569/1117 2387/1393/1117 2386/1394/1119 2389/1568/1119 
f 2388/1389/1120 2389/1390/1123 2384/1391/1123 2383/1392/1120 
f 2385/1388/1131 2384/1567/1124 2390/1570/1180 2391/1398/1113 
f 2385/1390/1116 2391/1399/1194 2392/1400/1125 2386/1391/1116 
f 2386/1394/1119 2392/1401/1119 2393/1571/1119 2389/1568/1119 
f 2389/1390/1123 2393/1399/1127 2390/1400/1127 2384/1391/1123 
f 2391/1398/1113 2390/1570/1180 2394/1572/1195 2395/1404/1195 
f 2391/1399/1194 2395/1405/1128 2396/1406/1128 2392/1400/1125 
f 2393/1571/1119 2392/1401/1119 2396/1407/1119 2397/1573/1119 
f 2393/1399/1127 2397/1405/1130 2394/1406/1130 2390/1400/1127 
f 2395/1404/1195 2394/1572/1195 2398/1574/1124 2399/1410/1131 
f 2395/1405/1128 2399/1411/1132 2400/1412/1132 2396/1406/1128 
f 2397/1573/1119 2396/1407/1119 2400/1413/1117 2401/1575/1117 
f 2394/1406/1130 2397/1405/1130 2401/1411/1133 2398/1412/1133 
f 2398/1574/1124 2402/1576/1180 2403/1416/1180 2399/1410/1131 
f 2400/1412/1132 2399/1411/1132 2403/1417/1134 2404/1418/1135 
f 2400/1413/1117 2404/1419/1117 2405/1577/1144 2401/1575/1117 
f 2405/1417/1138 2402/1418/1138 2398/1412/1133 2401/1411/1133 
f 2406/1578/1180 2407/1422/1113 2403/1416/1180 2402/1576/1180 
f 2407/1423/1140 2408/1424/1140 2404/1418/1135 2403/1417/1134 
f 2408/1425/1196 2409/1579/1196 2405/1577/1144 2404/1419/1117 
f 2405/1417/1138 2409/1423/1141 2406/1424/1141 2402/1418/1138 
f 2407/1422/1113 2406/1578/1180 2410/1580/1184 2411/1428/1142 
f 2408/1424/1140 2407/1423/1140 2411/1429/1186 2412/1430/1186 
f 2408/1425/1196 2412/1431/1136 2413/1581/1147 2409/1579/1196 
f 2409/1423/1141 2413/1429/1185 2410/1430/1185 2406/1424/1141 
f 2410/1580/1184 2414/1582/1131 2415/1434/1139 2411/1428/1142 
f 2411/1429/1186 2415/1435/1146 2416/1436/1146 2412/1430/1186 
f 2412/1431/1136 2416/1437/1126 2417/1583/1126 2413/1581/1147 
f 2410/1430/1185 2413/1429/1185 2417/1435/1148 2414/1436/1148 
f 2415/1434/1139 2414/1582/1131 2418/1584/1124 2419/1440/1124 
f 2416/1436/1146 2415/1435/1146 2419/1441/1149 2420/1442/1150 
f 2417/1583/1126 2416/1437/1126 2420/1440/1117 2421/1584/1117 
f 2414/1436/1148 2417/1435/1148 2421/1441/1152 2418/1442/1152 
f 2418/1584/1124 2422/1583/1124 2423/1437/1124 2419/1440/1124 
f 2419/1441/1149 2423/1443/1153 2424/1444/1153 2420/1442/1150 
f 2420/1440/1117 2424/1434/1119 2425/1582/1119 2421/1584/1117 
f 2418/1442/1152 2421/1441/1152 2425/1443/1154 2422/1444/1154 
f 2423/1437/1124 2422/1583/1124 2426/1581/1155 2427/1431/1187 
f 2423/1443/1153 2427/1445/1189 2428/1446/1189 2424/1444/1153 
f 2425/1582/1119 2424/1434/1119 2428/1428/1126 2429/1580/1126 
f 2425/1443/1154 2429/1445/1188 2426/1446/1188 2422/1444/1154 
f 2426/1581/1155 2430/1579/1197 2431/1425/1197 2427/1431/1187 
f 2431/1447/1160 2432/1448/1160 2428/1446/1189 2427/1445/1189 
f 2432/1422/1192 2433/1578/1147 2429/1580/1126 2428/1428/1126 
f 2433/1447/1161 2430/1448/1161 2426/1446/1188 2429/1445/1188 
f 2434/1577/1124 2435/1419/1124 2431/1425/1197 2430/1579/1197 
f 2431/1447/1160 2435/1449/1163 2436/1450/1191 2432/1448/1160 
f 2433/1578/1147 2432/1422/1192 2436/1416/1147 2437/1576/1147 
f 2430/1448/1161 2433/1447/1161 2437/1449/1165 2434/1450/1166 
f 2434/1577/1124 2438/1575/1124 2439/1413/1124 2435/1419/1124 
f 2436/1450/1191 2435/1449/1163 2439/1451/1167 2440/1452/1167 
f 2437/1576/1147 2436/1416/1147 2440/1410/1164 2441/1574/1119 
f 2437/1449/1165 2441/1451/1168 2438/1452/1168 2434/1450/1166 
f 2438/1575/1124 2442/1573/1198 2443/1407/1198 2439/1413/1124 
f 2439/1451/1167 2443/1453/1169 2444/1454/1169 2440/1452/1167 
f 2440/1410/1164 2444/1404/1117 2445/1572/1117 2441/1574/1119 
f 2438/1452/1168 2441/1451/1168 2445/1453/1170 2442/1454/1170 
f 2442/1573/1198 2446/1571/1159 2447/1401/1171 2443/1407/1198 
f 2443/1453/1169 2447/1455/1172 2448/1456/1172 2444/1454/1169 
f 2445/1572/1117 2444/1404/1117 2448/1398/1119 2449/1570/1119 
f 2442/1454/1170 2445/1453/1170 2449/1455/1175 2446/1456/1175 
f 2447/1401/1171 2446/1571/1159 2450/1568/1199 2451/1394/1200 
f 2447/1455/1172 2451/1457/1193 2452/1458/1176 2448/1456/1172 
f 2449/1570/1119 2448/1398/1119 2452/1388/1201 2453/1567/1201 
f 2449/1455/1175 2453/1457/1178 2450/1458/1178 2446/1456/1175 
f 2451/1394/1200 2450/1568/1199 2454/1569/1112 2455/1393/1112 
f 2452/1458/1176 2451/1457/1193 2455/1459/1121 2456/1440/1120 
f 2453/1567/1201 2452/1388/1201 2456/1385/1202 2457/1566/1202 
f 2454/1440/1115 2450/1458/1178 2453/1457/1178 2457/1459/1115 
f 2458/1461/1203 2455/1393/1112 2454/1569/1112 2459/1585/1204 
f 2460/1463/1123 2456/1440/1120 2455/1459/1121 2458/1462/1122 
f 2461/1586/1205 2457/1566/1202 2456/1385/1202 2460/1464/1205 
f 2459/1463/1181 2454/1440/1115 2457/1459/1115 2461/1462/1181 
f 2462/1587/1180 2463/1467/1113 2458/1461/1203 2459/1585/1204 
f 2463/1468/1127 2464/1469/1127 2460/1463/1123 2458/1462/1122 
f 2460/1464/1205 2464/1470/1117 2465/1588/1117 2461/1586/1205 
f 2459/1463/1181 2461/1462/1181 2465/1468/1125 2462/1469/1125 
f 2462/1587/1180 2466/1589/1195 2467/1473/1195 2463/1467/1113 
f 2467/1474/1130 2468/1475/1130 2464/1469/1127 2463/1468/1127 
f 2468/1476/1119 2469/1590/1119 2465/1588/1117 2464/1470/1117 
f 2466/1475/1128 2462/1469/1125 2465/1468/1125 2469/1474/1128 
f 2470/1591/1131 2471/1479/1131 2467/1473/1195 2466/1589/1195 
f 2471/1480/1133 2472/1481/1133 2468/1475/1130 2467/1474/1130 
f 2472/1482/1144 2473/1592/1117 2469/1590/1119 2468/1476/1119 
f 2473/1480/1132 2470/1481/1132 2466/1475/1128 2469/1474/1128 
f 2474/1593/1131 2475/1485/1131 2471/1479/1131 2470/1591/1131 
f 2472/1481/1133 2471/1480/1133 2475/1486/1137 2476/1487/1138 
f 2472/1482/1144 2476/1488/1126 2477/1594/1126 2473/1592/1117 
f 2473/1480/1132 2477/1486/1134 2474/1487/1135 2470/1481/1132 
f 2475/1485/1131 2474/1593/1131 2478/1595/1206 2479/1491/1206 
f 2475/1486/1137 2479/1492/1141 2480/1493/1141 2476/1487/1138 
f 2476/1488/1126 2480/1494/1129 2481/1596/1126 2477/1594/1126 
f 2474/1487/1135 2477/1486/1134 2481/1492/1140 2478/1493/1140 
f 2478/1595/1206 2482/1597/1184 2483/1497/1139 2479/1491/1206 
f 2480/1493/1141 2479/1492/1141 2483/1498/1145 2484/1499/1145 
f 2481/1596/1126 2480/1494/1129 2484/1500/1147 2485/1598/1147 
f 2478/1493/1140 2481/1492/1140 2485/1498/1143 2482/1499/1143 
f 2483/1497/1139 2482/1597/1184 2486/1599/1131 2487/1503/1131 
f 2484/1499/1145 2483/1498/1145 2487/1504/1148 2488/1505/1148 
f 2485/1598/1147 2484/1500/1147 2488/1506/1117 2489/1600/1117 
f 2485/1498/1143 2489/1504/1146 2486/1505/1146 2482/1499/1143 
f 2486/1599/1131 2490/1601/1124 2491/1459/1124 2487/1503/1131 
f 2487/1504/1148 2491/1509/1151 2492/1510/1152 2488/1505/1148 
f 2488/1506/1117 2492/1459/1117 2493/1601/1117 2489/1600/1117 
f 2489/1504/1146 2493/1509/1149 2490/1510/1150 2486/1505/1146 
f 2490/1601/1124 2494/1600/1124 2495/1506/1187 2491/1459/1124 
f 2491/1509/1151 2495/1511/1154 2496/1512/1154 2492/1510/1152 
f 2492/1459/1117 2496/1503/1147 2497/1599/1147 2493/1601/1117 
f 2493/1509/1149 2497/1511/1153 2494/1512/1153 2490/1510/1150 
f 2494/1600/1124 2498/1598/1155 2499/1500/1156 2495/1506/1187 
f 2495/1511/1154 2499/1513/1158 2500/1514/1158 2496/1512/1154 
f 2497/1599/1147 2496/1503/1147 2500/1497/1190 2501/1597/1126 
f 2497/1511/1153 2501/1513/1157 2498/1514/1157 2494/1512/1153 
f 2498/1598/1155 2502/1596/1159 2503/1494/1171 2499/1500/1156 
f 2499/1513/1158 2503/1515/1161 2504/1516/1161 2500/1514/1158 
f 2500/1497/1190 2504/1491/1207 2505/1595/1207 2501/1597/1126 
f 2498/1514/1157 2501/1513/1157 2505/1515/1160 2502/1516/1160 
f 2502/1596/1159 2506/1594/1159 2507/1488/1159 2503/1494/1171 
f 2503/1515/1161 2507/1517/1165 2508/1518/1166 2504/1516/1161 
f 2504/1491/1207 2508/1485/1119 2509/1593/1164 2505/1595/1207 
f 2505/1515/1160 2509/1517/1163 2506/1518/1191 2502/1516/1160 
f 2506/1594/1159 2510/1592/1131 2511/1482/1124 2507/1488/1159 
f 2507/1517/1165 2511/1519/1168 2512/1520/1168 2508/1518/1166 
f 2508/1485/1119 2512/1479/1119 2513/1591/1119 2509/1593/1164 
f 2509/1517/1163 2513/1519/1167 2510/1520/1167 2506/1518/1191 
f 2510/1592/1131 2514/1590/1198 2515/1476/1198 2511/1482/1124 
f 2511/1519/1168 2515/1521/1170 2516/1522/1170 2512/1520/1168 
f 2512/1479/1119 2516/1473/1117 2517/1589/1117 2513/1591/1119 
f 2513/1519/1167 2517/1521/1169 2514/1522/1169 2510/1520/1167 
f 2514/1590/1198 2518/1588/1159 2519/1470/1171 2515/1476/1198 
f 2515/1521/1170 2519/1523/1208 2520/1524/1175 2516/1522/1170 
f 2517/1589/1117 2516/1473/1117 2520/1467/1117 2521/1587/1117 
f 2517/1521/1169 2521/1523/1172 2518/1524/1172 2514/1522/1169 
f 2518/1588/1159 2522/1586/1131 2523/1464/1124 2519/1470/1171 
f 2520/1524/1175 2519/1523/1208 2523/1525/1177 2524/1526/1177 
f 2521/1587/1117 2520/1467/1117 2524/1461/1117 2525/1585/1117 
f 2518/1524/1172 2521/1523/1172 2525/1525/1176 2522/1526/1176 
f 2522/1586/1131 2383/1566/1112 2382/1385/1112 2523/1464/1124 
f 2523/1525/1177 2382/1527/1179 2387/1528/1115 2524/1526/1177 
f 2524/1461/1117 2387/1393/1117 2388/1569/1117 2525/1585/1117 
f 2525/1525/1176 2388/1527/1120 2383/1528/1120 2522/1526/1176 
# 720 polygons

#
# object Sphere_4
#

v  8.1714 11.4158 -3.0236
v  8.1871 11.4121 -2.8705
v  8.3530 11.1735 -2.8927
v  8.3373 11.1772 -3.0469
v  8.1404 11.4093 -3.1742
v  8.3060 11.1706 -3.1986
v  8.0945 11.3927 -3.3202
v  8.2598 11.1539 -3.3456
v  8.0344 11.3662 -3.4594
v  8.1992 11.1273 -3.4858
v  7.9609 11.3303 -3.5898
v  8.1252 11.0911 -3.6172
v  7.8751 11.2855 -3.7094
v  8.0388 11.0460 -3.7377
v  7.7783 11.2324 -3.8166
v  7.9413 10.9925 -3.8457
v  7.6719 11.1718 -3.9098
v  7.8341 10.9314 -3.9396
v  7.5574 11.1045 -3.9877
v  7.7187 10.8637 -4.0180
v  7.4365 11.0317 -4.0490
v  7.5969 10.7903 -4.0798
v  7.3110 10.9542 -4.0929
v  7.4705 10.7122 -4.1240
v  7.1826 10.8733 -4.1188
v  7.3412 10.6307 -4.1500
v  7.0533 10.7901 -4.1262
v  7.2110 10.5469 -4.1575
v  6.9250 10.7058 -4.1151
v  7.0817 10.4620 -4.1464
v  6.7995 10.6218 -4.0856
v  6.9553 10.3774 -4.1167
v  6.6787 10.5391 -4.0382
v  6.8335 10.2941 -4.0689
v  6.5642 10.4590 -3.9736
v  6.7182 10.2134 -4.0038
v  6.4579 10.3827 -3.8926
v  6.6111 10.1365 -3.9223
v  6.3611 10.3113 -3.7965
v  6.5137 10.0646 -3.8255
v  6.2755 10.2458 -3.6867
v  6.4274 9.9986 -3.7149
v  6.2021 10.1872 -3.5648
v  6.3534 9.9396 -3.5920
v  6.1421 10.1363 -3.4325
v  6.2930 9.8883 -3.4588
v  6.0963 10.0939 -3.2918
v  6.2469 9.8456 -3.3171
v  6.0654 10.0606 -3.1448
v  6.2158 9.8120 -3.1689
v  6.0499 10.0368 -2.9935
v  6.2001 9.7881 -3.0165
v  6.0499 10.0230 -2.8402
v  6.2002 9.7742 -2.8621
v  6.0656 10.0193 -2.6872
v  6.2159 9.7705 -2.7079
v  6.0966 10.0258 -2.5365
v  6.2472 9.7771 -2.5562
v  6.1425 10.0424 -2.3906
v  6.2934 9.7938 -2.4092
v  6.2026 10.0689 -2.2514
v  6.3540 9.8204 -2.2690
v  6.2761 10.1048 -2.1210
v  6.4280 9.8566 -2.1376
v  6.3619 10.1496 -2.0013
v  6.5144 9.9017 -2.0171
v  6.4587 10.2027 -1.8941
v  6.6120 9.9552 -1.9091
v  6.5651 10.2633 -1.8009
v  6.7192 10.0163 -1.8152
v  6.6796 10.3306 -1.7231
v  6.8345 10.0840 -1.7368
v  6.8005 10.4034 -1.6618
v  6.9563 10.1574 -1.6750
v  6.9261 10.4809 -1.6179
v  7.0828 10.2355 -1.6308
v  7.0544 10.5618 -1.5920
v  7.2120 10.3170 -1.6048
v  7.1837 10.6450 -1.5846
v  7.3423 10.4008 -1.5973
v  7.3120 10.7293 -1.5957
v  7.4715 10.4856 -1.6084
v  7.4375 10.8133 -1.6251
v  7.5980 10.5703 -1.6381
v  7.5584 10.8960 -1.6725
v  7.7197 10.6536 -1.6859
v  7.6728 10.9761 -1.7372
v  7.8350 10.7343 -1.7510
v  7.7792 11.0524 -1.8181
v  7.9421 10.8111 -1.8325
v  7.8759 11.1238 -1.9142
v  8.0396 10.8831 -1.9293
v  7.9616 11.1893 -2.0240
v  8.1259 10.9491 -2.0399
v  8.0350 11.2479 -2.1460
v  8.1998 11.0081 -2.1628
v  8.0950 11.2988 -2.2782
v  8.2602 11.0594 -2.2960
v  8.1408 11.3412 -2.4189
v  8.3064 11.1021 -2.4377
v  8.1716 11.3745 -2.5660
v  8.3375 11.1357 -2.5859
v  8.1872 11.3983 -2.7173
v  8.3531 11.1596 -2.7383
v  7.9926 11.6406 -2.9982
v  8.0079 11.6370 -2.8485
v  7.9622 11.6343 -3.1455
v  7.9174 11.6180 -3.2883
v  7.8585 11.5922 -3.4244
v  7.7867 11.5571 -3.5520
v  7.7028 11.5132 -3.6690
v  7.6081 11.4613 -3.7739
v  7.5040 11.4020 -3.8650
v  7.3920 11.3362 -3.9411
v  7.2737 11.2649 -4.0011
v  7.1510 11.1892 -4.0441
v  7.0254 11.1100 -4.0694
v  6.8990 11.0287 -4.0766
v  6.7735 10.9463 -4.0658
v  6.6507 10.8640 -4.0370
v  6.5325 10.7832 -3.9906
v  6.4206 10.7048 -3.9274
v  6.3166 10.6302 -3.8482
v  6.2220 10.5604 -3.7542
v  6.1382 10.4963 -3.6468
v  6.0664 10.4390 -3.5276
v  6.0077 10.3892 -3.3982
v  5.9629 10.3477 -3.2606
v  5.9327 10.3151 -3.1167
v  5.9175 10.2919 -2.9688
v  5.9176 10.2784 -2.8189
v  5.9329 10.2748 -2.6691
v  5.9632 10.2812 -2.5218
v  6.0081 10.2974 -2.3791
v  6.0669 10.3233 -2.2429
v  6.1388 10.3584 -2.1154
v  6.2227 10.4022 -1.9984
v  6.3174 10.4542 -1.8935
v  6.4215 10.5134 -1.8023
v  6.5335 10.5792 -1.7262
v  6.6517 10.6505 -1.6663
v  6.7745 10.7263 -1.6233
v  6.9000 10.8054 -1.5980
v  7.0265 10.8868 -1.5907
v  7.1520 10.9692 -1.6016
v  7.2747 11.0514 -1.6304
v  7.3930 11.1323 -1.6768
v  7.5049 11.2106 -1.7400
v  7.6089 11.2852 -1.8192
v  7.7035 11.3551 -1.9132
v  7.7873 11.4191 -2.0206
v  7.8591 11.4765 -2.1398
v  7.9178 11.5262 -2.2692
v  7.9626 11.5677 -2.4068
v  7.9928 11.6003 -2.5506
v  8.0079 11.6235 -2.6986
v  7.8033 11.8484 -2.9711
v  7.8180 11.8450 -2.8269
v  7.7741 11.8423 -3.1129
v  7.7308 11.8267 -3.2504
v  7.6742 11.8018 -3.3815
v  7.6050 11.7680 -3.5043
v  7.5242 11.7258 -3.6170
v  7.4330 11.6757 -3.7180
v  7.3327 11.6186 -3.8058
v  7.2249 11.5553 -3.8791
v  7.1110 11.4867 -3.9369
v  6.9928 11.4137 -3.9782
v  6.8719 11.3375 -4.0026
v  6.7501 11.2591 -4.0096
v  6.6293 11.1798 -3.9991
v  6.5111 11.1006 -3.9714
v  6.3972 11.0227 -3.9267
v  6.2894 10.9473 -3.8658
v  6.1893 10.8754 -3.7896
v  6.0982 10.8082 -3.6991
v  6.0175 10.7465 -3.5957
v  5.9483 10.6913 -3.4808
v  5.8918 10.6433 -3.3562
v  5.8487 10.6034 -3.2237
v  5.8196 10.5720 -3.0852
v  5.8050 10.5497 -2.9427
v  5.8051 10.5366 -2.7983
v  5.8198 10.5332 -2.6542
v  5.8490 10.5393 -2.5123
v  5.8922 10.5549 -2.3748
v  5.9489 10.5798 -2.2437
v  6.0181 10.6136 -2.1209
v  6.0989 10.6559 -2.0082
v  6.1901 10.7059 -1.9072
v  6.2903 10.7630 -1.8194
v  6.3982 10.8263 -1.7461
v  6.5120 10.8950 -1.6884
v  6.6303 10.9679 -1.6470
v  6.7511 11.0441 -1.6227
v  6.8729 11.1225 -1.6157
v  6.9938 11.2018 -1.6261
v  7.1120 11.2810 -1.6539
v  7.2258 11.3589 -1.6985
v  7.3336 11.4343 -1.7594
v  7.4338 11.5062 -1.8357
v  7.5249 11.5735 -1.9262
v  7.6056 11.6352 -2.0296
v  7.6747 11.6904 -2.1444
v  7.7312 11.7383 -2.2690
v  7.7744 11.7782 -2.4015
v  7.8034 11.8096 -2.5400
v  7.8181 11.8320 -2.6825
v  7.6063 12.0362 -2.9426
v  7.6202 12.0330 -2.8060
v  7.5786 12.0304 -3.0769
v  7.5377 12.0156 -3.2071
v  7.4840 11.9921 -3.3313
v  7.4185 11.9600 -3.4475
v  7.3420 11.9201 -3.5543
v  7.2556 11.8727 -3.6499
v  7.1607 11.8186 -3.7331
v  7.0586 11.7586 -3.8025
v  6.9507 11.6936 -3.8572
v  6.8387 11.6245 -3.8963
v  6.7243 11.5524 -3.9194
v  6.6090 11.4782 -3.9260
v  6.4945 11.4030 -3.9161
v  6.3826 11.3280 -3.8898
v  6.2748 11.2543 -3.8476
v  6.1727 11.1829 -3.7899
v  6.0778 11.1148 -3.7177
v  5.9915 11.0511 -3.6320
v  5.9151 10.9927 -3.5340
v  5.8497 10.9404 -3.4253
v  5.7961 10.8950 -3.3073
v  5.7553 10.8572 -3.1818
v  5.7278 10.8275 -3.0506
v  5.7139 10.8063 -2.9157
v  5.7140 10.7940 -2.7790
v  5.7279 10.7907 -2.6425
v  5.7556 10.7965 -2.5081
v  5.7965 10.8113 -2.3779
v  5.8502 10.8349 -2.2538
v  5.9157 10.8669 -2.1375
v  5.9922 10.9069 -2.0307
v  6.0786 10.9542 -1.9351
v  6.1735 11.0083 -1.8520
v  6.2756 11.0683 -1.7826
v  6.3835 11.1333 -1.7279
v  6.4954 11.2024 -1.6887
v  6.6099 11.2746 -1.6656
v  6.7252 11.3488 -1.6590
v  6.8397 11.4239 -1.6689
v  6.9516 11.4989 -1.6952
v  7.0594 11.5726 -1.7375
v  7.1615 11.6441 -1.7951
v  7.2564 11.7121 -1.8673
v  7.3427 11.7758 -1.9530
v  7.4191 11.8343 -2.0510
v  7.4845 11.8865 -2.1597
v  7.5381 11.9319 -2.2777
v  7.5789 11.9698 -2.4032
v  7.6064 11.9995 -2.5344
v  7.6203 12.0206 -2.6693
v  7.4045 12.2012 -2.9131
v  7.4174 12.1982 -2.7862
v  7.3788 12.1959 -3.0380
v  7.3407 12.1821 -3.1590
v  7.2909 12.1602 -3.2744
v  7.2299 12.1304 -3.3825
v  7.1588 12.0933 -3.4817
v  7.0786 12.0492 -3.5705
v  6.9903 11.9990 -3.6478
v  6.8954 11.9432 -3.7123
v  6.7952 11.8828 -3.7632
v  6.6911 11.8186 -3.7996
v  6.5847 11.7515 -3.8210
v  6.4775 11.6825 -3.8272
v  6.3711 11.6127 -3.8180
v  6.2671 11.5430 -3.7935
v  6.1669 11.4745 -3.7542
v  6.0720 11.4081 -3.7006
v  5.9839 11.3448 -3.6335
v  5.9037 11.2856 -3.5539
v  5.8326 11.2313 -3.4628
v  5.7718 11.1827 -3.3618
v  5.7220 11.1405 -3.2521
v  5.6841 11.1054 -3.1355
v  5.6585 11.0777 -3.0136
v  5.6456 11.0581 -2.8881
v  5.6457 11.0466 -2.7611
v  5.6587 11.0436 -2.6342
v  5.6844 11.0490 -2.5093
v  5.7224 11.0627 -2.3883
v  5.7723 11.0846 -2.2729
v  5.8332 11.1144 -2.1648
v  5.9043 11.1516 -2.0656
v  5.9846 11.1956 -1.9767
v  6.0728 11.2458 -1.8995
v  6.1677 11.3016 -1.8349
v  6.2679 11.3620 -1.7841
v  6.3720 11.4262 -1.7477
v  6.4784 11.4933 -1.7263
v  6.5856 11.5623 -1.7201
v  6.6920 11.6321 -1.7293
v  6.7960 11.7018 -1.7537
v  6.8962 11.7704 -1.7930
v  6.9911 11.8367 -1.8466
v  7.0793 11.9000 -1.9137
v  7.1594 11.9592 -1.9934
v  7.2305 12.0135 -2.0844
v  7.2913 12.0621 -2.1855
v  7.3411 12.1043 -2.2952
v  7.3790 12.1395 -2.4118
v  7.4046 12.1671 -2.5337
v  7.4175 12.1867 -2.6591
v  7.2008 12.3411 -2.8831
v  7.2126 12.3383 -2.7677
v  7.1774 12.3362 -2.9967
v  7.1428 12.3236 -3.1067
v  7.0975 12.3037 -3.2117
v  7.0421 12.2767 -3.3100
v  6.9774 12.2429 -3.4002
v  6.9044 12.2028 -3.4811
v  6.8241 12.1571 -3.5513
v  6.7378 12.1064 -3.6100
v  6.6466 12.0514 -3.6563
v  6.5520 11.9930 -3.6894
v  6.4552 11.9320 -3.7089
v  6.3577 11.8693 -3.7145
v  6.2610 11.8058 -3.7061
v  6.1664 11.7424 -3.6839
v  6.0752 11.6800 -3.6481
v  5.9889 11.6197 -3.5994
v  5.9087 11.5621 -3.5384
v  5.8358 11.5083 -3.4659
v  5.7712 11.4589 -3.3831
v  5.7159 11.4147 -3.2912
v  5.6706 11.3763 -3.1914
v  5.6361 11.3443 -3.0854
v  5.6128 11.3192 -2.9745
v  5.6011 11.3013 -2.8604
v  5.6012 11.2909 -2.7448
v  5.6130 11.2881 -2.6294
v  5.6363 11.2931 -2.5159
v  5.6710 11.3056 -2.4058
v  5.7163 11.3255 -2.3009
v  5.7717 11.3526 -2.2025
v  5.8364 11.3864 -2.1123
v  5.9094 11.4264 -2.0315
v  5.9896 11.4721 -1.9612
v  6.0760 11.5228 -1.9025
v  6.1671 11.5778 -1.8563
v  6.2618 11.6362 -1.8232
v  6.3586 11.6972 -1.8037
v  6.4560 11.7599 -1.7981
v  6.5528 11.8234 -1.8064
v  6.6474 11.8868 -1.8287
v  6.7385 11.9492 -1.8644
v  6.8248 12.0095 -1.9131
v  6.9050 12.0671 -1.9742
v  6.9780 12.1209 -2.0466
v  7.0426 12.1703 -2.1294
v  7.0979 12.2145 -2.2214
v  7.1431 12.2529 -2.3211
v  7.1777 12.2849 -2.4272
v  7.2009 12.3100 -2.5381
v  7.2126 12.3279 -2.6521
v  6.9982 12.4536 -2.8530
v  7.0087 12.4512 -2.7508
v  6.9775 12.4493 -2.9537
v  6.9469 12.4382 -3.0512
v  6.9067 12.4206 -3.1441
v  6.8576 12.3966 -3.2312
v  6.8003 12.3666 -3.3112
v  6.7356 12.3312 -3.3828
v  6.6645 12.2907 -3.4450
v  6.5881 12.2458 -3.4970
v  6.5073 12.1971 -3.5380
v  6.4234 12.1453 -3.5673
v  6.3377 12.0913 -3.5846
v  6.2514 12.0357 -3.5896
v  6.1656 11.9794 -3.5821
v  6.0818 11.9233 -3.5625
v  6.0011 11.8680 -3.5308
v  5.9246 11.8146 -3.4876
v  5.8536 11.7636 -3.4335
v  5.7890 11.7159 -3.3694
v  5.7317 11.6721 -3.2960
v  5.6827 11.6330 -3.2146
v  5.6426 11.5990 -3.1262
v  5.6120 11.5706 -3.0322
v  5.5914 11.5484 -2.9340
v  5.5811 11.5325 -2.8329
v  5.5811 11.5233 -2.7305
v  5.5915 11.5209 -2.6283
v  5.6123 11.5252 -2.5277
v  5.6429 11.5363 -2.4302
v  5.6831 11.5539 -2.3372
v  5.7322 11.5779 -2.2501
v  5.7895 11.6079 -2.1702
v  5.8541 11.6433 -2.0986
v  5.9252 11.6838 -2.0363
v  6.0017 11.7287 -1.9843
v  6.0825 11.7774 -1.9434
v  6.1663 11.8292 -1.9140
v  6.2521 11.8832 -1.8968
v  6.3384 11.9388 -1.8918
v  6.4242 11.9951 -1.8992
v  6.5080 12.0512 -1.9189
v  6.5887 12.1065 -1.9505
v  6.6652 12.1600 -1.9937
v  6.7362 12.2109 -2.0478
v  6.8008 12.2586 -2.1120
v  6.8581 12.3024 -2.1853
v  6.9071 12.3415 -2.2668
v  6.9472 12.3755 -2.3551
v  6.9777 12.4039 -2.4491
v  6.9984 12.4261 -2.5474
v  7.0087 12.4420 -2.6484
v  6.7997 12.5374 -2.8233
v  6.8087 12.5353 -2.7357
v  6.7820 12.5336 -2.9095
v  6.7557 12.5242 -2.9930
v  6.7213 12.5090 -3.0727
v  6.6793 12.4885 -3.1473
v  6.6302 12.4628 -3.2158
v  6.5748 12.4324 -3.2771
v  6.5139 12.3978 -3.3305
v  6.4484 12.3593 -3.3750
v  6.3792 12.3176 -3.4101
v  6.3073 12.2732 -3.4352
v  6.2339 12.2269 -3.4500
v  6.1599 12.1793 -3.4543
v  6.0865 12.1311 -3.4479
v  6.0147 12.0830 -3.4311
v  5.9455 12.0357 -3.4039
v  5.8800 11.9899 -3.3669
v  5.8192 11.9462 -3.3206
v  5.7638 11.9053 -3.2656
v  5.7148 11.8679 -3.2028
v  5.6728 11.8343 -3.1330
v  5.6385 11.8052 -3.0573
v  5.6123 11.7809 -2.9768
v  5.5946 11.7619 -2.8927
v  5.5857 11.7483 -2.8061
v  5.5857 11.7404 -2.7184
v  5.5947 11.7383 -2.6308
v  5.6124 11.7420 -2.5446
v  5.6387 11.7515 -2.4611
v  5.6731 11.7666 -2.3814
v  5.7152 11.7872 -2.3068
v  5.7643 11.8128 -2.2383
v  5.8197 11.8432 -2.1770
v  5.8806 11.8779 -2.1237
v  5.9461 11.9164 -2.0791
v  6.0153 11.9581 -2.0440
v  6.0871 12.0024 -2.0189
v  6.1605 12.0487 -2.0041
v  6.2345 12.0963 -1.9999
v  6.3080 12.1445 -2.0062
v  6.3798 12.1926 -2.0231
v  6.4489 12.2399 -2.0502
v  6.5144 12.2858 -2.0872
v  6.5753 12.3294 -2.1335
v  6.6306 12.3703 -2.1885
v  6.6796 12.4078 -2.2513
v  6.7216 12.4413 -2.3211
v  6.7560 12.4704 -2.3968
v  6.7822 12.4947 -2.4773
v  6.7999 12.5138 -2.5615
v  6.8087 12.5274 -2.6480
v  6.6082 12.5910 -2.7944
v  6.6155 12.5893 -2.7228
v  6.5937 12.5880 -2.8649
v  6.5722 12.5802 -2.9332
v  6.5440 12.5678 -2.9984
v  6.5096 12.5510 -3.0594
v  6.4695 12.5300 -3.1155
v  6.4242 12.5052 -3.1657
v  6.3743 12.4768 -3.2093
v  6.3207 12.4453 -3.2457
v  6.2641 12.4112 -3.2744
v  6.2054 12.3749 -3.2950
v  6.1453 12.3370 -3.3071
v  6.0848 12.2981 -3.3106
v  6.0247 12.2587 -3.3054
v  5.9659 12.2193 -3.2916
v  5.9094 12.1806 -3.2694
v  5.8558 12.1431 -3.2391
v  5.8060 12.1074 -3.2012
v  5.7607 12.0740 -3.1562
v  5.7206 12.0433 -3.1048
v  5.6863 12.0158 -3.0478
v  5.6582 11.9920 -2.9858
v  5.6367 11.9722 -2.9200
v  5.6223 11.9566 -2.8511
v  5.6150 11.9455 -2.7803
v  5.6150 11.9390 -2.7086
v  5.6224 11.9373 -2.6369
v  5.6369 11.9403 -2.5664
v  5.6584 11.9481 -2.4981
v  5.6865 11.9605 -2.4329
v  5.7209 11.9773 -2.3719
v  5.7611 11.9983 -2.3158
v  5.8064 12.0231 -2.2657
v  5.8562 12.0515 -2.2220
v  5.9098 12.0830 -2.1856
v  5.9664 12.1171 -2.1569
v  6.0252 12.1534 -2.1363
v  6.0853 12.1912 -2.1242
v  6.1458 12.2302 -2.1207
v  6.2059 12.2696 -2.1259
v  6.2646 12.3090 -2.1397
v  6.3212 12.3477 -2.1619
v  6.3748 12.3852 -2.1922
v  6.4246 12.4209 -2.2301
v  6.4698 12.4543 -2.2751
v  6.5099 12.4850 -2.3265
v  6.5443 12.5124 -2.3835
v  6.5724 12.5363 -2.4455
v  6.5938 12.5561 -2.5113
v  6.6083 12.5717 -2.5802
v  6.6156 12.5828 -2.6510
v  6.4264 12.6138 -2.7667
v  6.4320 12.6124 -2.7120
v  6.4153 12.6114 -2.8205
v  6.3989 12.6055 -2.8726
v  6.3774 12.5961 -2.9224
v  6.3512 12.5832 -2.9689
v  6.3206 12.5672 -3.0117
v  6.2860 12.5483 -3.0500
v  6.2480 12.5266 -3.0833
v  6.2071 12.5026 -3.1111
v  6.1639 12.4765 -3.1330
v  6.1190 12.4489 -3.1486
v  6.0732 12.4200 -3.1579
v  6.0270 12.3903 -3.1605
v  5.9812 12.3602 -3.1566
v  5.9363 12.3301 -3.1461
v  5.8932 12.3006 -3.1291
v  5.8523 12.2720 -3.1060
v  5.8143 12.2447 -3.0771
v  5.7797 12.2192 -3.0428
v  5.7491 12.1958 -3.0036
v  5.7229 12.1749 -2.9600
v  5.7015 12.1567 -2.9128
v  5.6851 12.1416 -2.8625
v  5.6741 12.1297 -2.8100
v  5.6686 12.1212 -2.7559
v  5.6686 12.1163 -2.7012
v  5.6742 12.1149 -2.6465
v  5.6852 12.1173 -2.5927
v  5.7016 12.1232 -2.5406
v  5.7231 12.1326 -2.4908
v  5.7494 12.1454 -2.4443
v  5.7800 12.1615 -2.4015
v  5.8146 12.1804 -2.3632
v  5.8526 12.2021 -2.3299
v  5.8935 12.2261 -2.3021
v  5.9367 12.2521 -2.2802
v  5.9815 12.2798 -2.2646
v  6.0274 12.3087 -2.2553
v  6.0736 12.3384 -2.2527
v  6.1194 12.3685 -2.2566
v  6.1642 12.3986 -2.2671
v  6.2074 12.4281 -2.2841
v  6.2483 12.4567 -2.3072
v  6.2863 12.4840 -2.3361
v  6.3208 12.5095 -2.3704
v  6.3514 12.5329 -2.4096
v  6.3776 12.5538 -2.4532
v  6.3991 12.5720 -2.5004
v  6.4154 12.5871 -2.5507
v  6.4265 12.5990 -2.6032
v  6.4320 12.6075 -2.6573
v  6.2570 12.6053 -2.7406
v  6.2608 12.6044 -2.7037
v  6.2495 12.6037 -2.7769
v  6.2385 12.5997 -2.8121
v  6.2240 12.5934 -2.8456
v  6.2062 12.5847 -2.8771
v  6.1856 12.5739 -2.9059
v  6.1622 12.5611 -2.9318
v  6.1366 12.5465 -2.9542
v  6.1090 12.5303 -2.9730
v  6.0798 12.5127 -2.9878
v  6.0496 12.4940 -2.9984
v  6.0186 12.4745 -3.0046
v  5.9875 12.4545 -3.0064
v  5.9565 12.4342 -3.0037
v  5.9263 12.4139 -2.9966
v  5.8971 12.3940 -2.9852
v  5.8695 12.3747 -2.9696
v  5.8439 12.3563 -2.9501
v  5.8206 12.3390 -2.9269
v  5.7999 12.3233 -2.9005
v  5.7822 12.3091 -2.8711
v  5.7678 12.2969 -2.8392
v  5.7567 12.2866 -2.8053
v  5.7493 12.2786 -2.7698
v  5.7455 12.2729 -2.7333
v  5.7456 12.2696 -2.6964
v  5.7493 12.2687 -2.6595
v  5.7568 12.2702 -2.6232
v  5.7679 12.2742 -2.5880
v  5.7824 12.2806 -2.5544
v  5.8001 12.2893 -2.5230
v  5.8208 12.3001 -2.4942
v  5.8441 12.3129 -2.4683
v  5.8698 12.3275 -2.4458
v  5.8974 12.3437 -2.4271
v  5.9265 12.3613 -2.4123
v  5.9568 12.3799 -2.4017
v  5.9877 12.3994 -2.3955
v  6.0189 12.4195 -2.3937
v  6.0498 12.4398 -2.3964
v  6.0801 12.4601 -2.4035
v  6.1092 12.4800 -2.4149
v  6.1368 12.4993 -2.4305
v  6.1624 12.5177 -2.4500
v  6.1857 12.5349 -2.4732
v  6.2064 12.5507 -2.4996
v  6.2241 12.5648 -2.5290
v  6.2386 12.5771 -2.5609
v  6.2496 12.5873 -2.5948
v  6.2570 12.5954 -2.6303
v  6.2608 12.6011 -2.6667
v  6.1025 12.5658 -2.7165
v  6.1044 12.5653 -2.6979
v  6.0987 12.5650 -2.7348
v  6.0931 12.5630 -2.7525
v  6.0858 12.5598 -2.7694
v  6.0769 12.5554 -2.7852
v  6.0665 12.5500 -2.7998
v  6.0547 12.5435 -2.8128
v  6.0418 12.5361 -2.8241
v  6.0279 12.5280 -2.8335
v  6.0132 12.5191 -2.8410
v  5.9980 12.5097 -2.8463
v  5.9824 12.4999 -2.8495
v  5.9667 12.4898 -2.8504
v  5.9511 12.4796 -2.8490
v  5.9359 12.4694 -2.8454
v  5.9212 12.4593 -2.8397
v  5.9073 12.4496 -2.8318
v  5.8944 12.4403 -2.8220
v  5.8827 12.4317 -2.8103
v  5.8722 12.4237 -2.7970
v  5.8633 12.4166 -2.7822
v  5.8561 12.4104 -2.7661
v  5.8505 12.4053 -2.7491
v  5.8467 12.4012 -2.7312
v  5.8449 12.3983 -2.7128
v  5.8449 12.3967 -2.6942
v  5.8468 12.3962 -2.6756
v  5.8505 12.3970 -2.6573
v  5.8561 12.3990 -2.6396
v  5.8634 12.4022 -2.6227
v  5.8723 12.4066 -2.6069
v  5.8827 12.4120 -2.5924
v  5.8945 12.4185 -2.5793
v  5.9074 12.4258 -2.5680
v  5.9213 12.4340 -2.5586
v  5.9360 12.4429 -2.5511
v  5.9512 12.4523 -2.5458
v  5.9668 12.4621 -2.5427
v  5.9825 12.4722 -2.5418
v  5.9981 12.4824 -2.5431
v  6.0134 12.4926 -2.5467
v  6.0280 12.5027 -2.5524
v  6.0419 12.5124 -2.5603
v  6.0548 12.5217 -2.5701
v  6.0666 12.5303 -2.5818
v  6.0770 12.5383 -2.5951
v  6.0859 12.5454 -2.6099
v  6.0932 12.5516 -2.6260
v  6.0987 12.5567 -2.6431
v  6.1025 12.5608 -2.6609
v  6.1044 12.5636 -2.6793
v  5.9651 12.4957 -2.6947
v  10.8092 10.2489 -3.4180
v  10.8444 10.2406 -3.0737
v  11.0509 9.9609 -3.1003
v  11.0154 9.9692 -3.4470
v  10.7395 10.2342 -3.7567
v  10.9452 9.9545 -3.7883
v  10.6362 10.1969 -4.0850
v  10.8412 9.9169 -4.1189
v  10.5010 10.1375 -4.3980
v  10.7050 9.8570 -4.4343
v  10.3357 10.0568 -4.6912
v  10.5385 9.7757 -4.7296
v  10.1428 9.9559 -4.9604
v  10.3441 9.6742 -5.0008
v  9.9251 9.8365 -5.2015
v  10.1248 9.5538 -5.2437
v  9.6857 9.7002 -5.4111
v  9.8837 9.4165 -5.4548
v  9.4282 9.5489 -5.5861
v  9.6243 9.2642 -5.6311
v  9.1563 9.3850 -5.7240
v  9.3504 9.0990 -5.7700
v  8.8739 9.2108 -5.8227
v  9.0660 8.9235 -5.8695
v  8.5853 9.0288 -5.8809
v  8.7752 8.7402 -5.9281
v  8.2946 8.8417 -5.8976
v  8.4824 8.5518 -5.9449
v  8.0060 8.6523 -5.8727
v  8.1916 8.3609 -5.9198
v  7.7237 8.4632 -5.8064
v  7.9073 8.1704 -5.8531
v  7.4519 8.2772 -5.6998
v  7.6335 7.9831 -5.7457
v  7.1945 8.0971 -5.5544
v  7.3742 7.8017 -5.5992
v  6.9553 7.9255 -5.3723
v  7.1333 7.6288 -5.4158
v  6.7378 7.7649 -5.1563
v  6.9142 7.4670 -5.1981
v  6.5451 7.6176 -4.9093
v  6.7200 7.3186 -4.9493
v  6.3801 7.4858 -4.6351
v  6.5538 7.1858 -4.6731
v  6.2451 7.3713 -4.3376
v  6.4178 7.0706 -4.3734
v  6.1421 7.2759 -4.0212
v  6.3141 6.9745 -4.0547
v  6.0727 7.2010 -3.6905
v  6.2441 6.8990 -3.7215
v  6.0378 7.1477 -3.3502
v  6.2090 6.8452 -3.3788
v  6.0379 7.1166 -3.0055
v  6.2091 6.8140 -3.0316
v  6.0731 7.1083 -2.6613
v  6.2446 6.8056 -2.6848
v  6.1428 7.1229 -2.3225
v  6.3148 6.8204 -2.3436
v  6.2461 7.1603 -1.9942
v  6.4188 6.8579 -2.0129
v  6.3813 7.2197 -1.6812
v  6.5551 6.9178 -1.6975
v  6.5466 7.3004 -1.3880
v  6.7216 6.9991 -1.4022
v  6.7395 7.4012 -1.1188
v  6.9159 7.1007 -1.1310
v  6.9572 7.5207 -0.8777
v  7.1352 7.2210 -0.8881
v  7.1966 7.6570 -0.6681
v  7.3763 7.3584 -0.6770
v  7.4541 7.8083 -0.4931
v  7.6357 7.5107 -0.5007
v  7.7260 7.9722 -0.3552
v  7.9096 7.6758 -0.3618
v  8.0083 8.1464 -0.2565
v  8.1940 7.8513 -0.2623
v  8.2970 8.3284 -0.1983
v  8.4848 8.0346 -0.2037
v  8.5877 8.5155 -0.1816
v  8.7777 8.2231 -0.1869
v  8.8763 8.7049 -0.2065
v  9.0684 8.4140 -0.2120
v  9.1586 8.8940 -0.2728
v  9.3527 8.6044 -0.2788
v  9.4304 9.0800 -0.3794
v  9.6265 8.7917 -0.3861
v  9.6878 9.2600 -0.5248
v  9.8858 8.9732 -0.5326
v  9.9270 9.4317 -0.7069
v  10.1267 9.1460 -0.7160
v  10.1445 9.5923 -0.9229
v  10.3459 9.3078 -0.9337
v  10.3372 9.7396 -1.1699
v  10.5400 9.4562 -1.1825
v  10.5022 9.8714 -1.4441
v  10.7062 9.5890 -1.4587
v  10.6372 9.9859 -1.7416
v  10.8422 9.7043 -1.7584
v  10.7402 10.0812 -2.0580
v  10.9459 9.8004 -2.0771
v  10.8096 10.1562 -2.3887
v  11.0159 9.8759 -2.4103
v  10.8445 10.2095 -2.7290
v  11.0510 9.9296 -2.7530
v  10.5711 10.5013 -3.3837
v  10.6056 10.4933 -3.0470
v  10.5029 10.4870 -3.7150
v  10.4020 10.4506 -4.0361
v  10.2697 10.3924 -4.3423
v  10.1080 10.3135 -4.6291
v  9.9194 10.2148 -4.8923
v  9.7064 10.0980 -5.1282
v  9.4723 9.9647 -5.3332
v  9.2204 9.8168 -5.5044
v  8.9545 9.6564 -5.6392
v  8.6783 9.4860 -5.7358
v  8.3960 9.3080 -5.7927
v  8.1117 9.1251 -5.8090
v  7.8294 8.9398 -5.7846
v  7.5533 8.7548 -5.7198
v  7.2875 8.5729 -5.6156
v  7.0357 8.3968 -5.4734
v  6.8018 8.2290 -5.2953
v  6.5890 8.0719 -5.0839
v  6.4006 7.9278 -4.8424
v  6.2391 7.7988 -4.5742
v  6.1071 7.6869 -4.2832
v  6.0064 7.5936 -3.9737
v  5.9385 7.5203 -3.6503
v  5.9044 7.4681 -3.3175
v  5.9045 7.4378 -2.9803
v  5.9389 7.4297 -2.6436
v  6.0071 7.4440 -2.3123
v  6.1081 7.4805 -1.9912
v  6.2404 7.5386 -1.6851
v  6.4020 7.6176 -1.3983
v  6.5907 7.7162 -1.1350
v  6.8037 7.8330 -0.8992
v  7.0378 7.9663 -0.6942
v  7.2896 8.1143 -0.5230
v  7.5556 8.2746 -0.3881
v  7.8317 8.4450 -0.2916
v  8.1140 8.6230 -0.2347
v  8.3984 8.8060 -0.2183
v  8.6807 8.9913 -0.2427
v  8.9567 9.1762 -0.3075
v  9.2226 9.3581 -0.4118
v  9.4743 9.5342 -0.5540
v  9.7083 9.7021 -0.7321
v  9.9210 9.8592 -0.9434
v  10.1095 10.0032 -1.1850
v  10.2709 10.1322 -1.4532
v  10.4029 10.2441 -1.7441
v  10.5036 10.3374 -2.0536
v  10.5716 10.4107 -2.3771
v  10.6057 10.4629 -2.7098
v  10.3048 10.7230 -3.3449
v  10.3379 10.7152 -3.0206
v  10.2391 10.7092 -3.6639
v  10.1419 10.6741 -3.9731
v  10.0145 10.6181 -4.2680
v  9.8588 10.5421 -4.5441
v  9.6771 10.4471 -4.7976
v  9.4721 10.3346 -5.0248
v  9.2466 10.2062 -5.2222
v  9.0041 10.0638 -5.3870
v  8.7480 9.9094 -5.5169
v  8.4820 9.7453 -5.6099
v  8.2102 9.5739 -5.6647
v  7.9363 9.3976 -5.6805
v  7.6645 9.2192 -5.6570
v  7.3986 9.0411 -5.5945
v  7.1426 8.8660 -5.4941
v  6.9002 8.6963 -5.3572
v  6.6749 8.5347 -5.1857
v  6.4700 8.3834 -4.9822
v  6.2885 8.2447 -4.7496
v  6.1331 8.1205 -4.4913
v  6.0059 8.0127 -4.2111
v  5.9090 7.9229 -3.9131
v  5.8436 7.8523 -3.6016
v  5.8107 7.8020 -3.2811
v  5.8108 7.7728 -2.9564
v  5.8440 7.7650 -2.6322
v  5.9096 7.7788 -2.3131
v  6.0069 7.8139 -2.0039
v  6.1343 7.8699 -1.7091
v  6.2899 7.9459 -1.4329
v  6.4716 8.0409 -1.1794
v  6.6767 8.1534 -0.9523
v  6.9022 8.2818 -0.7549
v  7.1447 8.4242 -0.5900
v  7.4008 8.5786 -0.4601
v  7.6667 8.7427 -0.3671
v  7.9386 8.9141 -0.3123
v  8.2124 9.0903 -0.2966
v  8.4843 9.2688 -0.3201
v  8.7501 9.4469 -0.3825
v  9.0061 9.6220 -0.4829
v  9.2486 9.7917 -0.6199
v  9.4739 9.9533 -0.7913
v  9.6787 10.1046 -0.9949
v  9.8602 10.2433 -1.2275
v  10.0157 10.3675 -1.4858
v  10.1428 10.4753 -1.7660
v  10.2398 10.5651 -2.0640
v  10.3052 10.6357 -2.3755
v  10.3381 10.6860 -2.6959
v  10.0140 10.9106 -3.3020
v  10.0454 10.9032 -2.9949
v  9.9518 10.8976 -3.6041
v  9.8598 10.8643 -3.8969
v  9.7391 10.8113 -4.1761
v  9.5917 10.7393 -4.4377
v  9.4196 10.6493 -4.6777
v  9.2254 10.5428 -4.8928
v  9.0119 10.4212 -5.0798
v  8.7822 10.2863 -5.2359
v  8.5397 10.1401 -5.3589
v  8.2879 9.9847 -5.4469
v  8.0304 9.8224 -5.4988
v  7.7711 9.6555 -5.5137
v  7.5137 9.4865 -5.4915
v  7.2619 9.3178 -5.4324
v  7.0195 9.1520 -5.3373
v  6.7899 8.9914 -5.2076
v  6.5765 8.8383 -5.0452
v  6.3825 8.6950 -4.8525
v  6.2106 8.5636 -4.6322
v  6.0634 8.4460 -4.3876
v  5.9430 8.3440 -4.1223
v  5.8512 8.2589 -3.8400
v  5.7893 8.1921 -3.5450
v  5.7581 8.1444 -3.2416
v  5.7583 8.1168 -2.9341
v  5.7896 8.1094 -2.6270
v  5.8518 8.1224 -2.3249
v  5.9439 8.1557 -2.0321
v  6.0646 8.2087 -1.7529
v  6.2120 8.2807 -1.4913
v  6.3840 8.3706 -1.2513
v  6.5782 8.4772 -1.0362
v  6.7917 8.5988 -0.8492
v  7.0214 8.7337 -0.6931
v  7.2640 8.8799 -0.5701
v  7.5158 9.0353 -0.4820
v  7.7733 9.1976 -0.4302
v  8.0326 9.3645 -0.4152
v  8.2900 9.5335 -0.4375
v  8.5418 9.7021 -0.4966
v  8.7842 9.8680 -0.5917
v  9.0138 10.0286 -0.7214
v  9.2271 10.1817 -0.8838
v  9.4212 10.3250 -1.0765
v  9.5930 10.4564 -1.2968
v  9.7402 10.5739 -1.5414
v  9.8606 10.6760 -1.8067
v  9.9525 10.7611 -2.0889
v  10.0144 10.8279 -2.3839
v  10.0455 10.8755 -2.6874
v  9.7031 11.0614 -3.2556
v  9.7323 11.0546 -2.9702
v  9.6453 11.0493 -3.5364
v  9.5597 11.0184 -3.8086
v  9.4476 10.9691 -4.0681
v  9.3105 10.9022 -4.3112
v  9.1506 10.8186 -4.5343
v  8.9701 10.7195 -4.7342
v  8.7717 10.6065 -4.9080
v  8.5582 10.4811 -5.0531
v  8.3328 10.3453 -5.1674
v  8.0987 10.2008 -5.2492
v  7.8594 10.0500 -5.2975
v  7.6184 9.8949 -5.3113
v  7.3791 9.7378 -5.2906
v  7.1451 9.5810 -5.2357
v  6.9198 9.4269 -5.1473
v  6.7064 9.2776 -5.0268
v  6.5081 9.1353 -4.8758
v  6.3278 9.0021 -4.6967
v  6.1680 8.8800 -4.4920
v  6.0312 8.7707 -4.2646
v  5.9193 8.6759 -4.0180
v  5.8340 8.5968 -3.7557
v  5.7764 8.5347 -3.4815
v  5.7475 8.4904 -3.1995
v  5.7476 8.4647 -2.9137
v  5.7767 8.4578 -2.6283
v  5.8345 8.4699 -2.3475
v  5.9201 8.5009 -2.0753
v  6.0323 8.5502 -1.8158
v  6.1693 8.6171 -1.5727
v  6.3292 8.7007 -1.3496
v  6.5097 8.7997 -1.1497
v  6.7081 8.9127 -0.9759
v  6.9216 9.0381 -0.8308
v  7.1470 9.1740 -0.7165
v  7.3811 9.3184 -0.6346
v  7.6204 9.4693 -0.5864
v  7.8614 9.6244 -0.5725
v  8.1007 9.7814 -0.5932
v  8.3347 9.9382 -0.6482
v  8.5600 10.0924 -0.7365
v  8.7734 10.2417 -0.8571
v  8.9717 10.3839 -1.0080
v  9.1520 10.5171 -1.1872
v  9.3118 10.6392 -1.3919
v  9.4486 10.7485 -1.6192
v  9.5605 10.8434 -1.8659
v  9.6459 10.9224 -2.1282
v  9.7034 10.9846 -2.4023
v  9.7324 11.0288 -2.6844
v  9.3765 11.1732 -3.2065
v  9.4030 11.1670 -2.9469
v  9.3239 11.1622 -3.4619
v  9.2461 11.1341 -3.7094
v  9.1441 11.0892 -3.9454
v  9.0195 11.0284 -4.1665
v  8.8740 10.9524 -4.3695
v  8.7098 10.8623 -4.5513
v  8.5294 10.7595 -4.7093
v  8.3352 10.6455 -4.8413
v  8.1302 10.5219 -4.9452
v  7.9173 10.3905 -5.0197
v  7.6997 10.2533 -5.0636
v  7.4804 10.1122 -5.0762
v  7.2628 9.9694 -5.0574
v  7.0500 9.8268 -5.0074
v  6.8451 9.6866 -4.9270
v  6.6510 9.5508 -4.8174
v  6.4706 9.4214 -4.6801
v  6.3066 9.3003 -4.5172
v  6.1613 9.1892 -4.3310
v  6.0369 9.0898 -4.1242
v  5.9351 9.0035 -3.8999
v  5.8575 8.9316 -3.6613
v  5.8051 8.8751 -3.4119
v  5.7788 8.8349 -3.1554
v  5.7789 8.8115 -2.8955
v  5.8055 8.8052 -2.6359
v  5.8580 8.8163 -2.3805
v  5.9359 8.8444 -2.1330
v  6.0378 8.8892 -1.8970
v  6.1625 8.9501 -1.6759
v  6.3079 9.0261 -1.4729
v  6.4721 9.1162 -1.2911
v  6.6526 9.2190 -1.1331
v  6.8467 9.3330 -1.0011
v  7.0517 9.4566 -0.8971
v  7.2646 9.5879 -0.8227
v  7.4823 9.7252 -0.7788
v  7.7015 9.8662 -0.7662
v  7.9191 10.0091 -0.7850
v  8.1319 10.1517 -0.8350
v  8.3369 10.2919 -0.9154
v  8.5309 10.4276 -1.0250
v  8.7113 10.5570 -1.1623
v  8.8753 10.6782 -1.3252
v  9.0206 10.7892 -1.5114
v  9.1450 10.8886 -1.7182
v  9.2468 10.9749 -1.9425
v  9.3245 11.0468 -2.1811
v  9.3768 11.1033 -2.4304
v  9.4031 11.1436 -2.6870
v  9.0390 11.2444 -3.1553
v  9.0625 11.2389 -2.9253
v  8.9924 11.2346 -3.3816
v  8.9235 11.2097 -3.6008
v  8.8331 11.1700 -3.8099
v  8.7227 11.1161 -4.0058
v  8.5939 11.0487 -4.1856
v  8.4484 10.9690 -4.3467
v  8.2885 10.8779 -4.4867
v  8.1165 10.7769 -4.6036
v  7.9349 10.6674 -4.6957
v  7.7463 10.5510 -4.7617
v  7.5535 10.4294 -4.8005
v  7.3593 10.3045 -4.8117
v  7.1665 10.1779 -4.7950
v  6.9779 10.0516 -4.7508
v  6.7964 9.9274 -4.6796
v  6.6244 9.8071 -4.5824
v  6.4647 9.6924 -4.4608
v  6.3193 9.5851 -4.3165
v  6.1906 9.4867 -4.1515
v  6.0804 9.3987 -3.9683
v  5.9902 9.3222 -3.7696
v  5.9214 9.2585 -3.5582
v  5.8751 9.2085 -3.3373
v  5.8517 9.1728 -3.1101
v  5.8518 9.1521 -2.8798
v  5.8753 9.1466 -2.6498
v  5.9219 9.1563 -2.4235
v  5.9909 9.1812 -2.2043
v  6.0812 9.2210 -1.9952
v  6.1916 9.2749 -1.7993
v  6.3205 9.3422 -1.6195
v  6.4659 9.4220 -1.4584
v  6.6258 9.5131 -1.3184
v  6.7978 9.6141 -1.2015
v  6.9795 9.7236 -1.1094
v  7.1681 9.8400 -1.0434
v  7.3609 9.9615 -1.0046
v  7.5551 10.0865 -0.9934
v  7.7479 10.2131 -1.0101
v  7.9364 10.3394 -1.0543
v  8.1180 10.4636 -1.1255
v  8.2899 10.5839 -1.2227
v  8.4497 10.6985 -1.3443
v  8.5950 10.8058 -1.4886
v  8.7237 10.9042 -1.6536
v  8.8340 10.9923 -1.8368
v  8.9241 11.0687 -2.0355
v  8.9929 11.1324 -2.2469
v  9.0393 11.1825 -2.4678
v  9.0626 11.2181 -2.6950
v  8.6956 11.2739 -3.1028
v  8.7157 11.2692 -2.9058
v  8.6557 11.2656 -3.2966
v  8.5966 11.2442 -3.4845
v  8.5192 11.2102 -3.6636
v  8.4246 11.1640 -3.8314
v  8.3142 11.1063 -3.9854
v  8.1896 11.0380 -4.1234
v  8.0527 10.9600 -4.2434
v  7.9053 10.8734 -4.3435
v  7.7497 10.7796 -4.4224
v  7.5881 10.6799 -4.4789
v  7.4230 10.5758 -4.5122
v  7.2566 10.4687 -4.5218
v  7.0914 10.3603 -4.5075
v  6.9299 10.2521 -4.4696
v  6.7744 10.1457 -4.4086
v  6.6271 10.0427 -4.3254
v  6.4902 9.9445 -4.2212
v  6.3658 9.8525 -4.0975
v  6.2555 9.7682 -3.9562
v  6.1611 9.6928 -3.7993
v  6.0838 9.6273 -3.6291
v  6.0249 9.5727 -3.4480
v  5.9852 9.5299 -3.2587
v  5.9652 9.4993 -3.0641
v  5.9653 9.4815 -2.8668
v  5.9854 9.4768 -2.6698
v  6.0253 9.4852 -2.4760
v  6.0844 9.5065 -2.2881
v  6.1618 9.5405 -2.1090
v  6.2564 9.5867 -1.9412
v  6.3667 9.6444 -1.7872
v  6.4913 9.7128 -1.6492
v  6.6283 9.7908 -1.5292
v  6.7757 9.8773 -1.4291
v  6.9313 9.9711 -1.3502
v  7.0928 10.0708 -1.2937
v  7.2580 10.1750 -1.2604
v  7.4244 10.2820 -1.2508
v  7.5895 10.3904 -1.2651
v  7.7510 10.4986 -1.3030
v  7.9066 10.6051 -1.3640
v  8.0538 10.7081 -1.4472
v  8.1907 10.8063 -1.5514
v  8.3152 10.8982 -1.6751
v  8.4255 10.9825 -1.8164
v  8.5199 11.0580 -1.9733
v  8.5971 11.1234 -2.1435
v  8.6561 11.1780 -2.3246
v  8.6958 11.2209 -2.5139
v  8.7158 11.2514 -2.7085
v  8.3035 11.2298 -3.0422
v  8.3193 11.2261 -2.8879
v  8.2722 11.2232 -3.1939
v  8.2260 11.2065 -3.3410
v  8.1654 11.1799 -3.4812
v  8.0914 11.1437 -3.6126
v  8.0049 11.0985 -3.7332
v  7.9074 11.0450 -3.8412
v  7.8002 10.9840 -3.9351
v  7.6848 10.9162 -4.0135
v  7.5630 10.8428 -4.0753
v  7.4365 10.7647 -4.1195
v  7.3072 10.6832 -4.1456
v  7.1769 10.5994 -4.1531
v  7.0476 10.5145 -4.1419
v  6.9212 10.4298 -4.1122
v  6.7994 10.3465 -4.0645
v  6.6841 10.2658 -3.9993
v  6.5769 10.1889 -3.9178
v  6.4795 10.1169 -3.8209
v  6.3932 10.0510 -3.7103
v  6.3192 9.9919 -3.5875
v  6.2587 9.9406 -3.4542
v  6.2126 9.8979 -3.3124
v  6.1815 9.8643 -3.1643
v  6.1659 9.8404 -3.0118
v  6.1659 9.8265 -2.8574
v  6.1817 9.8228 -2.7032
v  6.2129 9.8293 -2.5514
v  6.2592 9.8461 -2.4043
v  6.3198 9.8727 -2.2641
v  6.3938 9.9089 -2.1327
v  6.4802 9.9540 -2.0122
v  6.5778 10.0075 -1.9041
v  6.6850 10.0686 -1.8102
v  6.8004 10.1364 -1.7318
v  6.9222 10.2098 -1.6700
v  7.0487 10.2879 -1.6258
v  7.1780 10.3694 -1.5997
v  7.3083 10.4532 -1.5922
v  7.4376 10.5381 -1.6034
v  7.5640 10.6228 -1.6331
v  7.6858 10.7061 -1.6809
v  7.8011 10.7868 -1.7460
v  7.9082 10.8637 -1.8276
v  8.0057 10.9356 -1.9244
v  8.0920 11.0016 -2.0350
v  8.1660 11.0607 -2.1579
v  8.2264 11.1119 -2.2912
v  8.2726 11.1547 -2.4329
v  8.3037 11.1882 -2.5811
v  8.3193 11.2122 -2.7335
# 1197 vertices

vn 0.7894 0.6006 -0.1268
vn 0.8017 0.5977 -0.0070
vn 0.8205 0.5715 -0.0095
vn 0.8083 0.5744 -0.1295
vn 0.7652 0.5955 -0.2448
vn 0.7840 0.5693 -0.2476
vn 0.7292 0.5825 -0.3591
vn 0.7480 0.5563 -0.3621
vn 0.6821 0.5618 -0.4680
vn 0.7008 0.5356 -0.4712
vn 0.6246 0.5337 -0.5701
vn 0.6432 0.5074 -0.5735
vn 0.5574 0.4986 -0.6638
vn 0.5759 0.4723 -0.6673
vn 0.4816 0.4570 -0.7478
vn 0.5000 0.4306 -0.7514
vn 0.3983 0.4096 -0.8207
vn 0.4165 0.3831 -0.8245
vn 0.3087 0.3569 -0.8817
vn 0.3267 0.3303 -0.8855
vn 0.2140 0.2999 -0.9297
vn 0.2319 0.2732 -0.9336
vn 0.1157 0.2392 -0.9641
vn 0.1335 0.2124 -0.9680
vn 0.0152 0.1758 -0.9843
vn 0.0328 0.1490 -0.9883
vn -0.0860 0.1107 -0.9901
vn -0.0685 0.0837 -0.9941
vn -0.1865 0.0448 -0.9814
vn -0.1692 0.0177 -0.9854
vn -0.2848 -0.0211 -0.9584
vn -0.2676 -0.0482 -0.9623
vn -0.3794 -0.0858 -0.9213
vn -0.3624 -0.1131 -0.9252
vn -0.4690 -0.1485 -0.8706
vn -0.4521 -0.1759 -0.8745
vn -0.5522 -0.2082 -0.8073
vn -0.5355 -0.2357 -0.8110
vn -0.6280 -0.2642 -0.7320
vn -0.6114 -0.2917 -0.7356
vn -0.6951 -0.3155 -0.6460
vn -0.6785 -0.3431 -0.6495
vn -0.7525 -0.3613 -0.5506
vn -0.7361 -0.3891 -0.5539
vn -0.7995 -0.4012 -0.4470
vn -0.7832 -0.4290 -0.4502
vn -0.8354 -0.4344 -0.3369
vn -0.8191 -0.4622 -0.3398
vn -0.8595 -0.4605 -0.2217
vn -0.8433 -0.4883 -0.2245
vn -0.8717 -0.4791 -0.1033
vn -0.8554 -0.5070 -0.1059
vn -0.8716 -0.4899 0.0167
vn -0.8554 -0.5178 0.0143
vn -0.8594 -0.4928 0.1366
vn -0.8431 -0.5207 0.1344
vn -0.8351 -0.4877 0.2545
vn -0.8188 -0.5156 0.2525
vn -0.7992 -0.4747 0.3688
vn -0.7828 -0.5026 0.3669
vn -0.7521 -0.4540 0.4778
vn -0.7357 -0.4818 0.4761
vn -0.6945 -0.4259 0.5799
vn -0.6780 -0.4537 0.5783
vn -0.6274 -0.3908 0.6736
vn -0.6108 -0.4185 0.6722
vn -0.5516 -0.3492 0.7575
vn -0.5348 -0.3769 0.7562
vn -0.4683 -0.3017 0.8305
vn -0.4514 -0.3293 0.8293
vn -0.3786 -0.2491 0.8914
vn -0.3616 -0.2766 0.8904
vn -0.2839 -0.1920 0.9394
vn -0.2668 -0.2195 0.9384
vn -0.1857 -0.1314 0.9738
vn -0.1683 -0.1587 0.9729
vn -0.0852 -0.0680 0.9940
vn -0.0677 -0.0952 0.9931
vn 0.0161 -0.0029 0.9999
vn 0.0337 -0.0300 0.9990
vn 0.1165 0.0631 0.9912
vn 0.1343 0.0360 0.9903
vn 0.2148 0.1289 0.9681
vn 0.2327 0.1020 0.9672
vn 0.3094 0.1936 0.9310
vn 0.3275 0.1668 0.9300
vn 0.3990 0.2563 0.8804
vn 0.4173 0.2296 0.8793
vn 0.4823 0.3161 0.8170
vn 0.5007 0.2894 0.8158
vn 0.5580 0.3720 0.7418
vn 0.5765 0.3455 0.7405
vn 0.6251 0.4233 0.6558
vn 0.6437 0.3968 0.6544
vn 0.6826 0.4692 0.5603
vn 0.7012 0.4428 0.5587
vn 0.7296 0.5090 0.4568
vn 0.7483 0.4827 0.4550
vn 0.7654 0.5422 0.3466
vn 0.7842 0.5159 0.3447
vn 0.7896 0.5683 0.2315
vn 0.8084 0.5421 0.2294
vn 0.8017 0.5869 0.1130
vn 0.8206 0.5607 0.1107
vn 0.7486 0.6519 -0.1210
vn 0.7607 0.6491 -0.0020
vn 0.7244 0.6469 -0.2382
vn 0.6887 0.6340 -0.3518
vn 0.6420 0.6134 -0.4600
vn 0.5848 0.5855 -0.5615
vn 0.5181 0.5506 -0.6546
vn 0.4427 0.5093 -0.7380
vn 0.3599 0.4621 -0.8105
vn 0.2709 0.4098 -0.8710
vn 0.1768 0.3531 -0.9187
vn 0.0792 0.2928 -0.9529
vn -0.0207 0.2299 -0.9730
vn -0.1213 0.1652 -0.9788
vn -0.2211 0.0996 -0.9702
vn -0.3187 0.0342 -0.9472
vn -0.4127 -0.0301 -0.9104
vn -0.5018 -0.0924 -0.8601
vn -0.5845 -0.1517 -0.7971
vn -0.6597 -0.2073 -0.7223
vn -0.7264 -0.2582 -0.6369
vn -0.7835 -0.3038 -0.5421
vn -0.8302 -0.3434 -0.4392
vn -0.8658 -0.3764 -0.3297
vn -0.8898 -0.4023 -0.2153
vn -0.9019 -0.4208 -0.0976
vn -0.9018 -0.4315 0.0216
vn -0.8897 -0.4344 0.1407
vn -0.8655 -0.4293 0.2579
vn -0.8298 -0.4164 0.3714
vn -0.7831 -0.3959 0.4797
vn -0.7259 -0.3680 0.5811
vn -0.6592 -0.3331 0.6742
vn -0.5838 -0.2918 0.7576
vn -0.5010 -0.2446 0.8301
vn -0.4120 -0.1923 0.8907
vn -0.3179 -0.1356 0.9384
vn -0.2203 -0.0753 0.9725
vn -0.1204 -0.0124 0.9926
vn -0.0198 0.0523 0.9984
vn 0.0800 0.1179 0.9898
vn 0.1776 0.1833 0.9669
vn 0.2716 0.2476 0.9300
vn 0.3607 0.3099 0.8797
vn 0.4434 0.3692 0.8167
vn 0.5186 0.4248 0.7420
vn 0.5853 0.4758 0.6566
vn 0.6424 0.5214 0.5617
vn 0.6891 0.5609 0.4588
vn 0.7247 0.5939 0.3494
vn 0.7487 0.6199 0.2350
vn 0.7608 0.6383 0.1173
vn 0.7025 0.7024 -0.1144
vn 0.7145 0.6996 0.0033
vn 0.6786 0.6974 -0.2303
vn 0.6433 0.6847 -0.3425
vn 0.5971 0.6644 -0.4496
vn 0.5406 0.6367 -0.5499
vn 0.4746 0.6023 -0.6419
vn 0.4001 0.5614 -0.7244
vn 0.3183 0.5148 -0.7960
vn 0.2302 0.4631 -0.8559
vn 0.1372 0.4070 -0.9030
vn 0.0407 0.3474 -0.9368
vn -0.0580 0.2852 -0.9567
vn -0.1574 0.2212 -0.9624
vn -0.2561 0.1564 -0.9539
vn -0.3527 0.0918 -0.9312
vn -0.4456 0.0282 -0.8948
vn -0.5336 -0.0334 -0.8451
vn -0.6154 -0.0921 -0.7828
vn -0.6898 -0.1470 -0.7089
vn -0.7557 -0.1974 -0.6244
vn -0.8122 -0.2425 -0.5307
vn -0.8583 -0.2816 -0.4289
vn -0.8935 -0.3142 -0.3207
vn -0.9173 -0.3398 -0.2076
vn -0.9292 -0.3581 -0.0913
vn -0.9292 -0.3687 0.0266
vn -0.9171 -0.3715 0.1443
vn -0.8933 -0.3665 0.2602
vn -0.8580 -0.3538 0.3724
vn -0.8117 -0.3335 0.4795
vn -0.7552 -0.3058 0.5798
vn -0.6892 -0.2714 0.6718
vn -0.6148 -0.2305 0.7543
vn -0.5329 -0.1839 0.8259
vn -0.4449 -0.1322 0.8858
vn -0.3519 -0.0761 0.9329
vn -0.2553 -0.0165 0.9667
vn -0.1566 0.0457 0.9866
vn -0.0572 0.1097 0.9923
vn 0.0415 0.1745 0.9838
vn 0.1380 0.2391 0.9611
vn 0.2310 0.3027 0.9247
vn 0.3190 0.3643 0.8750
vn 0.4008 0.4230 0.8127
vn 0.4752 0.4779 0.7388
vn 0.5411 0.5283 0.6543
vn 0.5975 0.5734 0.5606
vn 0.6437 0.6125 0.4588
vn 0.6789 0.6451 0.3506
vn 0.7026 0.6707 0.2375
vn 0.7146 0.6890 0.1212
vn 0.6497 0.7526 -0.1068
vn 0.6616 0.7498 0.0089
vn 0.6263 0.7477 -0.2206
vn 0.5916 0.7352 -0.3309
vn 0.5462 0.7152 -0.4361
vn 0.4906 0.6881 -0.5346
vn 0.4258 0.6542 -0.6251
vn 0.3527 0.6141 -0.7061
vn 0.2722 0.5683 -0.7765
vn 0.1857 0.5174 -0.8353
vn 0.0943 0.4624 -0.8817
vn -0.0005 0.4038 -0.9148
vn -0.0975 0.3427 -0.9344
vn -0.1952 0.2798 -0.9400
vn -0.2922 0.2161 -0.9316
vn -0.3870 0.1526 -0.9094
vn -0.4783 0.0901 -0.8735
vn -0.5648 0.0296 -0.8247
vn -0.6452 -0.0280 -0.7635
vn -0.7183 -0.0820 -0.6909
vn -0.7830 -0.1315 -0.6079
vn -0.8385 -0.1758 -0.5158
vn -0.8839 -0.2143 -0.4158
vn -0.9184 -0.2463 -0.3095
vn -0.9418 -0.2715 -0.1984
vn -0.9535 -0.2894 -0.0841
vn -0.9535 -0.2999 0.0318
vn -0.9416 -0.3026 0.1475
vn -0.9182 -0.2977 0.2613
vn -0.8835 -0.2852 0.3716
vn -0.8381 -0.2652 0.4768
vn -0.7825 -0.2381 0.5753
vn -0.7177 -0.2042 0.6657
vn -0.6446 -0.1641 0.7467
vn -0.5641 -0.1183 0.8172
vn -0.4776 -0.0675 0.8760
vn -0.3862 -0.0124 0.9223
vn -0.2914 0.0462 0.9555
vn -0.1944 0.1073 0.9750
vn -0.0967 0.1702 0.9807
vn 0.0003 0.2338 0.9723
vn 0.0951 0.2974 0.9500
vn 0.1865 0.3599 0.9142
vn 0.2729 0.4204 0.8653
vn 0.3533 0.4780 0.8042
vn 0.4264 0.5320 0.7315
vn 0.4911 0.5815 0.6486
vn 0.5466 0.6258 0.5564
vn 0.5920 0.6642 0.4565
vn 0.6266 0.6963 0.3502
vn 0.6499 0.7215 0.2390
vn 0.6616 0.7394 0.1247
vn 0.5884 0.8026 -0.0978
vn 0.5999 0.7999 0.0149
vn 0.5655 0.7979 -0.2088
vn 0.5317 0.7856 -0.3163
vn 0.4875 0.7662 -0.4188
vn 0.4333 0.7397 -0.5148
vn 0.3702 0.7067 -0.6029
vn 0.2989 0.6676 -0.6819
vn 0.2205 0.6230 -0.7505
vn 0.1361 0.5734 -0.8079
vn 0.0471 0.5198 -0.8530
vn -0.0454 0.4627 -0.8854
vn -0.1399 0.4031 -0.9044
vn -0.2351 0.3418 -0.9099
vn -0.3296 0.2798 -0.9017
vn -0.4220 0.2179 -0.8800
vn -0.5110 0.1570 -0.8451
vn -0.5953 0.0980 -0.7975
vn -0.6737 0.0418 -0.7379
vn -0.7449 -0.0108 -0.6671
vn -0.8080 -0.0590 -0.5862
vn -0.8620 -0.1022 -0.4964
vn -0.9062 -0.1397 -0.3990
vn -0.9400 -0.1709 -0.2954
vn -0.9627 -0.1954 -0.1871
vn -0.9741 -0.2129 -0.0757
vn -0.9741 -0.2231 0.0372
vn -0.9626 -0.2258 0.1500
vn -0.9397 -0.2210 0.2609
vn -0.9059 -0.2088 0.3684
vn -0.8616 -0.1893 0.4709
vn -0.8075 -0.1629 0.5669
vn -0.7443 -0.1299 0.6551
vn -0.6730 -0.0908 0.7340
vn -0.5946 -0.0461 0.8027
vn -0.5103 0.0034 0.8600
vn -0.4213 0.0571 0.9051
vn -0.3288 0.1141 0.9375
vn -0.2343 0.1737 0.9565
vn -0.1391 0.2350 0.9620
vn -0.0446 0.2970 0.9538
vn 0.0479 0.3590 0.9321
vn 0.1369 0.4199 0.8972
vn 0.2211 0.4788 0.8496
vn 0.2995 0.5350 0.7900
vn 0.3707 0.5876 0.7192
vn 0.4338 0.6359 0.6383
vn 0.4879 0.6790 0.5485
vn 0.5321 0.7165 0.4511
vn 0.5658 0.7477 0.3475
vn 0.5885 0.7723 0.2392
vn 0.6000 0.7898 0.1278
vn 0.5158 0.8523 -0.0872
vn 0.5269 0.8496 0.0215
vn 0.4938 0.8476 -0.1940
vn 0.4612 0.8359 -0.2976
vn 0.4186 0.8171 -0.3964
vn 0.3664 0.7916 -0.4889
vn 0.3055 0.7598 -0.5739
vn 0.2368 0.7221 -0.6500
vn 0.1613 0.6791 -0.7161
vn 0.0800 0.6314 -0.7713
vn -0.0058 0.5797 -0.8148
vn -0.0948 0.5247 -0.8460
vn -0.1859 0.4673 -0.8643
vn -0.2777 0.4082 -0.8696
vn -0.3687 0.3484 -0.8618
vn -0.4578 0.2888 -0.8408
vn -0.5436 0.2301 -0.8072
vn -0.6248 0.1733 -0.7613
vn -0.7003 0.1191 -0.7039
vn -0.7689 0.0684 -0.6357
vn -0.8297 0.0220 -0.5578
vn -0.8818 -0.0196 -0.4712
vn -0.9244 -0.0558 -0.3774
vn -0.9569 -0.0859 -0.2775
vn -0.9788 -0.1095 -0.1732
vn -0.9898 -0.1263 -0.0658
vn -0.9898 -0.1361 0.0430
vn -0.9787 -0.1388 0.1516
vn -0.9567 -0.1341 0.2585
vn -0.9241 -0.1224 0.3621
vn -0.8814 -0.1036 0.4609
vn -0.8292 -0.0781 0.5534
vn -0.7684 -0.0463 0.6383
vn -0.6997 -0.0086 0.7144
vn -0.6241 0.0344 0.7806
vn -0.5429 0.0821 0.8358
vn -0.4571 0.1338 0.8793
vn -0.3680 0.1888 0.9105
vn -0.2769 0.2462 0.9288
vn -0.1852 0.3053 0.9341
vn -0.0941 0.3651 0.9262
vn -0.0050 0.4247 0.9053
vn 0.0807 0.4834 0.8717
vn 0.1620 0.5402 0.8258
vn 0.2374 0.5944 0.7683
vn 0.3061 0.6451 0.7001
vn 0.3669 0.6915 0.6222
vn 0.4190 0.7331 0.5357
vn 0.4616 0.7693 0.4418
vn 0.4940 0.7994 0.3420
vn 0.5160 0.8230 0.2376
vn 0.5270 0.8398 0.1303
vn 0.4287 0.9004 -0.0742
vn 0.4392 0.8979 0.0287
vn 0.4078 0.8960 -0.1755
vn 0.3770 0.8849 -0.2737
vn 0.3365 0.8671 -0.3673
vn 0.2871 0.8430 -0.4550
vn 0.2294 0.8128 -0.5355
vn 0.1643 0.7771 -0.6076
vn 0.0927 0.7363 -0.6703
vn 0.0157 0.6911 -0.7226
vn -0.0656 0.6421 -0.7638
vn -0.1500 0.5900 -0.7934
vn -0.2364 0.5356 -0.8108
vn -0.3233 0.4796 -0.8158
vn -0.4096 0.4229 -0.8083
vn -0.4940 0.3664 -0.7885
vn -0.5753 0.3108 -0.7566
vn -0.6523 0.2569 -0.7131
vn -0.7238 0.2056 -0.6587
vn -0.7888 0.1576 -0.5941
vn -0.8465 0.1135 -0.5202
vn -0.8958 0.0741 -0.4382
vn -0.9362 0.0399 -0.3492
vn -0.9670 0.0114 -0.2546
vn -0.9877 -0.0110 -0.1557
vn -0.9982 -0.0270 -0.0540
vn -0.9981 -0.0363 0.0491
vn -0.9876 -0.0388 0.1521
vn -0.9668 -0.0344 0.2534
vn -0.9359 -0.0232 0.3515
vn -0.8954 -0.0055 0.4451
vn -0.8460 0.0187 0.5328
vn -0.7883 0.0488 0.6133
vn -0.7232 0.0846 0.6854
vn -0.6516 0.1253 0.7481
vn -0.5746 0.1706 0.8004
vn -0.4933 0.2196 0.8417
vn -0.4089 0.2717 0.8712
vn -0.3226 0.3261 0.8886
vn -0.2356 0.3820 0.8936
vn -0.1493 0.4387 0.8861
vn -0.0649 0.4952 0.8663
vn 0.0164 0.5508 0.8344
vn 0.0933 0.6047 0.7910
vn 0.1649 0.6560 0.7365
vn 0.2299 0.7041 0.6719
vn 0.2875 0.7481 0.5980
vn 0.3369 0.7875 0.5160
vn 0.3773 0.8218 0.4271
vn 0.4080 0.8503 0.3325
vn 0.4288 0.8727 0.2336
vn 0.4392 0.8886 0.1318
vn 0.3228 0.9447 -0.0584
vn 0.3325 0.9424 0.0367
vn 0.3035 0.9406 -0.1519
vn 0.2750 0.9303 -0.2426
vn 0.2377 0.9139 -0.3291
vn 0.1920 0.8916 -0.4101
vn 0.1387 0.8637 -0.4845
vn 0.0786 0.8307 -0.5511
vn 0.0124 0.7931 -0.6090
vn -0.0587 0.7513 -0.6573
vn -0.1338 0.7060 -0.6954
vn -0.2118 0.6579 -0.7227
vn -0.2916 0.6076 -0.7388
vn -0.3719 0.5559 -0.7434
vn -0.4516 0.5036 -0.7365
vn -0.5296 0.4514 -0.7182
vn -0.6047 0.4000 -0.6888
vn -0.6758 0.3502 -0.6486
vn -0.7419 0.3028 -0.5983
vn -0.8020 0.2585 -0.5386
vn -0.8552 0.2178 -0.4704
vn -0.9008 0.1813 -0.3946
vn -0.9381 0.1497 -0.3124
vn -0.9665 0.1234 -0.2250
vn -0.9857 0.1027 -0.1337
vn -0.9953 0.0879 -0.0397
vn -0.9953 0.0794 0.0556
vn -0.9856 0.0771 0.1507
vn -0.9663 0.0811 0.2443
vn -0.9378 0.0914 0.3349
vn -0.9004 0.1078 0.4214
vn -0.8548 0.1301 0.5024
vn -0.8015 0.1580 0.5768
vn -0.7413 0.1910 0.6434
vn -0.6752 0.2286 0.7013
vn -0.6041 0.2704 0.7497
vn -0.5289 0.3157 0.7877
vn -0.4510 0.3638 0.8150
vn -0.3712 0.4141 0.8311
vn -0.2909 0.4658 0.8357
vn -0.2112 0.5181 0.8288
vn -0.1332 0.5704 0.8105
vn -0.0581 0.6217 0.7811
vn 0.0130 0.6715 0.7409
vn 0.0791 0.7189 0.6906
vn 0.1392 0.7633 0.6309
vn 0.1924 0.8040 0.5627
vn 0.2380 0.8404 0.4869
vn 0.2753 0.8720 0.4047
vn 0.3037 0.8984 0.3173
vn 0.3229 0.9191 0.2260
vn 0.3326 0.9338 0.1320
vn 0.1937 0.9803 -0.0389
vn 0.2023 0.9783 0.0455
vn 0.1766 0.9767 -0.1218
vn 0.1513 0.9676 -0.2022
vn 0.1182 0.9530 -0.2789
vn 0.0777 0.9332 -0.3507
vn 0.0304 0.9085 -0.4167
vn -0.0229 0.8793 -0.4757
vn -0.0815 0.8459 -0.5271
vn -0.1446 0.8089 -0.5699
vn -0.2112 0.7687 -0.6037
vn -0.2804 0.7260 -0.6279
vn -0.3511 0.6815 -0.6422
vn -0.4223 0.6356 -0.6463
vn -0.4930 0.5892 -0.6401
vn -0.5621 0.5429 -0.6239
vn -0.6287 0.4974 -0.5978
vn -0.6918 0.4532 -0.5622
vn -0.7503 0.4112 -0.5176
vn -0.8036 0.3719 -0.4647
vn -0.8508 0.3358 -0.4042
vn -0.8913 0.3035 -0.3370
vn -0.9243 0.2755 -0.2641
vn -0.9495 0.2521 -0.1866
vn -0.9665 0.2337 -0.1056
vn -0.9751 0.2207 -0.0223
vn -0.9751 0.2131 0.0622
vn -0.9664 0.2110 0.1465
vn -0.9494 0.2146 0.2295
vn -0.9241 0.2238 0.3099
vn -0.8909 0.2383 0.3865
vn -0.8505 0.2581 0.4584
vn -0.8032 0.2828 0.5243
vn -0.7499 0.3120 0.5834
vn -0.6912 0.3454 0.6347
vn -0.6282 0.3825 0.6776
vn -0.5616 0.4226 0.7114
vn -0.4924 0.4653 0.7355
vn -0.4217 0.5099 0.7498
vn -0.3505 0.5557 0.7539
vn -0.2798 0.6021 0.7478
vn -0.2107 0.6484 0.7315
vn -0.1441 0.6940 0.7054
vn -0.0810 0.7381 0.6698
vn -0.0224 0.7801 0.6252
vn 0.0308 0.8195 0.5723
vn 0.0780 0.8556 0.5118
vn 0.1185 0.8878 0.4446
vn 0.1515 0.9159 0.3718
vn 0.1767 0.9392 0.2943
vn 0.1938 0.9576 0.2132
vn 0.2023 0.9707 0.1299
vn 0.0378 0.9992 -0.0151
vn 0.0449 0.9975 0.0546
vn 0.0236 0.9962 -0.0837
vn 0.0027 0.9887 -0.1502
vn -0.0247 0.9766 -0.2136
vn -0.0581 0.9603 -0.2730
vn -0.0972 0.9398 -0.3275
vn -0.1413 0.9157 -0.3763
vn -0.1898 0.8880 -0.4188
vn -0.2419 0.8574 -0.4542
vn -0.2970 0.8242 -0.4821
vn -0.3542 0.7889 -0.5021
vn -0.4126 0.7521 -0.5139
vn -0.4715 0.7142 -0.5173
vn -0.5300 0.6758 -0.5123
vn -0.5871 0.6375 -0.4988
vn -0.6422 0.5999 -0.4772
vn -0.6943 0.5634 -0.4478
vn -0.7428 0.5286 -0.4109
vn -0.7868 0.4961 -0.3671
vn -0.8259 0.4663 -0.3171
vn -0.8593 0.4396 -0.2616
vn -0.8866 0.4164 -0.2014
vn -0.9075 0.3971 -0.1373
vn -0.9215 0.3819 -0.0703
vn -0.9286 0.3711 -0.0014
vn -0.9286 0.3648 0.0685
vn -0.9214 0.3631 0.1382
vn -0.9073 0.3661 0.2068
vn -0.8864 0.3736 0.2733
vn -0.8590 0.3857 0.3367
vn -0.8255 0.4020 0.3960
vn -0.7865 0.4224 0.4505
vn -0.7424 0.4466 0.4994
vn -0.6939 0.4742 0.5418
vn -0.6417 0.5049 0.5773
vn -0.5867 0.5381 0.6052
vn -0.5295 0.5734 0.6252
vn -0.4710 0.6102 0.6370
vn -0.4122 0.6481 0.6404
vn -0.3537 0.6865 0.6353
vn -0.2965 0.7248 0.6219
vn -0.2415 0.7624 0.6003
vn -0.1894 0.7989 0.5709
vn -0.1409 0.8337 0.5340
vn -0.0969 0.8662 0.4902
vn -0.0578 0.8960 0.4402
vn -0.0244 0.9227 0.3847
vn 0.0029 0.9459 0.3244
vn 0.0238 0.9652 0.2603
vn 0.0378 0.9804 0.1934
vn 0.0449 0.9912 0.1245
vn -0.1442 0.9895 0.0129
vn -0.1390 0.9883 0.0635
vn -0.1544 0.9873 -0.0368
vn -0.1696 0.9818 -0.0851
vn -0.1895 0.9731 -0.1311
vn -0.2137 0.9612 -0.1742
vn -0.2421 0.9464 -0.2137
vn -0.2741 0.9289 -0.2491
vn -0.3093 0.9088 -0.2799
vn -0.3471 0.8866 -0.3057
vn -0.3871 0.8625 -0.3259
vn -0.4286 0.8369 -0.3404
vn -0.4710 0.8102 -0.3490
vn -0.5137 0.7827 -0.3515
vn -0.5561 0.7548 -0.3478
vn -0.5976 0.7271 -0.3380
vn -0.6375 0.6997 -0.3224
vn -0.6754 0.6733 -0.3010
vn -0.7105 0.6480 -0.2743
vn -0.7425 0.6244 -0.2425
vn -0.7708 0.6028 -0.2062
vn -0.7950 0.5834 -0.1659
vn -0.8149 0.5666 -0.1222
vn -0.8300 0.5526 -0.0757
vn -0.8402 0.5416 -0.0271
vn -0.8453 0.5337 0.0229
vn -0.8453 0.5292 0.0736
vn -0.8402 0.5280 0.1241
vn -0.8299 0.5301 0.1739
vn -0.8147 0.5356 0.2222
vn -0.7949 0.5443 0.2682
vn -0.7706 0.5562 0.3113
vn -0.7422 0.5710 0.3508
vn -0.7102 0.5886 0.3862
vn -0.6750 0.6086 0.4170
vn -0.6372 0.6308 0.4428
vn -0.5973 0.6549 0.4630
vn -0.5558 0.6805 0.4775
vn -0.5133 0.7073 0.4861
vn -0.4706 0.7347 0.4885
vn -0.4282 0.7626 0.4849
vn -0.3867 0.7904 0.4751
vn -0.3468 0.8177 0.4595
vn -0.3090 0.8442 0.4381
vn -0.2738 0.8694 0.4114
vn -0.2418 0.8930 0.3796
vn -0.2135 0.9146 0.3433
vn -0.1893 0.9340 0.3030
vn -0.1694 0.9508 0.2593
vn -0.1543 0.9648 0.2128
vn -0.1441 0.9758 0.1642
vn -0.1390 0.9837 0.1142
vn -0.3429 0.9383 0.0440
vn -0.3402 0.9377 0.0710
vn -0.3484 0.9372 0.0174
vn -0.3565 0.9343 -0.0084
vn -0.3671 0.9296 -0.0330
vn -0.3801 0.9233 -0.0560
vn -0.3952 0.9153 -0.0771
vn -0.4123 0.9060 -0.0960
vn -0.4311 0.8953 -0.1125
vn -0.4513 0.8834 -0.1262
vn -0.4726 0.8705 -0.1370
vn -0.4948 0.8569 -0.1448
vn -0.5174 0.8426 -0.1493
vn -0.5402 0.8279 -0.1506
vn -0.5629 0.8130 -0.1487
vn -0.5851 0.7982 -0.1435
vn -0.6064 0.7836 -0.1351
vn -0.6266 0.7695 -0.1237
vn -0.6453 0.7560 -0.1094
vn -0.6624 0.7434 -0.0925
vn -0.6775 0.7318 -0.0731
vn -0.6905 0.7215 -0.0516
vn -0.7011 0.7125 -0.0282
vn -0.7092 0.7050 -0.0034
vn -0.7146 0.6992 0.0225
vn -0.7173 0.6950 0.0493
vn -0.7173 0.6925 0.0763
vn -0.7146 0.6919 0.1033
vn -0.7091 0.6930 0.1299
vn -0.7010 0.6960 0.1557
vn -0.6904 0.7006 0.1803
vn -0.6774 0.7070 0.2033
vn -0.6623 0.7149 0.2244
vn -0.6452 0.7242 0.2433
vn -0.6264 0.7350 0.2597
vn -0.6062 0.7468 0.2735
vn -0.5849 0.7597 0.2843
vn -0.5627 0.7733 0.2920
vn -0.5401 0.7876 0.2966
vn -0.5172 0.8023 0.2979
vn -0.4946 0.8172 0.2960
vn -0.4724 0.8320 0.2908
vn -0.4511 0.8466 0.2824
vn -0.4309 0.8607 0.2710
vn -0.4122 0.8742 0.2567
vn -0.3951 0.8868 0.2397
vn -0.3799 0.8984 0.2204
vn -0.3670 0.9087 0.1989
vn -0.3564 0.9177 0.1755
vn -0.3483 0.9252 0.1507
vn -0.3429 0.9311 0.1247
vn -0.3401 0.9353 0.0980
vn -0.5427 0.8366 0.0756
vn 0.7549 0.6444 -0.1219
vn 0.7671 0.6416 -0.0027
vn 0.8041 0.5944 -0.0073
vn 0.7919 0.5973 -0.1272
vn 0.7307 0.6394 -0.2393
vn 0.7676 0.5922 -0.2451
vn 0.6950 0.6265 -0.3530
vn 0.7316 0.5792 -0.3595
vn 0.6481 0.6059 -0.4614
vn 0.6845 0.5585 -0.4685
vn 0.5909 0.5779 -0.5629
vn 0.6270 0.5304 -0.5706
vn 0.5241 0.5430 -0.6561
vn 0.5598 0.4953 -0.6643
vn 0.4487 0.5016 -0.7396
vn 0.4840 0.4537 -0.7483
vn 0.3658 0.4544 -0.8122
vn 0.4006 0.4063 -0.8213
vn 0.2766 0.4020 -0.8729
vn 0.3109 0.3536 -0.8822
vn 0.1824 0.3453 -0.9206
vn 0.2163 0.2965 -0.9302
vn 0.0846 0.2849 -0.9548
vn 0.1180 0.2358 -0.9646
vn -0.0153 0.2219 -0.9749
vn 0.0174 0.1725 -0.9849
vn -0.1160 0.1571 -0.9807
vn -0.0838 0.1073 -0.9907
vn -0.2160 0.0915 -0.9721
vn -0.1843 0.0413 -0.9820
vn -0.3137 0.0260 -0.9492
vn -0.2826 -0.0245 -0.9589
vn -0.4079 -0.0384 -0.9122
vn -0.3773 -0.0893 -0.9218
vn -0.4970 -0.1008 -0.8619
vn -0.4669 -0.1520 -0.8712
vn -0.5798 -0.1602 -0.7988
vn -0.5502 -0.2117 -0.8078
vn -0.6552 -0.2158 -0.7240
vn -0.6259 -0.2677 -0.7325
vn -0.7219 -0.2669 -0.6385
vn -0.6930 -0.3190 -0.6465
vn -0.7791 -0.3125 -0.5435
vn -0.7505 -0.3649 -0.5510
vn -0.8258 -0.3521 -0.4405
vn -0.7975 -0.4047 -0.4474
vn -0.8615 -0.3852 -0.3309
vn -0.8334 -0.4379 -0.3373
vn -0.8855 -0.4111 -0.2163
vn -0.8575 -0.4640 -0.2221
vn -0.8976 -0.4296 -0.0985
vn -0.8697 -0.4826 -0.1036
vn -0.8976 -0.4404 0.0209
vn -0.8696 -0.4934 0.0164
vn -0.8854 -0.4432 0.1401
vn -0.8574 -0.4963 0.1363
vn -0.8612 -0.4382 0.2574
vn -0.8331 -0.4912 0.2543
vn -0.8255 -0.4252 0.3711
vn -0.7972 -0.4782 0.3686
vn -0.7786 -0.4047 0.4795
vn -0.7501 -0.4575 0.4776
vn -0.7214 -0.3767 0.5811
vn -0.6925 -0.4294 0.5797
vn -0.6546 -0.3418 0.6743
vn -0.6253 -0.3943 0.6734
vn -0.5792 -0.3004 0.7578
vn -0.5495 -0.3527 0.7574
vn -0.4963 -0.2532 0.8304
vn -0.4662 -0.3052 0.8304
vn -0.4071 -0.2008 0.8910
vn -0.3765 -0.2526 0.8913
vn -0.3129 -0.1441 0.9388
vn -0.2818 -0.1955 0.9393
vn -0.2152 -0.0837 0.9730
vn -0.1835 -0.1348 0.9737
vn -0.1152 -0.0207 0.9931
vn -0.0830 -0.0714 0.9940
vn -0.0145 0.0441 0.9989
vn 0.0183 -0.0063 0.9998
vn 0.0855 0.1097 0.9903
vn 0.1188 0.0597 0.9911
vn 0.1832 0.1752 0.9673
vn 0.2171 0.1255 0.9681
vn 0.2774 0.2396 0.9304
vn 0.3117 0.1903 0.9309
vn 0.3665 0.3020 0.8801
vn 0.4013 0.2530 0.8803
vn 0.4493 0.3614 0.8170
vn 0.4846 0.3127 0.8169
vn 0.5247 0.4170 0.7422
vn 0.5604 0.3687 0.7416
vn 0.5914 0.4681 0.6566
vn 0.6275 0.4200 0.6556
vn 0.6486 0.5137 0.5617
vn 0.6850 0.4659 0.5602
vn 0.6953 0.5534 0.4586
vn 0.7320 0.5057 0.4566
vn 0.7310 0.5864 0.3490
vn 0.7678 0.5390 0.3464
vn 0.7550 0.6123 0.2345
vn 0.7920 0.5650 0.2312
vn 0.7671 0.6308 0.1167
vn 0.8042 0.5836 0.1127
vn 0.6727 0.7317 -0.1101
vn 0.6846 0.7289 0.0065
vn 0.6490 0.7268 -0.2249
vn 0.6141 0.7141 -0.3361
vn 0.5682 0.6940 -0.4421
vn 0.5122 0.6666 -0.5415
vn 0.4469 0.6325 -0.6327
vn 0.3731 0.5920 -0.7143
vn 0.2920 0.5458 -0.7854
vn 0.2048 0.4946 -0.8446
vn 0.1127 0.4391 -0.8914
vn 0.0170 0.3800 -0.9248
vn -0.0807 0.3184 -0.9445
vn -0.1792 0.2550 -0.9502
vn -0.2770 0.1908 -0.9417
vn -0.3726 0.1268 -0.9193
vn -0.4647 0.0638 -0.8832
vn -0.5519 0.0028 -0.8339
vn -0.6329 -0.0554 -0.7722
vn -0.7066 -0.1098 -0.6990
vn -0.7719 -0.1597 -0.6154
vn -0.8278 -0.2043 -0.5225
vn -0.8735 -0.2431 -0.4217
vn -0.9084 -0.2754 -0.3145
vn -0.9319 -0.3008 -0.2024
vn -0.9438 -0.3189 -0.0872
vn -0.9437 -0.3294 0.0296
vn -0.9318 -0.3322 0.1462
vn -0.9082 -0.3273 0.2610
vn -0.8732 -0.3146 0.3722
vn -0.8274 -0.2945 0.4782
vn -0.7714 -0.2671 0.5776
vn -0.7060 -0.2330 0.6687
vn -0.6323 -0.1925 0.7504
vn -0.5512 -0.1463 0.8214
vn -0.4640 -0.0951 0.8807
vn -0.3718 -0.0396 0.9275
vn -0.2762 0.0195 0.9609
vn -0.1784 0.0811 0.9806
vn -0.0799 0.1445 0.9863
vn 0.0179 0.2087 0.9778
vn 0.1135 0.2727 0.9554
vn 0.2056 0.3357 0.9193
vn 0.2928 0.3967 0.8700
vn 0.3738 0.4549 0.8083
vn 0.4475 0.5093 0.7351
vn 0.5128 0.5592 0.6515
vn 0.5687 0.6038 0.5586
vn 0.6144 0.6426 0.4578
vn 0.6493 0.6749 0.3506
vn 0.6728 0.7003 0.2385
vn 0.6846 0.7184 0.1233
vn 0.5807 0.8084 -0.0967
vn 0.5922 0.8057 0.0156
vn 0.5579 0.8036 -0.2072
vn 0.5242 0.7914 -0.3144
vn 0.4801 0.7720 -0.4165
vn 0.4262 0.7457 -0.5122
vn 0.3632 0.7128 -0.6000
vn 0.2922 0.6738 -0.6787
vn 0.2141 0.6293 -0.7471
vn 0.1301 0.5800 -0.8042
vn 0.0413 0.5265 -0.8492
vn -0.0508 0.4697 -0.8814
vn -0.1450 0.4103 -0.9004
vn -0.2398 0.3492 -0.9058
vn -0.3340 0.2874 -0.8977
vn -0.4261 0.2257 -0.8761
vn -0.5148 0.1650 -0.8413
vn -0.5988 0.1063 -0.7938
vn -0.6768 0.0503 -0.7344
vn -0.7478 -0.0021 -0.6639
vn -0.8107 -0.0502 -0.5833
vn -0.8645 -0.0932 -0.4939
vn -0.9086 -0.1306 -0.3968
vn -0.9422 -0.1617 -0.2935
vn -0.9648 -0.1861 -0.1856
vn -0.9762 -0.2035 -0.0746
vn -0.9762 -0.2137 0.0379
vn -0.9647 -0.2164 0.1502
vn -0.9419 -0.2116 0.2607
vn -0.9083 -0.1994 0.3678
vn -0.8641 -0.1800 0.4700
vn -0.8102 -0.1537 0.5657
vn -0.7472 -0.1208 0.6535
vn -0.6762 -0.0818 0.7322
vn -0.5981 -0.0373 0.8005
vn -0.5141 0.0120 0.8577
vn -0.4254 0.0655 0.9027
vn -0.3332 0.1223 0.9349
vn -0.2390 0.1817 0.9539
vn -0.1442 0.2428 0.9593
vn -0.0500 0.3046 0.9512
vn 0.0421 0.3663 0.9295
vn 0.1308 0.4270 0.8948
vn 0.2148 0.4857 0.8473
vn 0.2928 0.5417 0.7879
vn 0.3638 0.5941 0.7174
vn 0.4267 0.6422 0.6368
vn 0.4805 0.6852 0.5473
vn 0.5246 0.7226 0.4503
vn 0.5582 0.7537 0.3470
vn 0.5808 0.7781 0.2391
vn 0.5922 0.7955 0.1281
vn 0.4802 0.8733 -0.0819
vn 0.4911 0.8707 0.0245
vn 0.4587 0.8688 -0.1866
vn 0.4268 0.8573 -0.2880
vn 0.3850 0.8389 -0.3848
vn 0.3339 0.8139 -0.4754
vn 0.2743 0.7828 -0.5586
vn 0.2070 0.7459 -0.6331
vn 0.1330 0.7037 -0.6979
vn 0.0534 0.6570 -0.7520
vn -0.0306 0.6063 -0.7946
vn -0.1179 0.5525 -0.8252
vn -0.2071 0.4962 -0.8431
vn -0.2970 0.4384 -0.8483
vn -0.3862 0.3798 -0.8406
vn -0.4734 0.3214 -0.8201
vn -0.5574 0.2639 -0.7872
vn -0.6370 0.2083 -0.7422
vn -0.7109 0.1552 -0.6859
vn -0.7781 0.1056 -0.6192
vn -0.8377 0.0600 -0.5428
vn -0.8887 0.0193 -0.4581
vn -0.9304 -0.0161 -0.3661
vn -0.9622 -0.0456 -0.2683
vn -0.9837 -0.0687 -0.1661
vn -0.9945 -0.0852 -0.0610
vn -0.9945 -0.0948 0.0456
vn -0.9836 -0.0974 0.1520
vn -0.9620 -0.0929 0.2567
vn -0.9301 -0.0813 0.3582
vn -0.8883 -0.0629 0.4549
vn -0.8372 -0.0380 0.5455
vn -0.7776 -0.0068 0.6287
vn -0.7103 0.0301 0.7032
vn -0.6363 0.0722 0.7680
vn -0.5567 0.1190 0.8221
vn -0.4727 0.1696 0.8647
vn -0.3854 0.2235 0.8953
vn -0.2962 0.2797 0.9132
vn -0.2064 0.3375 0.9184
vn -0.1172 0.3961 0.9107
vn -0.0299 0.4545 0.8902
vn 0.0541 0.5120 0.8573
vn 0.1336 0.5677 0.8123
vn 0.2076 0.6207 0.7561
vn 0.2748 0.6704 0.6893
vn 0.3344 0.7159 0.6129
vn 0.3854 0.7566 0.5282
vn 0.4271 0.7920 0.4362
vn 0.4589 0.8215 0.3384
vn 0.4804 0.8447 0.2362
vn 0.4912 0.8611 0.1311
vn 0.3728 0.9256 -0.0659
vn 0.3829 0.9232 0.0331
vn 0.3528 0.9214 -0.1632
vn 0.3231 0.9106 -0.2576
vn 0.2843 0.8936 -0.3475
vn 0.2368 0.8704 -0.4318
vn 0.1813 0.8414 -0.5091
vn 0.1188 0.8071 -0.5784
vn 0.0500 0.7679 -0.6386
vn -0.0240 0.7244 -0.6889
vn -0.1022 0.6773 -0.7286
vn -0.1833 0.6272 -0.7569
vn -0.2662 0.5750 -0.7737
vn -0.3498 0.5212 -0.7785
vn -0.4327 0.4667 -0.7713
vn -0.5138 0.4124 -0.7523
vn -0.5920 0.3590 -0.7216
vn -0.6659 0.3072 -0.6798
vn -0.7347 0.2579 -0.6275
vn -0.7972 0.2117 -0.5654
vn -0.8525 0.1694 -0.4944
vn -0.9000 0.1315 -0.4156
vn -0.9388 0.0986 -0.3302
vn -0.9683 0.0712 -0.2392
vn -0.9883 0.0497 -0.1442
vn -0.9983 0.0344 -0.0464
vn -0.9983 0.0254 0.0527
vn -0.9882 0.0231 0.1516
vn -0.9681 0.0273 0.2489
vn -0.9385 0.0380 0.3433
vn -0.8996 0.0551 0.4332
vn -0.8521 0.0783 0.5175
vn -0.7967 0.1072 0.5948
vn -0.7341 0.1416 0.6641
vn -0.6653 0.1807 0.7243
vn -0.5913 0.2242 0.7746
vn -0.5132 0.2713 0.8143
vn -0.4320 0.3214 0.8426
vn -0.3491 0.3737 0.8594
vn -0.2655 0.4274 0.8642
vn -0.1826 0.4819 0.8570
vn -0.1015 0.5362 0.8380
vn -0.0234 0.5896 0.8073
vn 0.0506 0.6414 0.7655
vn 0.1193 0.6907 0.7132
vn 0.1818 0.7369 0.6511
vn 0.2372 0.7792 0.5801
vn 0.2846 0.8171 0.5014
vn 0.3234 0.8500 0.4159
vn 0.3530 0.8774 0.3249
vn 0.3730 0.8989 0.2299
vn 0.3830 0.9143 0.1321
vn 0.2600 0.9644 -0.0489
vn 0.2692 0.9622 0.0411
vn 0.2418 0.9606 -0.1375
vn 0.2148 0.9508 -0.2233
vn 0.1794 0.9352 -0.3052
vn 0.1362 0.9141 -0.3818
vn 0.0857 0.8878 -0.4522
vn 0.0288 0.8565 -0.5153
vn -0.0338 0.8209 -0.5701
vn -0.1011 0.7814 -0.6158
vn -0.1722 0.7385 -0.6519
vn -0.2460 0.6929 -0.6777
vn -0.3215 0.6454 -0.6929
vn -0.3975 0.5964 -0.6973
vn -0.4730 0.5469 -0.6908
vn -0.5468 0.4974 -0.6734
vn -0.6179 0.4488 -0.6456
vn -0.6852 0.4017 -0.6076
vn -0.7477 0.3569 -0.5599
vn -0.8046 0.3149 -0.5034
vn -0.8550 0.2763 -0.4389
vn -0.8982 0.2419 -0.3672
vn -0.9335 0.2119 -0.2894
vn -0.9604 0.1870 -0.2066
vn -0.9785 0.1674 -0.1202
vn -0.9877 0.1535 -0.0312
vn -0.9876 0.1453 0.0589
vn -0.9784 0.1432 0.1490
vn -0.9602 0.1470 0.2375
vn -0.9332 0.1568 0.3234
vn -0.8978 0.1723 0.4052
vn -0.8546 0.1934 0.4819
vn -0.8042 0.2198 0.5523
vn -0.7472 0.2510 0.6153
vn -0.6847 0.2866 0.6701
vn -0.6173 0.3262 0.7159
vn -0.5462 0.3691 0.7520
vn -0.4724 0.4146 0.7778
vn -0.3969 0.4622 0.7930
vn -0.3209 0.5111 0.7974
vn -0.2454 0.5607 0.7908
vn -0.1716 0.6101 0.7735
vn -0.1005 0.6587 0.7456
vn -0.0332 0.7058 0.7076
vn 0.0293 0.7507 0.6600
vn 0.0862 0.7927 0.6035
vn 0.1366 0.8312 0.5389
vn 0.1797 0.8657 0.4672
vn 0.2150 0.8956 0.3894
vn 0.2419 0.9205 0.3067
vn 0.2601 0.9401 0.2202
vn 0.2692 0.9541 0.1313
vn 0.1433 0.9892 -0.0312
vn 0.1515 0.9873 0.0486
vn 0.1272 0.9858 -0.1097
vn 0.1032 0.9771 -0.1858
vn 0.0719 0.9634 -0.2584
vn 0.0336 0.9447 -0.3263
vn -0.0111 0.9213 -0.3887
vn -0.0616 0.8936 -0.4446
vn -0.1171 0.8620 -0.4932
vn -0.1768 0.8269 -0.5338
vn -0.2398 0.7889 -0.5657
vn -0.3052 0.7486 -0.5886
vn -0.3721 0.7064 -0.6021
vn -0.4395 0.6630 -0.6060
vn -0.5064 0.6191 -0.6002
vn -0.5719 0.5753 -0.5848
vn -0.6349 0.5322 -0.5601
vn -0.6945 0.4904 -0.5264
vn -0.7500 0.4507 -0.4842
vn -0.8004 0.4134 -0.4341
vn -0.8450 0.3793 -0.3769
vn -0.8833 0.3487 -0.3133
vn -0.9146 0.3222 -0.2444
vn -0.9385 0.3001 -0.1710
vn -0.9545 0.2827 -0.0944
vn -0.9626 0.2703 -0.0155
vn -0.9626 0.2631 0.0644
vn -0.9544 0.2612 0.1442
vn -0.9383 0.2646 0.2227
vn -0.9144 0.2733 0.2988
vn -0.8830 0.2870 0.3714
vn -0.8447 0.3058 0.4393
vn -0.8000 0.3291 0.5017
vn -0.7495 0.3568 0.5576
vn -0.6940 0.3884 0.6062
vn -0.6343 0.4235 0.6467
vn -0.5713 0.4615 0.6787
vn -0.5059 0.5018 0.7016
vn -0.4390 0.5440 0.7151
vn -0.3716 0.5874 0.7190
vn -0.3047 0.6313 0.7132
vn -0.2393 0.6751 0.6978
vn -0.1763 0.7182 0.6731
vn -0.1166 0.7600 0.6394
vn -0.0612 0.7998 0.5972
vn -0.0107 0.8370 0.5471
vn 0.0339 0.8711 0.4899
vn 0.0722 0.9017 0.4263
vn 0.1035 0.9282 0.3574
vn 0.1273 0.9503 0.2840
vn 0.1434 0.9677 0.2074
vn 0.1515 0.9801 0.1285
vn -0.0112 0.9999 -0.0076
vn -0.0045 0.9984 0.0572
vn -0.0243 0.9972 -0.0713
vn -0.0437 0.9901 -0.1331
vn -0.0692 0.9789 -0.1920
vn -0.1003 0.9637 -0.2472
vn -0.1366 0.9448 -0.2979
vn -0.1776 0.9223 -0.3433
vn -0.2226 0.8966 -0.3827
vn -0.2711 0.8682 -0.4157
vn -0.3223 0.8373 -0.4416
vn -0.3754 0.8045 -0.4602
vn -0.4298 0.7703 -0.4712
vn -0.4845 0.7350 -0.4743
vn -0.5388 0.6994 -0.4696
vn -0.5919 0.6638 -0.4572
vn -0.6431 0.6288 -0.4371
vn -0.6915 0.5949 -0.4097
vn -0.7366 0.5626 -0.3754
vn -0.7775 0.5324 -0.3348
vn -0.8138 0.5046 -0.2883
vn -0.8448 0.4798 -0.2367
vn -0.8702 0.4583 -0.1807
vn -0.8896 0.4403 -0.1211
vn -0.9027 0.4262 -0.0589
vn -0.9093 0.4162 0.0052
vn -0.9092 0.4103 0.0701
vn -0.9026 0.4088 0.1349
vn -0.8895 0.4115 0.1986
vn -0.8701 0.4186 0.2604
vn -0.8446 0.4297 0.3193
vn -0.8135 0.4449 0.3745
vn -0.7772 0.4639 0.4252
vn -0.7362 0.4864 0.4706
vn -0.6911 0.5121 0.5100
vn -0.6427 0.5405 0.5430
vn -0.5915 0.5714 0.5689
vn -0.5384 0.6042 0.5875
vn -0.4840 0.6384 0.5984
vn -0.4293 0.6736 0.6016
vn -0.3750 0.7093 0.5969
vn -0.3218 0.7449 0.5844
vn -0.2707 0.7799 0.5644
vn -0.2222 0.8138 0.5370
vn -0.1772 0.8461 0.5027
vn -0.1363 0.8763 0.4620
vn -0.1000 0.9041 0.4156
vn -0.0689 0.9289 0.3639
vn -0.0435 0.9504 0.3080
vn -0.0242 0.9684 0.2484
vn -0.0111 0.9825 0.1861
vn -0.0045 0.9925 0.1221
vn -0.1108 0.9938 0.0078
vn -0.1052 0.9925 0.0620
vn -0.1218 0.9915 -0.0456
vn -0.1380 0.9856 -0.0974
vn -0.1594 0.9763 -0.1467
vn -0.1854 0.9635 -0.1930
vn -0.2158 0.9476 -0.2354
vn -0.2501 0.9288 -0.2734
vn -0.2879 0.9073 -0.3064
vn -0.3285 0.8835 -0.3340
vn -0.3713 0.8576 -0.3558
vn -0.4159 0.8302 -0.3713
vn -0.4614 0.8015 -0.3805
vn -0.5072 0.7720 -0.3831
vn -0.5527 0.7421 -0.3792
vn -0.5972 0.7123 -0.3688
vn -0.6400 0.6830 -0.3520
vn -0.6806 0.6546 -0.3290
vn -0.7183 0.6275 -0.3003
vn -0.7526 0.6022 -0.2663
vn -0.7830 0.5790 -0.2273
vn -0.8090 0.5582 -0.1841
vn -0.8303 0.5402 -0.1372
vn -0.8465 0.5251 -0.0873
vn -0.8575 0.5133 -0.0352
vn -0.8630 0.5049 0.0184
vn -0.8630 0.5000 0.0728
vn -0.8574 0.4987 0.1271
vn -0.8464 0.5010 0.1805
vn -0.8301 0.5069 0.2322
vn -0.8088 0.5163 0.2816
vn -0.7828 0.5290 0.3278
vn -0.7523 0.5449 0.3702
vn -0.7180 0.5637 0.4082
vn -0.6803 0.5852 0.4413
vn -0.6397 0.6091 0.4689
vn -0.5968 0.6349 0.4906
vn -0.5523 0.6624 0.5062
vn -0.5068 0.6911 0.5154
vn -0.4610 0.7205 0.5180
vn -0.4155 0.7504 0.5141
vn -0.3710 0.7802 0.5036
vn -0.3281 0.8095 0.4868
vn -0.2876 0.8379 0.4639
vn -0.2498 0.8650 0.4352
vn -0.2156 0.8903 0.4011
vn -0.1852 0.9135 0.3622
vn -0.1592 0.9343 0.3190
vn -0.1379 0.9524 0.2721
vn -0.1216 0.9674 0.2222
vn -0.1107 0.9792 0.1700
vn -0.1052 0.9876 0.1164
# 1197 vertex normals

vt 0.0192 0.5385 0.0000
vt 0.0000 0.5385 0.0000
vt 0.0000 0.5000 0.0000
vt 0.0192 0.5000 0.0000
vt 0.0385 0.5385 0.0000
vt 0.0385 0.5000 0.0000
vt 0.0577 0.5385 0.0000
vt 0.0577 0.5000 0.0000
vt 0.0769 0.5385 0.0000
vt 0.0769 0.5000 0.0000
vt 0.0962 0.5385 0.0000
vt 0.0962 0.5000 0.0000
vt 0.1154 0.5385 0.0000
vt 0.1154 0.5000 0.0000
vt 0.1346 0.5385 0.0000
vt 0.1346 0.5000 0.0000
vt 0.1538 0.5385 0.0000
vt 0.1538 0.5000 0.0000
vt 0.1731 0.5385 0.0000
vt 0.1731 0.5000 0.0000
vt 0.1923 0.5385 0.0000
vt 0.1923 0.5000 0.0000
vt 0.2115 0.5385 0.0000
vt 0.2115 0.5000 0.0000
vt 0.2308 0.5385 0.0000
vt 0.2308 0.5000 0.0000
vt 0.2500 0.5385 0.0000
vt 0.2500 0.5000 0.0000
vt 0.2692 0.5385 0.0000
vt 0.2692 0.5000 0.0000
vt 0.2885 0.5385 0.0000
vt 0.2885 0.5000 0.0000
vt 0.3077 0.5385 0.0000
vt 0.3077 0.5000 0.0000
vt 0.3269 0.5385 0.0000
vt 0.3269 0.5000 0.0000
vt 0.3462 0.5385 0.0000
vt 0.3462 0.5000 0.0000
vt 0.3654 0.5385 0.0000
vt 0.3654 0.5000 0.0000
vt 0.3846 0.5385 0.0000
vt 0.3846 0.5000 0.0000
vt 0.4038 0.5385 0.0000
vt 0.4038 0.5000 0.0000
vt 0.4231 0.5385 0.0000
vt 0.4231 0.5000 0.0000
vt 0.4423 0.5385 0.0000
vt 0.4423 0.5000 0.0000
vt 0.4615 0.5385 0.0000
vt 0.4615 0.5000 0.0000
vt 0.4808 0.5385 0.0000
vt 0.4808 0.5000 0.0000
vt 0.5000 0.5385 0.0000
vt 0.5000 0.5000 0.0000
vt 0.5192 0.5385 0.0000
vt 0.5192 0.5000 0.0000
vt 0.5385 0.5385 0.0000
vt 0.5385 0.5000 0.0000
vt 0.5577 0.5385 0.0000
vt 0.5577 0.5000 0.0000
vt 0.5769 0.5385 0.0000
vt 0.5769 0.5000 0.0000
vt 0.5962 0.5385 0.0000
vt 0.5962 0.5000 0.0000
vt 0.6154 0.5385 0.0000
vt 0.6154 0.5000 0.0000
vt 0.6346 0.5385 0.0000
vt 0.6346 0.5000 0.0000
vt 0.6538 0.5385 0.0000
vt 0.6538 0.5000 0.0000
vt 0.6731 0.5385 0.0000
vt 0.6731 0.5000 0.0000
vt 0.6923 0.5385 0.0000
vt 0.6923 0.5000 0.0000
vt 0.7115 0.5385 0.0000
vt 0.7115 0.5000 0.0000
vt 0.7308 0.5385 0.0000
vt 0.7308 0.5000 0.0000
vt 0.7500 0.5385 0.0000
vt 0.7500 0.5000 0.0000
vt 0.7692 0.5385 0.0000
vt 0.7692 0.5000 0.0000
vt 0.7885 0.5385 0.0000
vt 0.7885 0.5000 0.0000
vt 0.8077 0.5385 0.0000
vt 0.8077 0.5000 0.0000
vt 0.8269 0.5385 0.0000
vt 0.8269 0.5000 0.0000
vt 0.8462 0.5385 0.0000
vt 0.8462 0.5000 0.0000
vt 0.8654 0.5385 0.0000
vt 0.8654 0.5000 0.0000
vt 0.8846 0.5385 0.0000
vt 0.8846 0.5000 0.0000
vt 0.9038 0.5385 0.0000
vt 0.9038 0.5000 0.0000
vt 0.9231 0.5385 0.0000
vt 0.9231 0.5000 0.0000
vt 0.9423 0.5385 0.0000
vt 0.9423 0.5000 0.0000
vt 0.9615 0.5385 0.0000
vt 0.9615 0.5000 0.0000
vt 0.9808 0.5385 0.0000
vt 0.9808 0.5000 0.0000
vt 1.0000 0.5385 0.0000
vt 1.0000 0.5000 0.0000
vt 0.0192 0.5769 0.0000
vt 0.0000 0.5769 0.0000
vt 0.0385 0.5769 0.0000
vt 0.0577 0.5769 0.0000
vt 0.0769 0.5769 0.0000
vt 0.0962 0.5769 0.0000
vt 0.1154 0.5769 0.0000
vt 0.1346 0.5769 0.0000
vt 0.1538 0.5769 0.0000
vt 0.1731 0.5769 0.0000
vt 0.1923 0.5769 0.0000
vt 0.2115 0.5769 0.0000
vt 0.2308 0.5769 0.0000
vt 0.2500 0.5769 0.0000
vt 0.2692 0.5769 0.0000
vt 0.2885 0.5769 0.0000
vt 0.3077 0.5769 0.0000
vt 0.3269 0.5769 0.0000
vt 0.3462 0.5769 0.0000
vt 0.3654 0.5769 0.0000
vt 0.3846 0.5769 0.0000
vt 0.4038 0.5769 0.0000
vt 0.4231 0.5769 0.0000
vt 0.4423 0.5769 0.0000
vt 0.4615 0.5769 0.0000
vt 0.4808 0.5769 0.0000
vt 0.5000 0.5769 0.0000
vt 0.5192 0.5769 0.0000
vt 0.5385 0.5769 0.0000
vt 0.5577 0.5769 0.0000
vt 0.5769 0.5769 0.0000
vt 0.5962 0.5769 0.0000
vt 0.6154 0.5769 0.0000
vt 0.6346 0.5769 0.0000
vt 0.6538 0.5769 0.0000
vt 0.6731 0.5769 0.0000
vt 0.6923 0.5769 0.0000
vt 0.7115 0.5769 0.0000
vt 0.7308 0.5769 0.0000
vt 0.7500 0.5769 0.0000
vt 0.7692 0.5769 0.0000
vt 0.7885 0.5769 0.0000
vt 0.8077 0.5769 0.0000
vt 0.8269 0.5769 0.0000
vt 0.8462 0.5769 0.0000
vt 0.8654 0.5769 0.0000
vt 0.8846 0.5769 0.0000
vt 0.9038 0.5769 0.0000
vt 0.9231 0.5769 0.0000
vt 0.9423 0.5769 0.0000
vt 0.9615 0.5769 0.0000
vt 0.9808 0.5769 0.0000
vt 1.0000 0.5769 0.0000
vt 0.0192 0.6154 0.0000
vt 0.0000 0.6154 0.0000
vt 0.0385 0.6154 0.0000
vt 0.0577 0.6154 0.0000
vt 0.0769 0.6154 0.0000
vt 0.0962 0.6154 0.0000
vt 0.1154 0.6154 0.0000
vt 0.1346 0.6154 0.0000
vt 0.1538 0.6154 0.0000
vt 0.1731 0.6154 0.0000
vt 0.1923 0.6154 0.0000
vt 0.2115 0.6154 0.0000
vt 0.2308 0.6154 0.0000
vt 0.2500 0.6154 0.0000
vt 0.2692 0.6154 0.0000
vt 0.2885 0.6154 0.0000
vt 0.3077 0.6154 0.0000
vt 0.3269 0.6154 0.0000
vt 0.3462 0.6154 0.0000
vt 0.3654 0.6154 0.0000
vt 0.3846 0.6154 0.0000
vt 0.4038 0.6154 0.0000
vt 0.4231 0.6154 0.0000
vt 0.4423 0.6154 0.0000
vt 0.4615 0.6154 0.0000
vt 0.4808 0.6154 0.0000
vt 0.5000 0.6154 0.0000
vt 0.5192 0.6154 0.0000
vt 0.5385 0.6154 0.0000
vt 0.5577 0.6154 0.0000
vt 0.5769 0.6154 0.0000
vt 0.5962 0.6154 0.0000
vt 0.6154 0.6154 0.0000
vt 0.6346 0.6154 0.0000
vt 0.6538 0.6154 0.0000
vt 0.6731 0.6154 0.0000
vt 0.6923 0.6154 0.0000
vt 0.7115 0.6154 0.0000
vt 0.7308 0.6154 0.0000
vt 0.7500 0.6154 0.0000
vt 0.7692 0.6154 0.0000
vt 0.7885 0.6154 0.0000
vt 0.8077 0.6154 0.0000
vt 0.8269 0.6154 0.0000
vt 0.8462 0.6154 0.0000
vt 0.8654 0.6154 0.0000
vt 0.8846 0.6154 0.0000
vt 0.9038 0.6154 0.0000
vt 0.9231 0.6154 0.0000
vt 0.9423 0.6154 0.0000
vt 0.9615 0.6154 0.0000
vt 0.9808 0.6154 0.0000
vt 1.0000 0.6154 0.0000
vt 0.0192 0.6538 0.0000
vt 0.0000 0.6538 0.0000
vt 0.0385 0.6538 0.0000
vt 0.0577 0.6538 0.0000
vt 0.0769 0.6538 0.0000
vt 0.0962 0.6538 0.0000
vt 0.1154 0.6538 0.0000
vt 0.1346 0.6538 0.0000
vt 0.1538 0.6538 0.0000
vt 0.1731 0.6538 0.0000
vt 0.1923 0.6538 0.0000
vt 0.2115 0.6538 0.0000
vt 0.2308 0.6538 0.0000
vt 0.2500 0.6538 0.0000
vt 0.2692 0.6538 0.0000
vt 0.2885 0.6538 0.0000
vt 0.3077 0.6538 0.0000
vt 0.3269 0.6538 0.0000
vt 0.3462 0.6538 0.0000
vt 0.3654 0.6538 0.0000
vt 0.3846 0.6538 0.0000
vt 0.4038 0.6538 0.0000
vt 0.4231 0.6538 0.0000
vt 0.4423 0.6538 0.0000
vt 0.4615 0.6538 0.0000
vt 0.4808 0.6538 0.0000
vt 0.5000 0.6538 0.0000
vt 0.5192 0.6538 0.0000
vt 0.5385 0.6538 0.0000
vt 0.5577 0.6538 0.0000
vt 0.5769 0.6538 0.0000
vt 0.5962 0.6538 0.0000
vt 0.6154 0.6538 0.0000
vt 0.6346 0.6538 0.0000
vt 0.6538 0.6538 0.0000
vt 0.6731 0.6538 0.0000
vt 0.6923 0.6538 0.0000
vt 0.7115 0.6538 0.0000
vt 0.7308 0.6538 0.0000
vt 0.7500 0.6538 0.0000
vt 0.7692 0.6538 0.0000
vt 0.7885 0.6538 0.0000
vt 0.8077 0.6538 0.0000
vt 0.8269 0.6538 0.0000
vt 0.8462 0.6538 0.0000
vt 0.8654 0.6538 0.0000
vt 0.8846 0.6538 0.0000
vt 0.9038 0.6538 0.0000
vt 0.9231 0.6538 0.0000
vt 0.9423 0.6538 0.0000
vt 0.9615 0.6538 0.0000
vt 0.9808 0.6538 0.0000
vt 1.0000 0.6538 0.0000
vt 0.0192 0.6923 0.0000
vt 0.0000 0.6923 0.0000
vt 0.0385 0.6923 0.0000
vt 0.0577 0.6923 0.0000
vt 0.0769 0.6923 0.0000
vt 0.0962 0.6923 0.0000
vt 0.1154 0.6923 0.0000
vt 0.1346 0.6923 0.0000
vt 0.1538 0.6923 0.0000
vt 0.1731 0.6923 0.0000
vt 0.1923 0.6923 0.0000
vt 0.2115 0.6923 0.0000
vt 0.2308 0.6923 0.0000
vt 0.2500 0.6923 0.0000
vt 0.2692 0.6923 0.0000
vt 0.2885 0.6923 0.0000
vt 0.3077 0.6923 0.0000
vt 0.3269 0.6923 0.0000
vt 0.3462 0.6923 0.0000
vt 0.3654 0.6923 0.0000
vt 0.3846 0.6923 0.0000
vt 0.4038 0.6923 0.0000
vt 0.4231 0.6923 0.0000
vt 0.4423 0.6923 0.0000
vt 0.4615 0.6923 0.0000
vt 0.4808 0.6923 0.0000
vt 0.5000 0.6923 0.0000
vt 0.5192 0.6923 0.0000
vt 0.5385 0.6923 0.0000
vt 0.5577 0.6923 0.0000
vt 0.5769 0.6923 0.0000
vt 0.5962 0.6923 0.0000
vt 0.6154 0.6923 0.0000
vt 0.6346 0.6923 0.0000
vt 0.6538 0.6923 0.0000
vt 0.6731 0.6923 0.0000
vt 0.6923 0.6923 0.0000
vt 0.7115 0.6923 0.0000
vt 0.7308 0.6923 0.0000
vt 0.7500 0.6923 0.0000
vt 0.7692 0.6923 0.0000
vt 0.7885 0.6923 0.0000
vt 0.8077 0.6923 0.0000
vt 0.8269 0.6923 0.0000
vt 0.8462 0.6923 0.0000
vt 0.8654 0.6923 0.0000
vt 0.8846 0.6923 0.0000
vt 0.9038 0.6923 0.0000
vt 0.9231 0.6923 0.0000
vt 0.9423 0.6923 0.0000
vt 0.9615 0.6923 0.0000
vt 0.9808 0.6923 0.0000
vt 1.0000 0.6923 0.0000
vt 0.0192 0.7308 0.0000
vt 0.0000 0.7308 0.0000
vt 0.0385 0.7308 0.0000
vt 0.0577 0.7308 0.0000
vt 0.0769 0.7308 0.0000
vt 0.0962 0.7308 0.0000
vt 0.1154 0.7308 0.0000
vt 0.1346 0.7308 0.0000
vt 0.1538 0.7308 0.0000
vt 0.1731 0.7308 0.0000
vt 0.1923 0.7308 0.0000
vt 0.2115 0.7308 0.0000
vt 0.2308 0.7308 0.0000
vt 0.2500 0.7308 0.0000
vt 0.2692 0.7308 0.0000
vt 0.2885 0.7308 0.0000
vt 0.3077 0.7308 0.0000
vt 0.3269 0.7308 0.0000
vt 0.3462 0.7308 0.0000
vt 0.3654 0.7308 0.0000
vt 0.3846 0.7308 0.0000
vt 0.4038 0.7308 0.0000
vt 0.4231 0.7308 0.0000
vt 0.4423 0.7308 0.0000
vt 0.4615 0.7308 0.0000
vt 0.4808 0.7308 0.0000
vt 0.5000 0.7308 0.0000
vt 0.5192 0.7308 0.0000
vt 0.5385 0.7308 0.0000
vt 0.5577 0.7308 0.0000
vt 0.5769 0.7308 0.0000
vt 0.5962 0.7308 0.0000
vt 0.6154 0.7308 0.0000
vt 0.6346 0.7308 0.0000
vt 0.6538 0.7308 0.0000
vt 0.6731 0.7308 0.0000
vt 0.6923 0.7308 0.0000
vt 0.7115 0.7308 0.0000
vt 0.7308 0.7308 0.0000
vt 0.7500 0.7308 0.0000
vt 0.7692 0.7308 0.0000
vt 0.7885 0.7308 0.0000
vt 0.8077 0.7308 0.0000
vt 0.8269 0.7308 0.0000
vt 0.8462 0.7308 0.0000
vt 0.8654 0.7308 0.0000
vt 0.8846 0.7308 0.0000
vt 0.9038 0.7308 0.0000
vt 0.9231 0.7308 0.0000
vt 0.9423 0.7308 0.0000
vt 0.9615 0.7308 0.0000
vt 0.9808 0.7308 0.0000
vt 1.0000 0.7308 0.0000
vt 0.0192 0.7692 0.0000
vt 0.0000 0.7692 0.0000
vt 0.0385 0.7692 0.0000
vt 0.0577 0.7692 0.0000
vt 0.0769 0.7692 0.0000
vt 0.0962 0.7692 0.0000
vt 0.1154 0.7692 0.0000
vt 0.1346 0.7692 0.0000
vt 0.1538 0.7692 0.0000
vt 0.1731 0.7692 0.0000
vt 0.1923 0.7692 0.0000
vt 0.2115 0.7692 0.0000
vt 0.2308 0.7692 0.0000
vt 0.2500 0.7692 0.0000
vt 0.2692 0.7692 0.0000
vt 0.2885 0.7692 0.0000
vt 0.3077 0.7692 0.0000
vt 0.3269 0.7692 0.0000
vt 0.3462 0.7692 0.0000
vt 0.3654 0.7692 0.0000
vt 0.3846 0.7692 0.0000
vt 0.4038 0.7692 0.0000
vt 0.4231 0.7692 0.0000
vt 0.4423 0.7692 0.0000
vt 0.4615 0.7692 0.0000
vt 0.4808 0.7692 0.0000
vt 0.5000 0.7692 0.0000
vt 0.5192 0.7692 0.0000
vt 0.5385 0.7692 0.0000
vt 0.5577 0.7692 0.0000
vt 0.5769 0.7692 0.0000
vt 0.5962 0.7692 0.0000
vt 0.6154 0.7692 0.0000
vt 0.6346 0.7692 0.0000
vt 0.6538 0.7692 0.0000
vt 0.6731 0.7692 0.0000
vt 0.6923 0.7692 0.0000
vt 0.7115 0.7692 0.0000
vt 0.7308 0.7692 0.0000
vt 0.7500 0.7692 0.0000
vt 0.7692 0.7692 0.0000
vt 0.7885 0.7692 0.0000
vt 0.8077 0.7692 0.0000
vt 0.8269 0.7692 0.0000
vt 0.8462 0.7692 0.0000
vt 0.8654 0.7692 0.0000
vt 0.8846 0.7692 0.0000
vt 0.9038 0.7692 0.0000
vt 0.9231 0.7692 0.0000
vt 0.9423 0.7692 0.0000
vt 0.9615 0.7692 0.0000
vt 0.9808 0.7692 0.0000
vt 1.0000 0.7692 0.0000
vt 0.0192 0.8077 0.0000
vt 0.0000 0.8077 0.0000
vt 0.0385 0.8077 0.0000
vt 0.0577 0.8077 0.0000
vt 0.0769 0.8077 0.0000
vt 0.0962 0.8077 0.0000
vt 0.1154 0.8077 0.0000
vt 0.1346 0.8077 0.0000
vt 0.1538 0.8077 0.0000
vt 0.1731 0.8077 0.0000
vt 0.1923 0.8077 0.0000
vt 0.2115 0.8077 0.0000
vt 0.2308 0.8077 0.0000
vt 0.2500 0.8077 0.0000
vt 0.2692 0.8077 0.0000
vt 0.2885 0.8077 0.0000
vt 0.3077 0.8077 0.0000
vt 0.3269 0.8077 0.0000
vt 0.3462 0.8077 0.0000
vt 0.3654 0.8077 0.0000
vt 0.3846 0.8077 0.0000
vt 0.4038 0.8077 0.0000
vt 0.4231 0.8077 0.0000
vt 0.4423 0.8077 0.0000
vt 0.4615 0.8077 0.0000
vt 0.4808 0.8077 0.0000
vt 0.5000 0.8077 0.0000
vt 0.5192 0.8077 0.0000
vt 0.5385 0.8077 0.0000
vt 0.5577 0.8077 0.0000
vt 0.5769 0.8077 0.0000
vt 0.5962 0.8077 0.0000
vt 0.6154 0.8077 0.0000
vt 0.6346 0.8077 0.0000
vt 0.6538 0.8077 0.0000
vt 0.6731 0.8077 0.0000
vt 0.6923 0.8077 0.0000
vt 0.7115 0.8077 0.0000
vt 0.7308 0.8077 0.0000
vt 0.7500 0.8077 0.0000
vt 0.7692 0.8077 0.0000
vt 0.7885 0.8077 0.0000
vt 0.8077 0.8077 0.0000
vt 0.8269 0.8077 0.0000
vt 0.8462 0.8077 0.0000
vt 0.8654 0.8077 0.0000
vt 0.8846 0.8077 0.0000
vt 0.9038 0.8077 0.0000
vt 0.9231 0.8077 0.0000
vt 0.9423 0.8077 0.0000
vt 0.9615 0.8077 0.0000
vt 0.9808 0.8077 0.0000
vt 1.0000 0.8077 0.0000
vt 0.0192 0.8462 0.0000
vt 0.0000 0.8462 0.0000
vt 0.0385 0.8462 0.0000
vt 0.0577 0.8462 0.0000
vt 0.0769 0.8462 0.0000
vt 0.0962 0.8462 0.0000
vt 0.1154 0.8462 0.0000
vt 0.1346 0.8462 0.0000
vt 0.1538 0.8462 0.0000
vt 0.1731 0.8462 0.0000
vt 0.1923 0.8462 0.0000
vt 0.2115 0.8462 0.0000
vt 0.2308 0.8462 0.0000
vt 0.2500 0.8462 0.0000
vt 0.2692 0.8462 0.0000
vt 0.2885 0.8462 0.0000
vt 0.3077 0.8462 0.0000
vt 0.3269 0.8462 0.0000
vt 0.3462 0.8462 0.0000
vt 0.3654 0.8462 0.0000
vt 0.3846 0.8462 0.0000
vt 0.4038 0.8462 0.0000
vt 0.4231 0.8462 0.0000
vt 0.4423 0.8462 0.0000
vt 0.4615 0.8462 0.0000
vt 0.4808 0.8462 0.0000
vt 0.5000 0.8462 0.0000
vt 0.5192 0.8462 0.0000
vt 0.5385 0.8462 0.0000
vt 0.5577 0.8462 0.0000
vt 0.5769 0.8462 0.0000
vt 0.5962 0.8462 0.0000
vt 0.6154 0.8462 0.0000
vt 0.6346 0.8462 0.0000
vt 0.6538 0.8462 0.0000
vt 0.6731 0.8462 0.0000
vt 0.6923 0.8462 0.0000
vt 0.7115 0.8462 0.0000
vt 0.7308 0.8462 0.0000
vt 0.7500 0.8462 0.0000
vt 0.7692 0.8462 0.0000
vt 0.7885 0.8462 0.0000
vt 0.8077 0.8462 0.0000
vt 0.8269 0.8462 0.0000
vt 0.8462 0.8462 0.0000
vt 0.8654 0.8462 0.0000
vt 0.8846 0.8462 0.0000
vt 0.9038 0.8462 0.0000
vt 0.9231 0.8462 0.0000
vt 0.9423 0.8462 0.0000
vt 0.9615 0.8462 0.0000
vt 0.9808 0.8462 0.0000
vt 1.0000 0.8462 0.0000
vt 0.0192 0.8846 0.0000
vt 0.0000 0.8846 0.0000
vt 0.0385 0.8846 0.0000
vt 0.0577 0.8846 0.0000
vt 0.0769 0.8846 0.0000
vt 0.0962 0.8846 0.0000
vt 0.1154 0.8846 0.0000
vt 0.1346 0.8846 0.0000
vt 0.1538 0.8846 0.0000
vt 0.1731 0.8846 0.0000
vt 0.1923 0.8846 0.0000
vt 0.2115 0.8846 0.0000
vt 0.2308 0.8846 0.0000
vt 0.2500 0.8846 0.0000
vt 0.2692 0.8846 0.0000
vt 0.2885 0.8846 0.0000
vt 0.3077 0.8846 0.0000
vt 0.3269 0.8846 0.0000
vt 0.3462 0.8846 0.0000
vt 0.3654 0.8846 0.0000
vt 0.3846 0.8846 0.0000
vt 0.4038 0.8846 0.0000
vt 0.4231 0.8846 0.0000
vt 0.4423 0.8846 0.0000
vt 0.4615 0.8846 0.0000
vt 0.4808 0.8846 0.0000
vt 0.5000 0.8846 0.0000
vt 0.5192 0.8846 0.0000
vt 0.5385 0.8846 0.0000
vt 0.5577 0.8846 0.0000
vt 0.5769 0.8846 0.0000
vt 0.5962 0.8846 0.0000
vt 0.6154 0.8846 0.0000
vt 0.6346 0.8846 0.0000
vt 0.6538 0.8846 0.0000
vt 0.6731 0.8846 0.0000
vt 0.6923 0.8846 0.0000
vt 0.7115 0.8846 0.0000
vt 0.7308 0.8846 0.0000
vt 0.7500 0.8846 0.0000
vt 0.7692 0.8846 0.0000
vt 0.7885 0.8846 0.0000
vt 0.8077 0.8846 0.0000
vt 0.8269 0.8846 0.0000
vt 0.8462 0.8846 0.0000
vt 0.8654 0.8846 0.0000
vt 0.8846 0.8846 0.0000
vt 0.9038 0.8846 0.0000
vt 0.9231 0.8846 0.0000
vt 0.9423 0.8846 0.0000
vt 0.9615 0.8846 0.0000
vt 0.9808 0.8846 0.0000
vt 1.0000 0.8846 0.0000
vt 0.0192 0.9231 0.0000
vt 0.0000 0.9231 0.0000
vt 0.0385 0.9231 0.0000
vt 0.0577 0.9231 0.0000
vt 0.0769 0.9231 0.0000
vt 0.0962 0.9231 0.0000
vt 0.1154 0.9231 0.0000
vt 0.1346 0.9231 0.0000
vt 0.1538 0.9231 0.0000
vt 0.1731 0.9231 0.0000
vt 0.1923 0.9231 0.0000
vt 0.2115 0.9231 0.0000
vt 0.2308 0.9231 0.0000
vt 0.2500 0.9231 0.0000
vt 0.2692 0.9231 0.0000
vt 0.2885 0.9231 0.0000
vt 0.3077 0.9231 0.0000
vt 0.3269 0.9231 0.0000
vt 0.3462 0.9231 0.0000
vt 0.3654 0.9231 0.0000
vt 0.3846 0.9231 0.0000
vt 0.4038 0.9231 0.0000
vt 0.4231 0.9231 0.0000
vt 0.4423 0.9231 0.0000
vt 0.4615 0.9231 0.0000
vt 0.4808 0.9231 0.0000
vt 0.5000 0.9231 0.0000
vt 0.5192 0.9231 0.0000
vt 0.5385 0.9231 0.0000
vt 0.5577 0.9231 0.0000
vt 0.5769 0.9231 0.0000
vt 0.5962 0.9231 0.0000
vt 0.6154 0.9231 0.0000
vt 0.6346 0.9231 0.0000
vt 0.6538 0.9231 0.0000
vt 0.6731 0.9231 0.0000
vt 0.6923 0.9231 0.0000
vt 0.7115 0.9231 0.0000
vt 0.7308 0.9231 0.0000
vt 0.7500 0.9231 0.0000
vt 0.7692 0.9231 0.0000
vt 0.7885 0.9231 0.0000
vt 0.8077 0.9231 0.0000
vt 0.8269 0.9231 0.0000
vt 0.8462 0.9231 0.0000
vt 0.8654 0.9231 0.0000
vt 0.8846 0.9231 0.0000
vt 0.9038 0.9231 0.0000
vt 0.9231 0.9231 0.0000
vt 0.9423 0.9231 0.0000
vt 0.9615 0.9231 0.0000
vt 0.9808 0.9231 0.0000
vt 1.0000 0.9231 0.0000
vt 0.0192 0.9615 0.0000
vt 0.0000 0.9615 0.0000
vt 0.0385 0.9615 0.0000
vt 0.0577 0.9615 0.0000
vt 0.0769 0.9615 0.0000
vt 0.0962 0.9615 0.0000
vt 0.1154 0.9615 0.0000
vt 0.1346 0.9615 0.0000
vt 0.1538 0.9615 0.0000
vt 0.1731 0.9615 0.0000
vt 0.1923 0.9615 0.0000
vt 0.2115 0.9615 0.0000
vt 0.2308 0.9615 0.0000
vt 0.2500 0.9615 0.0000
vt 0.2692 0.9615 0.0000
vt 0.2885 0.9615 0.0000
vt 0.3077 0.9615 0.0000
vt 0.3269 0.9615 0.0000
vt 0.3462 0.9615 0.0000
vt 0.3654 0.9615 0.0000
vt 0.3846 0.9615 0.0000
vt 0.4038 0.9615 0.0000
vt 0.4231 0.9615 0.0000
vt 0.4423 0.9615 0.0000
vt 0.4615 0.9615 0.0000
vt 0.4808 0.9615 0.0000
vt 0.5000 0.9615 0.0000
vt 0.5192 0.9615 0.0000
vt 0.5385 0.9615 0.0000
vt 0.5577 0.9615 0.0000
vt 0.5769 0.9615 0.0000
vt 0.5962 0.9615 0.0000
vt 0.6154 0.9615 0.0000
vt 0.6346 0.9615 0.0000
vt 0.6538 0.9615 0.0000
vt 0.6731 0.9615 0.0000
vt 0.6923 0.9615 0.0000
vt 0.7115 0.9615 0.0000
vt 0.7308 0.9615 0.0000
vt 0.7500 0.9615 0.0000
vt 0.7692 0.9615 0.0000
vt 0.7885 0.9615 0.0000
vt 0.8077 0.9615 0.0000
vt 0.8269 0.9615 0.0000
vt 0.8462 0.9615 0.0000
vt 0.8654 0.9615 0.0000
vt 0.8846 0.9615 0.0000
vt 0.9038 0.9615 0.0000
vt 0.9231 0.9615 0.0000
vt 0.9423 0.9615 0.0000
vt 0.9615 0.9615 0.0000
vt 0.9808 0.9615 0.0000
vt 1.0000 0.9615 0.0000
vt 0.0000 1.0000 0.0000
vt 0.0192 1.0000 0.0000
vt 0.0385 1.0000 0.0000
vt 0.0577 1.0000 0.0000
vt 0.0769 1.0000 0.0000
vt 0.0962 1.0000 0.0000
vt 0.1154 1.0000 0.0000
vt 0.1346 1.0000 0.0000
vt 0.1538 1.0000 0.0000
vt 0.1731 1.0000 0.0000
vt 0.1923 1.0000 0.0000
vt 0.2115 1.0000 0.0000
vt 0.2308 1.0000 0.0000
vt 0.2500 1.0000 0.0000
vt 0.2692 1.0000 0.0000
vt 0.2885 1.0000 0.0000
vt 0.3077 1.0000 0.0000
vt 0.3269 1.0000 0.0000
vt 0.3462 1.0000 0.0000
vt 0.3654 1.0000 0.0000
vt 0.3846 1.0000 0.0000
vt 0.4038 1.0000 0.0000
vt 0.4231 1.0000 0.0000
vt 0.4423 1.0000 0.0000
vt 0.4615 1.0000 0.0000
vt 0.4808 1.0000 0.0000
vt 0.5000 1.0000 0.0000
vt 0.5192 1.0000 0.0000
vt 0.5385 1.0000 0.0000
vt 0.5577 1.0000 0.0000
vt 0.5769 1.0000 0.0000
vt 0.5962 1.0000 0.0000
vt 0.6154 1.0000 0.0000
vt 0.6346 1.0000 0.0000
vt 0.6538 1.0000 0.0000
vt 0.6731 1.0000 0.0000
vt 0.6923 1.0000 0.0000
vt 0.7115 1.0000 0.0000
vt 0.7308 1.0000 0.0000
vt 0.7500 1.0000 0.0000
vt 0.7692 1.0000 0.0000
vt 0.7885 1.0000 0.0000
vt 0.8077 1.0000 0.0000
vt 0.8269 1.0000 0.0000
vt 0.8462 1.0000 0.0000
vt 0.8654 1.0000 0.0000
vt 0.8846 1.0000 0.0000
vt 0.9038 1.0000 0.0000
vt 0.9231 1.0000 0.0000
vt 0.9423 1.0000 0.0000
vt 0.9615 1.0000 0.0000
vt 0.9808 1.0000 0.0000
# 741 texture coords

o Sphere_4
g Sphere_4
usemtl Material__25
s 1
f 2526/1602/1209 2527/1603/1210 2528/1604/1211 2529/1605/1212 
f 2530/1606/1213 2526/1602/1209 2529/1605/1212 2531/1607/1214 
f 2532/1608/1215 2530/1606/1213 2531/1607/1214 2533/1609/1216 
f 2534/1610/1217 2532/1608/1215 2533/1609/1216 2535/1611/1218 
f 2536/1612/1219 2534/1610/1217 2535/1611/1218 2537/1613/1220 
f 2538/1614/1221 2536/1612/1219 2537/1613/1220 2539/1615/1222 
f 2540/1616/1223 2538/1614/1221 2539/1615/1222 2541/1617/1224 
f 2542/1618/1225 2540/1616/1223 2541/1617/1224 2543/1619/1226 
f 2544/1620/1227 2542/1618/1225 2543/1619/1226 2545/1621/1228 
f 2546/1622/1229 2544/1620/1227 2545/1621/1228 2547/1623/1230 
f 2548/1624/1231 2546/1622/1229 2547/1623/1230 2549/1625/1232 
f 2550/1626/1233 2548/1624/1231 2549/1625/1232 2551/1627/1234 
f 2552/1628/1235 2550/1626/1233 2551/1627/1234 2553/1629/1236 
f 2554/1630/1237 2552/1628/1235 2553/1629/1236 2555/1631/1238 
f 2556/1632/1239 2554/1630/1237 2555/1631/1238 2557/1633/1240 
f 2558/1634/1241 2556/1632/1239 2557/1633/1240 2559/1635/1242 
f 2560/1636/1243 2558/1634/1241 2559/1635/1242 2561/1637/1244 
f 2562/1638/1245 2560/1636/1243 2561/1637/1244 2563/1639/1246 
f 2564/1640/1247 2562/1638/1245 2563/1639/1246 2565/1641/1248 
f 2566/1642/1249 2564/1640/1247 2565/1641/1248 2567/1643/1250 
f 2568/1644/1251 2566/1642/1249 2567/1643/1250 2569/1645/1252 
f 2570/1646/1253 2568/1644/1251 2569/1645/1252 2571/1647/1254 
f 2572/1648/1255 2570/1646/1253 2571/1647/1254 2573/1649/1256 
f 2574/1650/1257 2572/1648/1255 2573/1649/1256 2575/1651/1258 
f 2576/1652/1259 2574/1650/1257 2575/1651/1258 2577/1653/1260 
f 2578/1654/1261 2576/1652/1259 2577/1653/1260 2579/1655/1262 
f 2580/1656/1263 2578/1654/1261 2579/1655/1262 2581/1657/1264 
f 2582/1658/1265 2580/1656/1263 2581/1657/1264 2583/1659/1266 
f 2584/1660/1267 2582/1658/1265 2583/1659/1266 2585/1661/1268 
f 2586/1662/1269 2584/1660/1267 2585/1661/1268 2587/1663/1270 
f 2588/1664/1271 2586/1662/1269 2587/1663/1270 2589/1665/1272 
f 2590/1666/1273 2588/1664/1271 2589/1665/1272 2591/1667/1274 
f 2592/1668/1275 2590/1666/1273 2591/1667/1274 2593/1669/1276 
f 2594/1670/1277 2592/1668/1275 2593/1669/1276 2595/1671/1278 
f 2596/1672/1279 2594/1670/1277 2595/1671/1278 2597/1673/1280 
f 2598/1674/1281 2596/1672/1279 2597/1673/1280 2599/1675/1282 
f 2600/1676/1283 2598/1674/1281 2599/1675/1282 2601/1677/1284 
f 2602/1678/1285 2600/1676/1283 2601/1677/1284 2603/1679/1286 
f 2604/1680/1287 2602/1678/1285 2603/1679/1286 2605/1681/1288 
f 2606/1682/1289 2604/1680/1287 2605/1681/1288 2607/1683/1290 
f 2608/1684/1291 2606/1682/1289 2607/1683/1290 2609/1685/1292 
f 2610/1686/1293 2608/1684/1291 2609/1685/1292 2611/1687/1294 
f 2612/1688/1295 2610/1686/1293 2611/1687/1294 2613/1689/1296 
f 2614/1690/1297 2612/1688/1295 2613/1689/1296 2615/1691/1298 
f 2616/1692/1299 2614/1690/1297 2615/1691/1298 2617/1693/1300 
f 2618/1694/1301 2616/1692/1299 2617/1693/1300 2619/1695/1302 
f 2620/1696/1303 2618/1694/1301 2619/1695/1302 2621/1697/1304 
f 2622/1698/1305 2620/1696/1303 2621/1697/1304 2623/1699/1306 
f 2624/1700/1307 2622/1698/1305 2623/1699/1306 2625/1701/1308 
f 2626/1702/1309 2624/1700/1307 2625/1701/1308 2627/1703/1310 
f 2628/1704/1311 2626/1702/1309 2627/1703/1310 2629/1705/1312 
f 2527/1706/1210 2628/1704/1311 2629/1705/1312 2528/1707/1211 
f 2630/1708/1313 2631/1709/1314 2527/1603/1210 2526/1602/1209 
f 2632/1710/1315 2630/1708/1313 2526/1602/1209 2530/1606/1213 
f 2633/1711/1316 2632/1710/1315 2530/1606/1213 2532/1608/1215 
f 2634/1712/1317 2633/1711/1316 2532/1608/1215 2534/1610/1217 
f 2635/1713/1318 2634/1712/1317 2534/1610/1217 2536/1612/1219 
f 2636/1714/1319 2635/1713/1318 2536/1612/1219 2538/1614/1221 
f 2637/1715/1320 2636/1714/1319 2538/1614/1221 2540/1616/1223 
f 2638/1716/1321 2637/1715/1320 2540/1616/1223 2542/1618/1225 
f 2639/1717/1322 2638/1716/1321 2542/1618/1225 2544/1620/1227 
f 2640/1718/1323 2639/1717/1322 2544/1620/1227 2546/1622/1229 
f 2641/1719/1324 2640/1718/1323 2546/1622/1229 2548/1624/1231 
f 2642/1720/1325 2641/1719/1324 2548/1624/1231 2550/1626/1233 
f 2643/1721/1326 2642/1720/1325 2550/1626/1233 2552/1628/1235 
f 2644/1722/1327 2643/1721/1326 2552/1628/1235 2554/1630/1237 
f 2645/1723/1328 2644/1722/1327 2554/1630/1237 2556/1632/1239 
f 2646/1724/1329 2645/1723/1328 2556/1632/1239 2558/1634/1241 
f 2647/1725/1330 2646/1724/1329 2558/1634/1241 2560/1636/1243 
f 2648/1726/1331 2647/1725/1330 2560/1636/1243 2562/1638/1245 
f 2649/1727/1332 2648/1726/1331 2562/1638/1245 2564/1640/1247 
f 2650/1728/1333 2649/1727/1332 2564/1640/1247 2566/1642/1249 
f 2651/1729/1334 2650/1728/1333 2566/1642/1249 2568/1644/1251 
f 2652/1730/1335 2651/1729/1334 2568/1644/1251 2570/1646/1253 
f 2653/1731/1336 2652/1730/1335 2570/1646/1253 2572/1648/1255 
f 2654/1732/1337 2653/1731/1336 2572/1648/1255 2574/1650/1257 
f 2655/1733/1338 2654/1732/1337 2574/1650/1257 2576/1652/1259 
f 2656/1734/1339 2655/1733/1338 2576/1652/1259 2578/1654/1261 
f 2657/1735/1340 2656/1734/1339 2578/1654/1261 2580/1656/1263 
f 2658/1736/1341 2657/1735/1340 2580/1656/1263 2582/1658/1265 
f 2659/1737/1342 2658/1736/1341 2582/1658/1265 2584/1660/1267 
f 2660/1738/1343 2659/1737/1342 2584/1660/1267 2586/1662/1269 
f 2661/1739/1344 2660/1738/1343 2586/1662/1269 2588/1664/1271 
f 2662/1740/1345 2661/1739/1344 2588/1664/1271 2590/1666/1273 
f 2663/1741/1346 2662/1740/1345 2590/1666/1273 2592/1668/1275 
f 2664/1742/1347 2663/1741/1346 2592/1668/1275 2594/1670/1277 
f 2665/1743/1348 2664/1742/1347 2594/1670/1277 2596/1672/1279 
f 2666/1744/1349 2665/1743/1348 2596/1672/1279 2598/1674/1281 
f 2667/1745/1350 2666/1744/1349 2598/1674/1281 2600/1676/1283 
f 2668/1746/1351 2667/1745/1350 2600/1676/1283 2602/1678/1285 
f 2669/1747/1352 2668/1746/1351 2602/1678/1285 2604/1680/1287 
f 2670/1748/1353 2669/1747/1352 2604/1680/1287 2606/1682/1289 
f 2671/1749/1354 2670/1748/1353 2606/1682/1289 2608/1684/1291 
f 2672/1750/1355 2671/1749/1354 2608/1684/1291 2610/1686/1293 
f 2673/1751/1356 2672/1750/1355 2610/1686/1293 2612/1688/1295 
f 2674/1752/1357 2673/1751/1356 2612/1688/1295 2614/1690/1297 
f 2675/1753/1358 2674/1752/1357 2614/1690/1297 2616/1692/1299 
f 2676/1754/1359 2675/1753/1358 2616/1692/1299 2618/1694/1301 
f 2677/1755/1360 2676/1754/1359 2618/1694/1301 2620/1696/1303 
f 2678/1756/1361 2677/1755/1360 2620/1696/1303 2622/1698/1305 
f 2679/1757/1362 2678/1756/1361 2622/1698/1305 2624/1700/1307 
f 2680/1758/1363 2679/1757/1362 2624/1700/1307 2626/1702/1309 
f 2681/1759/1364 2680/1758/1363 2626/1702/1309 2628/1704/1311 
f 2631/1760/1314 2681/1759/1364 2628/1704/1311 2527/1706/1210 
f 2682/1761/1365 2683/1762/1366 2631/1709/1314 2630/1708/1313 
f 2684/1763/1367 2682/1761/1365 2630/1708/1313 2632/1710/1315 
f 2685/1764/1368 2684/1763/1367 2632/1710/1315 2633/1711/1316 
f 2686/1765/1369 2685/1764/1368 2633/1711/1316 2634/1712/1317 
f 2687/1766/1370 2686/1765/1369 2634/1712/1317 2635/1713/1318 
f 2688/1767/1371 2687/1766/1370 2635/1713/1318 2636/1714/1319 
f 2689/1768/1372 2688/1767/1371 2636/1714/1319 2637/1715/1320 
f 2690/1769/1373 2689/1768/1372 2637/1715/1320 2638/1716/1321 
f 2691/1770/1374 2690/1769/1373 2638/1716/1321 2639/1717/1322 
f 2692/1771/1375 2691/1770/1374 2639/1717/1322 2640/1718/1323 
f 2693/1772/1376 2692/1771/1375 2640/1718/1323 2641/1719/1324 
f 2694/1773/1377 2693/1772/1376 2641/1719/1324 2642/1720/1325 
f 2695/1774/1378 2694/1773/1377 2642/1720/1325 2643/1721/1326 
f 2696/1775/1379 2695/1774/1378 2643/1721/1326 2644/1722/1327 
f 2697/1776/1380 2696/1775/1379 2644/1722/1327 2645/1723/1328 
f 2698/1777/1381 2697/1776/1380 2645/1723/1328 2646/1724/1329 
f 2699/1778/1382 2698/1777/1381 2646/1724/1329 2647/1725/1330 
f 2700/1779/1383 2699/1778/1382 2647/1725/1330 2648/1726/1331 
f 2701/1780/1384 2700/1779/1383 2648/1726/1331 2649/1727/1332 
f 2702/1781/1385 2701/1780/1384 2649/1727/1332 2650/1728/1333 
f 2703/1782/1386 2702/1781/1385 2650/1728/1333 2651/1729/1334 
f 2704/1783/1387 2703/1782/1386 2651/1729/1334 2652/1730/1335 
f 2705/1784/1388 2704/1783/1387 2652/1730/1335 2653/1731/1336 
f 2706/1785/1389 2705/1784/1388 2653/1731/1336 2654/1732/1337 
f 2707/1786/1390 2706/1785/1389 2654/1732/1337 2655/1733/1338 
f 2708/1787/1391 2707/1786/1390 2655/1733/1338 2656/1734/1339 
f 2709/1788/1392 2708/1787/1391 2656/1734/1339 2657/1735/1340 
f 2710/1789/1393 2709/1788/1392 2657/1735/1340 2658/1736/1341 
f 2711/1790/1394 2710/1789/1393 2658/1736/1341 2659/1737/1342 
f 2712/1791/1395 2711/1790/1394 2659/1737/1342 2660/1738/1343 
f 2713/1792/1396 2712/1791/1395 2660/1738/1343 2661/1739/1344 
f 2714/1793/1397 2713/1792/1396 2661/1739/1344 2662/1740/1345 
f 2715/1794/1398 2714/1793/1397 2662/1740/1345 2663/1741/1346 
f 2716/1795/1399 2715/1794/1398 2663/1741/1346 2664/1742/1347 
f 2717/1796/1400 2716/1795/1399 2664/1742/1347 2665/1743/1348 
f 2718/1797/1401 2717/1796/1400 2665/1743/1348 2666/1744/1349 
f 2719/1798/1402 2718/1797/1401 2666/1744/1349 2667/1745/1350 
f 2720/1799/1403 2719/1798/1402 2667/1745/1350 2668/1746/1351 
f 2721/1800/1404 2720/1799/1403 2668/1746/1351 2669/1747/1352 
f 2722/1801/1405 2721/1800/1404 2669/1747/1352 2670/1748/1353 
f 2723/1802/1406 2722/1801/1405 2670/1748/1353 2671/1749/1354 
f 2724/1803/1407 2723/1802/1406 2671/1749/1354 2672/1750/1355 
f 2725/1804/1408 2724/1803/1407 2672/1750/1355 2673/1751/1356 
f 2726/1805/1409 2725/1804/1408 2673/1751/1356 2674/1752/1357 
f 2727/1806/1410 2726/1805/1409 2674/1752/1357 2675/1753/1358 
f 2728/1807/1411 2727/1806/1410 2675/1753/1358 2676/1754/1359 
f 2729/1808/1412 2728/1807/1411 2676/1754/1359 2677/1755/1360 
f 2730/1809/1413 2729/1808/1412 2677/1755/1360 2678/1756/1361 
f 2731/1810/1414 2730/1809/1413 2678/1756/1361 2679/1757/1362 
f 2732/1811/1415 2731/1810/1414 2679/1757/1362 2680/1758/1363 
f 2733/1812/1416 2732/1811/1415 2680/1758/1363 2681/1759/1364 
f 2683/1813/1366 2733/1812/1416 2681/1759/1364 2631/1760/1314 
f 2734/1814/1417 2735/1815/1418 2683/1762/1366 2682/1761/1365 
f 2736/1816/1419 2734/1814/1417 2682/1761/1365 2684/1763/1367 
f 2737/1817/1420 2736/1816/1419 2684/1763/1367 2685/1764/1368 
f 2738/1818/1421 2737/1817/1420 2685/1764/1368 2686/1765/1369 
f 2739/1819/1422 2738/1818/1421 2686/1765/1369 2687/1766/1370 
f 2740/1820/1423 2739/1819/1422 2687/1766/1370 2688/1767/1371 
f 2741/1821/1424 2740/1820/1423 2688/1767/1371 2689/1768/1372 
f 2742/1822/1425 2741/1821/1424 2689/1768/1372 2690/1769/1373 
f 2743/1823/1426 2742/1822/1425 2690/1769/1373 2691/1770/1374 
f 2744/1824/1427 2743/1823/1426 2691/1770/1374 2692/1771/1375 
f 2745/1825/1428 2744/1824/1427 2692/1771/1375 2693/1772/1376 
f 2746/1826/1429 2745/1825/1428 2693/1772/1376 2694/1773/1377 
f 2747/1827/1430 2746/1826/1429 2694/1773/1377 2695/1774/1378 
f 2748/1828/1431 2747/1827/1430 2695/1774/1378 2696/1775/1379 
f 2749/1829/1432 2748/1828/1431 2696/1775/1379 2697/1776/1380 
f 2750/1830/1433 2749/1829/1432 2697/1776/1380 2698/1777/1381 
f 2751/1831/1434 2750/1830/1433 2698/1777/1381 2699/1778/1382 
f 2752/1832/1435 2751/1831/1434 2699/1778/1382 2700/1779/1383 
f 2753/1833/1436 2752/1832/1435 2700/1779/1383 2701/1780/1384 
f 2754/1834/1437 2753/1833/1436 2701/1780/1384 2702/1781/1385 
f 2755/1835/1438 2754/1834/1437 2702/1781/1385 2703/1782/1386 
f 2756/1836/1439 2755/1835/1438 2703/1782/1386 2704/1783/1387 
f 2757/1837/1440 2756/1836/1439 2704/1783/1387 2705/1784/1388 
f 2758/1838/1441 2757/1837/1440 2705/1784/1388 2706/1785/1389 
f 2759/1839/1442 2758/1838/1441 2706/1785/1389 2707/1786/1390 
f 2760/1840/1443 2759/1839/1442 2707/1786/1390 2708/1787/1391 
f 2761/1841/1444 2760/1840/1443 2708/1787/1391 2709/1788/1392 
f 2762/1842/1445 2761/1841/1444 2709/1788/1392 2710/1789/1393 
f 2763/1843/1446 2762/1842/1445 2710/1789/1393 2711/1790/1394 
f 2764/1844/1447 2763/1843/1446 2711/1790/1394 2712/1791/1395 
f 2765/1845/1448 2764/1844/1447 2712/1791/1395 2713/1792/1396 
f 2766/1846/1449 2765/1845/1448 2713/1792/1396 2714/1793/1397 
f 2767/1847/1450 2766/1846/1449 2714/1793/1397 2715/1794/1398 
f 2768/1848/1451 2767/1847/1450 2715/1794/1398 2716/1795/1399 
f 2769/1849/1452 2768/1848/1451 2716/1795/1399 2717/1796/1400 
f 2770/1850/1453 2769/1849/1452 2717/1796/1400 2718/1797/1401 
f 2771/1851/1454 2770/1850/1453 2718/1797/1401 2719/1798/1402 
f 2772/1852/1455 2771/1851/1454 2719/1798/1402 2720/1799/1403 
f 2773/1853/1456 2772/1852/1455 2720/1799/1403 2721/1800/1404 
f 2774/1854/1457 2773/1853/1456 2721/1800/1404 2722/1801/1405 
f 2775/1855/1458 2774/1854/1457 2722/1801/1405 2723/1802/1406 
f 2776/1856/1459 2775/1855/1458 2723/1802/1406 2724/1803/1407 
f 2777/1857/1460 2776/1856/1459 2724/1803/1407 2725/1804/1408 
f 2778/1858/1461 2777/1857/1460 2725/1804/1408 2726/1805/1409 
f 2779/1859/1462 2778/1858/1461 2726/1805/1409 2727/1806/1410 
f 2780/1860/1463 2779/1859/1462 2727/1806/1410 2728/1807/1411 
f 2781/1861/1464 2780/1860/1463 2728/1807/1411 2729/1808/1412 
f 2782/1862/1465 2781/1861/1464 2729/1808/1412 2730/1809/1413 
f 2783/1863/1466 2782/1862/1465 2730/1809/1413 2731/1810/1414 
f 2784/1864/1467 2783/1863/1466 2731/1810/1414 2732/1811/1415 
f 2785/1865/1468 2784/1864/1467 2732/1811/1415 2733/1812/1416 
f 2735/1866/1418 2785/1865/1468 2733/1812/1416 2683/1813/1366 
f 2786/1867/1469 2787/1868/1470 2735/1815/1418 2734/1814/1417 
f 2788/1869/1471 2786/1867/1469 2734/1814/1417 2736/1816/1419 
f 2789/1870/1472 2788/1869/1471 2736/1816/1419 2737/1817/1420 
f 2790/1871/1473 2789/1870/1472 2737/1817/1420 2738/1818/1421 
f 2791/1872/1474 2790/1871/1473 2738/1818/1421 2739/1819/1422 
f 2792/1873/1475 2791/1872/1474 2739/1819/1422 2740/1820/1423 
f 2793/1874/1476 2792/1873/1475 2740/1820/1423 2741/1821/1424 
f 2794/1875/1477 2793/1874/1476 2741/1821/1424 2742/1822/1425 
f 2795/1876/1478 2794/1875/1477 2742/1822/1425 2743/1823/1426 
f 2796/1877/1479 2795/1876/1478 2743/1823/1426 2744/1824/1427 
f 2797/1878/1480 2796/1877/1479 2744/1824/1427 2745/1825/1428 
f 2798/1879/1481 2797/1878/1480 2745/1825/1428 2746/1826/1429 
f 2799/1880/1482 2798/1879/1481 2746/1826/1429 2747/1827/1430 
f 2800/1881/1483 2799/1880/1482 2747/1827/1430 2748/1828/1431 
f 2801/1882/1484 2800/1881/1483 2748/1828/1431 2749/1829/1432 
f 2802/1883/1485 2801/1882/1484 2749/1829/1432 2750/1830/1433 
f 2803/1884/1486 2802/1883/1485 2750/1830/1433 2751/1831/1434 
f 2804/1885/1487 2803/1884/1486 2751/1831/1434 2752/1832/1435 
f 2805/1886/1488 2804/1885/1487 2752/1832/1435 2753/1833/1436 
f 2806/1887/1489 2805/1886/1488 2753/1833/1436 2754/1834/1437 
f 2807/1888/1490 2806/1887/1489 2754/1834/1437 2755/1835/1438 
f 2808/1889/1491 2807/1888/1490 2755/1835/1438 2756/1836/1439 
f 2809/1890/1492 2808/1889/1491 2756/1836/1439 2757/1837/1440 
f 2810/1891/1493 2809/1890/1492 2757/1837/1440 2758/1838/1441 
f 2811/1892/1494 2810/1891/1493 2758/1838/1441 2759/1839/1442 
f 2812/1893/1495 2811/1892/1494 2759/1839/1442 2760/1840/1443 
f 2813/1894/1496 2812/1893/1495 2760/1840/1443 2761/1841/1444 
f 2814/1895/1497 2813/1894/1496 2761/1841/1444 2762/1842/1445 
f 2815/1896/1498 2814/1895/1497 2762/1842/1445 2763/1843/1446 
f 2816/1897/1499 2815/1896/1498 2763/1843/1446 2764/1844/1447 
f 2817/1898/1500 2816/1897/1499 2764/1844/1447 2765/1845/1448 
f 2818/1899/1501 2817/1898/1500 2765/1845/1448 2766/1846/1449 
f 2819/1900/1502 2818/1899/1501 2766/1846/1449 2767/1847/1450 
f 2820/1901/1503 2819/1900/1502 2767/1847/1450 2768/1848/1451 
f 2821/1902/1504 2820/1901/1503 2768/1848/1451 2769/1849/1452 
f 2822/1903/1505 2821/1902/1504 2769/1849/1452 2770/1850/1453 
f 2823/1904/1506 2822/1903/1505 2770/1850/1453 2771/1851/1454 
f 2824/1905/1507 2823/1904/1506 2771/1851/1454 2772/1852/1455 
f 2825/1906/1508 2824/1905/1507 2772/1852/1455 2773/1853/1456 
f 2826/1907/1509 2825/1906/1508 2773/1853/1456 2774/1854/1457 
f 2827/1908/1510 2826/1907/1509 2774/1854/1457 2775/1855/1458 
f 2828/1909/1511 2827/1908/1510 2775/1855/1458 2776/1856/1459 
f 2829/1910/1512 2828/1909/1511 2776/1856/1459 2777/1857/1460 
f 2830/1911/1513 2829/1910/1512 2777/1857/1460 2778/1858/1461 
f 2831/1912/1514 2830/1911/1513 2778/1858/1461 2779/1859/1462 
f 2832/1913/1515 2831/1912/1514 2779/1859/1462 2780/1860/1463 
f 2833/1914/1516 2832/1913/1515 2780/1860/1463 2781/1861/1464 
f 2834/1915/1517 2833/1914/1516 2781/1861/1464 2782/1862/1465 
f 2835/1916/1518 2834/1915/1517 2782/1862/1465 2783/1863/1466 
f 2836/1917/1519 2835/1916/1518 2783/1863/1466 2784/1864/1467 
f 2837/1918/1520 2836/1917/1519 2784/1864/1467 2785/1865/1468 
f 2787/1919/1470 2837/1918/1520 2785/1865/1468 2735/1866/1418 
f 2838/1920/1521 2839/1921/1522 2787/1868/1470 2786/1867/1469 
f 2840/1922/1523 2838/1920/1521 2786/1867/1469 2788/1869/1471 
f 2841/1923/1524 2840/1922/1523 2788/1869/1471 2789/1870/1472 
f 2842/1924/1525 2841/1923/1524 2789/1870/1472 2790/1871/1473 
f 2843/1925/1526 2842/1924/1525 2790/1871/1473 2791/1872/1474 
f 2844/1926/1527 2843/1925/1526 2791/1872/1474 2792/1873/1475 
f 2845/1927/1528 2844/1926/1527 2792/1873/1475 2793/1874/1476 
f 2846/1928/1529 2845/1927/1528 2793/1874/1476 2794/1875/1477 
f 2847/1929/1530 2846/1928/1529 2794/1875/1477 2795/1876/1478 
f 2848/1930/1531 2847/1929/1530 2795/1876/1478 2796/1877/1479 
f 2849/1931/1532 2848/1930/1531 2796/1877/1479 2797/1878/1480 
f 2850/1932/1533 2849/1931/1532 2797/1878/1480 2798/1879/1481 
f 2851/1933/1534 2850/1932/1533 2798/1879/1481 2799/1880/1482 
f 2852/1934/1535 2851/1933/1534 2799/1880/1482 2800/1881/1483 
f 2853/1935/1536 2852/1934/1535 2800/1881/1483 2801/1882/1484 
f 2854/1936/1537 2853/1935/1536 2801/1882/1484 2802/1883/1485 
f 2855/1937/1538 2854/1936/1537 2802/1883/1485 2803/1884/1486 
f 2856/1938/1539 2855/1937/1538 2803/1884/1486 2804/1885/1487 
f 2857/1939/1540 2856/1938/1539 2804/1885/1487 2805/1886/1488 
f 2858/1940/1541 2857/1939/1540 2805/1886/1488 2806/1887/1489 
f 2859/1941/1542 2858/1940/1541 2806/1887/1489 2807/1888/1490 
f 2860/1942/1543 2859/1941/1542 2807/1888/1490 2808/1889/1491 
f 2861/1943/1544 2860/1942/1543 2808/1889/1491 2809/1890/1492 
f 2862/1944/1545 2861/1943/1544 2809/1890/1492 2810/1891/1493 
f 2863/1945/1546 2862/1944/1545 2810/1891/1493 2811/1892/1494 
f 2864/1946/1547 2863/1945/1546 2811/1892/1494 2812/1893/1495 
f 2865/1947/1548 2864/1946/1547 2812/1893/1495 2813/1894/1496 
f 2866/1948/1549 2865/1947/1548 2813/1894/1496 2814/1895/1497 
f 2867/1949/1550 2866/1948/1549 2814/1895/1497 2815/1896/1498 
f 2868/1950/1551 2867/1949/1550 2815/1896/1498 2816/1897/1499 
f 2869/1951/1552 2868/1950/1551 2816/1897/1499 2817/1898/1500 
f 2870/1952/1553 2869/1951/1552 2817/1898/1500 2818/1899/1501 
f 2871/1953/1554 2870/1952/1553 2818/1899/1501 2819/1900/1502 
f 2872/1954/1555 2871/1953/1554 2819/1900/1502 2820/1901/1503 
f 2873/1955/1556 2872/1954/1555 2820/1901/1503 2821/1902/1504 
f 2874/1956/1557 2873/1955/1556 2821/1902/1504 2822/1903/1505 
f 2875/1957/1558 2874/1956/1557 2822/1903/1505 2823/1904/1506 
f 2876/1958/1559 2875/1957/1558 2823/1904/1506 2824/1905/1507 
f 2877/1959/1560 2876/1958/1559 2824/1905/1507 2825/1906/1508 
f 2878/1960/1561 2877/1959/1560 2825/1906/1508 2826/1907/1509 
f 2879/1961/1562 2878/1960/1561 2826/1907/1509 2827/1908/1510 
f 2880/1962/1563 2879/1961/1562 2827/1908/1510 2828/1909/1511 
f 2881/1963/1564 2880/1962/1563 2828/1909/1511 2829/1910/1512 
f 2882/1964/1565 2881/1963/1564 2829/1910/1512 2830/1911/1513 
f 2883/1965/1566 2882/1964/1565 2830/1911/1513 2831/1912/1514 
f 2884/1966/1567 2883/1965/1566 2831/1912/1514 2832/1913/1515 
f 2885/1967/1568 2884/1966/1567 2832/1913/1515 2833/1914/1516 
f 2886/1968/1569 2885/1967/1568 2833/1914/1516 2834/1915/1517 
f 2887/1969/1570 2886/1968/1569 2834/1915/1517 2835/1916/1518 
f 2888/1970/1571 2887/1969/1570 2835/1916/1518 2836/1917/1519 
f 2889/1971/1572 2888/1970/1571 2836/1917/1519 2837/1918/1520 
f 2839/1972/1522 2889/1971/1572 2837/1918/1520 2787/1919/1470 
f 2890/1973/1573 2891/1974/1574 2839/1921/1522 2838/1920/1521 
f 2892/1975/1575 2890/1973/1573 2838/1920/1521 2840/1922/1523 
f 2893/1976/1576 2892/1975/1575 2840/1922/1523 2841/1923/1524 
f 2894/1977/1577 2893/1976/1576 2841/1923/1524 2842/1924/1525 
f 2895/1978/1578 2894/1977/1577 2842/1924/1525 2843/1925/1526 
f 2896/1979/1579 2895/1978/1578 2843/1925/1526 2844/1926/1527 
f 2897/1980/1580 2896/1979/1579 2844/1926/1527 2845/1927/1528 
f 2898/1981/1581 2897/1980/1580 2845/1927/1528 2846/1928/1529 
f 2899/1982/1582 2898/1981/1581 2846/1928/1529 2847/1929/1530 
f 2900/1983/1583 2899/1982/1582 2847/1929/1530 2848/1930/1531 
f 2901/1984/1584 2900/1983/1583 2848/1930/1531 2849/1931/1532 
f 2902/1985/1585 2901/1984/1584 2849/1931/1532 2850/1932/1533 
f 2903/1986/1586 2902/1985/1585 2850/1932/1533 2851/1933/1534 
f 2904/1987/1587 2903/1986/1586 2851/1933/1534 2852/1934/1535 
f 2905/1988/1588 2904/1987/1587 2852/1934/1535 2853/1935/1536 
f 2906/1989/1589 2905/1988/1588 2853/1935/1536 2854/1936/1537 
f 2907/1990/1590 2906/1989/1589 2854/1936/1537 2855/1937/1538 
f 2908/1991/1591 2907/1990/1590 2855/1937/1538 2856/1938/1539 
f 2909/1992/1592 2908/1991/1591 2856/1938/1539 2857/1939/1540 
f 2910/1993/1593 2909/1992/1592 2857/1939/1540 2858/1940/1541 
f 2911/1994/1594 2910/1993/1593 2858/1940/1541 2859/1941/1542 
f 2912/1995/1595 2911/1994/1594 2859/1941/1542 2860/1942/1543 
f 2913/1996/1596 2912/1995/1595 2860/1942/1543 2861/1943/1544 
f 2914/1997/1597 2913/1996/1596 2861/1943/1544 2862/1944/1545 
f 2915/1998/1598 2914/1997/1597 2862/1944/1545 2863/1945/1546 
f 2916/1999/1599 2915/1998/1598 2863/1945/1546 2864/1946/1547 
f 2917/2000/1600 2916/1999/1599 2864/1946/1547 2865/1947/1548 
f 2918/2001/1601 2917/2000/1600 2865/1947/1548 2866/1948/1549 
f 2919/2002/1602 2918/2001/1601 2866/1948/1549 2867/1949/1550 
f 2920/2003/1603 2919/2002/1602 2867/1949/1550 2868/1950/1551 
f 2921/2004/1604 2920/2003/1603 2868/1950/1551 2869/1951/1552 
f 2922/2005/1605 2921/2004/1604 2869/1951/1552 2870/1952/1553 
f 2923/2006/1606 2922/2005/1605 2870/1952/1553 2871/1953/1554 
f 2924/2007/1607 2923/2006/1606 2871/1953/1554 2872/1954/1555 
f 2925/2008/1608 2924/2007/1607 2872/1954/1555 2873/1955/1556 
f 2926/2009/1609 2925/2008/1608 2873/1955/1556 2874/1956/1557 
f 2927/2010/1610 2926/2009/1609 2874/1956/1557 2875/1957/1558 
f 2928/2011/1611 2927/2010/1610 2875/1957/1558 2876/1958/1559 
f 2929/2012/1612 2928/2011/1611 2876/1958/1559 2877/1959/1560 
f 2930/2013/1613 2929/2012/1612 2877/1959/1560 2878/1960/1561 
f 2931/2014/1614 2930/2013/1613 2878/1960/1561 2879/1961/1562 
f 2932/2015/1615 2931/2014/1614 2879/1961/1562 2880/1962/1563 
f 2933/2016/1616 2932/2015/1615 2880/1962/1563 2881/1963/1564 
f 2934/2017/1617 2933/2016/1616 2881/1963/1564 2882/1964/1565 
f 2935/2018/1618 2934/2017/1617 2882/1964/1565 2883/1965/1566 
f 2936/2019/1619 2935/2018/1618 2883/1965/1566 2884/1966/1567 
f 2937/2020/1620 2936/2019/1619 2884/1966/1567 2885/1967/1568 
f 2938/2021/1621 2937/2020/1620 2885/1967/1568 2886/1968/1569 
f 2939/2022/1622 2938/2021/1621 2886/1968/1569 2887/1969/1570 
f 2940/2023/1623 2939/2022/1622 2887/1969/1570 2888/1970/1571 
f 2941/2024/1624 2940/2023/1623 2888/1970/1571 2889/1971/1572 
f 2891/2025/1574 2941/2024/1624 2889/1971/1572 2839/1972/1522 
f 2942/2026/1625 2943/2027/1626 2891/1974/1574 2890/1973/1573 
f 2944/2028/1627 2942/2026/1625 2890/1973/1573 2892/1975/1575 
f 2945/2029/1628 2944/2028/1627 2892/1975/1575 2893/1976/1576 
f 2946/2030/1629 2945/2029/1628 2893/1976/1576 2894/1977/1577 
f 2947/2031/1630 2946/2030/1629 2894/1977/1577 2895/1978/1578 
f 2948/2032/1631 2947/2031/1630 2895/1978/1578 2896/1979/1579 
f 2949/2033/1632 2948/2032/1631 2896/1979/1579 2897/1980/1580 
f 2950/2034/1633 2949/2033/1632 2897/1980/1580 2898/1981/1581 
f 2951/2035/1634 2950/2034/1633 2898/1981/1581 2899/1982/1582 
f 2952/2036/1635 2951/2035/1634 2899/1982/1582 2900/1983/1583 
f 2953/2037/1636 2952/2036/1635 2900/1983/1583 2901/1984/1584 
f 2954/2038/1637 2953/2037/1636 2901/1984/1584 2902/1985/1585 
f 2955/2039/1638 2954/2038/1637 2902/1985/1585 2903/1986/1586 
f 2956/2040/1639 2955/2039/1638 2903/1986/1586 2904/1987/1587 
f 2957/2041/1640 2956/2040/1639 2904/1987/1587 2905/1988/1588 
f 2958/2042/1641 2957/2041/1640 2905/1988/1588 2906/1989/1589 
f 2959/2043/1642 2958/2042/1641 2906/1989/1589 2907/1990/1590 
f 2960/2044/1643 2959/2043/1642 2907/1990/1590 2908/1991/1591 
f 2961/2045/1644 2960/2044/1643 2908/1991/1591 2909/1992/1592 
f 2962/2046/1645 2961/2045/1644 2909/1992/1592 2910/1993/1593 
f 2963/2047/1646 2962/2046/1645 2910/1993/1593 2911/1994/1594 
f 2964/2048/1647 2963/2047/1646 2911/1994/1594 2912/1995/1595 
f 2965/2049/1648 2964/2048/1647 2912/1995/1595 2913/1996/1596 
f 2966/2050/1649 2965/2049/1648 2913/1996/1596 2914/1997/1597 
f 2967/2051/1650 2966/2050/1649 2914/1997/1597 2915/1998/1598 
f 2968/2052/1651 2967/2051/1650 2915/1998/1598 2916/1999/1599 
f 2969/2053/1652 2968/2052/1651 2916/1999/1599 2917/2000/1600 
f 2970/2054/1653 2969/2053/1652 2917/2000/1600 2918/2001/1601 
f 2971/2055/1654 2970/2054/1653 2918/2001/1601 2919/2002/1602 
f 2972/2056/1655 2971/2055/1654 2919/2002/1602 2920/2003/1603 
f 2973/2057/1656 2972/2056/1655 2920/2003/1603 2921/2004/1604 
f 2974/2058/1657 2973/2057/1656 2921/2004/1604 2922/2005/1605 
f 2975/2059/1658 2974/2058/1657 2922/2005/1605 2923/2006/1606 
f 2976/2060/1659 2975/2059/1658 2923/2006/1606 2924/2007/1607 
f 2977/2061/1660 2976/2060/1659 2924/2007/1607 2925/2008/1608 
f 2978/2062/1661 2977/2061/1660 2925/2008/1608 2926/2009/1609 
f 2979/2063/1662 2978/2062/1661 2926/2009/1609 2927/2010/1610 
f 2980/2064/1663 2979/2063/1662 2927/2010/1610 2928/2011/1611 
f 2981/2065/1664 2980/2064/1663 2928/2011/1611 2929/2012/1612 
f 2982/2066/1665 2981/2065/1664 2929/2012/1612 2930/2013/1613 
f 2983/2067/1666 2982/2066/1665 2930/2013/1613 2931/2014/1614 
f 2984/2068/1667 2983/2067/1666 2931/2014/1614 2932/2015/1615 
f 2985/2069/1668 2984/2068/1667 2932/2015/1615 2933/2016/1616 
f 2986/2070/1669 2985/2069/1668 2933/2016/1616 2934/2017/1617 
f 2987/2071/1670 2986/2070/1669 2934/2017/1617 2935/2018/1618 
f 2988/2072/1671 2987/2071/1670 2935/2018/1618 2936/2019/1619 
f 2989/2073/1672 2988/2072/1671 2936/2019/1619 2937/2020/1620 
f 2990/2074/1673 2989/2073/1672 2937/2020/1620 2938/2021/1621 
f 2991/2075/1674 2990/2074/1673 2938/2021/1621 2939/2022/1622 
f 2992/2076/1675 2991/2075/1674 2939/2022/1622 2940/2023/1623 
f 2993/2077/1676 2992/2076/1675 2940/2023/1623 2941/2024/1624 
f 2943/2078/1626 2993/2077/1676 2941/2024/1624 2891/2025/1574 
f 2994/2079/1677 2995/2080/1678 2943/2027/1626 2942/2026/1625 
f 2996/2081/1679 2994/2079/1677 2942/2026/1625 2944/2028/1627 
f 2997/2082/1680 2996/2081/1679 2944/2028/1627 2945/2029/1628 
f 2998/2083/1681 2997/2082/1680 2945/2029/1628 2946/2030/1629 
f 2999/2084/1682 2998/2083/1681 2946/2030/1629 2947/2031/1630 
f 3000/2085/1683 2999/2084/1682 2947/2031/1630 2948/2032/1631 
f 3001/2086/1684 3000/2085/1683 2948/2032/1631 2949/2033/1632 
f 3002/2087/1685 3001/2086/1684 2949/2033/1632 2950/2034/1633 
f 3003/2088/1686 3002/2087/1685 2950/2034/1633 2951/2035/1634 
f 3004/2089/1687 3003/2088/1686 2951/2035/1634 2952/2036/1635 
f 3005/2090/1688 3004/2089/1687 2952/2036/1635 2953/2037/1636 
f 3006/2091/1689 3005/2090/1688 2953/2037/1636 2954/2038/1637 
f 3007/2092/1690 3006/2091/1689 2954/2038/1637 2955/2039/1638 
f 3008/2093/1691 3007/2092/1690 2955/2039/1638 2956/2040/1639 
f 3009/2094/1692 3008/2093/1691 2956/2040/1639 2957/2041/1640 
f 3010/2095/1693 3009/2094/1692 2957/2041/1640 2958/2042/1641 
f 3011/2096/1694 3010/2095/1693 2958/2042/1641 2959/2043/1642 
f 3012/2097/1695 3011/2096/1694 2959/2043/1642 2960/2044/1643 
f 3013/2098/1696 3012/2097/1695 2960/2044/1643 2961/2045/1644 
f 3014/2099/1697 3013/2098/1696 2961/2045/1644 2962/2046/1645 
f 3015/2100/1698 3014/2099/1697 2962/2046/1645 2963/2047/1646 
f 3016/2101/1699 3015/2100/1698 2963/2047/1646 2964/2048/1647 
f 3017/2102/1700 3016/2101/1699 2964/2048/1647 2965/2049/1648 
f 3018/2103/1701 3017/2102/1700 2965/2049/1648 2966/2050/1649 
f 3019/2104/1702 3018/2103/1701 2966/2050/1649 2967/2051/1650 
f 3020/2105/1703 3019/2104/1702 2967/2051/1650 2968/2052/1651 
f 3021/2106/1704 3020/2105/1703 2968/2052/1651 2969/2053/1652 
f 3022/2107/1705 3021/2106/1704 2969/2053/1652 2970/2054/1653 
f 3023/2108/1706 3022/2107/1705 2970/2054/1653 2971/2055/1654 
f 3024/2109/1707 3023/2108/1706 2971/2055/1654 2972/2056/1655 
f 3025/2110/1708 3024/2109/1707 2972/2056/1655 2973/2057/1656 
f 3026/2111/1709 3025/2110/1708 2973/2057/1656 2974/2058/1657 
f 3027/2112/1710 3026/2111/1709 2974/2058/1657 2975/2059/1658 
f 3028/2113/1711 3027/2112/1710 2975/2059/1658 2976/2060/1659 
f 3029/2114/1712 3028/2113/1711 2976/2060/1659 2977/2061/1660 
f 3030/2115/1713 3029/2114/1712 2977/2061/1660 2978/2062/1661 
f 3031/2116/1714 3030/2115/1713 2978/2062/1661 2979/2063/1662 
f 3032/2117/1715 3031/2116/1714 2979/2063/1662 2980/2064/1663 
f 3033/2118/1716 3032/2117/1715 2980/2064/1663 2981/2065/1664 
f 3034/2119/1717 3033/2118/1716 2981/2065/1664 2982/2066/1665 
f 3035/2120/1718 3034/2119/1717 2982/2066/1665 2983/2067/1666 
f 3036/2121/1719 3035/2120/1718 2983/2067/1666 2984/2068/1667 
f 3037/2122/1720 3036/2121/1719 2984/2068/1667 2985/2069/1668 
f 3038/2123/1721 3037/2122/1720 2985/2069/1668 2986/2070/1669 
f 3039/2124/1722 3038/2123/1721 2986/2070/1669 2987/2071/1670 
f 3040/2125/1723 3039/2124/1722 2987/2071/1670 2988/2072/1671 
f 3041/2126/1724 3040/2125/1723 2988/2072/1671 2989/2073/1672 
f 3042/2127/1725 3041/2126/1724 2989/2073/1672 2990/2074/1673 
f 3043/2128/1726 3042/2127/1725 2990/2074/1673 2991/2075/1674 
f 3044/2129/1727 3043/2128/1726 2991/2075/1674 2992/2076/1675 
f 3045/2130/1728 3044/2129/1727 2992/2076/1675 2993/2077/1676 
f 2995/2131/1678 3045/2130/1728 2993/2077/1676 2943/2078/1626 
f 3046/2132/1729 3047/2133/1730 2995/2080/1678 2994/2079/1677 
f 3048/2134/1731 3046/2132/1729 2994/2079/1677 2996/2081/1679 
f 3049/2135/1732 3048/2134/1731 2996/2081/1679 2997/2082/1680 
f 3050/2136/1733 3049/2135/1732 2997/2082/1680 2998/2083/1681 
f 3051/2137/1734 3050/2136/1733 2998/2083/1681 2999/2084/1682 
f 3052/2138/1735 3051/2137/1734 2999/2084/1682 3000/2085/1683 
f 3053/2139/1736 3052/2138/1735 3000/2085/1683 3001/2086/1684 
f 3054/2140/1737 3053/2139/1736 3001/2086/1684 3002/2087/1685 
f 3055/2141/1738 3054/2140/1737 3002/2087/1685 3003/2088/1686 
f 3056/2142/1739 3055/2141/1738 3003/2088/1686 3004/2089/1687 
f 3057/2143/1740 3056/2142/1739 3004/2089/1687 3005/2090/1688 
f 3058/2144/1741 3057/2143/1740 3005/2090/1688 3006/2091/1689 
f 3059/2145/1742 3058/2144/1741 3006/2091/1689 3007/2092/1690 
f 3060/2146/1743 3059/2145/1742 3007/2092/1690 3008/2093/1691 
f 3061/2147/1744 3060/2146/1743 3008/2093/1691 3009/2094/1692 
f 3062/2148/1745 3061/2147/1744 3009/2094/1692 3010/2095/1693 
f 3063/2149/1746 3062/2148/1745 3010/2095/1693 3011/2096/1694 
f 3064/2150/1747 3063/2149/1746 3011/2096/1694 3012/2097/1695 
f 3065/2151/1748 3064/2150/1747 3012/2097/1695 3013/2098/1696 
f 3066/2152/1749 3065/2151/1748 3013/2098/1696 3014/2099/1697 
f 3067/2153/1750 3066/2152/1749 3014/2099/1697 3015/2100/1698 
f 3068/2154/1751 3067/2153/1750 3015/2100/1698 3016/2101/1699 
f 3069/2155/1752 3068/2154/1751 3016/2101/1699 3017/2102/1700 
f 3070/2156/1753 3069/2155/1752 3017/2102/1700 3018/2103/1701 
f 3071/2157/1754 3070/2156/1753 3018/2103/1701 3019/2104/1702 
f 3072/2158/1755 3071/2157/1754 3019/2104/1702 3020/2105/1703 
f 3073/2159/1756 3072/2158/1755 3020/2105/1703 3021/2106/1704 
f 3074/2160/1757 3073/2159/1756 3021/2106/1704 3022/2107/1705 
f 3075/2161/1758 3074/2160/1757 3022/2107/1705 3023/2108/1706 
f 3076/2162/1759 3075/2161/1758 3023/2108/1706 3024/2109/1707 
f 3077/2163/1760 3076/2162/1759 3024/2109/1707 3025/2110/1708 
f 3078/2164/1761 3077/2163/1760 3025/2110/1708 3026/2111/1709 
f 3079/2165/1762 3078/2164/1761 3026/2111/1709 3027/2112/1710 
f 3080/2166/1763 3079/2165/1762 3027/2112/1710 3028/2113/1711 
f 3081/2167/1764 3080/2166/1763 3028/2113/1711 3029/2114/1712 
f 3082/2168/1765 3081/2167/1764 3029/2114/1712 3030/2115/1713 
f 3083/2169/1766 3082/2168/1765 3030/2115/1713 3031/2116/1714 
f 3084/2170/1767 3083/2169/1766 3031/2116/1714 3032/2117/1715 
f 3085/2171/1768 3084/2170/1767 3032/2117/1715 3033/2118/1716 
f 3086/2172/1769 3085/2171/1768 3033/2118/1716 3034/2119/1717 
f 3087/2173/1770 3086/2172/1769 3034/2119/1717 3035/2120/1718 
f 3088/2174/1771 3087/2173/1770 3035/2120/1718 3036/2121/1719 
f 3089/2175/1772 3088/2174/1771 3036/2121/1719 3037/2122/1720 
f 3090/2176/1773 3089/2175/1772 3037/2122/1720 3038/2123/1721 
f 3091/2177/1774 3090/2176/1773 3038/2123/1721 3039/2124/1722 
f 3092/2178/1775 3091/2177/1774 3039/2124/1722 3040/2125/1723 
f 3093/2179/1776 3092/2178/1775 3040/2125/1723 3041/2126/1724 
f 3094/2180/1777 3093/2179/1776 3041/2126/1724 3042/2127/1725 
f 3095/2181/1778 3094/2180/1777 3042/2127/1725 3043/2128/1726 
f 3096/2182/1779 3095/2181/1778 3043/2128/1726 3044/2129/1727 
f 3097/2183/1780 3096/2182/1779 3044/2129/1727 3045/2130/1728 
f 3047/2184/1730 3097/2183/1780 3045/2130/1728 2995/2131/1678 
f 3098/2185/1781 3099/2186/1782 3047/2133/1730 3046/2132/1729 
f 3100/2187/1783 3098/2185/1781 3046/2132/1729 3048/2134/1731 
f 3101/2188/1784 3100/2187/1783 3048/2134/1731 3049/2135/1732 
f 3102/2189/1785 3101/2188/1784 3049/2135/1732 3050/2136/1733 
f 3103/2190/1786 3102/2189/1785 3050/2136/1733 3051/2137/1734 
f 3104/2191/1787 3103/2190/1786 3051/2137/1734 3052/2138/1735 
f 3105/2192/1788 3104/2191/1787 3052/2138/1735 3053/2139/1736 
f 3106/2193/1789 3105/2192/1788 3053/2139/1736 3054/2140/1737 
f 3107/2194/1790 3106/2193/1789 3054/2140/1737 3055/2141/1738 
f 3108/2195/1791 3107/2194/1790 3055/2141/1738 3056/2142/1739 
f 3109/2196/1792 3108/2195/1791 3056/2142/1739 3057/2143/1740 
f 3110/2197/1793 3109/2196/1792 3057/2143/1740 3058/2144/1741 
f 3111/2198/1794 3110/2197/1793 3058/2144/1741 3059/2145/1742 
f 3112/2199/1795 3111/2198/1794 3059/2145/1742 3060/2146/1743 
f 3113/2200/1796 3112/2199/1795 3060/2146/1743 3061/2147/1744 
f 3114/2201/1797 3113/2200/1796 3061/2147/1744 3062/2148/1745 
f 3115/2202/1798 3114/2201/1797 3062/2148/1745 3063/2149/1746 
f 3116/2203/1799 3115/2202/1798 3063/2149/1746 3064/2150/1747 
f 3117/2204/1800 3116/2203/1799 3064/2150/1747 3065/2151/1748 
f 3118/2205/1801 3117/2204/1800 3065/2151/1748 3066/2152/1749 
f 3119/2206/1802 3118/2205/1801 3066/2152/1749 3067/2153/1750 
f 3120/2207/1803 3119/2206/1802 3067/2153/1750 3068/2154/1751 
f 3121/2208/1804 3120/2207/1803 3068/2154/1751 3069/2155/1752 
f 3122/2209/1805 3121/2208/1804 3069/2155/1752 3070/2156/1753 
f 3123/2210/1806 3122/2209/1805 3070/2156/1753 3071/2157/1754 
f 3124/2211/1807 3123/2210/1806 3071/2157/1754 3072/2158/1755 
f 3125/2212/1808 3124/2211/1807 3072/2158/1755 3073/2159/1756 
f 3126/2213/1809 3125/2212/1808 3073/2159/1756 3074/2160/1757 
f 3127/2214/1810 3126/2213/1809 3074/2160/1757 3075/2161/1758 
f 3128/2215/1811 3127/2214/1810 3075/2161/1758 3076/2162/1759 
f 3129/2216/1812 3128/2215/1811 3076/2162/1759 3077/2163/1760 
f 3130/2217/1813 3129/2216/1812 3077/2163/1760 3078/2164/1761 
f 3131/2218/1814 3130/2217/1813 3078/2164/1761 3079/2165/1762 
f 3132/2219/1815 3131/2218/1814 3079/2165/1762 3080/2166/1763 
f 3133/2220/1816 3132/2219/1815 3080/2166/1763 3081/2167/1764 
f 3134/2221/1817 3133/2220/1816 3081/2167/1764 3082/2168/1765 
f 3135/2222/1818 3134/2221/1817 3082/2168/1765 3083/2169/1766 
f 3136/2223/1819 3135/2222/1818 3083/2169/1766 3084/2170/1767 
f 3137/2224/1820 3136/2223/1819 3084/2170/1767 3085/2171/1768 
f 3138/2225/1821 3137/2224/1820 3085/2171/1768 3086/2172/1769 
f 3139/2226/1822 3138/2225/1821 3086/2172/1769 3087/2173/1770 
f 3140/2227/1823 3139/2226/1822 3087/2173/1770 3088/2174/1771 
f 3141/2228/1824 3140/2227/1823 3088/2174/1771 3089/2175/1772 
f 3142/2229/1825 3141/2228/1824 3089/2175/1772 3090/2176/1773 
f 3143/2230/1826 3142/2229/1825 3090/2176/1773 3091/2177/1774 
f 3144/2231/1827 3143/2230/1826 3091/2177/1774 3092/2178/1775 
f 3145/2232/1828 3144/2231/1827 3092/2178/1775 3093/2179/1776 
f 3146/2233/1829 3145/2232/1828 3093/2179/1776 3094/2180/1777 
f 3147/2234/1830 3146/2233/1829 3094/2180/1777 3095/2181/1778 
f 3148/2235/1831 3147/2234/1830 3095/2181/1778 3096/2182/1779 
f 3149/2236/1832 3148/2235/1831 3096/2182/1779 3097/2183/1780 
f 3099/2237/1782 3149/2236/1832 3097/2183/1780 3047/2184/1730 
f 3150/2238/1833 3151/2239/1834 3099/2186/1782 3098/2185/1781 
f 3152/2240/1835 3150/2238/1833 3098/2185/1781 3100/2187/1783 
f 3153/2241/1836 3152/2240/1835 3100/2187/1783 3101/2188/1784 
f 3154/2242/1837 3153/2241/1836 3101/2188/1784 3102/2189/1785 
f 3155/2243/1838 3154/2242/1837 3102/2189/1785 3103/2190/1786 
f 3156/2244/1839 3155/2243/1838 3103/2190/1786 3104/2191/1787 
f 3157/2245/1840 3156/2244/1839 3104/2191/1787 3105/2192/1788 
f 3158/2246/1841 3157/2245/1840 3105/2192/1788 3106/2193/1789 
f 3159/2247/1842 3158/2246/1841 3106/2193/1789 3107/2194/1790 
f 3160/2248/1843 3159/2247/1842 3107/2194/1790 3108/2195/1791 
f 3161/2249/1844 3160/2248/1843 3108/2195/1791 3109/2196/1792 
f 3162/2250/1845 3161/2249/1844 3109/2196/1792 3110/2197/1793 
f 3163/2251/1846 3162/2250/1845 3110/2197/1793 3111/2198/1794 
f 3164/2252/1847 3163/2251/1846 3111/2198/1794 3112/2199/1795 
f 3165/2253/1848 3164/2252/1847 3112/2199/1795 3113/2200/1796 
f 3166/2254/1849 3165/2253/1848 3113/2200/1796 3114/2201/1797 
f 3167/2255/1850 3166/2254/1849 3114/2201/1797 3115/2202/1798 
f 3168/2256/1851 3167/2255/1850 3115/2202/1798 3116/2203/1799 
f 3169/2257/1852 3168/2256/1851 3116/2203/1799 3117/2204/1800 
f 3170/2258/1853 3169/2257/1852 3117/2204/1800 3118/2205/1801 
f 3171/2259/1854 3170/2258/1853 3118/2205/1801 3119/2206/1802 
f 3172/2260/1855 3171/2259/1854 3119/2206/1802 3120/2207/1803 
f 3173/2261/1856 3172/2260/1855 3120/2207/1803 3121/2208/1804 
f 3174/2262/1857 3173/2261/1856 3121/2208/1804 3122/2209/1805 
f 3175/2263/1858 3174/2262/1857 3122/2209/1805 3123/2210/1806 
f 3176/2264/1859 3175/2263/1858 3123/2210/1806 3124/2211/1807 
f 3177/2265/1860 3176/2264/1859 3124/2211/1807 3125/2212/1808 
f 3178/2266/1861 3177/2265/1860 3125/2212/1808 3126/2213/1809 
f 3179/2267/1862 3178/2266/1861 3126/2213/1809 3127/2214/1810 
f 3180/2268/1863 3179/2267/1862 3127/2214/1810 3128/2215/1811 
f 3181/2269/1864 3180/2268/1863 3128/2215/1811 3129/2216/1812 
f 3182/2270/1865 3181/2269/1864 3129/2216/1812 3130/2217/1813 
f 3183/2271/1866 3182/2270/1865 3130/2217/1813 3131/2218/1814 
f 3184/2272/1867 3183/2271/1866 3131/2218/1814 3132/2219/1815 
f 3185/2273/1868 3184/2272/1867 3132/2219/1815 3133/2220/1816 
f 3186/2274/1869 3185/2273/1868 3133/2220/1816 3134/2221/1817 
f 3187/2275/1870 3186/2274/1869 3134/2221/1817 3135/2222/1818 
f 3188/2276/1871 3187/2275/1870 3135/2222/1818 3136/2223/1819 
f 3189/2277/1872 3188/2276/1871 3136/2223/1819 3137/2224/1820 
f 3190/2278/1873 3189/2277/1872 3137/2224/1820 3138/2225/1821 
f 3191/2279/1874 3190/2278/1873 3138/2225/1821 3139/2226/1822 
f 3192/2280/1875 3191/2279/1874 3139/2226/1822 3140/2227/1823 
f 3193/2281/1876 3192/2280/1875 3140/2227/1823 3141/2228/1824 
f 3194/2282/1877 3193/2281/1876 3141/2228/1824 3142/2229/1825 
f 3195/2283/1878 3194/2282/1877 3142/2229/1825 3143/2230/1826 
f 3196/2284/1879 3195/2283/1878 3143/2230/1826 3144/2231/1827 
f 3197/2285/1880 3196/2284/1879 3144/2231/1827 3145/2232/1828 
f 3198/2286/1881 3197/2285/1880 3145/2232/1828 3146/2233/1829 
f 3199/2287/1882 3198/2286/1881 3146/2233/1829 3147/2234/1830 
f 3200/2288/1883 3199/2287/1882 3147/2234/1830 3148/2235/1831 
f 3201/2289/1884 3200/2288/1883 3148/2235/1831 3149/2236/1832 
f 3151/2290/1834 3201/2289/1884 3149/2236/1832 3099/2237/1782 
f 3202/2291/1885 3151/2239/1834 3150/2238/1833 
f 3202/2292/1885 3150/2238/1833 3152/2240/1835 
f 3202/2293/1885 3152/2240/1835 3153/2241/1836 
f 3202/2294/1885 3153/2241/1836 3154/2242/1837 
f 3202/2295/1885 3154/2242/1837 3155/2243/1838 
f 3202/2296/1885 3155/2243/1838 3156/2244/1839 
f 3202/2297/1885 3156/2244/1839 3157/2245/1840 
f 3202/2298/1885 3157/2245/1840 3158/2246/1841 
f 3202/2299/1885 3158/2246/1841 3159/2247/1842 
f 3202/2300/1885 3159/2247/1842 3160/2248/1843 
f 3202/2301/1885 3160/2248/1843 3161/2249/1844 
f 3202/2302/1885 3161/2249/1844 3162/2250/1845 
f 3202/2303/1885 3162/2250/1845 3163/2251/1846 
f 3202/2304/1885 3163/2251/1846 3164/2252/1847 
f 3202/2305/1885 3164/2252/1847 3165/2253/1848 
f 3202/2306/1885 3165/2253/1848 3166/2254/1849 
f 3202/2307/1885 3166/2254/1849 3167/2255/1850 
f 3202/2308/1885 3167/2255/1850 3168/2256/1851 
f 3202/2309/1885 3168/2256/1851 3169/2257/1852 
f 3202/2310/1885 3169/2257/1852 3170/2258/1853 
f 3202/2311/1885 3170/2258/1853 3171/2259/1854 
f 3202/2312/1885 3171/2259/1854 3172/2260/1855 
f 3202/2313/1885 3172/2260/1855 3173/2261/1856 
f 3202/2314/1885 3173/2261/1856 3174/2262/1857 
f 3202/2315/1885 3174/2262/1857 3175/2263/1858 
f 3202/2316/1885 3175/2263/1858 3176/2264/1859 
f 3202/2317/1885 3176/2264/1859 3177/2265/1860 
f 3202/2318/1885 3177/2265/1860 3178/2266/1861 
f 3202/2319/1885 3178/2266/1861 3179/2267/1862 
f 3202/2320/1885 3179/2267/1862 3180/2268/1863 
f 3202/2321/1885 3180/2268/1863 3181/2269/1864 
f 3202/2322/1885 3181/2269/1864 3182/2270/1865 
f 3202/2323/1885 3182/2270/1865 3183/2271/1866 
f 3202/2324/1885 3183/2271/1866 3184/2272/1867 
f 3202/2325/1885 3184/2272/1867 3185/2273/1868 
f 3202/2326/1885 3185/2273/1868 3186/2274/1869 
f 3202/2327/1885 3186/2274/1869 3187/2275/1870 
f 3202/2328/1885 3187/2275/1870 3188/2276/1871 
f 3202/2329/1885 3188/2276/1871 3189/2277/1872 
f 3202/2330/1885 3189/2277/1872 3190/2278/1873 
f 3202/2331/1885 3190/2278/1873 3191/2279/1874 
f 3202/2332/1885 3191/2279/1874 3192/2280/1875 
f 3202/2333/1885 3192/2280/1875 3193/2281/1876 
f 3202/2334/1885 3193/2281/1876 3194/2282/1877 
f 3202/2335/1885 3194/2282/1877 3195/2283/1878 
f 3202/2336/1885 3195/2283/1878 3196/2284/1879 
f 3202/2337/1885 3196/2284/1879 3197/2285/1880 
f 3202/2338/1885 3197/2285/1880 3198/2286/1881 
f 3202/2339/1885 3198/2286/1881 3199/2287/1882 
f 3202/2340/1885 3199/2287/1882 3200/2288/1883 
f 3202/2341/1885 3200/2288/1883 3201/2289/1884 
f 3202/2342/1885 3201/2289/1884 3151/2290/1834 
f 3203/1602/1886 3204/1603/1887 3205/1604/1888 3206/1605/1889 
f 3207/1606/1890 3203/1602/1886 3206/1605/1889 3208/1607/1891 
f 3209/1608/1892 3207/1606/1890 3208/1607/1891 3210/1609/1893 
f 3211/1610/1894 3209/1608/1892 3210/1609/1893 3212/1611/1895 
f 3213/1612/1896 3211/1610/1894 3212/1611/1895 3214/1613/1897 
f 3215/1614/1898 3213/1612/1896 3214/1613/1897 3216/1615/1899 
f 3217/1616/1900 3215/1614/1898 3216/1615/1899 3218/1617/1901 
f 3219/1618/1902 3217/1616/1900 3218/1617/1901 3220/1619/1903 
f 3221/1620/1904 3219/1618/1902 3220/1619/1903 3222/1621/1905 
f 3223/1622/1906 3221/1620/1904 3222/1621/1905 3224/1623/1907 
f 3225/1624/1908 3223/1622/1906 3224/1623/1907 3226/1625/1909 
f 3227/1626/1910 3225/1624/1908 3226/1625/1909 3228/1627/1911 
f 3229/1628/1912 3227/1626/1910 3228/1627/1911 3230/1629/1913 
f 3231/1630/1914 3229/1628/1912 3230/1629/1913 3232/1631/1915 
f 3233/1632/1916 3231/1630/1914 3232/1631/1915 3234/1633/1917 
f 3235/1634/1918 3233/1632/1916 3234/1633/1917 3236/1635/1919 
f 3237/1636/1920 3235/1634/1918 3236/1635/1919 3238/1637/1921 
f 3239/1638/1922 3237/1636/1920 3238/1637/1921 3240/1639/1923 
f 3241/1640/1924 3239/1638/1922 3240/1639/1923 3242/1641/1925 
f 3243/1642/1926 3241/1640/1924 3242/1641/1925 3244/1643/1927 
f 3245/1644/1928 3243/1642/1926 3244/1643/1927 3246/1645/1929 
f 3247/1646/1930 3245/1644/1928 3246/1645/1929 3248/1647/1931 
f 3249/1648/1932 3247/1646/1930 3248/1647/1931 3250/1649/1933 
f 3251/1650/1934 3249/1648/1932 3250/1649/1933 3252/1651/1935 
f 3253/1652/1936 3251/1650/1934 3252/1651/1935 3254/1653/1937 
f 3255/1654/1938 3253/1652/1936 3254/1653/1937 3256/1655/1939 
f 3257/1656/1940 3255/1654/1938 3256/1655/1939 3258/1657/1941 
f 3259/1658/1942 3257/1656/1940 3258/1657/1941 3260/1659/1943 
f 3261/1660/1944 3259/1658/1942 3260/1659/1943 3262/1661/1945 
f 3263/1662/1946 3261/1660/1944 3262/1661/1945 3264/1663/1947 
f 3265/1664/1948 3263/1662/1946 3264/1663/1947 3266/1665/1949 
f 3267/1666/1950 3265/1664/1948 3266/1665/1949 3268/1667/1951 
f 3269/1668/1952 3267/1666/1950 3268/1667/1951 3270/1669/1953 
f 3271/1670/1954 3269/1668/1952 3270/1669/1953 3272/1671/1955 
f 3273/1672/1956 3271/1670/1954 3272/1671/1955 3274/1673/1957 
f 3275/1674/1958 3273/1672/1956 3274/1673/1957 3276/1675/1959 
f 3277/1676/1960 3275/1674/1958 3276/1675/1959 3278/1677/1961 
f 3279/1678/1962 3277/1676/1960 3278/1677/1961 3280/1679/1963 
f 3281/1680/1964 3279/1678/1962 3280/1679/1963 3282/1681/1965 
f 3283/1682/1966 3281/1680/1964 3282/1681/1965 3284/1683/1967 
f 3285/1684/1968 3283/1682/1966 3284/1683/1967 3286/1685/1969 
f 3287/1686/1970 3285/1684/1968 3286/1685/1969 3288/1687/1971 
f 3289/1688/1972 3287/1686/1970 3288/1687/1971 3290/1689/1973 
f 3291/1690/1974 3289/1688/1972 3290/1689/1973 3292/1691/1975 
f 3293/1692/1976 3291/1690/1974 3292/1691/1975 3294/1693/1977 
f 3295/1694/1978 3293/1692/1976 3294/1693/1977 3296/1695/1979 
f 3297/1696/1980 3295/1694/1978 3296/1695/1979 3298/1697/1981 
f 3299/1698/1982 3297/1696/1980 3298/1697/1981 3300/1699/1983 
f 3301/1700/1984 3299/1698/1982 3300/1699/1983 3302/1701/1985 
f 3303/1702/1986 3301/1700/1984 3302/1701/1985 3304/1703/1987 
f 3305/1704/1988 3303/1702/1986 3304/1703/1987 3306/1705/1989 
f 3204/1706/1887 3305/1704/1988 3306/1705/1989 3205/1707/1888 
f 3307/1708/1990 3308/1709/1991 3204/1603/1887 3203/1602/1886 
f 3309/1710/1992 3307/1708/1990 3203/1602/1886 3207/1606/1890 
f 3310/1711/1993 3309/1710/1992 3207/1606/1890 3209/1608/1892 
f 3311/1712/1994 3310/1711/1993 3209/1608/1892 3211/1610/1894 
f 3312/1713/1995 3311/1712/1994 3211/1610/1894 3213/1612/1896 
f 3313/1714/1996 3312/1713/1995 3213/1612/1896 3215/1614/1898 
f 3314/1715/1997 3313/1714/1996 3215/1614/1898 3217/1616/1900 
f 3315/1716/1998 3314/1715/1997 3217/1616/1900 3219/1618/1902 
f 3316/1717/1999 3315/1716/1998 3219/1618/1902 3221/1620/1904 
f 3317/1718/2000 3316/1717/1999 3221/1620/1904 3223/1622/1906 
f 3318/1719/2001 3317/1718/2000 3223/1622/1906 3225/1624/1908 
f 3319/1720/2002 3318/1719/2001 3225/1624/1908 3227/1626/1910 
f 3320/1721/2003 3319/1720/2002 3227/1626/1910 3229/1628/1912 
f 3321/1722/2004 3320/1721/2003 3229/1628/1912 3231/1630/1914 
f 3322/1723/2005 3321/1722/2004 3231/1630/1914 3233/1632/1916 
f 3323/1724/2006 3322/1723/2005 3233/1632/1916 3235/1634/1918 
f 3324/1725/2007 3323/1724/2006 3235/1634/1918 3237/1636/1920 
f 3325/1726/2008 3324/1725/2007 3237/1636/1920 3239/1638/1922 
f 3326/1727/2009 3325/1726/2008 3239/1638/1922 3241/1640/1924 
f 3327/1728/2010 3326/1727/2009 3241/1640/1924 3243/1642/1926 
f 3328/1729/2011 3327/1728/2010 3243/1642/1926 3245/1644/1928 
f 3329/1730/2012 3328/1729/2011 3245/1644/1928 3247/1646/1930 
f 3330/1731/2013 3329/1730/2012 3247/1646/1930 3249/1648/1932 
f 3331/1732/2014 3330/1731/2013 3249/1648/1932 3251/1650/1934 
f 3332/1733/2015 3331/1732/2014 3251/1650/1934 3253/1652/1936 
f 3333/1734/2016 3332/1733/2015 3253/1652/1936 3255/1654/1938 
f 3334/1735/2017 3333/1734/2016 3255/1654/1938 3257/1656/1940 
f 3335/1736/2018 3334/1735/2017 3257/1656/1940 3259/1658/1942 
f 3336/1737/2019 3335/1736/2018 3259/1658/1942 3261/1660/1944 
f 3337/1738/2020 3336/1737/2019 3261/1660/1944 3263/1662/1946 
f 3338/1739/2021 3337/1738/2020 3263/1662/1946 3265/1664/1948 
f 3339/1740/2022 3338/1739/2021 3265/1664/1948 3267/1666/1950 
f 3340/1741/2023 3339/1740/2022 3267/1666/1950 3269/1668/1952 
f 3341/1742/2024 3340/1741/2023 3269/1668/1952 3271/1670/1954 
f 3342/1743/2025 3341/1742/2024 3271/1670/1954 3273/1672/1956 
f 3343/1744/2026 3342/1743/2025 3273/1672/1956 3275/1674/1958 
f 3344/1745/2027 3343/1744/2026 3275/1674/1958 3277/1676/1960 
f 3345/1746/2028 3344/1745/2027 3277/1676/1960 3279/1678/1962 
f 3346/1747/2029 3345/1746/2028 3279/1678/1962 3281/1680/1964 
f 3347/1748/2030 3346/1747/2029 3281/1680/1964 3283/1682/1966 
f 3348/1749/2031 3347/1748/2030 3283/1682/1966 3285/1684/1968 
f 3349/1750/2032 3348/1749/2031 3285/1684/1968 3287/1686/1970 
f 3350/1751/2033 3349/1750/2032 3287/1686/1970 3289/1688/1972 
f 3351/1752/2034 3350/1751/2033 3289/1688/1972 3291/1690/1974 
f 3352/1753/2035 3351/1752/2034 3291/1690/1974 3293/1692/1976 
f 3353/1754/2036 3352/1753/2035 3293/1692/1976 3295/1694/1978 
f 3354/1755/2037 3353/1754/2036 3295/1694/1978 3297/1696/1980 
f 3355/1756/2038 3354/1755/2037 3297/1696/1980 3299/1698/1982 
f 3356/1757/2039 3355/1756/2038 3299/1698/1982 3301/1700/1984 
f 3357/1758/2040 3356/1757/2039 3301/1700/1984 3303/1702/1986 
f 3358/1759/2041 3357/1758/2040 3303/1702/1986 3305/1704/1988 
f 3308/1760/1991 3358/1759/2041 3305/1704/1988 3204/1706/1887 
f 3359/1761/2042 3360/1762/2043 3308/1709/1991 3307/1708/1990 
f 3361/1763/2044 3359/1761/2042 3307/1708/1990 3309/1710/1992 
f 3362/1764/2045 3361/1763/2044 3309/1710/1992 3310/1711/1993 
f 3363/1765/2046 3362/1764/2045 3310/1711/1993 3311/1712/1994 
f 3364/1766/2047 3363/1765/2046 3311/1712/1994 3312/1713/1995 
f 3365/1767/2048 3364/1766/2047 3312/1713/1995 3313/1714/1996 
f 3366/1768/2049 3365/1767/2048 3313/1714/1996 3314/1715/1997 
f 3367/1769/2050 3366/1768/2049 3314/1715/1997 3315/1716/1998 
f 3368/1770/2051 3367/1769/2050 3315/1716/1998 3316/1717/1999 
f 3369/1771/2052 3368/1770/2051 3316/1717/1999 3317/1718/2000 
f 3370/1772/2053 3369/1771/2052 3317/1718/2000 3318/1719/2001 
f 3371/1773/2054 3370/1772/2053 3318/1719/2001 3319/1720/2002 
f 3372/1774/2055 3371/1773/2054 3319/1720/2002 3320/1721/2003 
f 3373/1775/2056 3372/1774/2055 3320/1721/2003 3321/1722/2004 
f 3374/1776/2057 3373/1775/2056 3321/1722/2004 3322/1723/2005 
f 3375/1777/2058 3374/1776/2057 3322/1723/2005 3323/1724/2006 
f 3376/1778/2059 3375/1777/2058 3323/1724/2006 3324/1725/2007 
f 3377/1779/2060 3376/1778/2059 3324/1725/2007 3325/1726/2008 
f 3378/1780/2061 3377/1779/2060 3325/1726/2008 3326/1727/2009 
f 3379/1781/2062 3378/1780/2061 3326/1727/2009 3327/1728/2010 
f 3380/1782/2063 3379/1781/2062 3327/1728/2010 3328/1729/2011 
f 3381/1783/2064 3380/1782/2063 3328/1729/2011 3329/1730/2012 
f 3382/1784/2065 3381/1783/2064 3329/1730/2012 3330/1731/2013 
f 3383/1785/2066 3382/1784/2065 3330/1731/2013 3331/1732/2014 
f 3384/1786/2067 3383/1785/2066 3331/1732/2014 3332/1733/2015 
f 3385/1787/2068 3384/1786/2067 3332/1733/2015 3333/1734/2016 
f 3386/1788/2069 3385/1787/2068 3333/1734/2016 3334/1735/2017 
f 3387/1789/2070 3386/1788/2069 3334/1735/2017 3335/1736/2018 
f 3388/1790/2071 3387/1789/2070 3335/1736/2018 3336/1737/2019 
f 3389/1791/2072 3388/1790/2071 3336/1737/2019 3337/1738/2020 
f 3390/1792/2073 3389/1791/2072 3337/1738/2020 3338/1739/2021 
f 3391/1793/2074 3390/1792/2073 3338/1739/2021 3339/1740/2022 
f 3392/1794/2075 3391/1793/2074 3339/1740/2022 3340/1741/2023 
f 3393/1795/2076 3392/1794/2075 3340/1741/2023 3341/1742/2024 
f 3394/1796/2077 3393/1795/2076 3341/1742/2024 3342/1743/2025 
f 3395/1797/2078 3394/1796/2077 3342/1743/2025 3343/1744/2026 
f 3396/1798/2079 3395/1797/2078 3343/1744/2026 3344/1745/2027 
f 3397/1799/2080 3396/1798/2079 3344/1745/2027 3345/1746/2028 
f 3398/1800/2081 3397/1799/2080 3345/1746/2028 3346/1747/2029 
f 3399/1801/2082 3398/1800/2081 3346/1747/2029 3347/1748/2030 
f 3400/1802/2083 3399/1801/2082 3347/1748/2030 3348/1749/2031 
f 3401/1803/2084 3400/1802/2083 3348/1749/2031 3349/1750/2032 
f 3402/1804/2085 3401/1803/2084 3349/1750/2032 3350/1751/2033 
f 3403/1805/2086 3402/1804/2085 3350/1751/2033 3351/1752/2034 
f 3404/1806/2087 3403/1805/2086 3351/1752/2034 3352/1753/2035 
f 3405/1807/2088 3404/1806/2087 3352/1753/2035 3353/1754/2036 
f 3406/1808/2089 3405/1807/2088 3353/1754/2036 3354/1755/2037 
f 3407/1809/2090 3406/1808/2089 3354/1755/2037 3355/1756/2038 
f 3408/1810/2091 3407/1809/2090 3355/1756/2038 3356/1757/2039 
f 3409/1811/2092 3408/1810/2091 3356/1757/2039 3357/1758/2040 
f 3410/1812/2093 3409/1811/2092 3357/1758/2040 3358/1759/2041 
f 3360/1813/2043 3410/1812/2093 3358/1759/2041 3308/1760/1991 
f 3411/1814/2094 3412/1815/2095 3360/1762/2043 3359/1761/2042 
f 3413/1816/2096 3411/1814/2094 3359/1761/2042 3361/1763/2044 
f 3414/1817/2097 3413/1816/2096 3361/1763/2044 3362/1764/2045 
f 3415/1818/2098 3414/1817/2097 3362/1764/2045 3363/1765/2046 
f 3416/1819/2099 3415/1818/2098 3363/1765/2046 3364/1766/2047 
f 3417/1820/2100 3416/1819/2099 3364/1766/2047 3365/1767/2048 
f 3418/1821/2101 3417/1820/2100 3365/1767/2048 3366/1768/2049 
f 3419/1822/2102 3418/1821/2101 3366/1768/2049 3367/1769/2050 
f 3420/1823/2103 3419/1822/2102 3367/1769/2050 3368/1770/2051 
f 3421/1824/2104 3420/1823/2103 3368/1770/2051 3369/1771/2052 
f 3422/1825/2105 3421/1824/2104 3369/1771/2052 3370/1772/2053 
f 3423/1826/2106 3422/1825/2105 3370/1772/2053 3371/1773/2054 
f 3424/1827/2107 3423/1826/2106 3371/1773/2054 3372/1774/2055 
f 3425/1828/2108 3424/1827/2107 3372/1774/2055 3373/1775/2056 
f 3426/1829/2109 3425/1828/2108 3373/1775/2056 3374/1776/2057 
f 3427/1830/2110 3426/1829/2109 3374/1776/2057 3375/1777/2058 
f 3428/1831/2111 3427/1830/2110 3375/1777/2058 3376/1778/2059 
f 3429/1832/2112 3428/1831/2111 3376/1778/2059 3377/1779/2060 
f 3430/1833/2113 3429/1832/2112 3377/1779/2060 3378/1780/2061 
f 3431/1834/2114 3430/1833/2113 3378/1780/2061 3379/1781/2062 
f 3432/1835/2115 3431/1834/2114 3379/1781/2062 3380/1782/2063 
f 3433/1836/2116 3432/1835/2115 3380/1782/2063 3381/1783/2064 
f 3434/1837/2117 3433/1836/2116 3381/1783/2064 3382/1784/2065 
f 3435/1838/2118 3434/1837/2117 3382/1784/2065 3383/1785/2066 
f 3436/1839/2119 3435/1838/2118 3383/1785/2066 3384/1786/2067 
f 3437/1840/2120 3436/1839/2119 3384/1786/2067 3385/1787/2068 
f 3438/1841/2121 3437/1840/2120 3385/1787/2068 3386/1788/2069 
f 3439/1842/2122 3438/1841/2121 3386/1788/2069 3387/1789/2070 
f 3440/1843/2123 3439/1842/2122 3387/1789/2070 3388/1790/2071 
f 3441/1844/2124 3440/1843/2123 3388/1790/2071 3389/1791/2072 
f 3442/1845/2125 3441/1844/2124 3389/1791/2072 3390/1792/2073 
f 3443/1846/2126 3442/1845/2125 3390/1792/2073 3391/1793/2074 
f 3444/1847/2127 3443/1846/2126 3391/1793/2074 3392/1794/2075 
f 3445/1848/2128 3444/1847/2127 3392/1794/2075 3393/1795/2076 
f 3446/1849/2129 3445/1848/2128 3393/1795/2076 3394/1796/2077 
f 3447/1850/2130 3446/1849/2129 3394/1796/2077 3395/1797/2078 
f 3448/1851/2131 3447/1850/2130 3395/1797/2078 3396/1798/2079 
f 3449/1852/2132 3448/1851/2131 3396/1798/2079 3397/1799/2080 
f 3450/1853/2133 3449/1852/2132 3397/1799/2080 3398/1800/2081 
f 3451/1854/2134 3450/1853/2133 3398/1800/2081 3399/1801/2082 
f 3452/1855/2135 3451/1854/2134 3399/1801/2082 3400/1802/2083 
f 3453/1856/2136 3452/1855/2135 3400/1802/2083 3401/1803/2084 
f 3454/1857/2137 3453/1856/2136 3401/1803/2084 3402/1804/2085 
f 3455/1858/2138 3454/1857/2137 3402/1804/2085 3403/1805/2086 
f 3456/1859/2139 3455/1858/2138 3403/1805/2086 3404/1806/2087 
f 3457/1860/2140 3456/1859/2139 3404/1806/2087 3405/1807/2088 
f 3458/1861/2141 3457/1860/2140 3405/1807/2088 3406/1808/2089 
f 3459/1862/2142 3458/1861/2141 3406/1808/2089 3407/1809/2090 
f 3460/1863/2143 3459/1862/2142 3407/1809/2090 3408/1810/2091 
f 3461/1864/2144 3460/1863/2143 3408/1810/2091 3409/1811/2092 
f 3462/1865/2145 3461/1864/2144 3409/1811/2092 3410/1812/2093 
f 3412/1866/2095 3462/1865/2145 3410/1812/2093 3360/1813/2043 
f 3463/1867/2146 3464/1868/2147 3412/1815/2095 3411/1814/2094 
f 3465/1869/2148 3463/1867/2146 3411/1814/2094 3413/1816/2096 
f 3466/1870/2149 3465/1869/2148 3413/1816/2096 3414/1817/2097 
f 3467/1871/2150 3466/1870/2149 3414/1817/2097 3415/1818/2098 
f 3468/1872/2151 3467/1871/2150 3415/1818/2098 3416/1819/2099 
f 3469/1873/2152 3468/1872/2151 3416/1819/2099 3417/1820/2100 
f 3470/1874/2153 3469/1873/2152 3417/1820/2100 3418/1821/2101 
f 3471/1875/2154 3470/1874/2153 3418/1821/2101 3419/1822/2102 
f 3472/1876/2155 3471/1875/2154 3419/1822/2102 3420/1823/2103 
f 3473/1877/2156 3472/1876/2155 3420/1823/2103 3421/1824/2104 
f 3474/1878/2157 3473/1877/2156 3421/1824/2104 3422/1825/2105 
f 3475/1879/2158 3474/1878/2157 3422/1825/2105 3423/1826/2106 
f 3476/1880/2159 3475/1879/2158 3423/1826/2106 3424/1827/2107 
f 3477/1881/2160 3476/1880/2159 3424/1827/2107 3425/1828/2108 
f 3478/1882/2161 3477/1881/2160 3425/1828/2108 3426/1829/2109 
f 3479/1883/2162 3478/1882/2161 3426/1829/2109 3427/1830/2110 
f 3480/1884/2163 3479/1883/2162 3427/1830/2110 3428/1831/2111 
f 3481/1885/2164 3480/1884/2163 3428/1831/2111 3429/1832/2112 
f 3482/1886/2165 3481/1885/2164 3429/1832/2112 3430/1833/2113 
f 3483/1887/2166 3482/1886/2165 3430/1833/2113 3431/1834/2114 
f 3484/1888/2167 3483/1887/2166 3431/1834/2114 3432/1835/2115 
f 3485/1889/2168 3484/1888/2167 3432/1835/2115 3433/1836/2116 
f 3486/1890/2169 3485/1889/2168 3433/1836/2116 3434/1837/2117 
f 3487/1891/2170 3486/1890/2169 3434/1837/2117 3435/1838/2118 
f 3488/1892/2171 3487/1891/2170 3435/1838/2118 3436/1839/2119 
f 3489/1893/2172 3488/1892/2171 3436/1839/2119 3437/1840/2120 
f 3490/1894/2173 3489/1893/2172 3437/1840/2120 3438/1841/2121 
f 3491/1895/2174 3490/1894/2173 3438/1841/2121 3439/1842/2122 
f 3492/1896/2175 3491/1895/2174 3439/1842/2122 3440/1843/2123 
f 3493/1897/2176 3492/1896/2175 3440/1843/2123 3441/1844/2124 
f 3494/1898/2177 3493/1897/2176 3441/1844/2124 3442/1845/2125 
f 3495/1899/2178 3494/1898/2177 3442/1845/2125 3443/1846/2126 
f 3496/1900/2179 3495/1899/2178 3443/1846/2126 3444/1847/2127 
f 3497/1901/2180 3496/1900/2179 3444/1847/2127 3445/1848/2128 
f 3498/1902/2181 3497/1901/2180 3445/1848/2128 3446/1849/2129 
f 3499/1903/2182 3498/1902/2181 3446/1849/2129 3447/1850/2130 
f 3500/1904/2183 3499/1903/2182 3447/1850/2130 3448/1851/2131 
f 3501/1905/2184 3500/1904/2183 3448/1851/2131 3449/1852/2132 
f 3502/1906/2185 3501/1905/2184 3449/1852/2132 3450/1853/2133 
f 3503/1907/2186 3502/1906/2185 3450/1853/2133 3451/1854/2134 
f 3504/1908/2187 3503/1907/2186 3451/1854/2134 3452/1855/2135 
f 3505/1909/2188 3504/1908/2187 3452/1855/2135 3453/1856/2136 
f 3506/1910/2189 3505/1909/2188 3453/1856/2136 3454/1857/2137 
f 3507/1911/2190 3506/1910/2189 3454/1857/2137 3455/1858/2138 
f 3508/1912/2191 3507/1911/2190 3455/1858/2138 3456/1859/2139 
f 3509/1913/2192 3508/1912/2191 3456/1859/2139 3457/1860/2140 
f 3510/1914/2193 3509/1913/2192 3457/1860/2140 3458/1861/2141 
f 3511/1915/2194 3510/1914/2193 3458/1861/2141 3459/1862/2142 
f 3512/1916/2195 3511/1915/2194 3459/1862/2142 3460/1863/2143 
f 3513/1917/2196 3512/1916/2195 3460/1863/2143 3461/1864/2144 
f 3514/1918/2197 3513/1917/2196 3461/1864/2144 3462/1865/2145 
f 3464/1919/2147 3514/1918/2197 3462/1865/2145 3412/1866/2095 
f 3515/1920/2198 3516/1921/2199 3464/1868/2147 3463/1867/2146 
f 3517/1922/2200 3515/1920/2198 3463/1867/2146 3465/1869/2148 
f 3518/1923/2201 3517/1922/2200 3465/1869/2148 3466/1870/2149 
f 3519/1924/2202 3518/1923/2201 3466/1870/2149 3467/1871/2150 
f 3520/1925/2203 3519/1924/2202 3467/1871/2150 3468/1872/2151 
f 3521/1926/2204 3520/1925/2203 3468/1872/2151 3469/1873/2152 
f 3522/1927/2205 3521/1926/2204 3469/1873/2152 3470/1874/2153 
f 3523/1928/2206 3522/1927/2205 3470/1874/2153 3471/1875/2154 
f 3524/1929/2207 3523/1928/2206 3471/1875/2154 3472/1876/2155 
f 3525/1930/2208 3524/1929/2207 3472/1876/2155 3473/1877/2156 
f 3526/1931/2209 3525/1930/2208 3473/1877/2156 3474/1878/2157 
f 3527/1932/2210 3526/1931/2209 3474/1878/2157 3475/1879/2158 
f 3528/1933/2211 3527/1932/2210 3475/1879/2158 3476/1880/2159 
f 3529/1934/2212 3528/1933/2211 3476/1880/2159 3477/1881/2160 
f 3530/1935/2213 3529/1934/2212 3477/1881/2160 3478/1882/2161 
f 3531/1936/2214 3530/1935/2213 3478/1882/2161 3479/1883/2162 
f 3532/1937/2215 3531/1936/2214 3479/1883/2162 3480/1884/2163 
f 3533/1938/2216 3532/1937/2215 3480/1884/2163 3481/1885/2164 
f 3534/1939/2217 3533/1938/2216 3481/1885/2164 3482/1886/2165 
f 3535/1940/2218 3534/1939/2217 3482/1886/2165 3483/1887/2166 
f 3536/1941/2219 3535/1940/2218 3483/1887/2166 3484/1888/2167 
f 3537/1942/2220 3536/1941/2219 3484/1888/2167 3485/1889/2168 
f 3538/1943/2221 3537/1942/2220 3485/1889/2168 3486/1890/2169 
f 3539/1944/2222 3538/1943/2221 3486/1890/2169 3487/1891/2170 
f 3540/1945/2223 3539/1944/2222 3487/1891/2170 3488/1892/2171 
f 3541/1946/2224 3540/1945/2223 3488/1892/2171 3489/1893/2172 
f 3542/1947/2225 3541/1946/2224 3489/1893/2172 3490/1894/2173 
f 3543/1948/2226 3542/1947/2225 3490/1894/2173 3491/1895/2174 
f 3544/1949/2227 3543/1948/2226 3491/1895/2174 3492/1896/2175 
f 3545/1950/2228 3544/1949/2227 3492/1896/2175 3493/1897/2176 
f 3546/1951/2229 3545/1950/2228 3493/1897/2176 3494/1898/2177 
f 3547/1952/2230 3546/1951/2229 3494/1898/2177 3495/1899/2178 
f 3548/1953/2231 3547/1952/2230 3495/1899/2178 3496/1900/2179 
f 3549/1954/2232 3548/1953/2231 3496/1900/2179 3497/1901/2180 
f 3550/1955/2233 3549/1954/2232 3497/1901/2180 3498/1902/2181 
f 3551/1956/2234 3550/1955/2233 3498/1902/2181 3499/1903/2182 
f 3552/1957/2235 3551/1956/2234 3499/1903/2182 3500/1904/2183 
f 3553/1958/2236 3552/1957/2235 3500/1904/2183 3501/1905/2184 
f 3554/1959/2237 3553/1958/2236 3501/1905/2184 3502/1906/2185 
f 3555/1960/2238 3554/1959/2237 3502/1906/2185 3503/1907/2186 
f 3556/1961/2239 3555/1960/2238 3503/1907/2186 3504/1908/2187 
f 3557/1962/2240 3556/1961/2239 3504/1908/2187 3505/1909/2188 
f 3558/1963/2241 3557/1962/2240 3505/1909/2188 3506/1910/2189 
f 3559/1964/2242 3558/1963/2241 3506/1910/2189 3507/1911/2190 
f 3560/1965/2243 3559/1964/2242 3507/1911/2190 3508/1912/2191 
f 3561/1966/2244 3560/1965/2243 3508/1912/2191 3509/1913/2192 
f 3562/1967/2245 3561/1966/2244 3509/1913/2192 3510/1914/2193 
f 3563/1968/2246 3562/1967/2245 3510/1914/2193 3511/1915/2194 
f 3564/1969/2247 3563/1968/2246 3511/1915/2194 3512/1916/2195 
f 3565/1970/2248 3564/1969/2247 3512/1916/2195 3513/1917/2196 
f 3566/1971/2249 3565/1970/2248 3513/1917/2196 3514/1918/2197 
f 3516/1972/2199 3566/1971/2249 3514/1918/2197 3464/1919/2147 
f 3567/1973/2250 3568/1974/2251 3516/1921/2199 3515/1920/2198 
f 3569/1975/2252 3567/1973/2250 3515/1920/2198 3517/1922/2200 
f 3570/1976/2253 3569/1975/2252 3517/1922/2200 3518/1923/2201 
f 3571/1977/2254 3570/1976/2253 3518/1923/2201 3519/1924/2202 
f 3572/1978/2255 3571/1977/2254 3519/1924/2202 3520/1925/2203 
f 3573/1979/2256 3572/1978/2255 3520/1925/2203 3521/1926/2204 
f 3574/1980/2257 3573/1979/2256 3521/1926/2204 3522/1927/2205 
f 3575/1981/2258 3574/1980/2257 3522/1927/2205 3523/1928/2206 
f 3576/1982/2259 3575/1981/2258 3523/1928/2206 3524/1929/2207 
f 3577/1983/2260 3576/1982/2259 3524/1929/2207 3525/1930/2208 
f 3578/1984/2261 3577/1983/2260 3525/1930/2208 3526/1931/2209 
f 3579/1985/2262 3578/1984/2261 3526/1931/2209 3527/1932/2210 
f 3580/1986/2263 3579/1985/2262 3527/1932/2210 3528/1933/2211 
f 3581/1987/2264 3580/1986/2263 3528/1933/2211 3529/1934/2212 
f 3582/1988/2265 3581/1987/2264 3529/1934/2212 3530/1935/2213 
f 3583/1989/2266 3582/1988/2265 3530/1935/2213 3531/1936/2214 
f 3584/1990/2267 3583/1989/2266 3531/1936/2214 3532/1937/2215 
f 3585/1991/2268 3584/1990/2267 3532/1937/2215 3533/1938/2216 
f 3586/1992/2269 3585/1991/2268 3533/1938/2216 3534/1939/2217 
f 3587/1993/2270 3586/1992/2269 3534/1939/2217 3535/1940/2218 
f 3588/1994/2271 3587/1993/2270 3535/1940/2218 3536/1941/2219 
f 3589/1995/2272 3588/1994/2271 3536/1941/2219 3537/1942/2220 
f 3590/1996/2273 3589/1995/2272 3537/1942/2220 3538/1943/2221 
f 3591/1997/2274 3590/1996/2273 3538/1943/2221 3539/1944/2222 
f 3592/1998/2275 3591/1997/2274 3539/1944/2222 3540/1945/2223 
f 3593/1999/2276 3592/1998/2275 3540/1945/2223 3541/1946/2224 
f 3594/2000/2277 3593/1999/2276 3541/1946/2224 3542/1947/2225 
f 3595/2001/2278 3594/2000/2277 3542/1947/2225 3543/1948/2226 
f 3596/2002/2279 3595/2001/2278 3543/1948/2226 3544/1949/2227 
f 3597/2003/2280 3596/2002/2279 3544/1949/2227 3545/1950/2228 
f 3598/2004/2281 3597/2003/2280 3545/1950/2228 3546/1951/2229 
f 3599/2005/2282 3598/2004/2281 3546/1951/2229 3547/1952/2230 
f 3600/2006/2283 3599/2005/2282 3547/1952/2230 3548/1953/2231 
f 3601/2007/2284 3600/2006/2283 3548/1953/2231 3549/1954/2232 
f 3602/2008/2285 3601/2007/2284 3549/1954/2232 3550/1955/2233 
f 3603/2009/2286 3602/2008/2285 3550/1955/2233 3551/1956/2234 
f 3604/2010/2287 3603/2009/2286 3551/1956/2234 3552/1957/2235 
f 3605/2011/2288 3604/2010/2287 3552/1957/2235 3553/1958/2236 
f 3606/2012/2289 3605/2011/2288 3553/1958/2236 3554/1959/2237 
f 3607/2013/2290 3606/2012/2289 3554/1959/2237 3555/1960/2238 
f 3608/2014/2291 3607/2013/2290 3555/1960/2238 3556/1961/2239 
f 3609/2015/2292 3608/2014/2291 3556/1961/2239 3557/1962/2240 
f 3610/2016/2293 3609/2015/2292 3557/1962/2240 3558/1963/2241 
f 3611/2017/2294 3610/2016/2293 3558/1963/2241 3559/1964/2242 
f 3612/2018/2295 3611/2017/2294 3559/1964/2242 3560/1965/2243 
f 3613/2019/2296 3612/2018/2295 3560/1965/2243 3561/1966/2244 
f 3614/2020/2297 3613/2019/2296 3561/1966/2244 3562/1967/2245 
f 3615/2021/2298 3614/2020/2297 3562/1967/2245 3563/1968/2246 
f 3616/2022/2299 3615/2021/2298 3563/1968/2246 3564/1969/2247 
f 3617/2023/2300 3616/2022/2299 3564/1969/2247 3565/1970/2248 
f 3618/2024/2301 3617/2023/2300 3565/1970/2248 3566/1971/2249 
f 3568/2025/2251 3618/2024/2301 3566/1971/2249 3516/1972/2199 
f 3619/2026/2302 3620/2027/2303 3568/1974/2251 3567/1973/2250 
f 3621/2028/2304 3619/2026/2302 3567/1973/2250 3569/1975/2252 
f 3622/2029/2305 3621/2028/2304 3569/1975/2252 3570/1976/2253 
f 3623/2030/2306 3622/2029/2305 3570/1976/2253 3571/1977/2254 
f 3624/2031/2307 3623/2030/2306 3571/1977/2254 3572/1978/2255 
f 3625/2032/2308 3624/2031/2307 3572/1978/2255 3573/1979/2256 
f 3626/2033/2309 3625/2032/2308 3573/1979/2256 3574/1980/2257 
f 3627/2034/2310 3626/2033/2309 3574/1980/2257 3575/1981/2258 
f 3628/2035/2311 3627/2034/2310 3575/1981/2258 3576/1982/2259 
f 3629/2036/2312 3628/2035/2311 3576/1982/2259 3577/1983/2260 
f 3630/2037/2313 3629/2036/2312 3577/1983/2260 3578/1984/2261 
f 3631/2038/2314 3630/2037/2313 3578/1984/2261 3579/1985/2262 
f 3632/2039/2315 3631/2038/2314 3579/1985/2262 3580/1986/2263 
f 3633/2040/2316 3632/2039/2315 3580/1986/2263 3581/1987/2264 
f 3634/2041/2317 3633/2040/2316 3581/1987/2264 3582/1988/2265 
f 3635/2042/2318 3634/2041/2317 3582/1988/2265 3583/1989/2266 
f 3636/2043/2319 3635/2042/2318 3583/1989/2266 3584/1990/2267 
f 3637/2044/2320 3636/2043/2319 3584/1990/2267 3585/1991/2268 
f 3638/2045/2321 3637/2044/2320 3585/1991/2268 3586/1992/2269 
f 3639/2046/2322 3638/2045/2321 3586/1992/2269 3587/1993/2270 
f 3640/2047/2323 3639/2046/2322 3587/1993/2270 3588/1994/2271 
f 3641/2048/2324 3640/2047/2323 3588/1994/2271 3589/1995/2272 
f 3642/2049/2325 3641/2048/2324 3589/1995/2272 3590/1996/2273 
f 3643/2050/2326 3642/2049/2325 3590/1996/2273 3591/1997/2274 
f 3644/2051/2327 3643/2050/2326 3591/1997/2274 3592/1998/2275 
f 3645/2052/2328 3644/2051/2327 3592/1998/2275 3593/1999/2276 
f 3646/2053/2329 3645/2052/2328 3593/1999/2276 3594/2000/2277 
f 3647/2054/2330 3646/2053/2329 3594/2000/2277 3595/2001/2278 
f 3648/2055/2331 3647/2054/2330 3595/2001/2278 3596/2002/2279 
f 3649/2056/2332 3648/2055/2331 3596/2002/2279 3597/2003/2280 
f 3650/2057/2333 3649/2056/2332 3597/2003/2280 3598/2004/2281 
f 3651/2058/2334 3650/2057/2333 3598/2004/2281 3599/2005/2282 
f 3652/2059/2335 3651/2058/2334 3599/2005/2282 3600/2006/2283 
f 3653/2060/2336 3652/2059/2335 3600/2006/2283 3601/2007/2284 
f 3654/2061/2337 3653/2060/2336 3601/2007/2284 3602/2008/2285 
f 3655/2062/2338 3654/2061/2337 3602/2008/2285 3603/2009/2286 
f 3656/2063/2339 3655/2062/2338 3603/2009/2286 3604/2010/2287 
f 3657/2064/2340 3656/2063/2339 3604/2010/2287 3605/2011/2288 
f 3658/2065/2341 3657/2064/2340 3605/2011/2288 3606/2012/2289 
f 3659/2066/2342 3658/2065/2341 3606/2012/2289 3607/2013/2290 
f 3660/2067/2343 3659/2066/2342 3607/2013/2290 3608/2014/2291 
f 3661/2068/2344 3660/2067/2343 3608/2014/2291 3609/2015/2292 
f 3662/2069/2345 3661/2068/2344 3609/2015/2292 3610/2016/2293 
f 3663/2070/2346 3662/2069/2345 3610/2016/2293 3611/2017/2294 
f 3664/2071/2347 3663/2070/2346 3611/2017/2294 3612/2018/2295 
f 3665/2072/2348 3664/2071/2347 3612/2018/2295 3613/2019/2296 
f 3666/2073/2349 3665/2072/2348 3613/2019/2296 3614/2020/2297 
f 3667/2074/2350 3666/2073/2349 3614/2020/2297 3615/2021/2298 
f 3668/2075/2351 3667/2074/2350 3615/2021/2298 3616/2022/2299 
f 3669/2076/2352 3668/2075/2351 3616/2022/2299 3617/2023/2300 
f 3670/2077/2353 3669/2076/2352 3617/2023/2300 3618/2024/2301 
f 3620/2078/2303 3670/2077/2353 3618/2024/2301 3568/2025/2251 
f 3671/2079/2354 3672/2080/2355 3620/2027/2303 3619/2026/2302 
f 3673/2081/2356 3671/2079/2354 3619/2026/2302 3621/2028/2304 
f 3674/2082/2357 3673/2081/2356 3621/2028/2304 3622/2029/2305 
f 3675/2083/2358 3674/2082/2357 3622/2029/2305 3623/2030/2306 
f 3676/2084/2359 3675/2083/2358 3623/2030/2306 3624/2031/2307 
f 3677/2085/2360 3676/2084/2359 3624/2031/2307 3625/2032/2308 
f 3678/2086/2361 3677/2085/2360 3625/2032/2308 3626/2033/2309 
f 3679/2087/2362 3678/2086/2361 3626/2033/2309 3627/2034/2310 
f 3680/2088/2363 3679/2087/2362 3627/2034/2310 3628/2035/2311 
f 3681/2089/2364 3680/2088/2363 3628/2035/2311 3629/2036/2312 
f 3682/2090/2365 3681/2089/2364 3629/2036/2312 3630/2037/2313 
f 3683/2091/2366 3682/2090/2365 3630/2037/2313 3631/2038/2314 
f 3684/2092/2367 3683/2091/2366 3631/2038/2314 3632/2039/2315 
f 3685/2093/2368 3684/2092/2367 3632/2039/2315 3633/2040/2316 
f 3686/2094/2369 3685/2093/2368 3633/2040/2316 3634/2041/2317 
f 3687/2095/2370 3686/2094/2369 3634/2041/2317 3635/2042/2318 
f 3688/2096/2371 3687/2095/2370 3635/2042/2318 3636/2043/2319 
f 3689/2097/2372 3688/2096/2371 3636/2043/2319 3637/2044/2320 
f 3690/2098/2373 3689/2097/2372 3637/2044/2320 3638/2045/2321 
f 3691/2099/2374 3690/2098/2373 3638/2045/2321 3639/2046/2322 
f 3692/2100/2375 3691/2099/2374 3639/2046/2322 3640/2047/2323 
f 3693/2101/2376 3692/2100/2375 3640/2047/2323 3641/2048/2324 
f 3694/2102/2377 3693/2101/2376 3641/2048/2324 3642/2049/2325 
f 3695/2103/2378 3694/2102/2377 3642/2049/2325 3643/2050/2326 
f 3696/2104/2379 3695/2103/2378 3643/2050/2326 3644/2051/2327 
f 3697/2105/2380 3696/2104/2379 3644/2051/2327 3645/2052/2328 
f 3698/2106/2381 3697/2105/2380 3645/2052/2328 3646/2053/2329 
f 3699/2107/2382 3698/2106/2381 3646/2053/2329 3647/2054/2330 
f 3700/2108/2383 3699/2107/2382 3647/2054/2330 3648/2055/2331 
f 3701/2109/2384 3700/2108/2383 3648/2055/2331 3649/2056/2332 
f 3702/2110/2385 3701/2109/2384 3649/2056/2332 3650/2057/2333 
f 3703/2111/2386 3702/2110/2385 3650/2057/2333 3651/2058/2334 
f 3704/2112/2387 3703/2111/2386 3651/2058/2334 3652/2059/2335 
f 3705/2113/2388 3704/2112/2387 3652/2059/2335 3653/2060/2336 
f 3706/2114/2389 3705/2113/2388 3653/2060/2336 3654/2061/2337 
f 3707/2115/2390 3706/2114/2389 3654/2061/2337 3655/2062/2338 
f 3708/2116/2391 3707/2115/2390 3655/2062/2338 3656/2063/2339 
f 3709/2117/2392 3708/2116/2391 3656/2063/2339 3657/2064/2340 
f 3710/2118/2393 3709/2117/2392 3657/2064/2340 3658/2065/2341 
f 3711/2119/2394 3710/2118/2393 3658/2065/2341 3659/2066/2342 
f 3712/2120/2395 3711/2119/2394 3659/2066/2342 3660/2067/2343 
f 3713/2121/2396 3712/2120/2395 3660/2067/2343 3661/2068/2344 
f 3714/2122/2397 3713/2121/2396 3661/2068/2344 3662/2069/2345 
f 3715/2123/2398 3714/2122/2397 3662/2069/2345 3663/2070/2346 
f 3716/2124/2399 3715/2123/2398 3663/2070/2346 3664/2071/2347 
f 3717/2125/2400 3716/2124/2399 3664/2071/2347 3665/2072/2348 
f 3718/2126/2401 3717/2125/2400 3665/2072/2348 3666/2073/2349 
f 3719/2127/2402 3718/2126/2401 3666/2073/2349 3667/2074/2350 
f 3720/2128/2403 3719/2127/2402 3667/2074/2350 3668/2075/2351 
f 3721/2129/2404 3720/2128/2403 3668/2075/2351 3669/2076/2352 
f 3722/2130/2405 3721/2129/2404 3669/2076/2352 3670/2077/2353 
f 3672/2131/2355 3722/2130/2405 3670/2077/2353 3620/2078/2303 
# 1092 polygons - 52 triangles

#
# object Tube_12
#

v  7.9423 10.9529 -2.8771
v  7.3015 10.4701 -2.8771
v  7.9325 10.9456 -3.0164
v  6.9310 12.2746 -3.0164
v  6.9407 12.2820 -2.8771
v  6.3000 11.7991 -2.8771
v  7.9036 10.9238 -3.1515
v  6.9021 12.2528 -3.1515
v  7.8564 10.8882 -3.2782
v  6.8549 12.2173 -3.2782
v  7.7924 10.8400 -3.3928
v  6.7909 12.1690 -3.3928
v  7.7134 10.7804 -3.4917
v  6.7119 12.1095 -3.4917
v  7.6219 10.7115 -3.5719
v  6.6204 12.0406 -3.5719
v  7.5207 10.6352 -3.6310
v  6.5192 11.9643 -3.6310
v  7.4128 10.5539 -3.6672
v  6.4113 11.8830 -3.6672
v  7.3015 10.4701 -3.6793
v  6.3000 11.7991 -3.6793
v  7.1903 10.3863 -3.6672
v  6.1888 11.7153 -3.6672
v  7.0824 10.3050 -3.6310
v  6.0809 11.6340 -3.6310
v  6.9812 10.2287 -3.5719
v  5.9797 11.5577 -3.5719
v  6.8897 10.1598 -3.4917
v  5.8882 11.4888 -3.4917
v  6.8107 10.1003 -3.3928
v  5.8092 11.4293 -3.3928
v  6.7467 10.0520 -3.2782
v  5.7452 11.3810 -3.2782
v  6.6995 10.0164 -3.1515
v  5.6980 11.3455 -3.1515
v  6.6706 9.9946 -3.0164
v  5.6691 11.3237 -3.0164
v  6.6608 9.9873 -2.8771
v  5.6593 11.3163 -2.8771
v  6.6706 9.9946 -2.7378
v  5.6691 11.3237 -2.7378
v  6.6995 10.0164 -2.6027
v  5.6980 11.3455 -2.6027
v  6.7467 10.0520 -2.4760
v  5.7452 11.3810 -2.4760
v  6.8107 10.1003 -2.3614
v  5.8092 11.4293 -2.3614
v  6.8897 10.1598 -2.2625
v  5.8882 11.4888 -2.2625
v  6.9812 10.2287 -2.1823
v  5.9797 11.5577 -2.1823
v  7.0824 10.3050 -2.1232
v  6.0809 11.6340 -2.1232
v  7.1903 10.3863 -2.0870
v  6.1888 11.7153 -2.0870
v  7.3015 10.4701 -2.0748
v  6.3000 11.7991 -2.0748
v  7.4128 10.5539 -2.0870
v  6.4113 11.8830 -2.0870
v  7.5207 10.6352 -2.1232
v  6.5192 11.9643 -2.1232
v  7.6219 10.7115 -2.1823
v  6.6204 12.0406 -2.1823
v  7.7134 10.7804 -2.2625
v  6.7119 12.1095 -2.2625
v  7.7924 10.8400 -2.3614
v  6.7909 12.1690 -2.3614
v  7.8564 10.8882 -2.4760
v  6.8549 12.2173 -2.4760
v  7.9036 10.9238 -2.6027
v  6.9021 12.2528 -2.6027
v  7.9325 10.9456 -2.7378
v  6.9310 12.2746 -2.7378
# 74 vertices

vn 0.6018 -0.7986 -0.0000
vn 1.0000 0.0000 -0.0000
vn 0.7986 0.6018 -0.0000
vn 0.7865 0.5927 -0.1736
vn -0.6018 0.7986 -0.0000
vn -0.6018 0.7986 0.0000
vn 0.7505 0.5655 -0.3420
vn 0.6018 -0.7986 0.0000
vn 0.6916 0.5212 -0.5000
vn 0.6118 0.4610 -0.6428
vn 0.5133 0.3868 -0.7661
vn 0.5134 0.3868 -0.7660
vn 0.3993 0.3009 -0.8660
vn 0.2731 0.2058 -0.9397
vn 0.2732 0.2058 -0.9397
vn 0.1387 0.1045 -0.9848
vn 0.0000 0.0000 -1.0000
vn -0.0000 -0.0000 -1.0000
vn -0.1387 -0.1045 -0.9848
vn -0.2731 -0.2058 -0.9397
vn -0.3993 -0.3009 -0.8660
vn -0.5134 -0.3868 -0.7660
vn -0.6118 -0.4610 -0.6428
vn -0.6916 -0.5212 -0.5000
vn -0.7505 -0.5655 -0.3420
vn -0.7865 -0.5927 -0.1736
vn -0.7986 -0.6018 -0.0000
vn -0.7865 -0.5927 0.1736
vn -0.7505 -0.5655 0.3420
vn -0.6916 -0.5212 0.5000
vn -0.6118 -0.4610 0.6428
vn -0.5134 -0.3868 0.7660
vn -0.3993 -0.3009 0.8660
vn -0.2731 -0.2058 0.9397
vn -0.1387 -0.1045 0.9848
vn 0.0000 0.0000 1.0000
vn -0.0000 -0.0000 1.0000
vn 0.1387 0.1045 0.9848
vn 0.2731 0.2058 0.9397
vn 0.2732 0.2058 0.9397
vn 0.3993 0.3009 0.8660
vn 0.5133 0.3868 0.7661
vn 0.5134 0.3868 0.7660
vn 0.6118 0.4610 0.6428
vn 0.6916 0.5212 0.5000
vn 0.7505 0.5655 0.3420
vn 0.7865 0.5927 0.1736
# 47 vertex normals

vt 0.0000 0.5000 0.0000
vt 0.5000 0.5000 0.0000
vt 0.0076 0.5868 0.0000
vt 0.0000 0.0000 0.0000
vt 0.0278 0.0000 0.0000
vt 0.0278 1.0000 0.0000
vt 0.0000 1.0000 0.0000
vt 1.0000 0.5000 0.0000
vt 0.9924 0.5868 0.0000
vt 0.0302 0.6710 0.0000
vt 0.0556 0.0000 0.0000
vt 0.0556 1.0000 0.0000
vt 0.9698 0.6710 0.0000
vt 0.0670 0.7500 0.0000
vt 0.0833 0.0000 0.0000
vt 0.0833 1.0000 0.0000
vt 0.9330 0.7500 0.0000
vt 0.1170 0.8214 0.0000
vt 0.1111 0.0000 0.0000
vt 0.1111 1.0000 0.0000
vt 0.8830 0.8214 0.0000
vt 0.1786 0.8830 0.0000
vt 0.1389 0.0000 0.0000
vt 0.1389 1.0000 0.0000
vt 0.8214 0.8830 0.0000
vt 0.2500 0.9330 0.0000
vt 0.1667 0.0000 0.0000
vt 0.1667 1.0000 0.0000
vt 0.7500 0.9330 0.0000
vt 0.3290 0.9698 0.0000
vt 0.1944 0.0000 0.0000
vt 0.1944 1.0000 0.0000
vt 0.6710 0.9698 0.0000
vt 0.4132 0.9924 0.0000
vt 0.2222 0.0000 0.0000
vt 0.2222 1.0000 0.0000
vt 0.5868 0.9924 0.0000
vt 0.5000 1.0000 0.0000
vt 0.2500 0.0000 0.0000
vt 0.2500 1.0000 0.0000
vt 0.2778 0.0000 0.0000
vt 0.2778 1.0000 0.0000
vt 0.3056 0.0000 0.0000
vt 0.3056 1.0000 0.0000
vt 0.3333 0.0000 0.0000
vt 0.3333 1.0000 0.0000
vt 0.3611 0.0000 0.0000
vt 0.3611 1.0000 0.0000
vt 0.3889 0.0000 0.0000
vt 0.3889 1.0000 0.0000
vt 0.4167 0.0000 0.0000
vt 0.4167 1.0000 0.0000
vt 0.4444 0.0000 0.0000
vt 0.4444 1.0000 0.0000
vt 0.4722 0.0000 0.0000
vt 0.4722 1.0000 0.0000
vt 0.5000 0.0000 0.0000
vt 0.9924 0.4132 0.0000
vt 0.5278 0.0000 0.0000
vt 0.5278 1.0000 0.0000
vt 0.0076 0.4132 0.0000
vt 0.9698 0.3290 0.0000
vt 0.5556 0.0000 0.0000
vt 0.5556 1.0000 0.0000
vt 0.0302 0.3290 0.0000
vt 0.9330 0.2500 0.0000
vt 0.5833 0.0000 0.0000
vt 0.5833 1.0000 0.0000
vt 0.0670 0.2500 0.0000
vt 0.8830 0.1786 0.0000
vt 0.6111 0.0000 0.0000
vt 0.6111 1.0000 0.0000
vt 0.1170 0.1786 0.0000
vt 0.8214 0.1170 0.0000
vt 0.6389 0.0000 0.0000
vt 0.6389 1.0000 0.0000
vt 0.1786 0.1170 0.0000
vt 0.7500 0.0670 0.0000
vt 0.6667 0.0000 0.0000
vt 0.6667 1.0000 0.0000
vt 0.2500 0.0670 0.0000
vt 0.6710 0.0302 0.0000
vt 0.6944 0.0000 0.0000
vt 0.6944 1.0000 0.0000
vt 0.3290 0.0302 0.0000
vt 0.5868 0.0076 0.0000
vt 0.7222 0.0000 0.0000
vt 0.7222 1.0000 0.0000
vt 0.4132 0.0076 0.0000
vt 0.7500 0.0000 0.0000
vt 0.7500 1.0000 0.0000
vt 0.7778 0.0000 0.0000
vt 0.7778 1.0000 0.0000
vt 0.8056 0.0000 0.0000
vt 0.8056 1.0000 0.0000
vt 0.8333 0.0000 0.0000
vt 0.8333 1.0000 0.0000
vt 0.8611 0.0000 0.0000
vt 0.8611 1.0000 0.0000
vt 0.8889 0.0000 0.0000
vt 0.8889 1.0000 0.0000
vt 0.9167 0.0000 0.0000
vt 0.9167 1.0000 0.0000
vt 0.9444 0.0000 0.0000
vt 0.9444 1.0000 0.0000
vt 0.9722 0.0000 0.0000
vt 0.9722 1.0000 0.0000
vt 1.0000 0.0000 0.0000
vt 1.0000 1.0000 0.0000
# 109 texture coords

o Tube_12
g Tube_12
usemtl uploads_files_2696973_Lmp_Mat_1
s 1
f 3723/2343/2406 3724/2344/2407 3724/2344/2407 3725/2345/2406 
f 3723/2346/2408 3725/2347/2409 3726/2348/2409 3727/2349/2408 
f 3727/2350/2410 3726/2351/2411 3728/2344/2407 3728/2344/2407 
f 3728/2346/2407 3728/2347/2407 3724/2348/2407 3724/2349/2407 
f 3725/2345/2406 3724/2344/2407 3724/2344/2407 3729/2352/2406 
f 3726/2348/2409 3725/2347/2409 3729/2353/2412 3730/2354/2412 
f 3726/2351/2411 3730/2355/2411 3728/2344/2407 3728/2344/2407 
f 3728/2347/2407 3728/2353/2407 3724/2354/2407 3724/2348/2407 
f 3724/2344/2407 3724/2344/2407 3731/2356/2413 3729/2352/2406 
f 3729/2353/2412 3731/2357/2414 3732/2358/2414 3730/2354/2412 
f 3730/2355/2411 3732/2359/2410 3728/2344/2407 3728/2344/2407 
f 3728/2353/2407 3728/2357/2407 3724/2358/2407 3724/2354/2407 
f 3731/2356/2413 3724/2344/2407 3724/2344/2407 3733/2360/2413 
f 3731/2357/2414 3733/2361/2415 3734/2362/2415 3732/2358/2414 
f 3728/2344/2407 3732/2359/2410 3734/2363/2411 3728/2344/2407 
f 3724/2358/2407 3728/2357/2407 3728/2361/2407 3724/2362/2407 
f 3733/2360/2413 3724/2344/2407 3724/2344/2407 3735/2364/2413 
f 3734/2362/2415 3733/2361/2415 3735/2365/2416 3736/2366/2417 
f 3728/2344/2407 3734/2363/2411 3736/2367/2411 3728/2344/2407 
f 3724/2362/2407 3728/2361/2407 3728/2365/2407 3724/2366/2407 
f 3724/2344/2407 3724/2344/2407 3737/2368/2413 3735/2364/2413 
f 3736/2366/2417 3735/2365/2416 3737/2369/2418 3738/2370/2418 
f 3736/2367/2411 3738/2371/2410 3728/2344/2407 3728/2344/2407 
f 3728/2369/2407 3724/2370/2407 3724/2366/2407 3728/2365/2407 
f 3724/2344/2407 3739/2372/2413 3737/2368/2413 3724/2344/2407 
f 3739/2373/2419 3740/2374/2420 3738/2370/2418 3737/2369/2418 
f 3728/2344/2407 3738/2371/2410 3740/2375/2410 3728/2344/2407 
f 3728/2369/2407 3728/2373/2407 3724/2374/2407 3724/2370/2407 
f 3739/2372/2413 3724/2344/2407 3724/2344/2407 3741/2376/2413 
f 3739/2373/2419 3741/2377/2421 3742/2378/2421 3740/2374/2420 
f 3740/2375/2410 3742/2379/2410 3728/2344/2407 3728/2344/2407 
f 3724/2374/2407 3728/2373/2407 3728/2377/2407 3724/2378/2407 
f 3741/2376/2413 3724/2344/2407 3724/2344/2407 3743/2380/2406 
f 3741/2377/2421 3743/2381/2422 3744/2382/2423 3742/2378/2421 
f 3742/2379/2410 3744/2380/2410 3728/2344/2407 3728/2344/2407 
f 3724/2378/2407 3728/2377/2407 3728/2381/2407 3724/2382/2407 
f 3724/2344/2407 3724/2344/2407 3745/2379/2413 3743/2380/2406 
f 3743/2381/2422 3745/2383/2424 3746/2384/2424 3744/2382/2423 
f 3744/2380/2410 3746/2376/2410 3728/2344/2407 3728/2344/2407 
f 3728/2381/2407 3728/2383/2407 3724/2384/2407 3724/2382/2407 
f 3724/2344/2407 3724/2344/2407 3747/2375/2413 3745/2379/2413 
f 3746/2384/2424 3745/2383/2424 3747/2385/2425 3748/2386/2425 
f 3728/2344/2407 3746/2376/2410 3748/2372/2410 3728/2344/2407 
f 3728/2383/2407 3728/2385/2407 3724/2386/2407 3724/2384/2407 
f 3724/2344/2407 3724/2344/2407 3749/2371/2413 3747/2375/2413 
f 3747/2385/2425 3749/2387/2426 3750/2388/2426 3748/2386/2425 
f 3748/2372/2410 3750/2368/2411 3728/2344/2407 3728/2344/2407 
f 3724/2386/2407 3728/2385/2407 3728/2387/2407 3724/2388/2407 
f 3724/2344/2407 3724/2344/2407 3751/2367/2413 3749/2371/2413 
f 3751/2389/2427 3752/2390/2427 3750/2388/2426 3749/2387/2426 
f 3752/2364/2410 3728/2344/2407 3728/2344/2407 3750/2368/2411 
f 3728/2389/2407 3724/2390/2407 3724/2388/2407 3728/2387/2407 
f 3751/2367/2413 3724/2344/2407 3724/2344/2407 3753/2363/2413 
f 3751/2389/2427 3753/2391/2428 3754/2392/2428 3752/2390/2427 
f 3752/2364/2410 3754/2360/2410 3728/2344/2407 3728/2344/2407 
f 3724/2390/2407 3728/2389/2407 3728/2391/2407 3724/2392/2407 
f 3753/2363/2413 3724/2344/2407 3724/2344/2407 3755/2359/2406 
f 3754/2392/2428 3753/2391/2428 3755/2393/2429 3756/2394/2429 
f 3728/2344/2407 3754/2360/2410 3756/2356/2410 3728/2344/2407 
f 3724/2392/2407 3728/2391/2407 3728/2393/2407 3724/2394/2407 
f 3724/2344/2407 3724/2344/2407 3757/2355/2406 3755/2359/2406 
f 3755/2393/2429 3757/2395/2430 3758/2396/2430 3756/2394/2429 
f 3756/2356/2410 3758/2352/2411 3728/2344/2407 3728/2344/2407 
f 3728/2393/2407 3728/2395/2407 3724/2396/2407 3724/2394/2407 
f 3757/2355/2406 3724/2344/2407 3724/2344/2407 3759/2351/2413 
f 3758/2396/2430 3757/2395/2430 3759/2397/2431 3760/2398/2431 
f 3758/2352/2411 3760/2345/2411 3728/2344/2407 3728/2344/2407 
f 3728/2395/2407 3728/2397/2407 3724/2398/2407 3724/2396/2407 
f 3759/2351/2413 3724/2344/2407 3724/2344/2407 3761/2350/2406 
f 3760/2398/2431 3759/2397/2431 3761/2399/2432 3762/2380/2432 
f 3728/2344/2407 3760/2345/2411 3762/2343/2410 3728/2344/2407 
f 3728/2397/2407 3728/2399/2407 3724/2380/2407 3724/2398/2407 
f 3724/2344/2407 3724/2344/2407 3763/2400/2406 3761/2350/2406 
f 3762/2380/2432 3761/2399/2432 3763/2401/2433 3764/2402/2433 
f 3762/2343/2410 3764/2403/2410 3728/2344/2407 3728/2344/2407 
f 3728/2401/2407 3724/2402/2407 3724/2380/2407 3728/2399/2407 
f 3724/2344/2407 3765/2404/2413 3763/2400/2406 3724/2344/2407 
f 3765/2405/2434 3766/2406/2434 3764/2402/2433 3763/2401/2433 
f 3728/2344/2407 3764/2403/2410 3766/2407/2410 3728/2344/2407 
f 3728/2401/2407 3728/2405/2407 3724/2406/2407 3724/2402/2407 
f 3724/2344/2407 3724/2344/2407 3767/2408/2413 3765/2404/2413 
f 3766/2406/2434 3765/2405/2434 3767/2409/2435 3768/2410/2435 
f 3728/2344/2407 3766/2407/2410 3768/2411/2411 3728/2344/2407 
f 3728/2405/2407 3728/2409/2407 3724/2410/2407 3724/2406/2407 
f 3724/2344/2407 3724/2344/2407 3769/2412/2406 3767/2408/2413 
f 3768/2410/2435 3767/2409/2435 3769/2413/2436 3770/2414/2436 
f 3728/2344/2407 3768/2411/2411 3770/2415/2411 3728/2344/2407 
f 3728/2409/2407 3728/2413/2407 3724/2414/2407 3724/2410/2407 
f 3769/2412/2406 3724/2344/2407 3724/2344/2407 3771/2416/2406 
f 3769/2413/2436 3771/2417/2437 3772/2418/2437 3770/2414/2436 
f 3770/2415/2411 3772/2419/2411 3728/2344/2407 3728/2344/2407 
f 3724/2414/2407 3728/2413/2407 3728/2417/2407 3724/2418/2407 
f 3771/2416/2406 3724/2344/2407 3724/2344/2407 3773/2420/2406 
f 3771/2417/2437 3773/2421/2438 3774/2422/2438 3772/2418/2437 
f 3772/2419/2411 3774/2423/2410 3728/2344/2407 3728/2344/2407 
f 3728/2417/2407 3728/2421/2407 3724/2422/2407 3724/2418/2407 
f 3773/2420/2406 3724/2344/2407 3724/2344/2407 3775/2424/2406 
f 3773/2421/2438 3775/2425/2439 3776/2426/2439 3774/2422/2438 
f 3774/2423/2410 3776/2427/2411 3728/2344/2407 3728/2344/2407 
f 3724/2422/2407 3728/2421/2407 3728/2425/2407 3724/2426/2407 
f 3724/2344/2407 3724/2344/2407 3777/2428/2406 3775/2424/2406 
f 3777/2429/2440 3778/2430/2440 3776/2426/2439 3775/2425/2439 
f 3778/2431/2411 3728/2344/2407 3728/2344/2407 3776/2427/2411 
f 3728/2429/2407 3724/2430/2407 3724/2426/2407 3728/2425/2407 
f 3777/2428/2406 3724/2344/2407 3724/2344/2407 3779/2399/2406 
f 3778/2430/2440 3777/2429/2440 3779/2432/2441 3780/2433/2442 
f 3778/2431/2411 3780/2399/2410 3728/2344/2407 3728/2344/2407 
f 3724/2430/2407 3728/2429/2407 3728/2432/2407 3724/2433/2407 
f 3779/2399/2406 3724/2344/2407 3724/2344/2407 3781/2431/2406 
f 3780/2433/2442 3779/2432/2441 3781/2434/2443 3782/2435/2443 
f 3780/2399/2410 3782/2428/2411 3728/2344/2407 3728/2344/2407 
f 3728/2432/2407 3728/2434/2407 3724/2435/2407 3724/2433/2407 
f 3781/2431/2406 3724/2344/2407 3724/2344/2407 3783/2427/2406 
f 3781/2434/2443 3783/2436/2444 3784/2437/2445 3782/2435/2443 
f 3728/2344/2407 3782/2428/2411 3784/2424/2411 3728/2344/2407 
f 3724/2435/2407 3728/2434/2407 3728/2436/2407 3724/2437/2407 
f 3783/2427/2406 3724/2344/2407 3724/2344/2407 3785/2423/2406 
f 3784/2437/2445 3783/2436/2444 3785/2438/2446 3786/2439/2446 
f 3784/2424/2411 3786/2420/2411 3728/2344/2407 3728/2344/2407 
f 3728/2436/2407 3728/2438/2407 3724/2439/2407 3724/2437/2407 
f 3724/2344/2407 3724/2344/2407 3787/2419/2406 3785/2423/2406 
f 3785/2438/2446 3787/2440/2447 3788/2441/2448 3786/2439/2446 
f 3786/2420/2411 3788/2416/2410 3728/2344/2407 3728/2344/2407 
f 3724/2439/2407 3728/2438/2407 3728/2440/2407 3724/2441/2407 
f 3787/2419/2406 3724/2344/2407 3724/2344/2407 3789/2415/2406 
f 3787/2440/2447 3789/2442/2449 3790/2443/2449 3788/2441/2448 
f 3788/2416/2410 3790/2412/2410 3728/2344/2407 3728/2344/2407 
f 3728/2442/2407 3724/2443/2407 3724/2441/2407 3728/2440/2407 
f 3724/2344/2407 3791/2411/2406 3789/2415/2406 3724/2344/2407 
f 3791/2444/2450 3792/2445/2450 3790/2443/2449 3789/2442/2449 
f 3728/2344/2407 3790/2412/2410 3792/2408/2411 3728/2344/2407 
f 3728/2442/2407 3728/2444/2407 3724/2445/2407 3724/2443/2407 
f 3724/2344/2407 3724/2344/2407 3793/2407/2413 3791/2411/2406 
f 3791/2444/2450 3793/2446/2451 3794/2447/2451 3792/2445/2450 
f 3792/2408/2411 3794/2404/2410 3728/2344/2407 3728/2344/2407 
f 3728/2444/2407 3728/2446/2407 3724/2447/2407 3724/2445/2407 
f 3793/2407/2413 3724/2344/2407 3724/2344/2407 3795/2403/2413 
f 3794/2447/2451 3793/2446/2451 3795/2448/2452 3796/2449/2452 
f 3728/2344/2407 3794/2404/2410 3796/2400/2410 3728/2344/2407 
f 3728/2446/2407 3728/2448/2407 3724/2449/2407 3724/2447/2407 
f 3724/2344/2407 3724/2344/2407 3723/2343/2406 3795/2403/2413 
f 3795/2448/2452 3723/2450/2408 3727/2451/2408 3796/2449/2452 
f 3796/2400/2410 3727/2350/2410 3728/2344/2407 3728/2344/2407 
f 3728/2448/2407 3728/2450/2407 3724/2451/2407 3724/2449/2407 
# 144 polygons

#
# object Sphere_3
#

v  8.1216 8.7644 -2.8771
v  7.9464 8.7224 -2.8771
v  7.9442 8.7224 -2.9052
v  8.1172 8.7644 -2.9326
v  7.9377 8.7224 -2.9326
v  8.1042 8.7644 -2.9867
v  7.9269 8.7224 -2.9586
v  8.0829 8.7644 -3.0381
v  7.9122 8.7224 -2.9826
v  8.0538 8.7644 -3.0856
v  7.8939 8.7224 -3.0041
v  8.0177 8.7644 -3.1279
v  7.8724 8.7224 -3.0224
v  7.9754 8.7644 -3.1640
v  7.8484 8.7224 -3.0371
v  7.9279 8.7644 -3.1931
v  7.8224 8.7224 -3.0479
v  7.8765 8.7644 -3.2144
v  7.7950 8.7224 -3.0544
v  7.8224 8.7644 -3.2274
v  7.7669 8.7224 -3.0567
v  7.7669 8.7644 -3.2318
v  7.7114 8.7644 -3.2274
v  7.7388 8.7224 -3.0544
v  7.6573 8.7644 -3.2144
v  7.7114 8.7224 -3.0479
v  7.6059 8.7644 -3.1931
v  7.6854 8.7224 -3.0371
v  7.5584 8.7644 -3.1640
v  7.6613 8.7224 -3.0224
v  7.5161 8.7644 -3.1279
v  7.6399 8.7224 -3.0041
v  7.4799 8.7644 -3.0856
v  7.6216 8.7224 -2.9826
v  7.4508 8.7644 -3.0381
v  7.6069 8.7224 -2.9586
v  7.4295 8.7644 -2.9867
v  7.5961 8.7224 -2.9326
v  7.4166 8.7644 -2.9326
v  7.5895 8.7224 -2.9052
v  7.4122 8.7644 -2.8771
v  7.5873 8.7224 -2.8771
v  7.4166 8.7644 -2.8216
v  7.5895 8.7224 -2.8490
v  7.4295 8.7644 -2.7675
v  7.5961 8.7224 -2.8216
v  7.4508 8.7644 -2.7161
v  7.6069 8.7224 -2.7956
v  7.4799 8.7644 -2.6686
v  7.6216 8.7224 -2.7715
v  7.5161 8.7644 -2.6263
v  7.6399 8.7224 -2.7501
v  7.5584 8.7644 -2.5901
v  7.6613 8.7224 -2.7318
v  7.6059 8.7644 -2.5610
v  7.6854 8.7224 -2.7171
v  7.6573 8.7644 -2.5397
v  7.7114 8.7224 -2.7063
v  7.7114 8.7644 -2.5268
v  7.7388 8.7224 -2.6997
v  7.7669 8.7644 -2.5224
v  7.7669 8.7224 -2.6975
v  7.8224 8.7644 -2.5268
v  7.7950 8.7224 -2.6997
v  7.8765 8.7644 -2.5397
v  7.8224 8.7224 -2.7063
v  7.9279 8.7644 -2.5610
v  7.8484 8.7224 -2.7171
v  7.9754 8.7644 -2.5901
v  7.8724 8.7224 -2.7318
v  8.0177 8.7644 -2.6263
v  7.8939 8.7224 -2.7501
v  8.0538 8.7644 -2.6686
v  7.9122 8.7224 -2.7715
v  8.0829 8.7644 -2.7161
v  7.9269 8.7224 -2.7956
v  8.1042 8.7644 -2.7675
v  7.9377 8.7224 -2.8216
v  8.1172 8.7644 -2.8216
v  7.9442 8.7224 -2.8490
v  8.2816 8.8333 -2.9586
v  8.2880 8.8333 -2.8771
v  8.2625 8.8333 -3.0381
v  8.2312 8.8333 -3.1137
v  8.1885 8.8333 -3.1834
v  8.1354 8.8333 -3.2456
v  8.0732 8.8333 -3.2987
v  8.0035 8.8333 -3.3414
v  7.9279 8.8333 -3.3727
v  7.8484 8.8333 -3.3918
v  7.7669 8.8333 -3.3982
v  7.6854 8.8333 -3.3918
v  7.6059 8.8333 -3.3727
v  7.5303 8.8333 -3.3414
v  7.4606 8.8333 -3.2987
v  7.3984 8.8333 -3.2456
v  7.3453 8.8333 -3.1834
v  7.3026 8.8333 -3.1137
v  7.2713 8.8333 -3.0381
v  7.2522 8.8333 -2.9586
v  7.2458 8.8333 -2.8771
v  7.2522 8.8333 -2.7956
v  7.2713 8.8333 -2.7161
v  7.3026 8.8333 -2.6405
v  7.3453 8.8333 -2.5708
v  7.3984 8.8333 -2.5086
v  7.4606 8.8333 -2.4555
v  7.5303 8.8333 -2.4128
v  7.6059 8.8333 -2.3815
v  7.6854 8.8333 -2.3624
v  7.7669 8.8333 -2.3560
v  7.8484 8.8333 -2.3624
v  7.9279 8.8333 -2.3815
v  8.0035 8.8333 -2.4128
v  8.0732 8.8333 -2.4555
v  8.1354 8.8333 -2.5086
v  8.1885 8.8333 -2.5708
v  8.2312 8.8333 -2.6405
v  8.2625 8.8333 -2.7161
v  8.2816 8.8333 -2.7956
v  8.4333 8.9275 -2.9826
v  8.4416 8.9275 -2.8771
v  8.4085 8.9275 -3.0856
v  8.3680 8.9275 -3.1834
v  8.3127 8.9275 -3.2737
v  8.2440 8.9275 -3.3542
v  8.1635 8.9275 -3.4229
v  8.0732 8.9275 -3.4782
v  7.9754 8.9275 -3.5188
v  7.8724 8.9275 -3.5435
v  7.7669 8.9275 -3.5518
v  7.6613 8.9275 -3.5435
v  7.5584 8.9275 -3.5188
v  7.4606 8.9275 -3.4782
v  7.3703 8.9275 -3.4229
v  7.2898 8.9275 -3.3542
v  7.2211 8.9275 -3.2737
v  7.1657 8.9275 -3.1834
v  7.1252 8.9275 -3.0856
v  7.1005 8.9275 -2.9826
v  7.0922 8.9275 -2.8771
v  7.1005 8.9275 -2.7715
v  7.1252 8.9275 -2.6686
v  7.1657 8.9275 -2.5708
v  7.2211 8.9275 -2.4805
v  7.2898 8.9275 -2.4000
v  7.3703 8.9275 -2.3313
v  7.4606 8.9275 -2.2759
v  7.5584 8.9275 -2.2354
v  7.6613 8.9275 -2.2107
v  7.7669 8.9275 -2.2024
v  7.8724 8.9275 -2.2107
v  7.9754 8.9275 -2.2354
v  8.0732 8.9275 -2.2759
v  8.1635 8.9275 -2.3313
v  8.2440 8.9275 -2.4000
v  8.3127 8.9275 -2.4805
v  8.3680 8.9275 -2.5708
v  8.4085 8.9275 -2.6686
v  8.4333 8.9275 -2.7715
v  8.5785 9.0444 -2.8771
v  8.5685 9.0444 -3.0041
v  8.5388 9.0444 -3.1279
v  8.4901 9.0444 -3.2456
v  8.4235 9.0444 -3.3542
v  8.3408 9.0444 -3.4510
v  8.2440 9.0444 -3.5337
v  8.1354 9.0444 -3.6003
v  8.0177 9.0444 -3.6490
v  7.8939 9.0444 -3.6787
v  7.7669 9.0444 -3.6887
v  7.6399 9.0444 -3.6787
v  7.5161 9.0444 -3.6490
v  7.3984 9.0444 -3.6003
v  7.2898 9.0444 -3.5337
v  7.1930 9.0444 -3.4510
v  7.1103 9.0444 -3.3542
v  7.0437 9.0444 -3.2456
v  6.9950 9.0444 -3.1279
v  6.9652 9.0444 -3.0041
v  6.9552 9.0444 -2.8771
v  6.9652 9.0444 -2.7501
v  6.9950 9.0444 -2.6263
v  7.0437 9.0444 -2.5086
v  7.1103 9.0444 -2.4000
v  7.1930 9.0444 -2.3032
v  7.2898 9.0444 -2.2205
v  7.3984 9.0444 -2.1539
v  7.5161 9.0444 -2.1052
v  7.6399 9.0444 -2.0754
v  7.7669 9.0444 -2.0654
v  7.8939 9.0444 -2.0754
v  8.0177 9.0444 -2.1052
v  8.1354 9.0444 -2.1539
v  8.2440 9.0444 -2.2205
v  8.3408 9.0444 -2.3032
v  8.4235 9.0444 -2.4000
v  8.4901 9.0444 -2.5086
v  8.5388 9.0444 -2.6263
v  8.5685 9.0444 -2.7501
v  8.6841 9.1814 -3.0224
v  8.6955 9.1814 -2.8771
v  8.6501 9.1814 -3.1640
v  8.5943 9.1814 -3.2987
v  8.5182 9.1814 -3.4229
v  8.4235 9.1814 -3.5337
v  8.3127 9.1814 -3.6284
v  8.1885 9.1814 -3.7045
v  8.0538 9.1814 -3.7603
v  7.9122 9.1814 -3.7943
v  7.7669 9.1814 -3.8057
v  7.6216 9.1814 -3.7943
v  7.4799 9.1814 -3.7603
v  7.3453 9.1814 -3.7045
v  7.2211 9.1814 -3.6284
v  7.1103 9.1814 -3.5337
v  7.0156 9.1814 -3.4229
v  6.9395 9.1814 -3.2987
v  6.8837 9.1814 -3.1640
v  6.8497 9.1814 -3.0224
v  6.8383 9.1814 -2.8771
v  6.8497 9.1814 -2.7318
v  6.8837 9.1814 -2.5901
v  6.9395 9.1814 -2.4555
v  7.0156 9.1814 -2.3313
v  7.1103 9.1814 -2.2205
v  7.2211 9.1814 -2.1258
v  7.3453 9.1814 -2.0497
v  7.4799 9.1814 -1.9939
v  7.6216 9.1814 -1.9599
v  7.7669 9.1814 -1.9485
v  7.9122 9.1814 -1.9599
v  8.0538 9.1814 -1.9939
v  8.1885 9.1814 -2.0497
v  8.3127 9.1814 -2.1258
v  8.4235 9.1814 -2.2205
v  8.5182 9.1814 -2.3313
v  8.5943 9.1814 -2.4555
v  8.6501 9.1814 -2.5901
v  8.6841 9.1814 -2.7318
v  8.7896 9.3350 -2.8771
v  8.7770 9.3350 -3.0371
v  8.7396 9.3350 -3.1931
v  8.6781 9.3350 -3.3414
v  8.5943 9.3350 -3.4782
v  8.4901 9.3350 -3.6003
v  8.3680 9.3350 -3.7045
v  8.2312 9.3350 -3.7883
v  8.0829 9.3350 -3.8498
v  7.9269 9.3350 -3.8872
v  7.7669 9.3350 -3.8998
v  7.6069 9.3350 -3.8872
v  7.4508 9.3350 -3.8498
v  7.3026 9.3350 -3.7883
v  7.1657 9.3350 -3.7045
v  7.0437 9.3350 -3.6003
v  6.9395 9.3350 -3.4782
v  6.8556 9.3350 -3.3414
v  6.7942 9.3350 -3.1931
v  6.7567 9.3350 -3.0371
v  6.7442 9.3350 -2.8771
v  6.7567 9.3350 -2.7171
v  6.7942 9.3350 -2.5610
v  6.8556 9.3350 -2.4128
v  6.9395 9.3350 -2.2759
v  7.0437 9.3350 -2.1539
v  7.1657 9.3350 -2.0497
v  7.3026 9.3350 -1.9658
v  7.4508 9.3350 -1.9044
v  7.6069 9.3350 -1.8670
v  7.7669 9.3350 -1.8544
v  7.9269 9.3350 -1.8670
v  8.0829 9.3350 -1.9044
v  8.2312 9.3350 -1.9658
v  8.3680 9.3350 -2.0497
v  8.4901 9.3350 -2.1539
v  8.5943 9.3350 -2.2759
v  8.6781 9.3350 -2.4128
v  8.7396 9.3350 -2.5610
v  8.7770 9.3350 -2.7171
v  8.8585 9.5014 -2.8771
v  8.8451 9.5014 -3.0479
v  8.8051 9.5014 -3.2144
v  8.7396 9.5014 -3.3727
v  8.6501 9.5014 -3.5188
v  8.5388 9.5014 -3.6490
v  8.4085 9.5014 -3.7603
v  8.2625 9.5014 -3.8498
v  8.1042 9.5014 -3.9153
v  7.9377 9.5014 -3.9553
v  7.7669 9.5014 -3.9687
v  7.5961 9.5014 -3.9553
v  7.4295 9.5014 -3.9153
v  7.2713 9.5014 -3.8498
v  7.1252 9.5014 -3.7603
v  6.9950 9.5014 -3.6490
v  6.8837 9.5014 -3.5188
v  6.7942 9.5014 -3.3727
v  6.7287 9.5014 -3.2144
v  6.6887 9.5014 -3.0479
v  6.6752 9.5014 -2.8771
v  6.6887 9.5014 -2.7063
v  6.7287 9.5014 -2.5397
v  6.7942 9.5014 -2.3815
v  6.8837 9.5014 -2.2354
v  6.9950 9.5014 -2.1052
v  7.1252 9.5014 -1.9939
v  7.2713 9.5014 -1.9044
v  7.4295 9.5014 -1.8389
v  7.5961 9.5014 -1.7989
v  7.7669 9.5014 -1.7854
v  7.9377 9.5014 -1.7989
v  8.1042 9.5014 -1.8389
v  8.2625 9.5014 -1.9044
v  8.4085 9.5014 -1.9939
v  8.5388 9.5014 -2.1052
v  8.6501 9.5014 -2.2354
v  8.7396 9.5014 -2.3815
v  8.8051 9.5014 -2.5397
v  8.8451 9.5014 -2.7063
v  8.9006 9.6765 -2.8771
v  8.8866 9.6765 -3.0544
v  8.8451 9.6765 -3.2274
v  8.7770 9.6765 -3.3918
v  8.6841 9.6765 -3.5435
v  8.5685 9.6765 -3.6787
v  8.4333 9.6765 -3.7943
v  8.2816 9.6765 -3.8872
v  8.1172 9.6765 -3.9553
v  7.9442 9.6765 -3.9968
v  7.7669 9.6765 -4.0108
v  7.5895 9.6765 -3.9968
v  7.4166 9.6765 -3.9553
v  7.2522 9.6765 -3.8872
v  7.1005 9.6765 -3.7943
v  6.9652 9.6765 -3.6787
v  6.8497 9.6765 -3.5435
v  6.7567 9.6765 -3.3918
v  6.6887 9.6765 -3.2274
v  6.6471 9.6765 -3.0544
v  6.6332 9.6765 -2.8771
v  6.6471 9.6765 -2.6997
v  6.6887 9.6765 -2.5268
v  6.7567 9.6765 -2.3624
v  6.8497 9.6765 -2.2107
v  6.9652 9.6765 -2.0754
v  7.1005 9.6765 -1.9599
v  7.2522 9.6765 -1.8670
v  7.4166 9.6765 -1.7989
v  7.5895 9.6765 -1.7573
v  7.7669 9.6765 -1.7434
v  7.9442 9.6765 -1.7573
v  8.1172 9.6765 -1.7989
v  8.2816 9.6765 -1.8670
v  8.4333 9.6765 -1.9599
v  8.5685 9.6765 -2.0754
v  8.6841 9.6765 -2.2107
v  8.7770 9.6765 -2.3624
v  8.8451 9.6765 -2.5268
v  8.8866 9.6765 -2.6997
v  8.9006 9.8561 -3.0567
v  8.9147 9.8561 -2.8771
v  8.8585 9.8561 -3.2318
v  8.7896 9.8561 -3.3982
v  8.6955 9.8561 -3.5518
v  8.5785 9.8561 -3.6887
v  8.4416 9.8561 -3.8057
v  8.2880 9.8561 -3.8998
v  8.1216 9.8561 -3.9687
v  7.9464 9.8561 -4.0108
v  7.7669 9.8561 -4.0249
v  7.5873 9.8561 -4.0108
v  7.4122 9.8561 -3.9687
v  7.2458 9.8561 -3.8998
v  7.0922 9.8561 -3.8057
v  6.9552 9.8561 -3.6887
v  6.8383 9.8561 -3.5518
v  6.7442 9.8561 -3.3982
v  6.6752 9.8561 -3.2318
v  6.6332 9.8561 -3.0567
v  6.6191 9.8561 -2.8771
v  6.6332 9.8561 -2.6975
v  6.6752 9.8561 -2.5224
v  6.7442 9.8561 -2.3560
v  6.8383 9.8561 -2.2024
v  6.9552 9.8561 -2.0654
v  7.0922 9.8561 -1.9485
v  7.2458 9.8561 -1.8544
v  7.4122 9.8561 -1.7854
v  7.5873 9.8561 -1.7434
v  7.7669 9.8561 -1.7293
v  7.9464 9.8561 -1.7434
v  8.1216 9.8561 -1.7854
v  8.2880 9.8561 -1.8544
v  8.4416 9.8561 -1.9485
v  8.5785 9.8561 -2.0654
v  8.6955 9.8561 -2.2024
v  8.7896 9.8561 -2.3560
v  8.8585 9.8561 -2.5224
v  8.9006 9.8561 -2.6975
v  8.9006 10.0356 -2.8771
v  8.8866 10.0356 -3.0544
v  8.8451 10.0356 -3.2274
v  8.7770 10.0356 -3.3918
v  8.6841 10.0356 -3.5435
v  8.5685 10.0356 -3.6787
v  8.4333 10.0356 -3.7943
v  8.2816 10.0356 -3.8872
v  8.1172 10.0356 -3.9553
v  7.9442 10.0356 -3.9968
v  7.7669 10.0356 -4.0108
v  7.5895 10.0356 -3.9968
v  7.4166 10.0356 -3.9553
v  7.2522 10.0356 -3.8872
v  7.1005 10.0356 -3.7943
v  6.9652 10.0356 -3.6787
v  6.8497 10.0356 -3.5435
v  6.7567 10.0356 -3.3918
v  6.6887 10.0356 -3.2274
v  6.6471 10.0356 -3.0544
v  6.6332 10.0356 -2.8771
v  6.6471 10.0356 -2.6997
v  6.6887 10.0356 -2.5268
v  6.7567 10.0356 -2.3624
v  6.8497 10.0356 -2.2107
v  6.9652 10.0356 -2.0754
v  7.1005 10.0356 -1.9599
v  7.2522 10.0356 -1.8670
v  7.4166 10.0356 -1.7989
v  7.5895 10.0356 -1.7573
v  7.7669 10.0356 -1.7434
v  7.9442 10.0356 -1.7573
v  8.1172 10.0356 -1.7989
v  8.2816 10.0356 -1.8670
v  8.4333 10.0356 -1.9599
v  8.5685 10.0356 -2.0754
v  8.6841 10.0356 -2.2107
v  8.7770 10.0356 -2.3624
v  8.8451 10.0356 -2.5268
v  8.8866 10.0356 -2.6997
v  8.8585 10.2108 -2.8771
v  8.8451 10.2108 -3.0479
v  8.8051 10.2108 -3.2144
v  8.7396 10.2108 -3.3727
v  8.6501 10.2108 -3.5188
v  8.5388 10.2108 -3.6490
v  8.4085 10.2108 -3.7603
v  8.2625 10.2108 -3.8498
v  8.1042 10.2108 -3.9153
v  7.9377 10.2108 -3.9553
v  7.7669 10.2108 -3.9687
v  7.5961 10.2108 -3.9553
v  7.4295 10.2108 -3.9153
v  7.2713 10.2108 -3.8498
v  7.1252 10.2108 -3.7603
v  6.9950 10.2108 -3.6490
v  6.8837 10.2108 -3.5188
v  6.7942 10.2108 -3.3727
v  6.7287 10.2108 -3.2144
v  6.6887 10.2108 -3.0479
v  6.6752 10.2108 -2.8771
v  6.6887 10.2108 -2.7063
v  6.7287 10.2108 -2.5397
v  6.7942 10.2108 -2.3815
v  6.8837 10.2108 -2.2354
v  6.9950 10.2108 -2.1052
v  7.1252 10.2108 -1.9939
v  7.2713 10.2108 -1.9044
v  7.4295 10.2108 -1.8389
v  7.5961 10.2108 -1.7989
v  7.7669 10.2108 -1.7854
v  7.9377 10.2108 -1.7989
v  8.1042 10.2108 -1.8389
v  8.2625 10.2108 -1.9044
v  8.4085 10.2108 -1.9939
v  8.5388 10.2108 -2.1052
v  8.6501 10.2108 -2.2354
v  8.7396 10.2108 -2.3815
v  8.8051 10.2108 -2.5397
v  8.8451 10.2108 -2.7063
v  8.7896 10.3772 -2.8771
v  8.7770 10.3772 -3.0371
v  8.7396 10.3772 -3.1931
v  8.6781 10.3772 -3.3414
v  8.5943 10.3772 -3.4782
v  8.4901 10.3772 -3.6003
v  8.3680 10.3772 -3.7045
v  8.2312 10.3772 -3.7883
v  8.0829 10.3772 -3.8498
v  7.9269 10.3772 -3.8872
v  7.7669 10.3772 -3.8998
v  7.6069 10.3772 -3.8872
v  7.4508 10.3772 -3.8498
v  7.3026 10.3772 -3.7883
v  7.1657 10.3772 -3.7045
v  7.0437 10.3772 -3.6003
v  6.9395 10.3772 -3.4782
v  6.8556 10.3772 -3.3414
v  6.7942 10.3772 -3.1931
v  6.7567 10.3772 -3.0371
v  6.7442 10.3772 -2.8771
v  6.7567 10.3772 -2.7171
v  6.7942 10.3772 -2.5610
v  6.8556 10.3772 -2.4128
v  6.9395 10.3772 -2.2759
v  7.0437 10.3772 -2.1539
v  7.1657 10.3772 -2.0497
v  7.3026 10.3772 -1.9658
v  7.4508 10.3772 -1.9044
v  7.6069 10.3772 -1.8670
v  7.7669 10.3772 -1.8544
v  7.9269 10.3772 -1.8670
v  8.0829 10.3772 -1.9044
v  8.2312 10.3772 -1.9658
v  8.3680 10.3772 -2.0497
v  8.4901 10.3772 -2.1539
v  8.5943 10.3772 -2.2759
v  8.6781 10.3772 -2.4128
v  8.7396 10.3772 -2.5610
v  8.7770 10.3772 -2.7171
v  8.6955 10.5308 -2.8771
v  8.6841 10.5308 -3.0224
v  8.6501 10.5308 -3.1640
v  8.5943 10.5308 -3.2987
v  8.5182 10.5308 -3.4229
v  8.4235 10.5308 -3.5337
v  8.3127 10.5308 -3.6284
v  8.1885 10.5308 -3.7045
v  8.0538 10.5308 -3.7603
v  7.9122 10.5308 -3.7943
v  7.7669 10.5308 -3.8057
v  7.6216 10.5308 -3.7943
v  7.4799 10.5308 -3.7603
v  7.3453 10.5308 -3.7045
v  7.2211 10.5308 -3.6284
v  7.1103 10.5308 -3.5337
v  7.0156 10.5308 -3.4229
v  6.9395 10.5308 -3.2987
v  6.8837 10.5308 -3.1640
v  6.8497 10.5308 -3.0224
v  6.8383 10.5308 -2.8771
v  6.8497 10.5308 -2.7318
v  6.8837 10.5308 -2.5901
v  6.9395 10.5308 -2.4555
v  7.0156 10.5308 -2.3313
v  7.1103 10.5308 -2.2205
v  7.2211 10.5308 -2.1258
v  7.3453 10.5308 -2.0497
v  7.4799 10.5308 -1.9939
v  7.6216 10.5308 -1.9599
v  7.7669 10.5308 -1.9485
v  7.9122 10.5308 -1.9599
v  8.0538 10.5308 -1.9939
v  8.1885 10.5308 -2.0497
v  8.3127 10.5308 -2.1258
v  8.4235 10.5308 -2.2205
v  8.5182 10.5308 -2.3313
v  8.5943 10.5308 -2.4555
v  8.6501 10.5308 -2.5901
v  8.6841 10.5308 -2.7318
v  8.5785 10.6677 -2.8771
v  8.5685 10.6677 -3.0041
v  8.5388 10.6677 -3.1279
v  8.4901 10.6677 -3.2456
v  8.4235 10.6677 -3.3542
v  8.3408 10.6677 -3.4510
v  8.2440 10.6677 -3.5337
v  8.1354 10.6677 -3.6003
v  8.0177 10.6677 -3.6490
v  7.8939 10.6677 -3.6787
v  7.7669 10.6677 -3.6887
v  7.6399 10.6677 -3.6787
v  7.5161 10.6677 -3.6490
v  7.3984 10.6677 -3.6003
v  7.2898 10.6677 -3.5337
v  7.1930 10.6677 -3.4510
v  7.1103 10.6677 -3.3542
v  7.0437 10.6677 -3.2456
v  6.9950 10.6677 -3.1279
v  6.9652 10.6677 -3.0041
v  6.9552 10.6677 -2.8771
v  6.9652 10.6677 -2.7501
v  6.9950 10.6677 -2.6263
v  7.0437 10.6677 -2.5086
v  7.1103 10.6677 -2.4000
v  7.1930 10.6677 -2.3032
v  7.2898 10.6677 -2.2205
v  7.3984 10.6677 -2.1539
v  7.5161 10.6677 -2.1052
v  7.6399 10.6677 -2.0754
v  7.7669 10.6677 -2.0654
v  7.8939 10.6677 -2.0754
v  8.0177 10.6677 -2.1052
v  8.1354 10.6677 -2.1539
v  8.2440 10.6677 -2.2205
v  8.3408 10.6677 -2.3032
v  8.4235 10.6677 -2.4000
v  8.4901 10.6677 -2.5086
v  8.5388 10.6677 -2.6263
v  8.5685 10.6677 -2.7501
v  8.4416 10.7847 -2.8771
v  8.4333 10.7847 -2.9826
v  8.4085 10.7847 -3.0856
v  8.3680 10.7847 -3.1834
v  8.3127 10.7847 -3.2737
v  8.2440 10.7847 -3.3542
v  8.1635 10.7847 -3.4229
v  8.0732 10.7847 -3.4782
v  7.9754 10.7847 -3.5188
v  7.8724 10.7847 -3.5435
v  7.7669 10.7847 -3.5518
v  7.6613 10.7847 -3.5435
v  7.5584 10.7847 -3.5188
v  7.4606 10.7847 -3.4782
v  7.3703 10.7847 -3.4229
v  7.2898 10.7847 -3.3542
v  7.2211 10.7847 -3.2737
v  7.1657 10.7847 -3.1834
v  7.1252 10.7847 -3.0856
v  7.1005 10.7847 -2.9826
v  7.0922 10.7847 -2.8771
v  7.1005 10.7847 -2.7715
v  7.1252 10.7847 -2.6686
v  7.1657 10.7847 -2.5708
v  7.2211 10.7847 -2.4805
v  7.2898 10.7847 -2.4000
v  7.3703 10.7847 -2.3313
v  7.4606 10.7847 -2.2759
v  7.5584 10.7847 -2.2354
v  7.6613 10.7847 -2.2107
v  7.7669 10.7847 -2.2024
v  7.8724 10.7847 -2.2107
v  7.9754 10.7847 -2.2354
v  8.0732 10.7847 -2.2759
v  8.1635 10.7847 -2.3313
v  8.2440 10.7847 -2.4000
v  8.3127 10.7847 -2.4805
v  8.3680 10.7847 -2.5708
v  8.4085 10.7847 -2.6686
v  8.4333 10.7847 -2.7715
v  8.2880 10.8788 -2.8771
v  8.2816 10.8788 -2.9586
v  8.2625 10.8788 -3.0381
v  8.2312 10.8788 -3.1137
v  8.1885 10.8788 -3.1834
v  8.1354 10.8788 -3.2456
v  8.0732 10.8788 -3.2987
v  8.0035 10.8788 -3.3414
v  7.9279 10.8788 -3.3727
v  7.8484 10.8788 -3.3918
v  7.7669 10.8788 -3.3982
v  7.6854 10.8788 -3.3918
v  7.6059 10.8788 -3.3727
v  7.5303 10.8788 -3.3414
v  7.4606 10.8788 -3.2987
v  7.3984 10.8788 -3.2456
v  7.3453 10.8788 -3.1834
v  7.3026 10.8788 -3.1137
v  7.2713 10.8788 -3.0381
v  7.2522 10.8788 -2.9586
v  7.2458 10.8788 -2.8771
v  7.2522 10.8788 -2.7956
v  7.2713 10.8788 -2.7161
v  7.3026 10.8788 -2.6405
v  7.3453 10.8788 -2.5708
v  7.3984 10.8788 -2.5086
v  7.4606 10.8788 -2.4555
v  7.5303 10.8788 -2.4128
v  7.6059 10.8788 -2.3815
v  7.6854 10.8788 -2.3624
v  7.7669 10.8788 -2.3560
v  7.8484 10.8788 -2.3624
v  7.9279 10.8788 -2.3815
v  8.0035 10.8788 -2.4128
v  8.0732 10.8788 -2.4555
v  8.1354 10.8788 -2.5086
v  8.1885 10.8788 -2.5708
v  8.2312 10.8788 -2.6405
v  8.2625 10.8788 -2.7161
v  8.2816 10.8788 -2.7956
v  8.1172 10.9477 -2.9326
v  8.1216 10.9477 -2.8771
v  8.1042 10.9477 -2.9867
v  8.0829 10.9477 -3.0381
v  8.0538 10.9477 -3.0856
v  8.0177 10.9477 -3.1279
v  7.9754 10.9477 -3.1640
v  7.9279 10.9477 -3.1931
v  7.8765 10.9477 -3.2144
v  7.8224 10.9477 -3.2274
v  7.7669 10.9477 -3.2318
v  7.7114 10.9477 -3.2274
v  7.6573 10.9477 -3.2144
v  7.6059 10.9477 -3.1931
v  7.5584 10.9477 -3.1640
v  7.5161 10.9477 -3.1279
v  7.4799 10.9477 -3.0856
v  7.4508 10.9477 -3.0381
v  7.4295 10.9477 -2.9867
v  7.4166 10.9477 -2.9326
v  7.4122 10.9477 -2.8771
v  7.4166 10.9477 -2.8216
v  7.4295 10.9477 -2.7675
v  7.4508 10.9477 -2.7161
v  7.4799 10.9477 -2.6686
v  7.5161 10.9477 -2.6263
v  7.5584 10.9477 -2.5901
v  7.6059 10.9477 -2.5610
v  7.6573 10.9477 -2.5397
v  7.7114 10.9477 -2.5268
v  7.7669 10.9477 -2.5224
v  7.8224 10.9477 -2.5268
v  7.8765 10.9477 -2.5397
v  7.9279 10.9477 -2.5610
v  7.9754 10.9477 -2.5901
v  8.0177 10.9477 -2.6263
v  8.0538 10.9477 -2.6686
v  8.0829 10.9477 -2.7161
v  8.1042 10.9477 -2.7675
v  8.1172 10.9477 -2.8216
v  7.9464 10.9898 -2.8771
v  7.9442 10.9898 -2.9052
v  7.9377 10.9898 -2.9326
v  7.9269 10.9898 -2.9586
v  7.9122 10.9898 -2.9826
v  7.8939 10.9898 -3.0041
v  7.8724 10.9898 -3.0224
v  7.8484 10.9898 -3.0371
v  7.8224 10.9898 -3.0479
v  7.7950 10.9898 -3.0544
v  7.7669 10.9898 -3.0567
v  7.7388 10.9898 -3.0544
v  7.7114 10.9898 -3.0479
v  7.6854 10.9898 -3.0371
v  7.6613 10.9898 -3.0224
v  7.6399 10.9898 -3.0041
v  7.6216 10.9898 -2.9826
v  7.6069 10.9898 -2.9586
v  7.5961 10.9898 -2.9326
v  7.5895 10.9898 -2.9052
v  7.5873 10.9898 -2.8771
v  7.5895 10.9898 -2.8490
v  7.5961 10.9898 -2.8216
v  7.6069 10.9898 -2.7956
v  7.6216 10.9898 -2.7715
v  7.6399 10.9898 -2.7501
v  7.6613 10.9898 -2.7318
v  7.6854 10.9898 -2.7171
v  7.7114 10.9898 -2.7063
v  7.7388 10.9898 -2.6997
v  7.7669 10.9898 -2.6975
v  7.7950 10.9898 -2.6997
v  7.8224 10.9898 -2.7063
v  7.8484 10.9898 -2.7171
v  7.8724 10.9898 -2.7318
v  7.8939 10.9898 -2.7501
v  7.9122 10.9898 -2.7715
v  7.9269 10.9898 -2.7956
v  7.9377 10.9898 -2.8216
v  7.9442 10.9898 -2.8490
v  7.7669 8.7082 -2.8771
v  7.7669 11.0039 -2.8771
# 762 vertices

vn 0.3126 -0.9499 -0.0000
vn 0.1603 -0.9871 -0.0000
vn 0.1583 -0.9871 -0.0251
vn 0.3087 -0.9499 -0.0489
vn 0.1524 -0.9871 -0.0495
vn 0.2973 -0.9499 -0.0966
vn 0.1428 -0.9871 -0.0728
vn 0.2785 -0.9499 -0.1419
vn 0.1296 -0.9871 -0.0942
vn 0.2529 -0.9499 -0.1837
vn 0.1133 -0.9871 -0.1133
vn 0.2210 -0.9499 -0.2210
vn 0.0942 -0.9871 -0.1296
vn 0.1837 -0.9499 -0.2529
vn 0.0728 -0.9871 -0.1428
vn 0.1419 -0.9499 -0.2785
vn 0.0495 -0.9871 -0.1524
vn 0.0966 -0.9499 -0.2973
vn 0.0251 -0.9871 -0.1583
vn 0.0489 -0.9499 -0.3087
vn 0.0000 -0.9871 -0.1603
vn 0.0000 -0.9499 -0.3126
vn -0.0489 -0.9499 -0.3087
vn -0.0251 -0.9871 -0.1583
vn -0.0966 -0.9499 -0.2973
vn -0.0495 -0.9871 -0.1524
vn -0.1419 -0.9499 -0.2785
vn -0.0728 -0.9871 -0.1428
vn -0.1837 -0.9499 -0.2529
vn -0.0942 -0.9871 -0.1296
vn -0.2210 -0.9499 -0.2210
vn -0.1133 -0.9871 -0.1133
vn -0.2529 -0.9499 -0.1837
vn -0.1296 -0.9871 -0.0942
vn -0.2785 -0.9499 -0.1419
vn -0.1428 -0.9871 -0.0728
vn -0.2973 -0.9499 -0.0966
vn -0.1524 -0.9871 -0.0495
vn -0.3087 -0.9499 -0.0489
vn -0.1583 -0.9871 -0.0251
vn -0.3126 -0.9499 -0.0000
vn -0.1603 -0.9871 -0.0000
vn -0.3087 -0.9499 0.0489
vn -0.1583 -0.9871 0.0251
vn -0.2973 -0.9499 0.0966
vn -0.1524 -0.9871 0.0495
vn -0.2785 -0.9499 0.1419
vn -0.1428 -0.9871 0.0728
vn -0.2529 -0.9499 0.1837
vn -0.1296 -0.9871 0.0942
vn -0.2210 -0.9499 0.2210
vn -0.1133 -0.9871 0.1133
vn -0.1837 -0.9499 0.2529
vn -0.0942 -0.9871 0.1296
vn -0.1419 -0.9499 0.2785
vn -0.0728 -0.9871 0.1428
vn -0.0966 -0.9499 0.2973
vn -0.0495 -0.9871 0.1524
vn -0.0489 -0.9499 0.3087
vn -0.0251 -0.9871 0.1583
vn 0.0000 -0.9499 0.3126
vn 0.0000 -0.9871 0.1603
vn 0.0489 -0.9499 0.3087
vn 0.0251 -0.9871 0.1583
vn 0.0966 -0.9499 0.2973
vn 0.0495 -0.9871 0.1524
vn 0.1419 -0.9499 0.2785
vn 0.0728 -0.9871 0.1428
vn 0.1837 -0.9499 0.2529
vn 0.0942 -0.9871 0.1296
vn 0.2210 -0.9499 0.2210
vn 0.1133 -0.9871 0.1133
vn 0.2529 -0.9499 0.1837
vn 0.1296 -0.9871 0.0942
vn 0.2785 -0.9499 0.1419
vn 0.1428 -0.9871 0.0728
vn 0.2973 -0.9499 0.0966
vn 0.1524 -0.9871 0.0495
vn 0.3087 -0.9499 0.0489
vn 0.1583 -0.9871 0.0251
vn 0.4515 -0.8894 -0.0715
vn 0.4571 -0.8894 -0.0000
vn 0.4347 -0.8894 -0.1413
vn 0.4073 -0.8894 -0.2075
vn 0.3698 -0.8894 -0.2687
vn 0.3232 -0.8894 -0.3232
vn 0.2687 -0.8894 -0.3698
vn 0.2075 -0.8894 -0.4073
vn 0.1413 -0.8894 -0.4347
vn 0.0715 -0.8894 -0.4515
vn 0.0000 -0.8894 -0.4571
vn -0.0715 -0.8894 -0.4515
vn -0.1413 -0.8894 -0.4347
vn -0.2075 -0.8894 -0.4073
vn -0.2687 -0.8894 -0.3698
vn -0.3232 -0.8894 -0.3232
vn -0.3698 -0.8894 -0.2687
vn -0.4073 -0.8894 -0.2075
vn -0.4347 -0.8894 -0.1412
vn -0.4515 -0.8894 -0.0715
vn -0.4571 -0.8894 -0.0000
vn -0.4515 -0.8894 0.0715
vn -0.4347 -0.8894 0.1412
vn -0.4073 -0.8894 0.2075
vn -0.3698 -0.8894 0.2687
vn -0.3232 -0.8894 0.3232
vn -0.2687 -0.8894 0.3698
vn -0.2075 -0.8894 0.4073
vn -0.1413 -0.8894 0.4347
vn -0.0715 -0.8894 0.4515
vn 0.0000 -0.8894 0.4571
vn 0.0715 -0.8894 0.4515
vn 0.1413 -0.8894 0.4347
vn 0.2075 -0.8894 0.4073
vn 0.2687 -0.8894 0.3698
vn 0.3232 -0.8894 0.3232
vn 0.3698 -0.8894 0.2687
vn 0.4073 -0.8894 0.2075
vn 0.4347 -0.8894 0.1413
vn 0.4515 -0.8894 0.0715
vn 0.5831 -0.8072 -0.0923
vn 0.5903 -0.8072 -0.0000
vn 0.5614 -0.8072 -0.1824
vn 0.5260 -0.8072 -0.2680
vn 0.4776 -0.8072 -0.3470
vn 0.4174 -0.8072 -0.4174
vn 0.3470 -0.8072 -0.4776
vn 0.2680 -0.8072 -0.5260
vn 0.1824 -0.8072 -0.5614
vn 0.0923 -0.8072 -0.5831
vn 0.0000 -0.8072 -0.5903
vn -0.0923 -0.8072 -0.5831
vn -0.1824 -0.8072 -0.5614
vn -0.2680 -0.8072 -0.5260
vn -0.3470 -0.8072 -0.4776
vn -0.4174 -0.8072 -0.4174
vn -0.4776 -0.8072 -0.3470
vn -0.5260 -0.8072 -0.2680
vn -0.5614 -0.8072 -0.1824
vn -0.5831 -0.8072 -0.0923
vn -0.5903 -0.8072 -0.0000
vn -0.5831 -0.8072 0.0923
vn -0.5614 -0.8072 0.1824
vn -0.5260 -0.8072 0.2680
vn -0.4776 -0.8072 0.3470
vn -0.4174 -0.8072 0.4174
vn -0.3470 -0.8072 0.4776
vn -0.2680 -0.8072 0.5260
vn -0.1824 -0.8072 0.5614
vn -0.0923 -0.8072 0.5831
vn 0.0000 -0.8072 0.5903
vn 0.0923 -0.8072 0.5831
vn 0.1824 -0.8072 0.5614
vn 0.2680 -0.8072 0.5260
vn 0.3470 -0.8072 0.4776
vn 0.4174 -0.8072 0.4174
vn 0.4776 -0.8072 0.3470
vn 0.5260 -0.8072 0.2680
vn 0.5614 -0.8072 0.1824
vn 0.5831 -0.8072 0.0923
vn 0.7091 -0.7052 -0.0000
vn 0.7003 -0.7052 -0.1109
vn 0.6744 -0.7052 -0.2191
vn 0.6318 -0.7052 -0.3219
vn 0.5736 -0.7052 -0.4168
vn 0.5014 -0.7052 -0.5014
vn 0.4168 -0.7052 -0.5736
vn 0.3219 -0.7052 -0.6318
vn 0.2191 -0.7052 -0.6744
vn 0.1109 -0.7052 -0.7003
vn 0.0000 -0.7052 -0.7091
vn -0.1109 -0.7052 -0.7003
vn -0.2191 -0.7052 -0.6744
vn -0.3219 -0.7052 -0.6318
vn -0.4168 -0.7052 -0.5736
vn -0.5014 -0.7052 -0.5014
vn -0.5736 -0.7052 -0.4168
vn -0.6318 -0.7052 -0.3219
vn -0.6744 -0.7052 -0.2191
vn -0.7003 -0.7052 -0.1109
vn -0.7091 -0.7052 -0.0000
vn -0.7003 -0.7052 0.1109
vn -0.6744 -0.7052 0.2191
vn -0.6318 -0.7052 0.3219
vn -0.5736 -0.7052 0.4168
vn -0.5014 -0.7052 0.5014
vn -0.4168 -0.7052 0.5736
vn -0.3219 -0.7052 0.6318
vn -0.2191 -0.7052 0.6744
vn -0.1109 -0.7052 0.7003
vn 0.0000 -0.7052 0.7091
vn 0.1109 -0.7052 0.7003
vn 0.2191 -0.7052 0.6744
vn 0.3219 -0.7052 0.6318
vn 0.4168 -0.7052 0.5736
vn 0.5014 -0.7052 0.5014
vn 0.5736 -0.7052 0.4168
vn 0.6318 -0.7052 0.3219
vn 0.6744 -0.7052 0.2191
vn 0.7003 -0.7052 0.1109
vn 0.8004 -0.5859 -0.1268
vn 0.8104 -0.5859 -0.0000
vn 0.7707 -0.5859 -0.2504
vn 0.7220 -0.5859 -0.3679
vn 0.6556 -0.5859 -0.4763
vn 0.5730 -0.5859 -0.5730
vn 0.4763 -0.5859 -0.6556
vn 0.3679 -0.5859 -0.7220
vn 0.2504 -0.5859 -0.7707
vn 0.1268 -0.5859 -0.8004
vn 0.0000 -0.5859 -0.8104
vn -0.1268 -0.5859 -0.8004
vn -0.2504 -0.5859 -0.7707
vn -0.3679 -0.5859 -0.7220
vn -0.4763 -0.5859 -0.6556
vn -0.5730 -0.5859 -0.5730
vn -0.6556 -0.5859 -0.4763
vn -0.7220 -0.5859 -0.3679
vn -0.7707 -0.5859 -0.2504
vn -0.8004 -0.5859 -0.1268
vn -0.8104 -0.5859 -0.0000
vn -0.8004 -0.5859 0.1268
vn -0.7707 -0.5859 0.2504
vn -0.7220 -0.5859 0.3679
vn -0.6556 -0.5859 0.4763
vn -0.5730 -0.5859 0.5730
vn -0.4763 -0.5859 0.6556
vn -0.3679 -0.5859 0.7220
vn -0.2504 -0.5859 0.7707
vn -0.1268 -0.5859 0.8004
vn 0.0000 -0.5859 0.8104
vn 0.1268 -0.5859 0.8004
vn 0.2504 -0.5859 0.7707
vn 0.3679 -0.5859 0.7220
vn 0.4763 -0.5859 0.6556
vn 0.5730 -0.5859 0.5730
vn 0.6556 -0.5859 0.4763
vn 0.7220 -0.5859 0.3679
vn 0.7707 -0.5859 0.2504
vn 0.8004 -0.5859 0.1268
vn 0.8918 -0.4524 -0.0000
vn 0.8808 -0.4524 -0.1395
vn 0.8482 -0.4524 -0.2756
vn 0.7946 -0.4524 -0.4049
vn 0.7215 -0.4524 -0.5242
vn 0.6306 -0.4524 -0.6306
vn 0.5242 -0.4524 -0.7215
vn 0.4049 -0.4524 -0.7946
vn 0.2756 -0.4524 -0.8482
vn 0.1395 -0.4524 -0.8808
vn 0.0000 -0.4524 -0.8918
vn -0.1395 -0.4524 -0.8808
vn -0.2756 -0.4524 -0.8482
vn -0.4049 -0.4524 -0.7946
vn -0.5242 -0.4524 -0.7215
vn -0.6306 -0.4524 -0.6306
vn -0.7215 -0.4524 -0.5242
vn -0.7946 -0.4524 -0.4049
vn -0.8482 -0.4524 -0.2756
vn -0.8808 -0.4524 -0.1395
vn -0.8918 -0.4524 -0.0000
vn -0.8808 -0.4524 0.1395
vn -0.8482 -0.4524 0.2756
vn -0.7946 -0.4524 0.4049
vn -0.7215 -0.4524 0.5242
vn -0.6306 -0.4524 0.6306
vn -0.5242 -0.4524 0.7215
vn -0.4049 -0.4524 0.7946
vn -0.2756 -0.4524 0.8482
vn -0.1395 -0.4524 0.8808
vn 0.0000 -0.4524 0.8918
vn 0.1395 -0.4524 0.8808
vn 0.2756 -0.4524 0.8482
vn 0.4049 -0.4524 0.7946
vn 0.5242 -0.4524 0.7215
vn 0.6306 -0.4524 0.6306
vn 0.7215 -0.4524 0.5242
vn 0.7946 -0.4524 0.4049
vn 0.8482 -0.4524 0.2756
vn 0.8808 -0.4524 0.1395
vn 0.9514 -0.3079 -0.0000
vn 0.9397 -0.3079 -0.1488
vn 0.9049 -0.3079 -0.2940
vn 0.8477 -0.3079 -0.4319
vn 0.7697 -0.3079 -0.5592
vn 0.6728 -0.3079 -0.6728
vn 0.5592 -0.3079 -0.7697
vn 0.4319 -0.3079 -0.8477
vn 0.2940 -0.3079 -0.9049
vn 0.1488 -0.3079 -0.9397
vn 0.0000 -0.3079 -0.9514
vn -0.1488 -0.3079 -0.9397
vn -0.2940 -0.3079 -0.9049
vn -0.4319 -0.3079 -0.8477
vn -0.5592 -0.3079 -0.7697
vn -0.6728 -0.3079 -0.6728
vn -0.7697 -0.3079 -0.5592
vn -0.8477 -0.3079 -0.4319
vn -0.9049 -0.3079 -0.2940
vn -0.9397 -0.3079 -0.1488
vn -0.9514 -0.3079 -0.0000
vn -0.9397 -0.3079 0.1488
vn -0.9049 -0.3079 0.2940
vn -0.8477 -0.3079 0.4319
vn -0.7697 -0.3079 0.5592
vn -0.6728 -0.3079 0.6728
vn -0.5592 -0.3079 0.7697
vn -0.4319 -0.3079 0.8477
vn -0.2940 -0.3079 0.9049
vn -0.1488 -0.3079 0.9397
vn 0.0000 -0.3079 0.9514
vn 0.1488 -0.3079 0.9397
vn 0.2940 -0.3079 0.9049
vn 0.4319 -0.3079 0.8477
vn 0.5592 -0.3079 0.7697
vn 0.6728 -0.3079 0.6728
vn 0.7697 -0.3079 0.5592
vn 0.8477 -0.3079 0.4319
vn 0.9049 -0.3079 0.2940
vn 0.9397 -0.3079 0.1488
vn 0.9878 -0.1558 -0.0000
vn 0.9756 -0.1558 -0.1545
vn 0.9394 -0.1558 -0.3052
vn 0.8801 -0.1558 -0.4484
vn 0.7991 -0.1558 -0.5806
vn 0.6985 -0.1558 -0.6985
vn 0.5806 -0.1558 -0.7991
vn 0.4484 -0.1558 -0.8801
vn 0.3052 -0.1558 -0.9394
vn 0.1545 -0.1558 -0.9756
vn 0.0000 -0.1558 -0.9878
vn -0.1545 -0.1558 -0.9756
vn -0.3052 -0.1558 -0.9394
vn -0.4484 -0.1558 -0.8801
vn -0.5806 -0.1558 -0.7991
vn -0.6985 -0.1558 -0.6985
vn -0.7991 -0.1558 -0.5806
vn -0.8801 -0.1558 -0.4484
vn -0.9394 -0.1558 -0.3052
vn -0.9756 -0.1558 -0.1545
vn -0.9878 -0.1558 -0.0000
vn -0.9756 -0.1558 0.1545
vn -0.9394 -0.1558 0.3052
vn -0.8801 -0.1558 0.4484
vn -0.7991 -0.1558 0.5806
vn -0.6985 -0.1558 0.6985
vn -0.5806 -0.1558 0.7991
vn -0.4484 -0.1558 0.8801
vn -0.3052 -0.1558 0.9394
vn -0.1545 -0.1558 0.9756
vn 0.0000 -0.1558 0.9878
vn 0.1545 -0.1558 0.9756
vn 0.3052 -0.1558 0.9394
vn 0.4484 -0.1558 0.8801
vn 0.5806 -0.1558 0.7991
vn 0.6985 -0.1558 0.6985
vn 0.7991 -0.1558 0.5806
vn 0.8801 -0.1558 0.4484
vn 0.9394 -0.1558 0.3052
vn 0.9756 -0.1558 0.1545
vn 0.9877 0.0000 -0.1564
vn 1.0000 0.0000 -0.0000
vn 0.9511 0.0000 -0.3090
vn 0.8910 0.0000 -0.4540
vn 0.8090 0.0000 -0.5878
vn 0.7071 0.0000 -0.7071
vn 0.5878 0.0000 -0.8090
vn 0.4540 0.0000 -0.8910
vn 0.3090 0.0000 -0.9511
vn 0.1564 0.0000 -0.9877
vn -0.0000 0.0000 -1.0000
vn -0.1564 0.0000 -0.9877
vn -0.3090 0.0000 -0.9511
vn -0.4540 0.0000 -0.8910
vn -0.5878 0.0000 -0.8090
vn -0.7071 0.0000 -0.7071
vn -0.8090 0.0000 -0.5878
vn -0.8910 0.0000 -0.4540
vn -0.9511 0.0000 -0.3090
vn -0.9877 0.0000 -0.1564
vn -1.0000 0.0000 -0.0000
vn -0.9877 0.0000 0.1564
vn -0.9511 0.0000 0.3090
vn -0.8910 0.0000 0.4540
vn -0.8090 0.0000 0.5878
vn -0.7071 0.0000 0.7071
vn -0.5878 0.0000 0.8090
vn -0.4540 0.0000 0.8910
vn -0.3090 0.0000 0.9511
vn -0.1564 0.0000 0.9877
vn -0.0000 0.0000 1.0000
vn 0.1564 0.0000 0.9877
vn 0.3090 0.0000 0.9511
vn 0.4540 0.0000 0.8910
vn 0.5878 0.0000 0.8090
vn 0.7071 0.0000 0.7071
vn 0.8090 0.0000 0.5878
vn 0.8910 0.0000 0.4540
vn 0.9511 0.0000 0.3090
vn 0.9877 0.0000 0.1564
vn 0.9878 0.1558 -0.0000
vn 0.9756 0.1558 -0.1545
vn 0.9394 0.1558 -0.3052
vn 0.8801 0.1558 -0.4484
vn 0.7991 0.1558 -0.5806
vn 0.6985 0.1558 -0.6985
vn 0.5806 0.1558 -0.7991
vn 0.4484 0.1558 -0.8801
vn 0.3052 0.1558 -0.9394
vn 0.1545 0.1558 -0.9756
vn 0.0000 0.1558 -0.9878
vn -0.1545 0.1558 -0.9756
vn -0.3052 0.1558 -0.9394
vn -0.4484 0.1558 -0.8801
vn -0.5806 0.1558 -0.7991
vn -0.6985 0.1558 -0.6985
vn -0.7991 0.1558 -0.5806
vn -0.8801 0.1558 -0.4484
vn -0.9394 0.1558 -0.3052
vn -0.9756 0.1558 -0.1545
vn -0.9878 0.1558 -0.0000
vn -0.9756 0.1558 0.1545
vn -0.9394 0.1558 0.3052
vn -0.8801 0.1558 0.4484
vn -0.7991 0.1558 0.5806
vn -0.6985 0.1558 0.6985
vn -0.5806 0.1558 0.7991
vn -0.4484 0.1558 0.8801
vn -0.3052 0.1558 0.9394
vn -0.1545 0.1558 0.9756
vn 0.0000 0.1558 0.9878
vn 0.1545 0.1558 0.9756
vn 0.3052 0.1558 0.9394
vn 0.4484 0.1558 0.8801
vn 0.5806 0.1558 0.7991
vn 0.6985 0.1558 0.6985
vn 0.7991 0.1558 0.5806
vn 0.8801 0.1558 0.4484
vn 0.9394 0.1558 0.3052
vn 0.9756 0.1558 0.1545
vn 0.9514 0.3079 -0.0000
vn 0.9397 0.3079 -0.1488
vn 0.9049 0.3079 -0.2940
vn 0.8477 0.3079 -0.4319
vn 0.7697 0.3079 -0.5592
vn 0.6728 0.3079 -0.6728
vn 0.5592 0.3079 -0.7697
vn 0.4319 0.3079 -0.8477
vn 0.2940 0.3079 -0.9049
vn 0.1488 0.3079 -0.9397
vn 0.0000 0.3079 -0.9514
vn -0.1488 0.3079 -0.9397
vn -0.2940 0.3079 -0.9049
vn -0.4319 0.3079 -0.8477
vn -0.5592 0.3079 -0.7697
vn -0.6728 0.3079 -0.6728
vn -0.7697 0.3079 -0.5592
vn -0.8477 0.3079 -0.4319
vn -0.9049 0.3079 -0.2940
vn -0.9397 0.3079 -0.1488
vn -0.9514 0.3079 -0.0000
vn -0.9397 0.3079 0.1488
vn -0.9049 0.3079 0.2940
vn -0.8477 0.3079 0.4319
vn -0.7697 0.3079 0.5592
vn -0.6728 0.3079 0.6728
vn -0.5592 0.3079 0.7697
vn -0.4319 0.3079 0.8477
vn -0.2940 0.3079 0.9049
vn -0.1488 0.3079 0.9397
vn 0.0000 0.3079 0.9514
vn 0.1488 0.3079 0.9397
vn 0.2940 0.3079 0.9049
vn 0.4319 0.3079 0.8477
vn 0.5592 0.3079 0.7697
vn 0.6728 0.3079 0.6728
vn 0.7697 0.3079 0.5592
vn 0.8477 0.3079 0.4319
vn 0.9049 0.3079 0.2940
vn 0.9397 0.3079 0.1488
vn 0.8918 0.4524 -0.0000
vn 0.8808 0.4524 -0.1395
vn 0.8482 0.4524 -0.2756
vn 0.7946 0.4524 -0.4049
vn 0.7215 0.4524 -0.5242
vn 0.6306 0.4524 -0.6306
vn 0.5242 0.4524 -0.7215
vn 0.4049 0.4524 -0.7946
vn 0.2756 0.4524 -0.8482
vn 0.1395 0.4524 -0.8808
vn 0.0000 0.4524 -0.8918
vn -0.1395 0.4524 -0.8808
vn -0.2756 0.4524 -0.8482
vn -0.4049 0.4524 -0.7946
vn -0.5242 0.4524 -0.7215
vn -0.6306 0.4524 -0.6306
vn -0.7215 0.4524 -0.5242
vn -0.7946 0.4524 -0.4049
vn -0.8482 0.4524 -0.2756
vn -0.8808 0.4524 -0.1395
vn -0.8918 0.4524 -0.0000
vn -0.8808 0.4524 0.1395
vn -0.8482 0.4524 0.2756
vn -0.7946 0.4524 0.4049
vn -0.7215 0.4524 0.5242
vn -0.6306 0.4524 0.6306
vn -0.5242 0.4524 0.7215
vn -0.4049 0.4524 0.7946
vn -0.2756 0.4524 0.8482
vn -0.1395 0.4524 0.8808
vn 0.0000 0.4524 0.8918
vn 0.1395 0.4524 0.8808
vn 0.2756 0.4524 0.8482
vn 0.4049 0.4524 0.7946
vn 0.5242 0.4524 0.7215
vn 0.6306 0.4524 0.6306
vn 0.7215 0.4524 0.5242
vn 0.7946 0.4524 0.4049
vn 0.8482 0.4524 0.2756
vn 0.8808 0.4524 0.1395
vn 0.8104 0.5859 -0.0000
vn 0.8004 0.5859 -0.1268
vn 0.7707 0.5859 -0.2504
vn 0.7220 0.5859 -0.3679
vn 0.6556 0.5859 -0.4763
vn 0.5730 0.5859 -0.5730
vn 0.4763 0.5859 -0.6556
vn 0.3679 0.5859 -0.7220
vn 0.2504 0.5859 -0.7707
vn 0.1268 0.5859 -0.8004
vn 0.0000 0.5859 -0.8104
vn -0.1268 0.5859 -0.8004
vn -0.2504 0.5859 -0.7707
vn -0.3679 0.5859 -0.7220
vn -0.4763 0.5859 -0.6556
vn -0.5730 0.5859 -0.5730
vn -0.6556 0.5859 -0.4763
vn -0.7220 0.5859 -0.3679
vn -0.7707 0.5859 -0.2504
vn -0.8004 0.5859 -0.1268
vn -0.8104 0.5859 -0.0000
vn -0.8004 0.5859 0.1268
vn -0.7707 0.5859 0.2504
vn -0.7220 0.5859 0.3679
vn -0.6556 0.5859 0.4763
vn -0.5730 0.5859 0.5730
vn -0.4763 0.5859 0.6556
vn -0.3679 0.5859 0.7220
vn -0.2504 0.5859 0.7707
vn -0.1268 0.5859 0.8004
vn 0.0000 0.5859 0.8104
vn 0.1268 0.5859 0.8004
vn 0.2504 0.5859 0.7707
vn 0.3679 0.5859 0.7220
vn 0.4763 0.5859 0.6556
vn 0.5730 0.5859 0.5730
vn 0.6556 0.5859 0.4763
vn 0.7220 0.5859 0.3679
vn 0.7707 0.5859 0.2504
vn 0.8004 0.5859 0.1268
vn 0.7091 0.7052 -0.0000
vn 0.7003 0.7052 -0.1109
vn 0.6744 0.7052 -0.2191
vn 0.6318 0.7052 -0.3219
vn 0.5736 0.7052 -0.4168
vn 0.5014 0.7052 -0.5014
vn 0.4168 0.7052 -0.5736
vn 0.3219 0.7052 -0.6318
vn 0.2191 0.7052 -0.6744
vn 0.1109 0.7052 -0.7003
vn 0.0000 0.7052 -0.7091
vn -0.1109 0.7052 -0.7003
vn -0.2191 0.7052 -0.6744
vn -0.3219 0.7052 -0.6318
vn -0.4168 0.7052 -0.5736
vn -0.5014 0.7052 -0.5014
vn -0.5736 0.7052 -0.4168
vn -0.6318 0.7052 -0.3219
vn -0.6744 0.7052 -0.2191
vn -0.7003 0.7052 -0.1109
vn -0.7091 0.7052 -0.0000
vn -0.7003 0.7052 0.1109
vn -0.6744 0.7052 0.2191
vn -0.6318 0.7052 0.3219
vn -0.5736 0.7052 0.4168
vn -0.5014 0.7052 0.5014
vn -0.4168 0.7052 0.5736
vn -0.3219 0.7052 0.6318
vn -0.2191 0.7052 0.6744
vn -0.1109 0.7052 0.7003
vn 0.0000 0.7052 0.7091
vn 0.1109 0.7052 0.7003
vn 0.2191 0.7052 0.6744
vn 0.3219 0.7052 0.6318
vn 0.4168 0.7052 0.5736
vn 0.5014 0.7052 0.5014
vn 0.5736 0.7052 0.4168
vn 0.6318 0.7052 0.3219
vn 0.6744 0.7052 0.2191
vn 0.7003 0.7052 0.1109
vn 0.5903 0.8072 -0.0000
vn 0.5831 0.8072 -0.0923
vn 0.5614 0.8072 -0.1824
vn 0.5260 0.8072 -0.2680
vn 0.4776 0.8072 -0.3470
vn 0.4174 0.8072 -0.4174
vn 0.3470 0.8072 -0.4776
vn 0.2680 0.8072 -0.5260
vn 0.1824 0.8072 -0.5614
vn 0.0923 0.8072 -0.5831
vn 0.0000 0.8072 -0.5903
vn -0.0923 0.8072 -0.5831
vn -0.1824 0.8072 -0.5614
vn -0.2680 0.8072 -0.5260
vn -0.3470 0.8072 -0.4776
vn -0.4174 0.8072 -0.4174
vn -0.4776 0.8072 -0.3470
vn -0.5260 0.8072 -0.2680
vn -0.5614 0.8072 -0.1824
vn -0.5831 0.8072 -0.0923
vn -0.5903 0.8072 -0.0000
vn -0.5831 0.8072 0.0923
vn -0.5614 0.8072 0.1824
vn -0.5260 0.8072 0.2680
vn -0.4776 0.8072 0.3470
vn -0.4174 0.8072 0.4174
vn -0.3470 0.8072 0.4776
vn -0.2680 0.8072 0.5260
vn -0.1824 0.8072 0.5614
vn -0.0923 0.8072 0.5831
vn 0.0000 0.8072 0.5903
vn 0.0923 0.8072 0.5831
vn 0.1824 0.8072 0.5614
vn 0.2680 0.8072 0.5260
vn 0.3470 0.8072 0.4776
vn 0.4174 0.8072 0.4174
vn 0.4776 0.8072 0.3470
vn 0.5260 0.8072 0.2680
vn 0.5614 0.8072 0.1824
vn 0.5831 0.8072 0.0923
vn 0.4571 0.8894 -0.0000
vn 0.4515 0.8894 -0.0715
vn 0.4347 0.8894 -0.1413
vn 0.4073 0.8894 -0.2075
vn 0.3698 0.8894 -0.2687
vn 0.3232 0.8894 -0.3232
vn 0.2687 0.8894 -0.3698
vn 0.2075 0.8894 -0.4073
vn 0.1413 0.8894 -0.4347
vn 0.0715 0.8894 -0.4515
vn 0.0000 0.8894 -0.4571
vn -0.0715 0.8894 -0.4515
vn -0.1413 0.8894 -0.4347
vn -0.2075 0.8894 -0.4073
vn -0.2687 0.8894 -0.3698
vn -0.3232 0.8894 -0.3232
vn -0.3698 0.8894 -0.2687
vn -0.4073 0.8894 -0.2075
vn -0.4347 0.8894 -0.1412
vn -0.4515 0.8894 -0.0715
vn -0.4571 0.8894 -0.0000
vn -0.4515 0.8894 0.0715
vn -0.4347 0.8894 0.1412
vn -0.4073 0.8894 0.2075
vn -0.3698 0.8894 0.2687
vn -0.3232 0.8894 0.3232
vn -0.2687 0.8894 0.3698
vn -0.2075 0.8894 0.4073
vn -0.1413 0.8894 0.4347
vn -0.0715 0.8894 0.4515
vn 0.0000 0.8894 0.4571
vn 0.0715 0.8894 0.4515
vn 0.1413 0.8894 0.4347
vn 0.2075 0.8894 0.4073
vn 0.2687 0.8894 0.3698
vn 0.3232 0.8894 0.3232
vn 0.3698 0.8894 0.2687
vn 0.4073 0.8894 0.2075
vn 0.4347 0.8894 0.1413
vn 0.4515 0.8894 0.0715
vn 0.3087 0.9499 -0.0489
vn 0.3126 0.9499 -0.0000
vn 0.2973 0.9499 -0.0966
vn 0.2785 0.9499 -0.1419
vn 0.2529 0.9499 -0.1837
vn 0.2210 0.9499 -0.2210
vn 0.1837 0.9499 -0.2529
vn 0.1419 0.9499 -0.2785
vn 0.0966 0.9499 -0.2973
vn 0.0489 0.9499 -0.3087
vn 0.0000 0.9499 -0.3126
vn -0.0489 0.9499 -0.3087
vn -0.0966 0.9499 -0.2973
vn -0.1419 0.9499 -0.2785
vn -0.1837 0.9499 -0.2529
vn -0.2210 0.9499 -0.2210
vn -0.2529 0.9499 -0.1837
vn -0.2785 0.9499 -0.1419
vn -0.2973 0.9499 -0.0966
vn -0.3087 0.9499 -0.0489
vn -0.3126 0.9499 -0.0000
vn -0.3087 0.9499 0.0489
vn -0.2973 0.9499 0.0966
vn -0.2785 0.9499 0.1419
vn -0.2529 0.9499 0.1837
vn -0.2210 0.9499 0.2210
vn -0.1837 0.9499 0.2529
vn -0.1419 0.9499 0.2785
vn -0.0966 0.9499 0.2973
vn -0.0489 0.9499 0.3087
vn 0.0000 0.9499 0.3126
vn 0.0489 0.9499 0.3087
vn 0.0966 0.9499 0.2973
vn 0.1419 0.9499 0.2785
vn 0.1837 0.9499 0.2529
vn 0.2210 0.9499 0.2210
vn 0.2529 0.9499 0.1837
vn 0.2785 0.9499 0.1419
vn 0.2973 0.9499 0.0966
vn 0.3087 0.9499 0.0489
vn 0.1603 0.9871 -0.0000
vn 0.1583 0.9871 -0.0251
vn 0.1524 0.9871 -0.0495
vn 0.1428 0.9871 -0.0728
vn 0.1297 0.9871 -0.0942
vn 0.1133 0.9871 -0.1133
vn 0.0942 0.9871 -0.1297
vn 0.0728 0.9871 -0.1428
vn 0.0495 0.9871 -0.1524
vn 0.0251 0.9871 -0.1583
vn 0.0000 0.9871 -0.1603
vn -0.0251 0.9871 -0.1583
vn -0.0495 0.9871 -0.1524
vn -0.0728 0.9871 -0.1428
vn -0.0942 0.9871 -0.1297
vn -0.1133 0.9871 -0.1133
vn -0.1297 0.9871 -0.0942
vn -0.1428 0.9871 -0.0728
vn -0.1524 0.9871 -0.0495
vn -0.1583 0.9871 -0.0251
vn -0.1603 0.9871 -0.0000
vn -0.1583 0.9871 0.0251
vn -0.1524 0.9871 0.0495
vn -0.1428 0.9871 0.0728
vn -0.1297 0.9871 0.0942
vn -0.1133 0.9871 0.1133
vn -0.0942 0.9871 0.1297
vn -0.0728 0.9871 0.1428
vn -0.0495 0.9871 0.1524
vn -0.0251 0.9871 0.1583
vn 0.0000 0.9871 0.1603
vn 0.0251 0.9871 0.1583
vn 0.0495 0.9871 0.1524
vn 0.0728 0.9871 0.1428
vn 0.0942 0.9871 0.1297
vn 0.1133 0.9871 0.1133
vn 0.1297 0.9871 0.0942
vn 0.1428 0.9871 0.0728
vn 0.1524 0.9871 0.0495
vn 0.1583 0.9871 0.0251
vn 0.0000 -1.0000 0.0000
vn 0.0000 1.0000 0.0000
# 762 vertex normals

vt 0.0000 0.1000 0.0000
vt 0.0000 0.0500 0.0000
vt 0.0250 0.0500 0.0000
vt 0.0250 0.1000 0.0000
vt 0.0500 0.0500 0.0000
vt 0.0500 0.1000 0.0000
vt 0.0750 0.0500 0.0000
vt 0.0750 0.1000 0.0000
vt 0.1000 0.0500 0.0000
vt 0.1000 0.1000 0.0000
vt 0.1250 0.0500 0.0000
vt 0.1250 0.1000 0.0000
vt 0.1500 0.0500 0.0000
vt 0.1500 0.1000 0.0000
vt 0.1750 0.0500 0.0000
vt 0.1750 0.1000 0.0000
vt 0.2000 0.0500 0.0000
vt 0.2000 0.1000 0.0000
vt 0.2250 0.0500 0.0000
vt 0.2250 0.1000 0.0000
vt 0.2500 0.0500 0.0000
vt 0.2500 0.1000 0.0000
vt 0.2750 0.1000 0.0000
vt 0.2750 0.0500 0.0000
vt 0.3000 0.1000 0.0000
vt 0.3000 0.0500 0.0000
vt 0.3250 0.1000 0.0000
vt 0.3250 0.0500 0.0000
vt 0.3500 0.1000 0.0000
vt 0.3500 0.0500 0.0000
vt 0.3750 0.1000 0.0000
vt 0.3750 0.0500 0.0000
vt 0.4000 0.1000 0.0000
vt 0.4000 0.0500 0.0000
vt 0.4250 0.1000 0.0000
vt 0.4250 0.0500 0.0000
vt 0.4500 0.1000 0.0000
vt 0.4500 0.0500 0.0000
vt 0.4750 0.1000 0.0000
vt 0.4750 0.0500 0.0000
vt 0.5000 0.1000 0.0000
vt 0.5000 0.0500 0.0000
vt 0.5250 0.1000 0.0000
vt 0.5250 0.0500 0.0000
vt 0.5500 0.1000 0.0000
vt 0.5500 0.0500 0.0000
vt 0.5750 0.1000 0.0000
vt 0.5750 0.0500 0.0000
vt 0.6000 0.1000 0.0000
vt 0.6000 0.0500 0.0000
vt 0.6250 0.1000 0.0000
vt 0.6250 0.0500 0.0000
vt 0.6500 0.1000 0.0000
vt 0.6500 0.0500 0.0000
vt 0.6750 0.1000 0.0000
vt 0.6750 0.0500 0.0000
vt 0.7000 0.1000 0.0000
vt 0.7000 0.0500 0.0000
vt 0.7250 0.1000 0.0000
vt 0.7250 0.0500 0.0000
vt 0.7500 0.1000 0.0000
vt 0.7500 0.0500 0.0000
vt 0.7750 0.1000 0.0000
vt 0.7750 0.0500 0.0000
vt 0.8000 0.1000 0.0000
vt 0.8000 0.0500 0.0000
vt 0.8250 0.1000 0.0000
vt 0.8250 0.0500 0.0000
vt 0.8500 0.1000 0.0000
vt 0.8500 0.0500 0.0000
vt 0.8750 0.1000 0.0000
vt 0.8750 0.0500 0.0000
vt 0.9000 0.1000 0.0000
vt 0.9000 0.0500 0.0000
vt 0.9250 0.1000 0.0000
vt 0.9250 0.0500 0.0000
vt 0.9500 0.1000 0.0000
vt 0.9500 0.0500 0.0000
vt 0.9750 0.1000 0.0000
vt 0.9750 0.0500 0.0000
vt 1.0000 0.0500 0.0000
vt 1.0000 0.1000 0.0000
vt 0.0250 0.1500 0.0000
vt 0.0000 0.1500 0.0000
vt 0.0500 0.1500 0.0000
vt 0.0750 0.1500 0.0000
vt 0.1000 0.1500 0.0000
vt 0.1250 0.1500 0.0000
vt 0.1500 0.1500 0.0000
vt 0.1750 0.1500 0.0000
vt 0.2000 0.1500 0.0000
vt 0.2250 0.1500 0.0000
vt 0.2500 0.1500 0.0000
vt 0.2750 0.1500 0.0000
vt 0.3000 0.1500 0.0000
vt 0.3250 0.1500 0.0000
vt 0.3500 0.1500 0.0000
vt 0.3750 0.1500 0.0000
vt 0.4000 0.1500 0.0000
vt 0.4250 0.1500 0.0000
vt 0.4500 0.1500 0.0000
vt 0.4750 0.1500 0.0000
vt 0.5000 0.1500 0.0000
vt 0.5250 0.1500 0.0000
vt 0.5500 0.1500 0.0000
vt 0.5750 0.1500 0.0000
vt 0.6000 0.1500 0.0000
vt 0.6250 0.1500 0.0000
vt 0.6500 0.1500 0.0000
vt 0.6750 0.1500 0.0000
vt 0.7000 0.1500 0.0000
vt 0.7250 0.1500 0.0000
vt 0.7500 0.1500 0.0000
vt 0.7750 0.1500 0.0000
vt 0.8000 0.1500 0.0000
vt 0.8250 0.1500 0.0000
vt 0.8500 0.1500 0.0000
vt 0.8750 0.1500 0.0000
vt 0.9000 0.1500 0.0000
vt 0.9250 0.1500 0.0000
vt 0.9500 0.1500 0.0000
vt 0.9750 0.1500 0.0000
vt 1.0000 0.1500 0.0000
vt 0.0250 0.2000 0.0000
vt 0.0000 0.2000 0.0000
vt 0.0500 0.2000 0.0000
vt 0.0750 0.2000 0.0000
vt 0.1000 0.2000 0.0000
vt 0.1250 0.2000 0.0000
vt 0.1500 0.2000 0.0000
vt 0.1750 0.2000 0.0000
vt 0.2000 0.2000 0.0000
vt 0.2250 0.2000 0.0000
vt 0.2500 0.2000 0.0000
vt 0.2750 0.2000 0.0000
vt 0.3000 0.2000 0.0000
vt 0.3250 0.2000 0.0000
vt 0.3500 0.2000 0.0000
vt 0.3750 0.2000 0.0000
vt 0.4000 0.2000 0.0000
vt 0.4250 0.2000 0.0000
vt 0.4500 0.2000 0.0000
vt 0.4750 0.2000 0.0000
vt 0.5000 0.2000 0.0000
vt 0.5250 0.2000 0.0000
vt 0.5500 0.2000 0.0000
vt 0.5750 0.2000 0.0000
vt 0.6000 0.2000 0.0000
vt 0.6250 0.2000 0.0000
vt 0.6500 0.2000 0.0000
vt 0.6750 0.2000 0.0000
vt 0.7000 0.2000 0.0000
vt 0.7250 0.2000 0.0000
vt 0.7500 0.2000 0.0000
vt 0.7750 0.2000 0.0000
vt 0.8000 0.2000 0.0000
vt 0.8250 0.2000 0.0000
vt 0.8500 0.2000 0.0000
vt 0.8750 0.2000 0.0000
vt 0.9000 0.2000 0.0000
vt 0.9250 0.2000 0.0000
vt 0.9500 0.2000 0.0000
vt 0.9750 0.2000 0.0000
vt 1.0000 0.2000 0.0000
vt 0.0000 0.2500 0.0000
vt 0.0250 0.2500 0.0000
vt 0.0500 0.2500 0.0000
vt 0.0750 0.2500 0.0000
vt 0.1000 0.2500 0.0000
vt 0.1250 0.2500 0.0000
vt 0.1500 0.2500 0.0000
vt 0.1750 0.2500 0.0000
vt 0.2000 0.2500 0.0000
vt 0.2250 0.2500 0.0000
vt 0.2500 0.2500 0.0000
vt 0.2750 0.2500 0.0000
vt 0.3000 0.2500 0.0000
vt 0.3250 0.2500 0.0000
vt 0.3500 0.2500 0.0000
vt 0.3750 0.2500 0.0000
vt 0.4000 0.2500 0.0000
vt 0.4250 0.2500 0.0000
vt 0.4500 0.2500 0.0000
vt 0.4750 0.2500 0.0000
vt 0.5000 0.2500 0.0000
vt 0.5250 0.2500 0.0000
vt 0.5500 0.2500 0.0000
vt 0.5750 0.2500 0.0000
vt 0.6000 0.2500 0.0000
vt 0.6250 0.2500 0.0000
vt 0.6500 0.2500 0.0000
vt 0.6750 0.2500 0.0000
vt 0.7000 0.2500 0.0000
vt 0.7250 0.2500 0.0000
vt 0.7500 0.2500 0.0000
vt 0.7750 0.2500 0.0000
vt 0.8000 0.2500 0.0000
vt 0.8250 0.2500 0.0000
vt 0.8500 0.2500 0.0000
vt 0.8750 0.2500 0.0000
vt 0.9000 0.2500 0.0000
vt 0.9250 0.2500 0.0000
vt 0.9500 0.2500 0.0000
vt 0.9750 0.2500 0.0000
vt 1.0000 0.2500 0.0000
vt 0.0250 0.3000 0.0000
vt 0.0000 0.3000 0.0000
vt 0.0500 0.3000 0.0000
vt 0.0750 0.3000 0.0000
vt 0.1000 0.3000 0.0000
vt 0.1250 0.3000 0.0000
vt 0.1500 0.3000 0.0000
vt 0.1750 0.3000 0.0000
vt 0.2000 0.3000 0.0000
vt 0.2250 0.3000 0.0000
vt 0.2500 0.3000 0.0000
vt 0.2750 0.3000 0.0000
vt 0.3000 0.3000 0.0000
vt 0.3250 0.3000 0.0000
vt 0.3500 0.3000 0.0000
vt 0.3750 0.3000 0.0000
vt 0.4000 0.3000 0.0000
vt 0.4250 0.3000 0.0000
vt 0.4500 0.3000 0.0000
vt 0.4750 0.3000 0.0000
vt 0.5000 0.3000 0.0000
vt 0.5250 0.3000 0.0000
vt 0.5500 0.3000 0.0000
vt 0.5750 0.3000 0.0000
vt 0.6000 0.3000 0.0000
vt 0.6250 0.3000 0.0000
vt 0.6500 0.3000 0.0000
vt 0.6750 0.3000 0.0000
vt 0.7000 0.3000 0.0000
vt 0.7250 0.3000 0.0000
vt 0.7500 0.3000 0.0000
vt 0.7750 0.3000 0.0000
vt 0.8000 0.3000 0.0000
vt 0.8250 0.3000 0.0000
vt 0.8500 0.3000 0.0000
vt 0.8750 0.3000 0.0000
vt 0.9000 0.3000 0.0000
vt 0.9250 0.3000 0.0000
vt 0.9500 0.3000 0.0000
vt 0.9750 0.3000 0.0000
vt 1.0000 0.3000 0.0000
vt 0.0000 0.3500 0.0000
vt 0.0250 0.3500 0.0000
vt 0.0500 0.3500 0.0000
vt 0.0750 0.3500 0.0000
vt 0.1000 0.3500 0.0000
vt 0.1250 0.3500 0.0000
vt 0.1500 0.3500 0.0000
vt 0.1750 0.3500 0.0000
vt 0.2000 0.3500 0.0000
vt 0.2250 0.3500 0.0000
vt 0.2500 0.3500 0.0000
vt 0.2750 0.3500 0.0000
vt 0.3000 0.3500 0.0000
vt 0.3250 0.3500 0.0000
vt 0.3500 0.3500 0.0000
vt 0.3750 0.3500 0.0000
vt 0.4000 0.3500 0.0000
vt 0.4250 0.3500 0.0000
vt 0.4500 0.3500 0.0000
vt 0.4750 0.3500 0.0000
vt 0.5000 0.3500 0.0000
vt 0.5250 0.3500 0.0000
vt 0.5500 0.3500 0.0000
vt 0.5750 0.3500 0.0000
vt 0.6000 0.3500 0.0000
vt 0.6250 0.3500 0.0000
vt 0.6500 0.3500 0.0000
vt 0.6750 0.3500 0.0000
vt 0.7000 0.3500 0.0000
vt 0.7250 0.3500 0.0000
vt 0.7500 0.3500 0.0000
vt 0.7750 0.3500 0.0000
vt 0.8000 0.3500 0.0000
vt 0.8250 0.3500 0.0000
vt 0.8500 0.3500 0.0000
vt 0.8750 0.3500 0.0000
vt 0.9000 0.3500 0.0000
vt 0.9250 0.3500 0.0000
vt 0.9500 0.3500 0.0000
vt 0.9750 0.3500 0.0000
vt 1.0000 0.3500 0.0000
vt 0.0000 0.4000 0.0000
vt 0.0250 0.4000 0.0000
vt 0.0500 0.4000 0.0000
vt 0.0750 0.4000 0.0000
vt 0.1000 0.4000 0.0000
vt 0.1250 0.4000 0.0000
vt 0.1500 0.4000 0.0000
vt 0.1750 0.4000 0.0000
vt 0.2000 0.4000 0.0000
vt 0.2250 0.4000 0.0000
vt 0.2500 0.4000 0.0000
vt 0.2750 0.4000 0.0000
vt 0.3000 0.4000 0.0000
vt 0.3250 0.4000 0.0000
vt 0.3500 0.4000 0.0000
vt 0.3750 0.4000 0.0000
vt 0.4000 0.4000 0.0000
vt 0.4250 0.4000 0.0000
vt 0.4500 0.4000 0.0000
vt 0.4750 0.4000 0.0000
vt 0.5000 0.4000 0.0000
vt 0.5250 0.4000 0.0000
vt 0.5500 0.4000 0.0000
vt 0.5750 0.4000 0.0000
vt 0.6000 0.4000 0.0000
vt 0.6250 0.4000 0.0000
vt 0.6500 0.4000 0.0000
vt 0.6750 0.4000 0.0000
vt 0.7000 0.4000 0.0000
vt 0.7250 0.4000 0.0000
vt 0.7500 0.4000 0.0000
vt 0.7750 0.4000 0.0000
vt 0.8000 0.4000 0.0000
vt 0.8250 0.4000 0.0000
vt 0.8500 0.4000 0.0000
vt 0.8750 0.4000 0.0000
vt 0.9000 0.4000 0.0000
vt 0.9250 0.4000 0.0000
vt 0.9500 0.4000 0.0000
vt 0.9750 0.4000 0.0000
vt 1.0000 0.4000 0.0000
vt 0.0000 0.4500 0.0000
vt 0.0250 0.4500 0.0000
vt 0.0500 0.4500 0.0000
vt 0.0750 0.4500 0.0000
vt 0.1000 0.4500 0.0000
vt 0.1250 0.4500 0.0000
vt 0.1500 0.4500 0.0000
vt 0.1750 0.4500 0.0000
vt 0.2000 0.4500 0.0000
vt 0.2250 0.4500 0.0000
vt 0.2500 0.4500 0.0000
vt 0.2750 0.4500 0.0000
vt 0.3000 0.4500 0.0000
vt 0.3250 0.4500 0.0000
vt 0.3500 0.4500 0.0000
vt 0.3750 0.4500 0.0000
vt 0.4000 0.4500 0.0000
vt 0.4250 0.4500 0.0000
vt 0.4500 0.4500 0.0000
vt 0.4750 0.4500 0.0000
vt 0.5000 0.4500 0.0000
vt 0.5250 0.4500 0.0000
vt 0.5500 0.4500 0.0000
vt 0.5750 0.4500 0.0000
vt 0.6000 0.4500 0.0000
vt 0.6250 0.4500 0.0000
vt 0.6500 0.4500 0.0000
vt 0.6750 0.4500 0.0000
vt 0.7000 0.4500 0.0000
vt 0.7250 0.4500 0.0000
vt 0.7500 0.4500 0.0000
vt 0.7750 0.4500 0.0000
vt 0.8000 0.4500 0.0000
vt 0.8250 0.4500 0.0000
vt 0.8500 0.4500 0.0000
vt 0.8750 0.4500 0.0000
vt 0.9000 0.4500 0.0000
vt 0.9250 0.4500 0.0000
vt 0.9500 0.4500 0.0000
vt 0.9750 0.4500 0.0000
vt 1.0000 0.4500 0.0000
vt 0.0250 0.5000 0.0000
vt 0.0000 0.5000 0.0000
vt 0.0500 0.5000 0.0000
vt 0.0750 0.5000 0.0000
vt 0.1000 0.5000 0.0000
vt 0.1250 0.5000 0.0000
vt 0.1500 0.5000 0.0000
vt 0.1750 0.5000 0.0000
vt 0.2000 0.5000 0.0000
vt 0.2250 0.5000 0.0000
vt 0.2500 0.5000 0.0000
vt 0.2750 0.5000 0.0000
vt 0.3000 0.5000 0.0000
vt 0.3250 0.5000 0.0000
vt 0.3500 0.5000 0.0000
vt 0.3750 0.5000 0.0000
vt 0.4000 0.5000 0.0000
vt 0.4250 0.5000 0.0000
vt 0.4500 0.5000 0.0000
vt 0.4750 0.5000 0.0000
vt 0.5000 0.5000 0.0000
vt 0.5250 0.5000 0.0000
vt 0.5500 0.5000 0.0000
vt 0.5750 0.5000 0.0000
vt 0.6000 0.5000 0.0000
vt 0.6250 0.5000 0.0000
vt 0.6500 0.5000 0.0000
vt 0.6750 0.5000 0.0000
vt 0.7000 0.5000 0.0000
vt 0.7250 0.5000 0.0000
vt 0.7500 0.5000 0.0000
vt 0.7750 0.5000 0.0000
vt 0.8000 0.5000 0.0000
vt 0.8250 0.5000 0.0000
vt 0.8500 0.5000 0.0000
vt 0.8750 0.5000 0.0000
vt 0.9000 0.5000 0.0000
vt 0.9250 0.5000 0.0000
vt 0.9500 0.5000 0.0000
vt 0.9750 0.5000 0.0000
vt 1.0000 0.5000 0.0000
vt 0.0000 0.5500 0.0000
vt 0.0250 0.5500 0.0000
vt 0.0500 0.5500 0.0000
vt 0.0750 0.5500 0.0000
vt 0.1000 0.5500 0.0000
vt 0.1250 0.5500 0.0000
vt 0.1500 0.5500 0.0000
vt 0.1750 0.5500 0.0000
vt 0.2000 0.5500 0.0000
vt 0.2250 0.5500 0.0000
vt 0.2500 0.5500 0.0000
vt 0.2750 0.5500 0.0000
vt 0.3000 0.5500 0.0000
vt 0.3250 0.5500 0.0000
vt 0.3500 0.5500 0.0000
vt 0.3750 0.5500 0.0000
vt 0.4000 0.5500 0.0000
vt 0.4250 0.5500 0.0000
vt 0.4500 0.5500 0.0000
vt 0.4750 0.5500 0.0000
vt 0.5000 0.5500 0.0000
vt 0.5250 0.5500 0.0000
vt 0.5500 0.5500 0.0000
vt 0.5750 0.5500 0.0000
vt 0.6000 0.5500 0.0000
vt 0.6250 0.5500 0.0000
vt 0.6500 0.5500 0.0000
vt 0.6750 0.5500 0.0000
vt 0.7000 0.5500 0.0000
vt 0.7250 0.5500 0.0000
vt 0.7500 0.5500 0.0000
vt 0.7750 0.5500 0.0000
vt 0.8000 0.5500 0.0000
vt 0.8250 0.5500 0.0000
vt 0.8500 0.5500 0.0000
vt 0.8750 0.5500 0.0000
vt 0.9000 0.5500 0.0000
vt 0.9250 0.5500 0.0000
vt 0.9500 0.5500 0.0000
vt 0.9750 0.5500 0.0000
vt 1.0000 0.5500 0.0000
vt 0.0000 0.6000 0.0000
vt 0.0250 0.6000 0.0000
vt 0.0500 0.6000 0.0000
vt 0.0750 0.6000 0.0000
vt 0.1000 0.6000 0.0000
vt 0.1250 0.6000 0.0000
vt 0.1500 0.6000 0.0000
vt 0.1750 0.6000 0.0000
vt 0.2000 0.6000 0.0000
vt 0.2250 0.6000 0.0000
vt 0.2500 0.6000 0.0000
vt 0.2750 0.6000 0.0000
vt 0.3000 0.6000 0.0000
vt 0.3250 0.6000 0.0000
vt 0.3500 0.6000 0.0000
vt 0.3750 0.6000 0.0000
vt 0.4000 0.6000 0.0000
vt 0.4250 0.6000 0.0000
vt 0.4500 0.6000 0.0000
vt 0.4750 0.6000 0.0000
vt 0.5000 0.6000 0.0000
vt 0.5250 0.6000 0.0000
vt 0.5500 0.6000 0.0000
vt 0.5750 0.6000 0.0000
vt 0.6000 0.6000 0.0000
vt 0.6250 0.6000 0.0000
vt 0.6500 0.6000 0.0000
vt 0.6750 0.6000 0.0000
vt 0.7000 0.6000 0.0000
vt 0.7250 0.6000 0.0000
vt 0.7500 0.6000 0.0000
vt 0.7750 0.6000 0.0000
vt 0.8000 0.6000 0.0000
vt 0.8250 0.6000 0.0000
vt 0.8500 0.6000 0.0000
vt 0.8750 0.6000 0.0000
vt 0.9000 0.6000 0.0000
vt 0.9250 0.6000 0.0000
vt 0.9500 0.6000 0.0000
vt 0.9750 0.6000 0.0000
vt 1.0000 0.6000 0.0000
vt 0.0000 0.6500 0.0000
vt 0.0250 0.6500 0.0000
vt 0.0500 0.6500 0.0000
vt 0.0750 0.6500 0.0000
vt 0.1000 0.6500 0.0000
vt 0.1250 0.6500 0.0000
vt 0.1500 0.6500 0.0000
vt 0.1750 0.6500 0.0000
vt 0.2000 0.6500 0.0000
vt 0.2250 0.6500 0.0000
vt 0.2500 0.6500 0.0000
vt 0.2750 0.6500 0.0000
vt 0.3000 0.6500 0.0000
vt 0.3250 0.6500 0.0000
vt 0.3500 0.6500 0.0000
vt 0.3750 0.6500 0.0000
vt 0.4000 0.6500 0.0000
vt 0.4250 0.6500 0.0000
vt 0.4500 0.6500 0.0000
vt 0.4750 0.6500 0.0000
vt 0.5000 0.6500 0.0000
vt 0.5250 0.6500 0.0000
vt 0.5500 0.6500 0.0000
vt 0.5750 0.6500 0.0000
vt 0.6000 0.6500 0.0000
vt 0.6250 0.6500 0.0000
vt 0.6500 0.6500 0.0000
vt 0.6750 0.6500 0.0000
vt 0.7000 0.6500 0.0000
vt 0.7250 0.6500 0.0000
vt 0.7500 0.6500 0.0000
vt 0.7750 0.6500 0.0000
vt 0.8000 0.6500 0.0000
vt 0.8250 0.6500 0.0000
vt 0.8500 0.6500 0.0000
vt 0.8750 0.6500 0.0000
vt 0.9000 0.6500 0.0000
vt 0.9250 0.6500 0.0000
vt 0.9500 0.6500 0.0000
vt 0.9750 0.6500 0.0000
vt 1.0000 0.6500 0.0000
vt 0.0000 0.7000 0.0000
vt 0.0250 0.7000 0.0000
vt 0.0500 0.7000 0.0000
vt 0.0750 0.7000 0.0000
vt 0.1000 0.7000 0.0000
vt 0.1250 0.7000 0.0000
vt 0.1500 0.7000 0.0000
vt 0.1750 0.7000 0.0000
vt 0.2000 0.7000 0.0000
vt 0.2250 0.7000 0.0000
vt 0.2500 0.7000 0.0000
vt 0.2750 0.7000 0.0000
vt 0.3000 0.7000 0.0000
vt 0.3250 0.7000 0.0000
vt 0.3500 0.7000 0.0000
vt 0.3750 0.7000 0.0000
vt 0.4000 0.7000 0.0000
vt 0.4250 0.7000 0.0000
vt 0.4500 0.7000 0.0000
vt 0.4750 0.7000 0.0000
vt 0.5000 0.7000 0.0000
vt 0.5250 0.7000 0.0000
vt 0.5500 0.7000 0.0000
vt 0.5750 0.7000 0.0000
vt 0.6000 0.7000 0.0000
vt 0.6250 0.7000 0.0000
vt 0.6500 0.7000 0.0000
vt 0.6750 0.7000 0.0000
vt 0.7000 0.7000 0.0000
vt 0.7250 0.7000 0.0000
vt 0.7500 0.7000 0.0000
vt 0.7750 0.7000 0.0000
vt 0.8000 0.7000 0.0000
vt 0.8250 0.7000 0.0000
vt 0.8500 0.7000 0.0000
vt 0.8750 0.7000 0.0000
vt 0.9000 0.7000 0.0000
vt 0.9250 0.7000 0.0000
vt 0.9500 0.7000 0.0000
vt 0.9750 0.7000 0.0000
vt 1.0000 0.7000 0.0000
vt 0.0000 0.7500 0.0000
vt 0.0250 0.7500 0.0000
vt 0.0500 0.7500 0.0000
vt 0.0750 0.7500 0.0000
vt 0.1000 0.7500 0.0000
vt 0.1250 0.7500 0.0000
vt 0.1500 0.7500 0.0000
vt 0.1750 0.7500 0.0000
vt 0.2000 0.7500 0.0000
vt 0.2250 0.7500 0.0000
vt 0.2500 0.7500 0.0000
vt 0.2750 0.7500 0.0000
vt 0.3000 0.7500 0.0000
vt 0.3250 0.7500 0.0000
vt 0.3500 0.7500 0.0000
vt 0.3750 0.7500 0.0000
vt 0.4000 0.7500 0.0000
vt 0.4250 0.7500 0.0000
vt 0.4500 0.7500 0.0000
vt 0.4750 0.7500 0.0000
vt 0.5000 0.7500 0.0000
vt 0.5250 0.7500 0.0000
vt 0.5500 0.7500 0.0000
vt 0.5750 0.7500 0.0000
vt 0.6000 0.7500 0.0000
vt 0.6250 0.7500 0.0000
vt 0.6500 0.7500 0.0000
vt 0.6750 0.7500 0.0000
vt 0.7000 0.7500 0.0000
vt 0.7250 0.7500 0.0000
vt 0.7500 0.7500 0.0000
vt 0.7750 0.7500 0.0000
vt 0.8000 0.7500 0.0000
vt 0.8250 0.7500 0.0000
vt 0.8500 0.7500 0.0000
vt 0.8750 0.7500 0.0000
vt 0.9000 0.7500 0.0000
vt 0.9250 0.7500 0.0000
vt 0.9500 0.7500 0.0000
vt 0.9750 0.7500 0.0000
vt 1.0000 0.7500 0.0000
vt 0.0000 0.8000 0.0000
vt 0.0250 0.8000 0.0000
vt 0.0500 0.8000 0.0000
vt 0.0750 0.8000 0.0000
vt 0.1000 0.8000 0.0000
vt 0.1250 0.8000 0.0000
vt 0.1500 0.8000 0.0000
vt 0.1750 0.8000 0.0000
vt 0.2000 0.8000 0.0000
vt 0.2250 0.8000 0.0000
vt 0.2500 0.8000 0.0000
vt 0.2750 0.8000 0.0000
vt 0.3000 0.8000 0.0000
vt 0.3250 0.8000 0.0000
vt 0.3500 0.8000 0.0000
vt 0.3750 0.8000 0.0000
vt 0.4000 0.8000 0.0000
vt 0.4250 0.8000 0.0000
vt 0.4500 0.8000 0.0000
vt 0.4750 0.8000 0.0000
vt 0.5000 0.8000 0.0000
vt 0.5250 0.8000 0.0000
vt 0.5500 0.8000 0.0000
vt 0.5750 0.8000 0.0000
vt 0.6000 0.8000 0.0000
vt 0.6250 0.8000 0.0000
vt 0.6500 0.8000 0.0000
vt 0.6750 0.8000 0.0000
vt 0.7000 0.8000 0.0000
vt 0.7250 0.8000 0.0000
vt 0.7500 0.8000 0.0000
vt 0.7750 0.8000 0.0000
vt 0.8000 0.8000 0.0000
vt 0.8250 0.8000 0.0000
vt 0.8500 0.8000 0.0000
vt 0.8750 0.8000 0.0000
vt 0.9000 0.8000 0.0000
vt 0.9250 0.8000 0.0000
vt 0.9500 0.8000 0.0000
vt 0.9750 0.8000 0.0000
vt 1.0000 0.8000 0.0000
vt 0.0000 0.8500 0.0000
vt 0.0250 0.8500 0.0000
vt 0.0500 0.8500 0.0000
vt 0.0750 0.8500 0.0000
vt 0.1000 0.8500 0.0000
vt 0.1250 0.8500 0.0000
vt 0.1500 0.8500 0.0000
vt 0.1750 0.8500 0.0000
vt 0.2000 0.8500 0.0000
vt 0.2250 0.8500 0.0000
vt 0.2500 0.8500 0.0000
vt 0.2750 0.8500 0.0000
vt 0.3000 0.8500 0.0000
vt 0.3250 0.8500 0.0000
vt 0.3500 0.8500 0.0000
vt 0.3750 0.8500 0.0000
vt 0.4000 0.8500 0.0000
vt 0.4250 0.8500 0.0000
vt 0.4500 0.8500 0.0000
vt 0.4750 0.8500 0.0000
vt 0.5000 0.8500 0.0000
vt 0.5250 0.8500 0.0000
vt 0.5500 0.8500 0.0000
vt 0.5750 0.8500 0.0000
vt 0.6000 0.8500 0.0000
vt 0.6250 0.8500 0.0000
vt 0.6500 0.8500 0.0000
vt 0.6750 0.8500 0.0000
vt 0.7000 0.8500 0.0000
vt 0.7250 0.8500 0.0000
vt 0.7500 0.8500 0.0000
vt 0.7750 0.8500 0.0000
vt 0.8000 0.8500 0.0000
vt 0.8250 0.8500 0.0000
vt 0.8500 0.8500 0.0000
vt 0.8750 0.8500 0.0000
vt 0.9000 0.8500 0.0000
vt 0.9250 0.8500 0.0000
vt 0.9500 0.8500 0.0000
vt 0.9750 0.8500 0.0000
vt 1.0000 0.8500 0.0000
vt 0.0250 0.9000 0.0000
vt 0.0000 0.9000 0.0000
vt 0.0500 0.9000 0.0000
vt 0.0750 0.9000 0.0000
vt 0.1000 0.9000 0.0000
vt 0.1250 0.9000 0.0000
vt 0.1500 0.9000 0.0000
vt 0.1750 0.9000 0.0000
vt 0.2000 0.9000 0.0000
vt 0.2250 0.9000 0.0000
vt 0.2500 0.9000 0.0000
vt 0.2750 0.9000 0.0000
vt 0.3000 0.9000 0.0000
vt 0.3250 0.9000 0.0000
vt 0.3500 0.9000 0.0000
vt 0.3750 0.9000 0.0000
vt 0.4000 0.9000 0.0000
vt 0.4250 0.9000 0.0000
vt 0.4500 0.9000 0.0000
vt 0.4750 0.9000 0.0000
vt 0.5000 0.9000 0.0000
vt 0.5250 0.9000 0.0000
vt 0.5500 0.9000 0.0000
vt 0.5750 0.9000 0.0000
vt 0.6000 0.9000 0.0000
vt 0.6250 0.9000 0.0000
vt 0.6500 0.9000 0.0000
vt 0.6750 0.9000 0.0000
vt 0.7000 0.9000 0.0000
vt 0.7250 0.9000 0.0000
vt 0.7500 0.9000 0.0000
vt 0.7750 0.9000 0.0000
vt 0.8000 0.9000 0.0000
vt 0.8250 0.9000 0.0000
vt 0.8500 0.9000 0.0000
vt 0.8750 0.9000 0.0000
vt 0.9000 0.9000 0.0000
vt 0.9250 0.9000 0.0000
vt 0.9500 0.9000 0.0000
vt 0.9750 0.9000 0.0000
vt 1.0000 0.9000 0.0000
vt 0.0000 0.9500 0.0000
vt 0.0250 0.9500 0.0000
vt 0.0500 0.9500 0.0000
vt 0.0750 0.9500 0.0000
vt 0.1000 0.9500 0.0000
vt 0.1250 0.9500 0.0000
vt 0.1500 0.9500 0.0000
vt 0.1750 0.9500 0.0000
vt 0.2000 0.9500 0.0000
vt 0.2250 0.9500 0.0000
vt 0.2500 0.9500 0.0000
vt 0.2750 0.9500 0.0000
vt 0.3000 0.9500 0.0000
vt 0.3250 0.9500 0.0000
vt 0.3500 0.9500 0.0000
vt 0.3750 0.9500 0.0000
vt 0.4000 0.9500 0.0000
vt 0.4250 0.9500 0.0000
vt 0.4500 0.9500 0.0000
vt 0.4750 0.9500 0.0000
vt 0.5000 0.9500 0.0000
vt 0.5250 0.9500 0.0000
vt 0.5500 0.9500 0.0000
vt 0.5750 0.9500 0.0000
vt 0.6000 0.9500 0.0000
vt 0.6250 0.9500 0.0000
vt 0.6500 0.9500 0.0000
vt 0.6750 0.9500 0.0000
vt 0.7000 0.9500 0.0000
vt 0.7250 0.9500 0.0000
vt 0.7500 0.9500 0.0000
vt 0.7750 0.9500 0.0000
vt 0.8000 0.9500 0.0000
vt 0.8250 0.9500 0.0000
vt 0.8500 0.9500 0.0000
vt 0.8750 0.9500 0.0000
vt 0.9000 0.9500 0.0000
vt 0.9250 0.9500 0.0000
vt 0.9500 0.9500 0.0000
vt 0.9750 0.9500 0.0000
vt 1.0000 0.9500 0.0000
vt 0.0250 0.0000 0.0000
vt 0.0000 1.0000 0.0000
vt 0.0500 0.0000 0.0000
vt 0.0250 1.0000 0.0000
vt 0.0750 0.0000 0.0000
vt 0.0500 1.0000 0.0000
vt 0.1000 0.0000 0.0000
vt 0.0750 1.0000 0.0000
vt 0.1250 0.0000 0.0000
vt 0.1000 1.0000 0.0000
vt 0.1500 0.0000 0.0000
vt 0.1250 1.0000 0.0000
vt 0.1750 0.0000 0.0000
vt 0.1500 1.0000 0.0000
vt 0.2000 0.0000 0.0000
vt 0.1750 1.0000 0.0000
vt 0.2250 0.0000 0.0000
vt 0.2000 1.0000 0.0000
vt 0.2500 0.0000 0.0000
vt 0.2250 1.0000 0.0000
vt 0.2750 0.0000 0.0000
vt 0.2500 1.0000 0.0000
vt 0.3000 0.0000 0.0000
vt 0.2750 1.0000 0.0000
vt 0.3250 0.0000 0.0000
vt 0.3000 1.0000 0.0000
vt 0.3500 0.0000 0.0000
vt 0.3250 1.0000 0.0000
vt 0.3750 0.0000 0.0000
vt 0.3500 1.0000 0.0000
vt 0.4000 0.0000 0.0000
vt 0.3750 1.0000 0.0000
vt 0.4250 0.0000 0.0000
vt 0.4000 1.0000 0.0000
vt 0.4500 0.0000 0.0000
vt 0.4250 1.0000 0.0000
vt 0.4750 0.0000 0.0000
vt 0.4500 1.0000 0.0000
vt 0.5000 0.0000 0.0000
vt 0.4750 1.0000 0.0000
vt 0.5250 0.0000 0.0000
vt 0.5000 1.0000 0.0000
vt 0.5500 0.0000 0.0000
vt 0.5250 1.0000 0.0000
vt 0.5750 0.0000 0.0000
vt 0.5500 1.0000 0.0000
vt 0.6000 0.0000 0.0000
vt 0.5750 1.0000 0.0000
vt 0.6250 0.0000 0.0000
vt 0.6000 1.0000 0.0000
vt 0.6500 0.0000 0.0000
vt 0.6250 1.0000 0.0000
vt 0.6750 0.0000 0.0000
vt 0.6500 1.0000 0.0000
vt 0.7000 0.0000 0.0000
vt 0.6750 1.0000 0.0000
vt 0.7250 0.0000 0.0000
vt 0.7000 1.0000 0.0000
vt 0.7500 0.0000 0.0000
vt 0.7250 1.0000 0.0000
vt 0.7750 0.0000 0.0000
vt 0.7500 1.0000 0.0000
vt 0.8000 0.0000 0.0000
vt 0.7750 1.0000 0.0000
vt 0.8250 0.0000 0.0000
vt 0.8000 1.0000 0.0000
vt 0.8500 0.0000 0.0000
vt 0.8250 1.0000 0.0000
vt 0.8750 0.0000 0.0000
vt 0.8500 1.0000 0.0000
vt 0.9000 0.0000 0.0000
vt 0.8750 1.0000 0.0000
vt 0.9250 0.0000 0.0000
vt 0.9000 1.0000 0.0000
vt 0.9500 0.0000 0.0000
vt 0.9250 1.0000 0.0000
vt 0.9750 0.0000 0.0000
vt 0.9500 1.0000 0.0000
vt 1.0000 0.0000 0.0000
vt 0.9750 1.0000 0.0000
# 859 texture coords

o Sphere_3
g Sphere_3
usemtl uploads_files_2696973_Lmp_Mat
s 1
f 3797/2452/2453 3798/2453/2454 3799/2454/2455 3800/2455/2456 
f 3801/2456/2457 3802/2457/2458 3800/2455/2456 3799/2454/2455 
f 3802/2457/2458 3801/2456/2457 3803/2458/2459 3804/2459/2460 
f 3805/2460/2461 3806/2461/2462 3804/2459/2460 3803/2458/2459 
f 3806/2461/2462 3805/2460/2461 3807/2462/2463 3808/2463/2464 
f 3809/2464/2465 3810/2465/2466 3808/2463/2464 3807/2462/2463 
f 3811/2466/2467 3812/2467/2468 3810/2465/2466 3809/2464/2465 
f 3812/2467/2468 3811/2466/2467 3813/2468/2469 3814/2469/2470 
f 3814/2469/2470 3813/2468/2469 3815/2470/2471 3816/2471/2472 
f 3816/2471/2472 3815/2470/2471 3817/2472/2473 3818/2473/2474 
f 3819/2474/2475 3818/2473/2474 3817/2472/2473 3820/2475/2476 
f 3821/2476/2477 3819/2474/2475 3820/2475/2476 3822/2477/2478 
f 3823/2478/2479 3821/2476/2477 3822/2477/2478 3824/2479/2480 
f 3825/2480/2481 3823/2478/2479 3824/2479/2480 3826/2481/2482 
f 3827/2482/2483 3825/2480/2481 3826/2481/2482 3828/2483/2484 
f 3829/2484/2485 3827/2482/2483 3828/2483/2484 3830/2485/2486 
f 3831/2486/2487 3829/2484/2485 3830/2485/2486 3832/2487/2488 
f 3833/2488/2489 3831/2486/2487 3832/2487/2488 3834/2489/2490 
f 3835/2490/2491 3833/2488/2489 3834/2489/2490 3836/2491/2492 
f 3837/2492/2493 3835/2490/2491 3836/2491/2492 3838/2493/2494 
f 3839/2494/2495 3837/2492/2493 3838/2493/2494 3840/2495/2496 
f 3841/2496/2497 3839/2494/2495 3840/2495/2496 3842/2497/2498 
f 3843/2498/2499 3841/2496/2497 3842/2497/2498 3844/2499/2500 
f 3845/2500/2501 3843/2498/2499 3844/2499/2500 3846/2501/2502 
f 3847/2502/2503 3845/2500/2501 3846/2501/2502 3848/2503/2504 
f 3849/2504/2505 3847/2502/2503 3848/2503/2504 3850/2505/2506 
f 3851/2506/2507 3849/2504/2505 3850/2505/2506 3852/2507/2508 
f 3853/2508/2509 3851/2506/2507 3852/2507/2508 3854/2509/2510 
f 3855/2510/2511 3853/2508/2509 3854/2509/2510 3856/2511/2512 
f 3857/2512/2513 3855/2510/2511 3856/2511/2512 3858/2513/2514 
f 3859/2514/2515 3857/2512/2513 3858/2513/2514 3860/2515/2516 
f 3861/2516/2517 3859/2514/2515 3860/2515/2516 3862/2517/2518 
f 3863/2518/2519 3861/2516/2517 3862/2517/2518 3864/2519/2520 
f 3865/2520/2521 3863/2518/2519 3864/2519/2520 3866/2521/2522 
f 3867/2522/2523 3865/2520/2521 3866/2521/2522 3868/2523/2524 
f 3869/2524/2525 3867/2522/2523 3868/2523/2524 3870/2525/2526 
f 3871/2526/2527 3869/2524/2525 3870/2525/2526 3872/2527/2528 
f 3873/2528/2529 3871/2526/2527 3872/2527/2528 3874/2529/2530 
f 3875/2530/2531 3873/2528/2529 3874/2529/2530 3876/2531/2532 
f 3875/2530/2531 3876/2531/2532 3798/2532/2454 3797/2533/2453 
f 3877/2534/2533 3878/2535/2534 3797/2452/2453 3800/2455/2456 
f 3879/2536/2535 3877/2534/2533 3800/2455/2456 3802/2457/2458 
f 3880/2537/2536 3879/2536/2535 3802/2457/2458 3804/2459/2460 
f 3881/2538/2537 3880/2537/2536 3804/2459/2460 3806/2461/2462 
f 3882/2539/2538 3881/2538/2537 3806/2461/2462 3808/2463/2464 
f 3883/2540/2539 3882/2539/2538 3808/2463/2464 3810/2465/2466 
f 3884/2541/2540 3883/2540/2539 3810/2465/2466 3812/2467/2468 
f 3885/2542/2541 3884/2541/2540 3812/2467/2468 3814/2469/2470 
f 3886/2543/2542 3885/2542/2541 3814/2469/2470 3816/2471/2472 
f 3887/2544/2543 3886/2543/2542 3816/2471/2472 3818/2473/2474 
f 3818/2473/2474 3819/2474/2475 3888/2545/2544 3887/2544/2543 
f 3888/2545/2544 3819/2474/2475 3821/2476/2477 3889/2546/2545 
f 3823/2478/2479 3890/2547/2546 3889/2546/2545 3821/2476/2477 
f 3890/2547/2546 3823/2478/2479 3825/2480/2481 3891/2548/2547 
f 3827/2482/2483 3892/2549/2548 3891/2548/2547 3825/2480/2481 
f 3829/2484/2485 3893/2550/2549 3892/2549/2548 3827/2482/2483 
f 3893/2550/2549 3829/2484/2485 3831/2486/2487 3894/2551/2550 
f 3833/2488/2489 3895/2552/2551 3894/2551/2550 3831/2486/2487 
f 3895/2552/2551 3833/2488/2489 3835/2490/2491 3896/2553/2552 
f 3837/2492/2493 3897/2554/2553 3896/2553/2552 3835/2490/2491 
f 3839/2494/2495 3898/2555/2554 3897/2554/2553 3837/2492/2493 
f 3898/2555/2554 3839/2494/2495 3841/2496/2497 3899/2556/2555 
f 3900/2557/2556 3899/2556/2555 3841/2496/2497 3843/2498/2499 
f 3901/2558/2557 3900/2557/2556 3843/2498/2499 3845/2500/2501 
f 3902/2559/2558 3901/2558/2557 3845/2500/2501 3847/2502/2503 
f 3903/2560/2559 3902/2559/2558 3847/2502/2503 3849/2504/2505 
f 3904/2561/2560 3903/2560/2559 3849/2504/2505 3851/2506/2507 
f 3905/2562/2561 3904/2561/2560 3851/2506/2507 3853/2508/2509 
f 3906/2563/2562 3905/2562/2561 3853/2508/2509 3855/2510/2511 
f 3907/2564/2563 3906/2563/2562 3855/2510/2511 3857/2512/2513 
f 3908/2565/2564 3907/2564/2563 3857/2512/2513 3859/2514/2515 
f 3909/2566/2565 3908/2565/2564 3859/2514/2515 3861/2516/2517 
f 3910/2567/2566 3909/2566/2565 3861/2516/2517 3863/2518/2519 
f 3911/2568/2567 3910/2567/2566 3863/2518/2519 3865/2520/2521 
f 3912/2569/2568 3911/2568/2567 3865/2520/2521 3867/2522/2523 
f 3913/2570/2569 3912/2569/2568 3867/2522/2523 3869/2524/2525 
f 3914/2571/2570 3913/2570/2569 3869/2524/2525 3871/2526/2527 
f 3915/2572/2571 3914/2571/2570 3871/2526/2527 3873/2528/2529 
f 3916/2573/2572 3915/2572/2571 3873/2528/2529 3875/2530/2531 
f 3878/2574/2534 3916/2573/2572 3875/2530/2531 3797/2533/2453 
f 3917/2575/2573 3918/2576/2574 3878/2535/2534 3877/2534/2533 
f 3919/2577/2575 3917/2575/2573 3877/2534/2533 3879/2536/2535 
f 3920/2578/2576 3919/2577/2575 3879/2536/2535 3880/2537/2536 
f 3921/2579/2577 3920/2578/2576 3880/2537/2536 3881/2538/2537 
f 3922/2580/2578 3921/2579/2577 3881/2538/2537 3882/2539/2538 
f 3923/2581/2579 3922/2580/2578 3882/2539/2538 3883/2540/2539 
f 3924/2582/2580 3923/2581/2579 3883/2540/2539 3884/2541/2540 
f 3925/2583/2581 3924/2582/2580 3884/2541/2540 3885/2542/2541 
f 3926/2584/2582 3925/2583/2581 3885/2542/2541 3886/2543/2542 
f 3927/2585/2583 3926/2584/2582 3886/2543/2542 3887/2544/2543 
f 3928/2586/2584 3927/2585/2583 3887/2544/2543 3888/2545/2544 
f 3929/2587/2585 3928/2586/2584 3888/2545/2544 3889/2546/2545 
f 3930/2588/2586 3929/2587/2585 3889/2546/2545 3890/2547/2546 
f 3931/2589/2587 3930/2588/2586 3890/2547/2546 3891/2548/2547 
f 3932/2590/2588 3931/2589/2587 3891/2548/2547 3892/2549/2548 
f 3933/2591/2589 3932/2590/2588 3892/2549/2548 3893/2550/2549 
f 3934/2592/2590 3933/2591/2589 3893/2550/2549 3894/2551/2550 
f 3935/2593/2591 3934/2592/2590 3894/2551/2550 3895/2552/2551 
f 3936/2594/2592 3935/2593/2591 3895/2552/2551 3896/2553/2552 
f 3937/2595/2593 3936/2594/2592 3896/2553/2552 3897/2554/2553 
f 3938/2596/2594 3937/2595/2593 3897/2554/2553 3898/2555/2554 
f 3939/2597/2595 3938/2596/2594 3898/2555/2554 3899/2556/2555 
f 3899/2556/2555 3900/2557/2556 3940/2598/2596 3939/2597/2595 
f 3901/2558/2557 3941/2599/2597 3940/2598/2596 3900/2557/2556 
f 3902/2559/2558 3942/2600/2598 3941/2599/2597 3901/2558/2557 
f 3942/2600/2598 3902/2559/2558 3903/2560/2559 3943/2601/2599 
f 3904/2561/2560 3944/2602/2600 3943/2601/2599 3903/2560/2559 
f 3905/2562/2561 3945/2603/2601 3944/2602/2600 3904/2561/2560 
f 3945/2603/2601 3905/2562/2561 3906/2563/2562 3946/2604/2602 
f 3946/2604/2602 3906/2563/2562 3907/2564/2563 3947/2605/2603 
f 3908/2565/2564 3948/2606/2604 3947/2605/2603 3907/2564/2563 
f 3909/2566/2565 3949/2607/2605 3948/2606/2604 3908/2565/2564 
f 3949/2607/2605 3909/2566/2565 3910/2567/2566 3950/2608/2606 
f 3950/2608/2606 3910/2567/2566 3911/2568/2567 3951/2609/2607 
f 3952/2610/2608 3951/2609/2607 3911/2568/2567 3912/2569/2568 
f 3952/2610/2608 3912/2569/2568 3913/2570/2569 3953/2611/2609 
f 3953/2611/2609 3913/2570/2569 3914/2571/2570 3954/2612/2610 
f 3954/2612/2610 3914/2571/2570 3915/2572/2571 3955/2613/2611 
f 3955/2613/2611 3915/2572/2571 3916/2573/2572 3956/2614/2612 
f 3918/2615/2574 3956/2614/2612 3916/2573/2572 3878/2574/2534 
f 3957/2616/2613 3918/2576/2574 3917/2575/2573 3958/2617/2614 
f 3958/2617/2614 3917/2575/2573 3919/2577/2575 3959/2618/2615 
f 3959/2618/2615 3919/2577/2575 3920/2578/2576 3960/2619/2616 
f 3960/2619/2616 3920/2578/2576 3921/2579/2577 3961/2620/2617 
f 3961/2620/2617 3921/2579/2577 3922/2580/2578 3962/2621/2618 
f 3962/2621/2618 3922/2580/2578 3923/2581/2579 3963/2622/2619 
f 3963/2622/2619 3923/2581/2579 3924/2582/2580 3964/2623/2620 
f 3964/2623/2620 3924/2582/2580 3925/2583/2581 3965/2624/2621 
f 3965/2624/2621 3925/2583/2581 3926/2584/2582 3966/2625/2622 
f 3966/2625/2622 3926/2584/2582 3927/2585/2583 3967/2626/2623 
f 3967/2626/2623 3927/2585/2583 3928/2586/2584 3968/2627/2624 
f 3968/2627/2624 3928/2586/2584 3929/2587/2585 3969/2628/2625 
f 3969/2628/2625 3929/2587/2585 3930/2588/2586 3970/2629/2626 
f 3970/2629/2626 3930/2588/2586 3931/2589/2587 3971/2630/2627 
f 3971/2630/2627 3931/2589/2587 3932/2590/2588 3972/2631/2628 
f 3972/2631/2628 3932/2590/2588 3933/2591/2589 3973/2632/2629 
f 3973/2632/2629 3933/2591/2589 3934/2592/2590 3974/2633/2630 
f 3974/2633/2630 3934/2592/2590 3935/2593/2591 3975/2634/2631 
f 3975/2634/2631 3935/2593/2591 3936/2594/2592 3976/2635/2632 
f 3976/2635/2632 3936/2594/2592 3937/2595/2593 3977/2636/2633 
f 3977/2636/2633 3937/2595/2593 3938/2596/2594 3978/2637/2634 
f 3978/2637/2634 3938/2596/2594 3939/2597/2595 3979/2638/2635 
f 3979/2638/2635 3939/2597/2595 3940/2598/2596 3980/2639/2636 
f 3980/2639/2636 3940/2598/2596 3941/2599/2597 3981/2640/2637 
f 3981/2640/2637 3941/2599/2597 3942/2600/2598 3982/2641/2638 
f 3982/2641/2638 3942/2600/2598 3943/2601/2599 3983/2642/2639 
f 3983/2642/2639 3943/2601/2599 3944/2602/2600 3984/2643/2640 
f 3984/2643/2640 3944/2602/2600 3945/2603/2601 3985/2644/2641 
f 3985/2644/2641 3945/2603/2601 3946/2604/2602 3986/2645/2642 
f 3986/2645/2642 3946/2604/2602 3947/2605/2603 3987/2646/2643 
f 3987/2646/2643 3947/2605/2603 3948/2606/2604 3988/2647/2644 
f 3988/2647/2644 3948/2606/2604 3949/2607/2605 3989/2648/2645 
f 3989/2648/2645 3949/2607/2605 3950/2608/2606 3990/2649/2646 
f 3990/2649/2646 3950/2608/2606 3951/2609/2607 3991/2650/2647 
f 3951/2609/2607 3952/2610/2608 3992/2651/2648 3991/2650/2647 
f 3992/2651/2648 3952/2610/2608 3953/2611/2609 3993/2652/2649 
f 3954/2612/2610 3994/2653/2650 3993/2652/2649 3953/2611/2609 
f 3994/2653/2650 3954/2612/2610 3955/2613/2611 3995/2654/2651 
f 3995/2654/2651 3955/2613/2611 3956/2614/2612 3996/2655/2652 
f 3956/2614/2612 3918/2615/2574 3957/2656/2613 3996/2655/2652 
f 3958/2617/2614 3997/2657/2653 3998/2658/2654 3957/2616/2613 
f 3959/2618/2615 3999/2659/2655 3997/2657/2653 3958/2617/2614 
f 3999/2659/2655 3959/2618/2615 3960/2619/2616 4000/2660/2656 
f 4000/2660/2656 3960/2619/2616 3961/2620/2617 4001/2661/2657 
f 3962/2621/2618 4002/2662/2658 4001/2661/2657 3961/2620/2617 
f 3963/2622/2619 4003/2663/2659 4002/2662/2658 3962/2621/2618 
f 4004/2664/2660 4003/2663/2659 3963/2622/2619 3964/2623/2620 
f 4004/2664/2660 3964/2623/2620 3965/2624/2621 4005/2665/2661 
f 4005/2665/2661 3965/2624/2621 3966/2625/2622 4006/2666/2662 
f 4006/2666/2662 3966/2625/2622 3967/2626/2623 4007/2667/2663 
f 4007/2667/2663 3967/2626/2623 3968/2627/2624 4008/2668/2664 
f 4008/2668/2664 3968/2627/2624 3969/2628/2625 4009/2669/2665 
f 4009/2669/2665 3969/2628/2625 3970/2629/2626 4010/2670/2666 
f 4010/2670/2666 3970/2629/2626 3971/2630/2627 4011/2671/2667 
f 4011/2671/2667 3971/2630/2627 3972/2631/2628 4012/2672/2668 
f 4012/2672/2668 3972/2631/2628 3973/2632/2629 4013/2673/2669 
f 4013/2673/2669 3973/2632/2629 3974/2633/2630 4014/2674/2670 
f 4014/2674/2670 3974/2633/2630 3975/2634/2631 4015/2675/2671 
f 4015/2675/2671 3975/2634/2631 3976/2635/2632 4016/2676/2672 
f 4016/2676/2672 3976/2635/2632 3977/2636/2633 4017/2677/2673 
f 4017/2677/2673 3977/2636/2633 3978/2637/2634 4018/2678/2674 
f 4018/2678/2674 3978/2637/2634 3979/2638/2635 4019/2679/2675 
f 4019/2679/2675 3979/2638/2635 3980/2639/2636 4020/2680/2676 
f 4020/2680/2676 3980/2639/2636 3981/2640/2637 4021/2681/2677 
f 4021/2681/2677 3981/2640/2637 3982/2641/2638 4022/2682/2678 
f 4022/2682/2678 3982/2641/2638 3983/2642/2639 4023/2683/2679 
f 4023/2683/2679 3983/2642/2639 3984/2643/2640 4024/2684/2680 
f 4024/2684/2680 3984/2643/2640 3985/2644/2641 4025/2685/2681 
f 4025/2685/2681 3985/2644/2641 3986/2645/2642 4026/2686/2682 
f 4026/2686/2682 3986/2645/2642 3987/2646/2643 4027/2687/2683 
f 4027/2687/2683 3987/2646/2643 3988/2647/2644 4028/2688/2684 
f 4028/2688/2684 3988/2647/2644 3989/2648/2645 4029/2689/2685 
f 4029/2689/2685 3989/2648/2645 3990/2649/2646 4030/2690/2686 
f 4030/2690/2686 3990/2649/2646 3991/2650/2647 4031/2691/2687 
f 4031/2691/2687 3991/2650/2647 3992/2651/2648 4032/2692/2688 
f 4032/2692/2688 3992/2651/2648 3993/2652/2649 4033/2693/2689 
f 4033/2693/2689 3993/2652/2649 3994/2653/2650 4034/2694/2690 
f 4034/2694/2690 3994/2653/2650 3995/2654/2651 4035/2695/2691 
f 4035/2695/2691 3995/2654/2651 3996/2655/2652 4036/2696/2692 
f 4036/2696/2692 3996/2655/2652 3957/2656/2613 3998/2697/2654 
f 4037/2698/2693 3998/2658/2654 3997/2657/2653 4038/2699/2694 
f 4038/2699/2694 3997/2657/2653 3999/2659/2655 4039/2700/2695 
f 4039/2700/2695 3999/2659/2655 4000/2660/2656 4040/2701/2696 
f 4040/2701/2696 4000/2660/2656 4001/2661/2657 4041/2702/2697 
f 4041/2702/2697 4001/2661/2657 4002/2662/2658 4042/2703/2698 
f 4042/2703/2698 4002/2662/2658 4003/2663/2659 4043/2704/2699 
f 4003/2663/2659 4004/2664/2660 4044/2705/2700 4043/2704/2699 
f 4044/2705/2700 4004/2664/2660 4005/2665/2661 4045/2706/2701 
f 4045/2706/2701 4005/2665/2661 4006/2666/2662 4046/2707/2702 
f 4046/2707/2702 4006/2666/2662 4007/2667/2663 4047/2708/2703 
f 4047/2708/2703 4007/2667/2663 4008/2668/2664 4048/2709/2704 
f 4009/2669/2665 4049/2710/2705 4048/2709/2704 4008/2668/2664 
f 4010/2670/2666 4050/2711/2706 4049/2710/2705 4009/2669/2665 
f 4011/2671/2667 4051/2712/2707 4050/2711/2706 4010/2670/2666 
f 4051/2712/2707 4011/2671/2667 4012/2672/2668 4052/2713/2708 
f 4013/2673/2669 4053/2714/2709 4052/2713/2708 4012/2672/2668 
f 4014/2674/2670 4054/2715/2710 4053/2714/2709 4013/2673/2669 
f 4015/2675/2671 4055/2716/2711 4054/2715/2710 4014/2674/2670 
f 4056/2717/2712 4055/2716/2711 4015/2675/2671 4016/2676/2672 
f 4056/2717/2712 4016/2676/2672 4017/2677/2673 4057/2718/2713 
f 4057/2718/2713 4017/2677/2673 4018/2678/2674 4058/2719/2714 
f 4058/2719/2714 4018/2678/2674 4019/2679/2675 4059/2720/2715 
f 4059/2720/2715 4019/2679/2675 4020/2680/2676 4060/2721/2716 
f 4060/2721/2716 4020/2680/2676 4021/2681/2677 4061/2722/2717 
f 4061/2722/2717 4021/2681/2677 4022/2682/2678 4062/2723/2718 
f 4062/2723/2718 4022/2682/2678 4023/2683/2679 4063/2724/2719 
f 4063/2724/2719 4023/2683/2679 4024/2684/2680 4064/2725/2720 
f 4064/2725/2720 4024/2684/2680 4025/2685/2681 4065/2726/2721 
f 4065/2726/2721 4025/2685/2681 4026/2686/2682 4066/2727/2722 
f 4066/2727/2722 4026/2686/2682 4027/2687/2683 4067/2728/2723 
f 4067/2728/2723 4027/2687/2683 4028/2688/2684 4068/2729/2724 
f 4068/2729/2724 4028/2688/2684 4029/2689/2685 4069/2730/2725 
f 4069/2730/2725 4029/2689/2685 4030/2690/2686 4070/2731/2726 
f 4070/2731/2726 4030/2690/2686 4031/2691/2687 4071/2732/2727 
f 4071/2732/2727 4031/2691/2687 4032/2692/2688 4072/2733/2728 
f 4072/2733/2728 4032/2692/2688 4033/2693/2689 4073/2734/2729 
f 4073/2734/2729 4033/2693/2689 4034/2694/2690 4074/2735/2730 
f 4074/2735/2730 4034/2694/2690 4035/2695/2691 4075/2736/2731 
f 4075/2736/2731 4035/2695/2691 4036/2696/2692 4076/2737/2732 
f 4036/2696/2692 3998/2697/2654 4037/2738/2693 4076/2737/2732 
f 4077/2739/2733 4037/2698/2693 4038/2699/2694 4078/2740/2734 
f 4078/2740/2734 4038/2699/2694 4039/2700/2695 4079/2741/2735 
f 4079/2741/2735 4039/2700/2695 4040/2701/2696 4080/2742/2736 
f 4080/2742/2736 4040/2701/2696 4041/2702/2697 4081/2743/2737 
f 4081/2743/2737 4041/2702/2697 4042/2703/2698 4082/2744/2738 
f 4082/2744/2738 4042/2703/2698 4043/2704/2699 4083/2745/2739 
f 4083/2745/2739 4043/2704/2699 4044/2705/2700 4084/2746/2740 
f 4084/2746/2740 4044/2705/2700 4045/2706/2701 4085/2747/2741 
f 4085/2747/2741 4045/2706/2701 4046/2707/2702 4086/2748/2742 
f 4086/2748/2742 4046/2707/2702 4047/2708/2703 4087/2749/2743 
f 4087/2749/2743 4047/2708/2703 4048/2709/2704 4088/2750/2744 
f 4088/2750/2744 4048/2709/2704 4049/2710/2705 4089/2751/2745 
f 4089/2751/2745 4049/2710/2705 4050/2711/2706 4090/2752/2746 
f 4090/2752/2746 4050/2711/2706 4051/2712/2707 4091/2753/2747 
f 4091/2753/2747 4051/2712/2707 4052/2713/2708 4092/2754/2748 
f 4092/2754/2748 4052/2713/2708 4053/2714/2709 4093/2755/2749 
f 4093/2755/2749 4053/2714/2709 4054/2715/2710 4094/2756/2750 
f 4094/2756/2750 4054/2715/2710 4055/2716/2711 4095/2757/2751 
f 4095/2757/2751 4055/2716/2711 4056/2717/2712 4096/2758/2752 
f 4057/2718/2713 4097/2759/2753 4096/2758/2752 4056/2717/2712 
f 4097/2759/2753 4057/2718/2713 4058/2719/2714 4098/2760/2754 
f 4059/2720/2715 4099/2761/2755 4098/2760/2754 4058/2719/2714 
f 4099/2761/2755 4059/2720/2715 4060/2721/2716 4100/2762/2756 
f 4061/2722/2717 4101/2763/2757 4100/2762/2756 4060/2721/2716 
f 4101/2763/2757 4061/2722/2717 4062/2723/2718 4102/2764/2758 
f 4063/2724/2719 4103/2765/2759 4102/2764/2758 4062/2723/2718 
f 4103/2765/2759 4063/2724/2719 4064/2725/2720 4104/2766/2760 
f 4065/2726/2721 4105/2767/2761 4104/2766/2760 4064/2725/2720 
f 4105/2767/2761 4065/2726/2721 4066/2727/2722 4106/2768/2762 
f 4106/2768/2762 4066/2727/2722 4067/2728/2723 4107/2769/2763 
f 4108/2770/2764 4107/2769/2763 4067/2728/2723 4068/2729/2724 
f 4108/2770/2764 4068/2729/2724 4069/2730/2725 4109/2771/2765 
f 4109/2771/2765 4069/2730/2725 4070/2731/2726 4110/2772/2766 
f 4110/2772/2766 4070/2731/2726 4071/2732/2727 4111/2773/2767 
f 4111/2773/2767 4071/2732/2727 4072/2733/2728 4112/2774/2768 
f 4112/2774/2768 4072/2733/2728 4073/2734/2729 4113/2775/2769 
f 4113/2775/2769 4073/2734/2729 4074/2735/2730 4114/2776/2770 
f 4114/2776/2770 4074/2735/2730 4075/2736/2731 4115/2777/2771 
f 4115/2777/2771 4075/2736/2731 4076/2737/2732 4116/2778/2772 
f 4076/2737/2732 4037/2738/2693 4077/2779/2733 4116/2778/2772 
f 4117/2780/2773 4077/2739/2733 4078/2740/2734 4118/2781/2774 
f 4118/2781/2774 4078/2740/2734 4079/2741/2735 4119/2782/2775 
f 4119/2782/2775 4079/2741/2735 4080/2742/2736 4120/2783/2776 
f 4120/2783/2776 4080/2742/2736 4081/2743/2737 4121/2784/2777 
f 4121/2784/2777 4081/2743/2737 4082/2744/2738 4122/2785/2778 
f 4122/2785/2778 4082/2744/2738 4083/2745/2739 4123/2786/2779 
f 4123/2786/2779 4083/2745/2739 4084/2746/2740 4124/2787/2780 
f 4124/2787/2780 4084/2746/2740 4085/2747/2741 4125/2788/2781 
f 4125/2788/2781 4085/2747/2741 4086/2748/2742 4126/2789/2782 
f 4126/2789/2782 4086/2748/2742 4087/2749/2743 4127/2790/2783 
f 4127/2790/2783 4087/2749/2743 4088/2750/2744 4128/2791/2784 
f 4128/2791/2784 4088/2750/2744 4089/2751/2745 4129/2792/2785 
f 4129/2792/2785 4089/2751/2745 4090/2752/2746 4130/2793/2786 
f 4130/2793/2786 4090/2752/2746 4091/2753/2747 4131/2794/2787 
f 4131/2794/2787 4091/2753/2747 4092/2754/2748 4132/2795/2788 
f 4132/2795/2788 4092/2754/2748 4093/2755/2749 4133/2796/2789 
f 4133/2796/2789 4093/2755/2749 4094/2756/2750 4134/2797/2790 
f 4134/2797/2790 4094/2756/2750 4095/2757/2751 4135/2798/2791 
f 4135/2798/2791 4095/2757/2751 4096/2758/2752 4136/2799/2792 
f 4136/2799/2792 4096/2758/2752 4097/2759/2753 4137/2800/2793 
f 4137/2800/2793 4097/2759/2753 4098/2760/2754 4138/2801/2794 
f 4138/2801/2794 4098/2760/2754 4099/2761/2755 4139/2802/2795 
f 4139/2802/2795 4099/2761/2755 4100/2762/2756 4140/2803/2796 
f 4140/2803/2796 4100/2762/2756 4101/2763/2757 4141/2804/2797 
f 4141/2804/2797 4101/2763/2757 4102/2764/2758 4142/2805/2798 
f 4142/2805/2798 4102/2764/2758 4103/2765/2759 4143/2806/2799 
f 4143/2806/2799 4103/2765/2759 4104/2766/2760 4144/2807/2800 
f 4144/2807/2800 4104/2766/2760 4105/2767/2761 4145/2808/2801 
f 4145/2808/2801 4105/2767/2761 4106/2768/2762 4146/2809/2802 
f 4146/2809/2802 4106/2768/2762 4107/2769/2763 4147/2810/2803 
f 4147/2810/2803 4107/2769/2763 4108/2770/2764 4148/2811/2804 
f 4148/2811/2804 4108/2770/2764 4109/2771/2765 4149/2812/2805 
f 4110/2772/2766 4150/2813/2806 4149/2812/2805 4109/2771/2765 
f 4111/2773/2767 4151/2814/2807 4150/2813/2806 4110/2772/2766 
f 4151/2814/2807 4111/2773/2767 4112/2774/2768 4152/2815/2808 
f 4113/2775/2769 4153/2816/2809 4152/2815/2808 4112/2774/2768 
f 4153/2816/2809 4113/2775/2769 4114/2776/2770 4154/2817/2810 
f 4154/2817/2810 4114/2776/2770 4115/2777/2771 4155/2818/2811 
f 4155/2818/2811 4115/2777/2771 4116/2778/2772 4156/2819/2812 
f 4116/2778/2772 4077/2779/2733 4117/2820/2773 4156/2819/2812 
f 4118/2781/2774 4157/2821/2813 4158/2822/2814 4117/2780/2773 
f 4119/2782/2775 4159/2823/2815 4157/2821/2813 4118/2781/2774 
f 4160/2824/2816 4159/2823/2815 4119/2782/2775 4120/2783/2776 
f 4160/2824/2816 4120/2783/2776 4121/2784/2777 4161/2825/2817 
f 4161/2825/2817 4121/2784/2777 4122/2785/2778 4162/2826/2818 
f 4162/2826/2818 4122/2785/2778 4123/2786/2779 4163/2827/2819 
f 4163/2827/2819 4123/2786/2779 4124/2787/2780 4164/2828/2820 
f 4164/2828/2820 4124/2787/2780 4125/2788/2781 4165/2829/2821 
f 4165/2829/2821 4125/2788/2781 4126/2789/2782 4166/2830/2822 
f 4166/2830/2822 4126/2789/2782 4127/2790/2783 4167/2831/2823 
f 4167/2831/2823 4127/2790/2783 4128/2791/2784 4168/2832/2824 
f 4168/2832/2824 4128/2791/2784 4129/2792/2785 4169/2833/2825 
f 4169/2833/2825 4129/2792/2785 4130/2793/2786 4170/2834/2826 
f 4170/2834/2826 4130/2793/2786 4131/2794/2787 4171/2835/2827 
f 4171/2835/2827 4131/2794/2787 4132/2795/2788 4172/2836/2828 
f 4172/2836/2828 4132/2795/2788 4133/2796/2789 4173/2837/2829 
f 4173/2837/2829 4133/2796/2789 4134/2797/2790 4174/2838/2830 
f 4174/2838/2830 4134/2797/2790 4135/2798/2791 4175/2839/2831 
f 4175/2839/2831 4135/2798/2791 4136/2799/2792 4176/2840/2832 
f 4176/2840/2832 4136/2799/2792 4137/2800/2793 4177/2841/2833 
f 4177/2841/2833 4137/2800/2793 4138/2801/2794 4178/2842/2834 
f 4178/2842/2834 4138/2801/2794 4139/2802/2795 4179/2843/2835 
f 4179/2843/2835 4139/2802/2795 4140/2803/2796 4180/2844/2836 
f 4180/2844/2836 4140/2803/2796 4141/2804/2797 4181/2845/2837 
f 4181/2845/2837 4141/2804/2797 4142/2805/2798 4182/2846/2838 
f 4182/2846/2838 4142/2805/2798 4143/2806/2799 4183/2847/2839 
f 4183/2847/2839 4143/2806/2799 4144/2807/2800 4184/2848/2840 
f 4184/2848/2840 4144/2807/2800 4145/2808/2801 4185/2849/2841 
f 4185/2849/2841 4145/2808/2801 4146/2809/2802 4186/2850/2842 
f 4186/2850/2842 4146/2809/2802 4147/2810/2803 4187/2851/2843 
f 4187/2851/2843 4147/2810/2803 4148/2811/2804 4188/2852/2844 
f 4188/2852/2844 4148/2811/2804 4149/2812/2805 4189/2853/2845 
f 4189/2853/2845 4149/2812/2805 4150/2813/2806 4190/2854/2846 
f 4190/2854/2846 4150/2813/2806 4151/2814/2807 4191/2855/2847 
f 4191/2855/2847 4151/2814/2807 4152/2815/2808 4192/2856/2848 
f 4192/2856/2848 4152/2815/2808 4153/2816/2809 4193/2857/2849 
f 4193/2857/2849 4153/2816/2809 4154/2817/2810 4194/2858/2850 
f 4194/2858/2850 4154/2817/2810 4155/2818/2811 4195/2859/2851 
f 4195/2859/2851 4155/2818/2811 4156/2819/2812 4196/2860/2852 
f 4196/2860/2852 4156/2819/2812 4117/2820/2773 4158/2861/2814 
f 4197/2862/2853 4158/2822/2814 4157/2821/2813 4198/2863/2854 
f 4198/2863/2854 4157/2821/2813 4159/2823/2815 4199/2864/2855 
f 4199/2864/2855 4159/2823/2815 4160/2824/2816 4200/2865/2856 
f 4161/2825/2817 4201/2866/2857 4200/2865/2856 4160/2824/2816 
f 4201/2866/2857 4161/2825/2817 4162/2826/2818 4202/2867/2858 
f 4163/2827/2819 4203/2868/2859 4202/2867/2858 4162/2826/2818 
f 4203/2868/2859 4163/2827/2819 4164/2828/2820 4204/2869/2860 
f 4165/2829/2821 4205/2870/2861 4204/2869/2860 4164/2828/2820 
f 4166/2830/2822 4206/2871/2862 4205/2870/2861 4165/2829/2821 
f 4206/2871/2862 4166/2830/2822 4167/2831/2823 4207/2872/2863 
f 4168/2832/2824 4208/2873/2864 4207/2872/2863 4167/2831/2823 
f 4208/2873/2864 4168/2832/2824 4169/2833/2825 4209/2874/2865 
f 4170/2834/2826 4210/2875/2866 4209/2874/2865 4169/2833/2825 
f 4171/2835/2827 4211/2876/2867 4210/2875/2866 4170/2834/2826 
f 4212/2877/2868 4211/2876/2867 4171/2835/2827 4172/2836/2828 
f 4212/2877/2868 4172/2836/2828 4173/2837/2829 4213/2878/2869 
f 4213/2878/2869 4173/2837/2829 4174/2838/2830 4214/2879/2870 
f 4214/2879/2870 4174/2838/2830 4175/2839/2831 4215/2880/2871 
f 4215/2880/2871 4175/2839/2831 4176/2840/2832 4216/2881/2872 
f 4216/2881/2872 4176/2840/2832 4177/2841/2833 4217/2882/2873 
f 4217/2882/2873 4177/2841/2833 4178/2842/2834 4218/2883/2874 
f 4218/2883/2874 4178/2842/2834 4179/2843/2835 4219/2884/2875 
f 4219/2884/2875 4179/2843/2835 4180/2844/2836 4220/2885/2876 
f 4220/2885/2876 4180/2844/2836 4181/2845/2837 4221/2886/2877 
f 4221/2886/2877 4181/2845/2837 4182/2846/2838 4222/2887/2878 
f 4222/2887/2878 4182/2846/2838 4183/2847/2839 4223/2888/2879 
f 4223/2888/2879 4183/2847/2839 4184/2848/2840 4224/2889/2880 
f 4224/2889/2880 4184/2848/2840 4185/2849/2841 4225/2890/2881 
f 4225/2890/2881 4185/2849/2841 4186/2850/2842 4226/2891/2882 
f 4226/2891/2882 4186/2850/2842 4187/2851/2843 4227/2892/2883 
f 4227/2892/2883 4187/2851/2843 4188/2852/2844 4228/2893/2884 
f 4228/2893/2884 4188/2852/2844 4189/2853/2845 4229/2894/2885 
f 4229/2894/2885 4189/2853/2845 4190/2854/2846 4230/2895/2886 
f 4230/2895/2886 4190/2854/2846 4191/2855/2847 4231/2896/2887 
f 4231/2896/2887 4191/2855/2847 4192/2856/2848 4232/2897/2888 
f 4232/2897/2888 4192/2856/2848 4193/2857/2849 4233/2898/2889 
f 4233/2898/2889 4193/2857/2849 4194/2858/2850 4234/2899/2890 
f 4234/2899/2890 4194/2858/2850 4195/2859/2851 4235/2900/2891 
f 4235/2900/2891 4195/2859/2851 4196/2860/2852 4236/2901/2892 
f 4196/2860/2852 4158/2861/2814 4197/2902/2853 4236/2901/2892 
f 4237/2903/2893 4197/2862/2853 4198/2863/2854 4238/2904/2894 
f 4238/2904/2894 4198/2863/2854 4199/2864/2855 4239/2905/2895 
f 4239/2905/2895 4199/2864/2855 4200/2865/2856 4240/2906/2896 
f 4240/2906/2896 4200/2865/2856 4201/2866/2857 4241/2907/2897 
f 4241/2907/2897 4201/2866/2857 4202/2867/2858 4242/2908/2898 
f 4242/2908/2898 4202/2867/2858 4203/2868/2859 4243/2909/2899 
f 4243/2909/2899 4203/2868/2859 4204/2869/2860 4244/2910/2900 
f 4244/2910/2900 4204/2869/2860 4205/2870/2861 4245/2911/2901 
f 4245/2911/2901 4205/2870/2861 4206/2871/2862 4246/2912/2902 
f 4246/2912/2902 4206/2871/2862 4207/2872/2863 4247/2913/2903 
f 4247/2913/2903 4207/2872/2863 4208/2873/2864 4248/2914/2904 
f 4248/2914/2904 4208/2873/2864 4209/2874/2865 4249/2915/2905 
f 4249/2915/2905 4209/2874/2865 4210/2875/2866 4250/2916/2906 
f 4250/2916/2906 4210/2875/2866 4211/2876/2867 4251/2917/2907 
f 4251/2917/2907 4211/2876/2867 4212/2877/2868 4252/2918/2908 
f 4252/2918/2908 4212/2877/2868 4213/2878/2869 4253/2919/2909 
f 4253/2919/2909 4213/2878/2869 4214/2879/2870 4254/2920/2910 
f 4215/2880/2871 4255/2921/2911 4254/2920/2910 4214/2879/2870 
f 4216/2881/2872 4256/2922/2912 4255/2921/2911 4215/2880/2871 
f 4217/2882/2873 4257/2923/2913 4256/2922/2912 4216/2881/2872 
f 4257/2923/2913 4217/2882/2873 4218/2883/2874 4258/2924/2914 
f 4258/2924/2914 4218/2883/2874 4219/2884/2875 4259/2925/2915 
f 4220/2885/2876 4260/2926/2916 4259/2925/2915 4219/2884/2875 
f 4260/2926/2916 4220/2885/2876 4221/2886/2877 4261/2927/2917 
f 4261/2927/2917 4221/2886/2877 4222/2887/2878 4262/2928/2918 
f 4223/2888/2879 4263/2929/2919 4262/2928/2918 4222/2887/2878 
f 4264/2930/2920 4263/2929/2919 4223/2888/2879 4224/2889/2880 
f 4264/2930/2920 4224/2889/2880 4225/2890/2881 4265/2931/2921 
f 4265/2931/2921 4225/2890/2881 4226/2891/2882 4266/2932/2922 
f 4266/2932/2922 4226/2891/2882 4227/2892/2883 4267/2933/2923 
f 4267/2933/2923 4227/2892/2883 4228/2893/2884 4268/2934/2924 
f 4268/2934/2924 4228/2893/2884 4229/2894/2885 4269/2935/2925 
f 4269/2935/2925 4229/2894/2885 4230/2895/2886 4270/2936/2926 
f 4270/2936/2926 4230/2895/2886 4231/2896/2887 4271/2937/2927 
f 4271/2937/2927 4231/2896/2887 4232/2897/2888 4272/2938/2928 
f 4272/2938/2928 4232/2897/2888 4233/2898/2889 4273/2939/2929 
f 4273/2939/2929 4233/2898/2889 4234/2899/2890 4274/2940/2930 
f 4274/2940/2930 4234/2899/2890 4235/2900/2891 4275/2941/2931 
f 4275/2941/2931 4235/2900/2891 4236/2901/2892 4276/2942/2932 
f 4236/2901/2892 4197/2902/2853 4237/2943/2893 4276/2942/2932 
f 4277/2944/2933 4237/2903/2893 4238/2904/2894 4278/2945/2934 
f 4278/2945/2934 4238/2904/2894 4239/2905/2895 4279/2946/2935 
f 4279/2946/2935 4239/2905/2895 4240/2906/2896 4280/2947/2936 
f 4280/2947/2936 4240/2906/2896 4241/2907/2897 4281/2948/2937 
f 4281/2948/2937 4241/2907/2897 4242/2908/2898 4282/2949/2938 
f 4282/2949/2938 4242/2908/2898 4243/2909/2899 4283/2950/2939 
f 4283/2950/2939 4243/2909/2899 4244/2910/2900 4284/2951/2940 
f 4284/2951/2940 4244/2910/2900 4245/2911/2901 4285/2952/2941 
f 4285/2952/2941 4245/2911/2901 4246/2912/2902 4286/2953/2942 
f 4286/2953/2942 4246/2912/2902 4247/2913/2903 4287/2954/2943 
f 4287/2954/2943 4247/2913/2903 4248/2914/2904 4288/2955/2944 
f 4288/2955/2944 4248/2914/2904 4249/2915/2905 4289/2956/2945 
f 4289/2956/2945 4249/2915/2905 4250/2916/2906 4290/2957/2946 
f 4290/2957/2946 4250/2916/2906 4251/2917/2907 4291/2958/2947 
f 4291/2958/2947 4251/2917/2907 4252/2918/2908 4292/2959/2948 
f 4292/2959/2948 4252/2918/2908 4253/2919/2909 4293/2960/2949 
f 4293/2960/2949 4253/2919/2909 4254/2920/2910 4294/2961/2950 
f 4294/2961/2950 4254/2920/2910 4255/2921/2911 4295/2962/2951 
f 4295/2962/2951 4255/2921/2911 4256/2922/2912 4296/2963/2952 
f 4296/2963/2952 4256/2922/2912 4257/2923/2913 4297/2964/2953 
f 4297/2964/2953 4257/2923/2913 4258/2924/2914 4298/2965/2954 
f 4298/2965/2954 4258/2924/2914 4259/2925/2915 4299/2966/2955 
f 4299/2966/2955 4259/2925/2915 4260/2926/2916 4300/2967/2956 
f 4300/2967/2956 4260/2926/2916 4261/2927/2917 4301/2968/2957 
f 4301/2968/2957 4261/2927/2917 4262/2928/2918 4302/2969/2958 
f 4302/2969/2958 4262/2928/2918 4263/2929/2919 4303/2970/2959 
f 4303/2970/2959 4263/2929/2919 4264/2930/2920 4304/2971/2960 
f 4304/2971/2960 4264/2930/2920 4265/2931/2921 4305/2972/2961 
f 4266/2932/2922 4306/2973/2962 4305/2972/2961 4265/2931/2921 
f 4267/2933/2923 4307/2974/2963 4306/2973/2962 4266/2932/2922 
f 4307/2974/2963 4267/2933/2923 4268/2934/2924 4308/2975/2964 
f 4308/2975/2964 4268/2934/2924 4269/2935/2925 4309/2976/2965 
f 4309/2976/2965 4269/2935/2925 4270/2936/2926 4310/2977/2966 
f 4271/2937/2927 4311/2978/2967 4310/2977/2966 4270/2936/2926 
f 4311/2978/2967 4271/2937/2927 4272/2938/2928 4312/2979/2968 
f 4312/2979/2968 4272/2938/2928 4273/2939/2929 4313/2980/2969 
f 4274/2940/2930 4314/2981/2970 4313/2980/2969 4273/2939/2929 
f 4314/2981/2970 4274/2940/2930 4275/2941/2931 4315/2982/2971 
f 4316/2983/2972 4315/2982/2971 4275/2941/2931 4276/2942/2932 
f 4276/2942/2932 4237/2943/2893 4277/2984/2933 4316/2983/2972 
f 4317/2985/2973 4277/2944/2933 4278/2945/2934 4318/2986/2974 
f 4318/2986/2974 4278/2945/2934 4279/2946/2935 4319/2987/2975 
f 4319/2987/2975 4279/2946/2935 4280/2947/2936 4320/2988/2976 
f 4320/2988/2976 4280/2947/2936 4281/2948/2937 4321/2989/2977 
f 4321/2989/2977 4281/2948/2937 4282/2949/2938 4322/2990/2978 
f 4322/2990/2978 4282/2949/2938 4283/2950/2939 4323/2991/2979 
f 4323/2991/2979 4283/2950/2939 4284/2951/2940 4324/2992/2980 
f 4324/2992/2980 4284/2951/2940 4285/2952/2941 4325/2993/2981 
f 4325/2993/2981 4285/2952/2941 4286/2953/2942 4326/2994/2982 
f 4326/2994/2982 4286/2953/2942 4287/2954/2943 4327/2995/2983 
f 4327/2995/2983 4287/2954/2943 4288/2955/2944 4328/2996/2984 
f 4328/2996/2984 4288/2955/2944 4289/2956/2945 4329/2997/2985 
f 4329/2997/2985 4289/2956/2945 4290/2957/2946 4330/2998/2986 
f 4330/2998/2986 4290/2957/2946 4291/2958/2947 4331/2999/2987 
f 4331/2999/2987 4291/2958/2947 4292/2959/2948 4332/3000/2988 
f 4332/3000/2988 4292/2959/2948 4293/2960/2949 4333/3001/2989 
f 4333/3001/2989 4293/2960/2949 4294/2961/2950 4334/3002/2990 
f 4334/3002/2990 4294/2961/2950 4295/2962/2951 4335/3003/2991 
f 4335/3003/2991 4295/2962/2951 4296/2963/2952 4336/3004/2992 
f 4336/3004/2992 4296/2963/2952 4297/2964/2953 4337/3005/2993 
f 4337/3005/2993 4297/2964/2953 4298/2965/2954 4338/3006/2994 
f 4338/3006/2994 4298/2965/2954 4299/2966/2955 4339/3007/2995 
f 4339/3007/2995 4299/2966/2955 4300/2967/2956 4340/3008/2996 
f 4340/3008/2996 4300/2967/2956 4301/2968/2957 4341/3009/2997 
f 4341/3009/2997 4301/2968/2957 4302/2969/2958 4342/3010/2998 
f 4342/3010/2998 4302/2969/2958 4303/2970/2959 4343/3011/2999 
f 4343/3011/2999 4303/2970/2959 4304/2971/2960 4344/3012/3000 
f 4344/3012/3000 4304/2971/2960 4305/2972/2961 4345/3013/3001 
f 4345/3013/3001 4305/2972/2961 4306/2973/2962 4346/3014/3002 
f 4346/3014/3002 4306/2973/2962 4307/2974/2963 4347/3015/3003 
f 4347/3015/3003 4307/2974/2963 4308/2975/2964 4348/3016/3004 
f 4348/3016/3004 4308/2975/2964 4309/2976/2965 4349/3017/3005 
f 4349/3017/3005 4309/2976/2965 4310/2977/2966 4350/3018/3006 
f 4350/3018/3006 4310/2977/2966 4311/2978/2967 4351/3019/3007 
f 4351/3019/3007 4311/2978/2967 4312/2979/2968 4352/3020/3008 
f 4352/3020/3008 4312/2979/2968 4313/2980/2969 4353/3021/3009 
f 4353/3021/3009 4313/2980/2969 4314/2981/2970 4354/3022/3010 
f 4354/3022/3010 4314/2981/2970 4315/2982/2971 4355/3023/3011 
f 4355/3023/3011 4315/2982/2971 4316/2983/2972 4356/3024/3012 
f 4316/2983/2972 4277/2984/2933 4317/3025/2973 4356/3024/3012 
f 4357/3026/3013 4317/2985/2973 4318/2986/2974 4358/3027/3014 
f 4319/2987/2975 4359/3028/3015 4358/3027/3014 4318/2986/2974 
f 4359/3028/3015 4319/2987/2975 4320/2988/2976 4360/3029/3016 
f 4360/3029/3016 4320/2988/2976 4321/2989/2977 4361/3030/3017 
f 4322/2990/2978 4362/3031/3018 4361/3030/3017 4321/2989/2977 
f 4362/3031/3018 4322/2990/2978 4323/2991/2979 4363/3032/3019 
f 4363/3032/3019 4323/2991/2979 4324/2992/2980 4364/3033/3020 
f 4364/3033/3020 4324/2992/2980 4325/2993/2981 4365/3034/3021 
f 4326/2994/2982 4366/3035/3022 4365/3034/3021 4325/2993/2981 
f 4366/3035/3022 4326/2994/2982 4327/2995/2983 4367/3036/3023 
f 4368/3037/3024 4367/3036/3023 4327/2995/2983 4328/2996/2984 
f 4368/3037/3024 4328/2996/2984 4329/2997/2985 4369/3038/3025 
f 4369/3038/3025 4329/2997/2985 4330/2998/2986 4370/3039/3026 
f 4370/3039/3026 4330/2998/2986 4331/2999/2987 4371/3040/3027 
f 4371/3040/3027 4331/2999/2987 4332/3000/2988 4372/3041/3028 
f 4372/3041/3028 4332/3000/2988 4333/3001/2989 4373/3042/3029 
f 4373/3042/3029 4333/3001/2989 4334/3002/2990 4374/3043/3030 
f 4374/3043/3030 4334/3002/2990 4335/3003/2991 4375/3044/3031 
f 4375/3044/3031 4335/3003/2991 4336/3004/2992 4376/3045/3032 
f 4376/3045/3032 4336/3004/2992 4337/3005/2993 4377/3046/3033 
f 4377/3046/3033 4337/3005/2993 4338/3006/2994 4378/3047/3034 
f 4378/3047/3034 4338/3006/2994 4339/3007/2995 4379/3048/3035 
f 4379/3048/3035 4339/3007/2995 4340/3008/2996 4380/3049/3036 
f 4380/3049/3036 4340/3008/2996 4341/3009/2997 4381/3050/3037 
f 4381/3050/3037 4341/3009/2997 4342/3010/2998 4382/3051/3038 
f 4382/3051/3038 4342/3010/2998 4343/3011/2999 4383/3052/3039 
f 4383/3052/3039 4343/3011/2999 4344/3012/3000 4384/3053/3040 
f 4384/3053/3040 4344/3012/3000 4345/3013/3001 4385/3054/3041 
f 4385/3054/3041 4345/3013/3001 4346/3014/3002 4386/3055/3042 
f 4386/3055/3042 4346/3014/3002 4347/3015/3003 4387/3056/3043 
f 4387/3056/3043 4347/3015/3003 4348/3016/3004 4388/3057/3044 
f 4388/3057/3044 4348/3016/3004 4349/3017/3005 4389/3058/3045 
f 4389/3058/3045 4349/3017/3005 4350/3018/3006 4390/3059/3046 
f 4390/3059/3046 4350/3018/3006 4351/3019/3007 4391/3060/3047 
f 4391/3060/3047 4351/3019/3007 4352/3020/3008 4392/3061/3048 
f 4392/3061/3048 4352/3020/3008 4353/3021/3009 4393/3062/3049 
f 4393/3062/3049 4353/3021/3009 4354/3022/3010 4394/3063/3050 
f 4394/3063/3050 4354/3022/3010 4355/3023/3011 4395/3064/3051 
f 4395/3064/3051 4355/3023/3011 4356/3024/3012 4396/3065/3052 
f 4396/3065/3052 4356/3024/3012 4317/3025/2973 4357/3066/3013 
f 4397/3067/3053 4357/3026/3013 4358/3027/3014 4398/3068/3054 
f 4398/3068/3054 4358/3027/3014 4359/3028/3015 4399/3069/3055 
f 4399/3069/3055 4359/3028/3015 4360/3029/3016 4400/3070/3056 
f 4400/3070/3056 4360/3029/3016 4361/3030/3017 4401/3071/3057 
f 4401/3071/3057 4361/3030/3017 4362/3031/3018 4402/3072/3058 
f 4402/3072/3058 4362/3031/3018 4363/3032/3019 4403/3073/3059 
f 4403/3073/3059 4363/3032/3019 4364/3033/3020 4404/3074/3060 
f 4404/3074/3060 4364/3033/3020 4365/3034/3021 4405/3075/3061 
f 4405/3075/3061 4365/3034/3021 4366/3035/3022 4406/3076/3062 
f 4406/3076/3062 4366/3035/3022 4367/3036/3023 4407/3077/3063 
f 4407/3077/3063 4367/3036/3023 4368/3037/3024 4408/3078/3064 
f 4369/3038/3025 4409/3079/3065 4408/3078/3064 4368/3037/3024 
f 4409/3079/3065 4369/3038/3025 4370/3039/3026 4410/3080/3066 
f 4410/3080/3066 4370/3039/3026 4371/3040/3027 4411/3081/3067 
f 4372/3041/3028 4412/3082/3068 4411/3081/3067 4371/3040/3027 
f 4412/3082/3068 4372/3041/3028 4373/3042/3029 4413/3083/3069 
f 4413/3083/3069 4373/3042/3029 4374/3043/3030 4414/3084/3070 
f 4414/3084/3070 4374/3043/3030 4375/3044/3031 4415/3085/3071 
f 4376/3045/3032 4416/3086/3072 4415/3085/3071 4375/3044/3031 
f 4377/3046/3033 4417/3087/3073 4416/3086/3072 4376/3045/3032 
f 4417/3087/3073 4377/3046/3033 4378/3047/3034 4418/3088/3074 
f 4379/3048/3035 4419/3089/3075 4418/3088/3074 4378/3047/3034 
f 4420/3090/3076 4419/3089/3075 4379/3048/3035 4380/3049/3036 
f 4420/3090/3076 4380/3049/3036 4381/3050/3037 4421/3091/3077 
f 4421/3091/3077 4381/3050/3037 4382/3051/3038 4422/3092/3078 
f 4422/3092/3078 4382/3051/3038 4383/3052/3039 4423/3093/3079 
f 4423/3093/3079 4383/3052/3039 4384/3053/3040 4424/3094/3080 
f 4424/3094/3080 4384/3053/3040 4385/3054/3041 4425/3095/3081 
f 4425/3095/3081 4385/3054/3041 4386/3055/3042 4426/3096/3082 
f 4426/3096/3082 4386/3055/3042 4387/3056/3043 4427/3097/3083 
f 4427/3097/3083 4387/3056/3043 4388/3057/3044 4428/3098/3084 
f 4428/3098/3084 4388/3057/3044 4389/3058/3045 4429/3099/3085 
f 4429/3099/3085 4389/3058/3045 4390/3059/3046 4430/3100/3086 
f 4430/3100/3086 4390/3059/3046 4391/3060/3047 4431/3101/3087 
f 4431/3101/3087 4391/3060/3047 4392/3061/3048 4432/3102/3088 
f 4432/3102/3088 4392/3061/3048 4393/3062/3049 4433/3103/3089 
f 4433/3103/3089 4393/3062/3049 4394/3063/3050 4434/3104/3090 
f 4434/3104/3090 4394/3063/3050 4395/3064/3051 4435/3105/3091 
f 4435/3105/3091 4395/3064/3051 4396/3065/3052 4436/3106/3092 
f 4396/3065/3052 4357/3066/3013 4397/3107/3053 4436/3106/3092 
f 4437/3108/3093 4397/3067/3053 4398/3068/3054 4438/3109/3094 
f 4438/3109/3094 4398/3068/3054 4399/3069/3055 4439/3110/3095 
f 4439/3110/3095 4399/3069/3055 4400/3070/3056 4440/3111/3096 
f 4440/3111/3096 4400/3070/3056 4401/3071/3057 4441/3112/3097 
f 4441/3112/3097 4401/3071/3057 4402/3072/3058 4442/3113/3098 
f 4442/3113/3098 4402/3072/3058 4403/3073/3059 4443/3114/3099 
f 4443/3114/3099 4403/3073/3059 4404/3074/3060 4444/3115/3100 
f 4444/3115/3100 4404/3074/3060 4405/3075/3061 4445/3116/3101 
f 4445/3116/3101 4405/3075/3061 4406/3076/3062 4446/3117/3102 
f 4446/3117/3102 4406/3076/3062 4407/3077/3063 4447/3118/3103 
f 4447/3118/3103 4407/3077/3063 4408/3078/3064 4448/3119/3104 
f 4448/3119/3104 4408/3078/3064 4409/3079/3065 4449/3120/3105 
f 4449/3120/3105 4409/3079/3065 4410/3080/3066 4450/3121/3106 
f 4450/3121/3106 4410/3080/3066 4411/3081/3067 4451/3122/3107 
f 4451/3122/3107 4411/3081/3067 4412/3082/3068 4452/3123/3108 
f 4452/3123/3108 4412/3082/3068 4413/3083/3069 4453/3124/3109 
f 4453/3124/3109 4413/3083/3069 4414/3084/3070 4454/3125/3110 
f 4454/3125/3110 4414/3084/3070 4415/3085/3071 4455/3126/3111 
f 4455/3126/3111 4415/3085/3071 4416/3086/3072 4456/3127/3112 
f 4456/3127/3112 4416/3086/3072 4417/3087/3073 4457/3128/3113 
f 4457/3128/3113 4417/3087/3073 4418/3088/3074 4458/3129/3114 
f 4458/3129/3114 4418/3088/3074 4419/3089/3075 4459/3130/3115 
f 4459/3130/3115 4419/3089/3075 4420/3090/3076 4460/3131/3116 
f 4460/3131/3116 4420/3090/3076 4421/3091/3077 4461/3132/3117 
f 4422/3092/3078 4462/3133/3118 4461/3132/3117 4421/3091/3077 
f 4462/3133/3118 4422/3092/3078 4423/3093/3079 4463/3134/3119 
f 4463/3134/3119 4423/3093/3079 4424/3094/3080 4464/3135/3120 
f 4464/3135/3120 4424/3094/3080 4425/3095/3081 4465/3136/3121 
f 4426/3096/3082 4466/3137/3122 4465/3136/3121 4425/3095/3081 
f 4466/3137/3122 4426/3096/3082 4427/3097/3083 4467/3138/3123 
f 4428/3098/3084 4468/3139/3124 4467/3138/3123 4427/3097/3083 
f 4468/3139/3124 4428/3098/3084 4429/3099/3085 4469/3140/3125 
f 4430/3100/3086 4470/3141/3126 4469/3140/3125 4429/3099/3085 
f 4431/3101/3087 4471/3142/3127 4470/3141/3126 4430/3100/3086 
f 4432/3102/3088 4472/3143/3128 4471/3142/3127 4431/3101/3087 
f 4433/3103/3089 4473/3144/3129 4472/3143/3128 4432/3102/3088 
f 4474/3145/3130 4473/3144/3129 4433/3103/3089 4434/3104/3090 
f 4475/3146/3131 4474/3145/3130 4434/3104/3090 4435/3105/3091 
f 4476/3147/3132 4475/3146/3131 4435/3105/3091 4436/3106/3092 
f 4476/3147/3132 4436/3106/3092 4397/3107/3053 4437/3148/3093 
f 4477/3149/3133 4478/3150/3134 4437/3108/3093 4438/3109/3094 
f 4479/3151/3135 4477/3149/3133 4438/3109/3094 4439/3110/3095 
f 4480/3152/3136 4479/3151/3135 4439/3110/3095 4440/3111/3096 
f 4481/3153/3137 4480/3152/3136 4440/3111/3096 4441/3112/3097 
f 4482/3154/3138 4481/3153/3137 4441/3112/3097 4442/3113/3098 
f 4483/3155/3139 4482/3154/3138 4442/3113/3098 4443/3114/3099 
f 4484/3156/3140 4483/3155/3139 4443/3114/3099 4444/3115/3100 
f 4485/3157/3141 4484/3156/3140 4444/3115/3100 4445/3116/3101 
f 4486/3158/3142 4485/3157/3141 4445/3116/3101 4446/3117/3102 
f 4487/3159/3143 4486/3158/3142 4446/3117/3102 4447/3118/3103 
f 4488/3160/3144 4487/3159/3143 4447/3118/3103 4448/3119/3104 
f 4489/3161/3145 4488/3160/3144 4448/3119/3104 4449/3120/3105 
f 4490/3162/3146 4489/3161/3145 4449/3120/3105 4450/3121/3106 
f 4491/3163/3147 4490/3162/3146 4450/3121/3106 4451/3122/3107 
f 4492/3164/3148 4491/3163/3147 4451/3122/3107 4452/3123/3108 
f 4493/3165/3149 4492/3164/3148 4452/3123/3108 4453/3124/3109 
f 4494/3166/3150 4493/3165/3149 4453/3124/3109 4454/3125/3110 
f 4495/3167/3151 4494/3166/3150 4454/3125/3110 4455/3126/3111 
f 4496/3168/3152 4495/3167/3151 4455/3126/3111 4456/3127/3112 
f 4497/3169/3153 4496/3168/3152 4456/3127/3112 4457/3128/3113 
f 4498/3170/3154 4497/3169/3153 4457/3128/3113 4458/3129/3114 
f 4499/3171/3155 4498/3170/3154 4458/3129/3114 4459/3130/3115 
f 4500/3172/3156 4499/3171/3155 4459/3130/3115 4460/3131/3116 
f 4501/3173/3157 4500/3172/3156 4460/3131/3116 4461/3132/3117 
f 4502/3174/3158 4501/3173/3157 4461/3132/3117 4462/3133/3118 
f 4503/3175/3159 4502/3174/3158 4462/3133/3118 4463/3134/3119 
f 4504/3176/3160 4503/3175/3159 4463/3134/3119 4464/3135/3120 
f 4505/3177/3161 4504/3176/3160 4464/3135/3120 4465/3136/3121 
f 4506/3178/3162 4505/3177/3161 4465/3136/3121 4466/3137/3122 
f 4507/3179/3163 4506/3178/3162 4466/3137/3122 4467/3138/3123 
f 4508/3180/3164 4507/3179/3163 4467/3138/3123 4468/3139/3124 
f 4509/3181/3165 4508/3180/3164 4468/3139/3124 4469/3140/3125 
f 4510/3182/3166 4509/3181/3165 4469/3140/3125 4470/3141/3126 
f 4511/3183/3167 4510/3182/3166 4470/3141/3126 4471/3142/3127 
f 4472/3143/3128 4512/3184/3168 4511/3183/3167 4471/3142/3127 
f 4513/3185/3169 4512/3184/3168 4472/3143/3128 4473/3144/3129 
f 4513/3185/3169 4473/3144/3129 4474/3145/3130 4514/3186/3170 
f 4475/3146/3131 4515/3187/3171 4514/3186/3170 4474/3145/3130 
f 4515/3187/3171 4475/3146/3131 4476/3147/3132 4516/3188/3172 
f 4476/3147/3132 4437/3148/3093 4478/3189/3134 4516/3188/3172 
f 4517/3190/3173 4478/3150/3134 4477/3149/3133 4518/3191/3174 
f 4479/3151/3135 4519/3192/3175 4518/3191/3174 4477/3149/3133 
f 4480/3152/3136 4520/3193/3176 4519/3192/3175 4479/3151/3135 
f 4520/3193/3176 4480/3152/3136 4481/3153/3137 4521/3194/3177 
f 4482/3154/3138 4522/3195/3178 4521/3194/3177 4481/3153/3137 
f 4522/3195/3178 4482/3154/3138 4483/3155/3139 4523/3196/3179 
f 4484/3156/3140 4524/3197/3180 4523/3196/3179 4483/3155/3139 
f 4525/3198/3181 4524/3197/3180 4484/3156/3140 4485/3157/3141 
f 4526/3199/3182 4525/3198/3181 4485/3157/3141 4486/3158/3142 
f 4527/3200/3183 4526/3199/3182 4486/3158/3142 4487/3159/3143 
f 4528/3201/3184 4527/3200/3183 4487/3159/3143 4488/3160/3144 
f 4529/3202/3185 4528/3201/3184 4488/3160/3144 4489/3161/3145 
f 4530/3203/3186 4529/3202/3185 4489/3161/3145 4490/3162/3146 
f 4531/3204/3187 4530/3203/3186 4490/3162/3146 4491/3163/3147 
f 4532/3205/3188 4531/3204/3187 4491/3163/3147 4492/3164/3148 
f 4533/3206/3189 4532/3205/3188 4492/3164/3148 4493/3165/3149 
f 4534/3207/3190 4533/3206/3189 4493/3165/3149 4494/3166/3150 
f 4535/3208/3191 4534/3207/3190 4494/3166/3150 4495/3167/3151 
f 4536/3209/3192 4535/3208/3191 4495/3167/3151 4496/3168/3152 
f 4537/3210/3193 4536/3209/3192 4496/3168/3152 4497/3169/3153 
f 4538/3211/3194 4537/3210/3193 4497/3169/3153 4498/3170/3154 
f 4539/3212/3195 4538/3211/3194 4498/3170/3154 4499/3171/3155 
f 4540/3213/3196 4539/3212/3195 4499/3171/3155 4500/3172/3156 
f 4541/3214/3197 4540/3213/3196 4500/3172/3156 4501/3173/3157 
f 4542/3215/3198 4541/3214/3197 4501/3173/3157 4502/3174/3158 
f 4543/3216/3199 4542/3215/3198 4502/3174/3158 4503/3175/3159 
f 4544/3217/3200 4543/3216/3199 4503/3175/3159 4504/3176/3160 
f 4545/3218/3201 4544/3217/3200 4504/3176/3160 4505/3177/3161 
f 4546/3219/3202 4545/3218/3201 4505/3177/3161 4506/3178/3162 
f 4547/3220/3203 4546/3219/3202 4506/3178/3162 4507/3179/3163 
f 4548/3221/3204 4547/3220/3203 4507/3179/3163 4508/3180/3164 
f 4549/3222/3205 4548/3221/3204 4508/3180/3164 4509/3181/3165 
f 4550/3223/3206 4549/3222/3205 4509/3181/3165 4510/3182/3166 
f 4551/3224/3207 4550/3223/3206 4510/3182/3166 4511/3183/3167 
f 4552/3225/3208 4551/3224/3207 4511/3183/3167 4512/3184/3168 
f 4553/3226/3209 4552/3225/3208 4512/3184/3168 4513/3185/3169 
f 4554/3227/3210 4553/3226/3209 4513/3185/3169 4514/3186/3170 
f 4555/3228/3211 4554/3227/3210 4514/3186/3170 4515/3187/3171 
f 4556/3229/3212 4555/3228/3211 4515/3187/3171 4516/3188/3172 
f 4556/3229/3212 4516/3188/3172 4478/3189/3134 4517/3230/3173 
f 3799/2454/2455 3798/2453/2454 4557/3231/3213 
f 4558/3232/3214 4517/3190/3173 4518/3191/3174 
f 3801/2456/2457 3799/2454/2455 4557/3233/3213 
f 4558/3234/3214 4518/3191/3174 4519/3192/3175 
f 3803/2458/2459 3801/2456/2457 4557/3235/3213 
f 4558/3236/3214 4519/3192/3175 4520/3193/3176 
f 3805/2460/2461 3803/2458/2459 4557/3237/3213 
f 4558/3238/3214 4520/3193/3176 4521/3194/3177 
f 3807/2462/2463 3805/2460/2461 4557/3239/3213 
f 4558/3240/3214 4521/3194/3177 4522/3195/3178 
f 3809/2464/2465 3807/2462/2463 4557/3241/3213 
f 4558/3242/3214 4522/3195/3178 4523/3196/3179 
f 3811/2466/2467 3809/2464/2465 4557/3243/3213 
f 4558/3244/3214 4523/3196/3179 4524/3197/3180 
f 3813/2468/2469 3811/2466/2467 4557/3245/3213 
f 4558/3246/3214 4524/3197/3180 4525/3198/3181 
f 3815/2470/2471 3813/2468/2469 4557/3247/3213 
f 4558/3248/3214 4525/3198/3181 4526/3199/3182 
f 3817/2472/2473 3815/2470/2471 4557/3249/3213 
f 4558/3250/3214 4526/3199/3182 4527/3200/3183 
f 3820/2475/2476 3817/2472/2473 4557/3251/3213 
f 4558/3252/3214 4527/3200/3183 4528/3201/3184 
f 3822/2477/2478 3820/2475/2476 4557/3253/3213 
f 4558/3254/3214 4528/3201/3184 4529/3202/3185 
f 3824/2479/2480 3822/2477/2478 4557/3255/3213 
f 4558/3256/3214 4529/3202/3185 4530/3203/3186 
f 3826/2481/2482 3824/2479/2480 4557/3257/3213 
f 4558/3258/3214 4530/3203/3186 4531/3204/3187 
f 3828/2483/2484 3826/2481/2482 4557/3259/3213 
f 4558/3260/3214 4531/3204/3187 4532/3205/3188 
f 3830/2485/2486 3828/2483/2484 4557/3261/3213 
f 4558/3262/3214 4532/3205/3188 4533/3206/3189 
f 3832/2487/2488 3830/2485/2486 4557/3263/3213 
f 4558/3264/3214 4533/3206/3189 4534/3207/3190 
f 3834/2489/2490 3832/2487/2488 4557/3265/3213 
f 4558/3266/3214 4534/3207/3190 4535/3208/3191 
f 3836/2491/2492 3834/2489/2490 4557/3267/3213 
f 4558/3268/3214 4535/3208/3191 4536/3209/3192 
f 3838/2493/2494 3836/2491/2492 4557/3269/3213 
f 4558/3270/3214 4536/3209/3192 4537/3210/3193 
f 3840/2495/2496 3838/2493/2494 4557/3271/3213 
f 4558/3272/3214 4537/3210/3193 4538/3211/3194 
f 3842/2497/2498 3840/2495/2496 4557/3273/3213 
f 4558/3274/3214 4538/3211/3194 4539/3212/3195 
f 3844/2499/2500 3842/2497/2498 4557/3275/3213 
f 4558/3276/3214 4539/3212/3195 4540/3213/3196 
f 3846/2501/2502 3844/2499/2500 4557/3277/3213 
f 4558/3278/3214 4540/3213/3196 4541/3214/3197 
f 3848/2503/2504 3846/2501/2502 4557/3279/3213 
f 4558/3280/3214 4541/3214/3197 4542/3215/3198 
f 3850/2505/2506 3848/2503/2504 4557/3281/3213 
f 4558/3282/3214 4542/3215/3198 4543/3216/3199 
f 3852/2507/2508 3850/2505/2506 4557/3283/3213 
f 4558/3284/3214 4543/3216/3199 4544/3217/3200 
f 3854/2509/2510 3852/2507/2508 4557/3285/3213 
f 4558/3286/3214 4544/3217/3200 4545/3218/3201 
f 3856/2511/2512 3854/2509/2510 4557/3287/3213 
f 4558/3288/3214 4545/3218/3201 4546/3219/3202 
f 3858/2513/2514 3856/2511/2512 4557/3289/3213 
f 4558/3290/3214 4546/3219/3202 4547/3220/3203 
f 3860/2515/2516 3858/2513/2514 4557/3291/3213 
f 4558/3292/3214 4547/3220/3203 4548/3221/3204 
f 3862/2517/2518 3860/2515/2516 4557/3293/3213 
f 4558/3294/3214 4548/3221/3204 4549/3222/3205 
f 3864/2519/2520 3862/2517/2518 4557/3295/3213 
f 4558/3296/3214 4549/3222/3205 4550/3223/3206 
f 3866/2521/2522 3864/2519/2520 4557/3297/3213 
f 4558/3298/3214 4550/3223/3206 4551/3224/3207 
f 3868/2523/2524 3866/2521/2522 4557/3299/3213 
f 4558/3300/3214 4551/3224/3207 4552/3225/3208 
f 3870/2525/2526 3868/2523/2524 4557/3301/3213 
f 4558/3302/3214 4552/3225/3208 4553/3226/3209 
f 3872/2527/2528 3870/2525/2526 4557/3303/3213 
f 4558/3304/3214 4553/3226/3209 4554/3227/3210 
f 3874/2529/2530 3872/2527/2528 4557/3305/3213 
f 4558/3306/3214 4554/3227/3210 4555/3228/3211 
f 3876/2531/2532 3874/2529/2530 4557/3307/3213 
f 4558/3308/3214 4555/3228/3211 4556/3229/3212 
f 3798/2532/2454 3876/2531/2532 4557/3309/3213 
f 4558/3310/3214 4556/3229/3212 4517/3230/3173 
# 720 polygons - 80 triangles

#
# object Tube_8
#

v  5.6971 10.2364 -2.5099
v  5.6950 10.2398 -2.5099
v  5.6944 10.2408 -2.5233
v  5.6964 10.2374 -2.5240
v  5.9929 10.4202 -2.5240
v  5.9936 10.4192 -2.5099
v  5.9908 10.4236 -2.5233
v  5.9914 10.4226 -2.5099
v  5.6925 10.2438 -2.5363
v  5.6945 10.2406 -2.5377
v  5.9910 10.4233 -2.5377
v  5.9890 10.4266 -2.5363
v  5.6895 10.2486 -2.5485
v  5.6914 10.2457 -2.5505
v  5.9879 10.4284 -2.5505
v  5.9860 10.4314 -2.5485
v  5.6855 10.2552 -2.5595
v  5.6871 10.2526 -2.5621
v  5.9836 10.4354 -2.5621
v  5.9820 10.4380 -2.5595
v  5.6805 10.2633 -2.5691
v  5.6818 10.2611 -2.5722
v  5.9783 10.4439 -2.5722
v  5.9770 10.4461 -2.5691
v  5.6747 10.2727 -2.5768
v  5.6758 10.2710 -2.5803
v  5.9722 10.4538 -2.5803
v  5.9712 10.4555 -2.5768
v  5.6683 10.2831 -2.5825
v  5.6690 10.2819 -2.5863
v  5.9655 10.4647 -2.5863
v  5.9648 10.4659 -2.5825
v  5.6615 10.2942 -2.5860
v  5.6618 10.2936 -2.5900
v  5.9583 10.4764 -2.5900
v  5.9579 10.4770 -2.5860
v  5.6544 10.3056 -2.5872
v  5.6544 10.3056 -2.5912
v  5.9509 10.4884 -2.5912
v  5.9509 10.4884 -2.5872
v  5.6474 10.3170 -2.5860
v  5.6470 10.3176 -2.5900
v  5.9435 10.5004 -2.5900
v  5.9439 10.4998 -2.5860
v  5.6406 10.3281 -2.5825
v  5.6398 10.3293 -2.5863
v  5.9363 10.5121 -2.5863
v  5.9370 10.5109 -2.5825
v  5.6341 10.3385 -2.5768
v  5.6331 10.3402 -2.5803
v  5.9296 10.5230 -2.5803
v  5.9306 10.5213 -2.5768
v  5.6284 10.3479 -2.5691
v  5.6270 10.3501 -2.5722
v  5.9235 10.5329 -2.5722
v  5.9248 10.5307 -2.5691
v  5.6234 10.3560 -2.5595
v  5.6217 10.3586 -2.5621
v  5.9182 10.5414 -2.5621
v  5.9198 10.5388 -2.5595
v  5.6193 10.3626 -2.5485
v  5.6175 10.3655 -2.5505
v  5.9139 10.5483 -2.5505
v  5.9158 10.5453 -2.5485
v  5.6163 10.3674 -2.5363
v  5.6143 10.3706 -2.5377
v  5.9108 10.5534 -2.5377
v  5.9128 10.5502 -2.5363
v  5.6145 10.3704 -2.5233
v  5.6124 10.3738 -2.5240
v  5.9089 10.5565 -2.5240
v  5.9110 10.5532 -2.5233
v  5.6139 10.3714 -2.5099
v  5.6117 10.3748 -2.5099
v  5.9082 10.5576 -2.5099
v  5.9103 10.5542 -2.5099
v  5.6145 10.3704 -2.4965
v  5.6124 10.3738 -2.4958
v  5.9089 10.5565 -2.4958
v  5.9110 10.5532 -2.4965
v  5.6163 10.3674 -2.4834
v  5.6143 10.3706 -2.4821
v  5.9108 10.5534 -2.4821
v  5.9128 10.5502 -2.4834
v  5.6193 10.3626 -2.4712
v  5.6175 10.3655 -2.4692
v  5.9139 10.5483 -2.4692
v  5.9158 10.5453 -2.4712
v  5.6234 10.3560 -2.4602
v  5.6217 10.3586 -2.4576
v  5.9182 10.5414 -2.4576
v  5.9198 10.5388 -2.4602
v  5.6284 10.3479 -2.4507
v  5.6270 10.3501 -2.4476
v  5.9235 10.5329 -2.4476
v  5.9248 10.5307 -2.4507
v  5.6341 10.3385 -2.4430
v  5.6331 10.3402 -2.4395
v  5.9296 10.5230 -2.4395
v  5.9306 10.5213 -2.4430
v  5.6406 10.3281 -2.4373
v  5.6398 10.3293 -2.4335
v  5.9363 10.5121 -2.4335
v  5.9370 10.5109 -2.4373
v  5.6474 10.3170 -2.4338
v  5.6470 10.3176 -2.4298
v  5.9435 10.5004 -2.4298
v  5.9439 10.4998 -2.4338
v  5.6544 10.3056 -2.4326
v  5.6544 10.3056 -2.4286
v  5.9509 10.4884 -2.4286
v  5.9509 10.4884 -2.4326
v  5.6615 10.2942 -2.4338
v  5.6618 10.2936 -2.4298
v  5.9583 10.4764 -2.4298
v  5.9579 10.4770 -2.4338
v  5.6683 10.2831 -2.4373
v  5.6690 10.2819 -2.4335
v  5.9655 10.4647 -2.4335
v  5.9648 10.4659 -2.4373
v  5.6747 10.2727 -2.4430
v  5.6758 10.2710 -2.4395
v  5.9722 10.4538 -2.4395
v  5.9712 10.4555 -2.4430
v  5.6805 10.2633 -2.4507
v  5.6818 10.2611 -2.4476
v  5.9783 10.4439 -2.4476
v  5.9770 10.4461 -2.4507
v  5.6855 10.2552 -2.4602
v  5.6871 10.2526 -2.4576
v  5.9836 10.4354 -2.4576
v  5.9820 10.4380 -2.4602
v  5.6895 10.2486 -2.4712
v  5.6914 10.2457 -2.4692
v  5.9879 10.4284 -2.4692
v  5.9860 10.4314 -2.4712
v  5.6925 10.2438 -2.4834
v  5.6945 10.2406 -2.4821
v  5.9910 10.4233 -2.4821
v  5.9890 10.4266 -2.4834
v  5.6944 10.2408 -2.4965
v  5.6964 10.2374 -2.4958
v  5.9929 10.4202 -2.4958
v  5.9908 10.4236 -2.4965
# 144 vertices

vn -0.8511 -0.5249 -0.0000
vn -0.8513 -0.5247 0.0000
vn 0.5248 -0.8512 -0.0000
vn 0.5168 -0.8383 -0.1737
vn 0.8512 0.5248 -0.0000
vn 0.8513 0.5247 -0.0000
vn -0.5248 0.8512 -0.0000
vn -0.5168 0.8383 0.1737
vn -0.5168 0.8383 0.1736
vn -0.8512 -0.5248 -0.0000
vn 0.4931 -0.7999 -0.3420
vn 0.8512 0.5248 0.0001
vn 0.8512 0.5248 0.0000
vn -0.4931 0.7999 0.3420
vn 0.4545 -0.7372 -0.5000
vn 0.8512 0.5249 0.0001
vn -0.4545 0.7372 0.5000
vn -0.8512 -0.5248 0.0000
vn 0.4020 -0.6521 -0.6428
vn -0.4020 0.6521 0.6428
vn 0.3373 -0.5471 -0.7661
vn 0.3373 -0.5472 -0.7660
vn 0.8513 0.5247 -0.0001
vn -0.3373 0.5472 0.7660
vn -0.3373 0.5472 0.7661
vn -0.8513 -0.5248 0.0000
vn 0.2624 -0.4256 -0.8660
vn -0.2624 0.4256 0.8660
vn -0.8513 -0.5248 0.0001
vn 0.1795 -0.2912 -0.9397
vn 0.1795 -0.2911 -0.9397
vn 0.8513 0.5248 -0.0000
vn -0.1795 0.2911 0.9397
vn 0.0911 -0.1478 -0.9848
vn 0.8512 0.5248 -0.0001
vn -0.0911 0.1478 0.9848
vn -0.0000 0.0000 -1.0000
vn 0.0000 -0.0000 -1.0000
vn -0.0000 0.0000 1.0000
vn 0.0000 -0.0000 1.0000
vn -0.0911 0.1478 -0.9848
vn 0.0911 -0.1478 0.9848
vn -0.8512 -0.5248 -0.0001
vn -0.8513 -0.5248 -0.0001
vn -0.1795 0.2912 -0.9397
vn -0.1795 0.2911 -0.9397
vn 0.1795 -0.2911 0.9397
vn -0.8513 -0.5247 -0.0001
vn -0.2624 0.4256 -0.8660
vn 0.2624 -0.4256 0.8660
vn -0.3373 0.5472 -0.7661
vn -0.3373 0.5472 -0.7660
vn 0.8513 0.5248 0.0000
vn 0.3373 -0.5472 0.7661
vn 0.3373 -0.5472 0.7660
vn -0.4020 0.6521 -0.6428
vn 0.4020 -0.6521 0.6428
vn -0.4545 0.7372 -0.5000
vn 0.4545 -0.7372 0.5000
vn -0.8513 -0.5247 -0.0000
vn -0.4931 0.7999 -0.3420
vn 0.8513 0.5247 0.0000
vn 0.4931 -0.7999 0.3420
vn -0.5168 0.8383 -0.1736
vn 0.5168 -0.8383 0.1737
vn 0.5168 -0.8383 0.1736
vn -0.5248 0.8512 0.0000
vn -0.8513 -0.5247 0.0001
vn 0.5168 -0.8383 -0.1736
vn -0.4931 0.7999 0.3421
vn 0.3373 -0.5472 -0.7661
vn -0.8512 -0.5248 0.0001
vn -0.1795 0.2912 0.9397
vn -0.8513 -0.5248 -0.0000
vn 0.1795 -0.2912 0.9397
vn 0.8513 0.5247 0.0001
vn 0.3373 -0.5471 0.7661
vn 0.8512 0.5249 -0.0001
vn -0.5168 0.8383 -0.1737
# 79 vertex normals

vt 0.0000 0.5000 0.0000
vt 0.0248 0.5000 0.0000
vt 0.0320 0.5825 0.0000
vt 0.0076 0.5868 0.0000
vt 0.0000 0.0000 0.0000
vt 0.0278 0.0000 0.0000
vt 0.0278 1.0000 0.0000
vt 0.0000 1.0000 0.0000
vt 1.0000 0.5000 0.0000
vt 0.9924 0.5868 0.0000
vt 0.9680 0.5825 0.0000
vt 0.9752 0.5000 0.0000
vt 0.0535 0.6625 0.0000
vt 0.0302 0.6710 0.0000
vt 0.0556 0.0000 0.0000
vt 0.0556 1.0000 0.0000
vt 0.9698 0.6710 0.0000
vt 0.9465 0.6625 0.0000
vt 0.0885 0.7376 0.0000
vt 0.0670 0.7500 0.0000
vt 0.0833 0.0000 0.0000
vt 0.0833 1.0000 0.0000
vt 0.9330 0.7500 0.0000
vt 0.9115 0.7376 0.0000
vt 0.1360 0.8054 0.0000
vt 0.1170 0.8214 0.0000
vt 0.1111 0.0000 0.0000
vt 0.1111 1.0000 0.0000
vt 0.8830 0.8214 0.0000
vt 0.8640 0.8054 0.0000
vt 0.1946 0.8640 0.0000
vt 0.1786 0.8830 0.0000
vt 0.1389 0.0000 0.0000
vt 0.1389 1.0000 0.0000
vt 0.8214 0.8830 0.0000
vt 0.8054 0.8640 0.0000
vt 0.2624 0.9115 0.0000
vt 0.2500 0.9330 0.0000
vt 0.1667 0.0000 0.0000
vt 0.1667 1.0000 0.0000
vt 0.7500 0.9330 0.0000
vt 0.7376 0.9115 0.0000
vt 0.3375 0.9465 0.0000
vt 0.3290 0.9698 0.0000
vt 0.1944 0.0000 0.0000
vt 0.1944 1.0000 0.0000
vt 0.6710 0.9698 0.0000
vt 0.6625 0.9465 0.0000
vt 0.4175 0.9680 0.0000
vt 0.4132 0.9924 0.0000
vt 0.2222 0.0000 0.0000
vt 0.2222 1.0000 0.0000
vt 0.5868 0.9924 0.0000
vt 0.5825 0.9680 0.0000
vt 0.5000 0.9752 0.0000
vt 0.5000 1.0000 0.0000
vt 0.2500 0.0000 0.0000
vt 0.2500 1.0000 0.0000
vt 0.2778 0.0000 0.0000
vt 0.2778 1.0000 0.0000
vt 0.3056 0.0000 0.0000
vt 0.3056 1.0000 0.0000
vt 0.3333 0.0000 0.0000
vt 0.3333 1.0000 0.0000
vt 0.3611 0.0000 0.0000
vt 0.3611 1.0000 0.0000
vt 0.3889 0.0000 0.0000
vt 0.3889 1.0000 0.0000
vt 0.4167 0.0000 0.0000
vt 0.4167 1.0000 0.0000
vt 0.4444 0.0000 0.0000
vt 0.4444 1.0000 0.0000
vt 0.4722 0.0000 0.0000
vt 0.4722 1.0000 0.0000
vt 0.5000 0.0000 0.0000
vt 0.9680 0.4175 0.0000
vt 0.9924 0.4132 0.0000
vt 0.5278 0.0000 0.0000
vt 0.5278 1.0000 0.0000
vt 0.0076 0.4132 0.0000
vt 0.0320 0.4175 0.0000
vt 0.9465 0.3375 0.0000
vt 0.9698 0.3290 0.0000
vt 0.5556 0.0000 0.0000
vt 0.5556 1.0000 0.0000
vt 0.0302 0.3290 0.0000
vt 0.0535 0.3375 0.0000
vt 0.9115 0.2624 0.0000
vt 0.9330 0.2500 0.0000
vt 0.5833 0.0000 0.0000
vt 0.5833 1.0000 0.0000
vt 0.0670 0.2500 0.0000
vt 0.0885 0.2624 0.0000
vt 0.8640 0.1946 0.0000
vt 0.8830 0.1786 0.0000
vt 0.6111 0.0000 0.0000
vt 0.6111 1.0000 0.0000
vt 0.1170 0.1786 0.0000
vt 0.1360 0.1946 0.0000
vt 0.8054 0.1360 0.0000
vt 0.8214 0.1170 0.0000
vt 0.6389 0.0000 0.0000
vt 0.6389 1.0000 0.0000
vt 0.1786 0.1170 0.0000
vt 0.1946 0.1360 0.0000
vt 0.7376 0.0885 0.0000
vt 0.7500 0.0670 0.0000
vt 0.6667 0.0000 0.0000
vt 0.6667 1.0000 0.0000
vt 0.2500 0.0670 0.0000
vt 0.2624 0.0885 0.0000
vt 0.6625 0.0535 0.0000
vt 0.6710 0.0302 0.0000
vt 0.6944 0.0000 0.0000
vt 0.6944 1.0000 0.0000
vt 0.3290 0.0302 0.0000
vt 0.3375 0.0535 0.0000
vt 0.5825 0.0320 0.0000
vt 0.5868 0.0076 0.0000
vt 0.7222 0.0000 0.0000
vt 0.7222 1.0000 0.0000
vt 0.4132 0.0076 0.0000
vt 0.4175 0.0320 0.0000
vt 0.5000 0.0248 0.0000
vt 0.7500 0.0000 0.0000
vt 0.7500 1.0000 0.0000
vt 0.7778 0.0000 0.0000
vt 0.7778 1.0000 0.0000
vt 0.8056 0.0000 0.0000
vt 0.8056 1.0000 0.0000
vt 0.8333 0.0000 0.0000
vt 0.8333 1.0000 0.0000
vt 0.8611 0.0000 0.0000
vt 0.8611 1.0000 0.0000
vt 0.8889 0.0000 0.0000
vt 0.8889 1.0000 0.0000
vt 0.9167 0.0000 0.0000
vt 0.9167 1.0000 0.0000
vt 0.9444 0.0000 0.0000
vt 0.9444 1.0000 0.0000
vt 0.9722 0.0000 0.0000
vt 0.9722 1.0000 0.0000
vt 1.0000 0.0000 0.0000
vt 1.0000 1.0000 0.0000
# 144 texture coords

o Tube_8
g Tube_8
usemtl Material__25
s 1
f 4559/3311/3215 4560/3312/3215 4561/3313/3216 4562/3314/3216 
f 4559/3315/3217 4562/3316/3218 4563/3317/3218 4564/3318/3217 
f 4564/3319/3219 4563/3320/3220 4565/3321/3220 4566/3322/3219 
f 4566/3315/3221 4565/3316/3222 4561/3317/3223 4560/3318/3221 
f 4562/3314/3216 4561/3313/3216 4567/3323/3224 4568/3324/3224 
f 4563/3317/3218 4562/3316/3218 4568/3325/3225 4569/3326/3225 
f 4563/3320/3220 4569/3327/3226 4570/3328/3227 4565/3321/3220 
f 4565/3316/3222 4570/3325/3228 4567/3326/3228 4561/3317/3223 
f 4567/3323/3224 4571/3329/3224 4572/3330/3224 4568/3324/3224 
f 4568/3325/3225 4572/3331/3229 4573/3332/3229 4569/3326/3225 
f 4569/3327/3226 4573/3333/3230 4574/3334/3230 4570/3328/3227 
f 4570/3325/3228 4574/3331/3231 4571/3332/3231 4567/3326/3228 
f 4572/3330/3224 4571/3329/3224 4575/3335/3232 4576/3336/3232 
f 4572/3331/3229 4576/3337/3233 4577/3338/3233 4573/3332/3229 
f 4574/3334/3230 4573/3333/3230 4577/3339/3219 4578/3340/3227 
f 4571/3332/3231 4574/3331/3231 4578/3337/3234 4575/3338/3234 
f 4576/3336/3232 4575/3335/3232 4579/3341/3232 4580/3342/3232 
f 4577/3338/3233 4576/3337/3233 4580/3343/3235 4581/3344/3236 
f 4578/3340/3227 4577/3339/3219 4581/3345/3237 4582/3346/3237 
f 4575/3338/3234 4578/3337/3234 4582/3343/3238 4579/3344/3239 
f 4579/3341/3232 4583/3347/3240 4584/3348/3232 4580/3342/3232 
f 4581/3344/3236 4580/3343/3235 4584/3349/3241 4585/3350/3241 
f 4581/3345/3237 4585/3351/3237 4586/3352/3237 4582/3346/3237 
f 4586/3349/3242 4583/3350/3242 4579/3344/3239 4582/3343/3238 
f 4587/3353/3243 4588/3354/3243 4584/3348/3232 4583/3347/3240 
f 4588/3355/3244 4589/3356/3245 4585/3350/3241 4584/3349/3241 
f 4586/3352/3237 4585/3351/3237 4589/3357/3246 4590/3358/3246 
f 4586/3349/3242 4590/3355/3247 4587/3356/3247 4583/3350/3242 
f 4588/3354/3243 4587/3353/3243 4591/3359/3232 4592/3360/3240 
f 4588/3355/3244 4592/3361/3248 4593/3362/3248 4589/3356/3245 
f 4589/3357/3246 4593/3363/3249 4594/3364/3249 4590/3358/3246 
f 4587/3356/3247 4590/3355/3247 4594/3361/3250 4591/3362/3250 
f 4592/3360/3240 4591/3359/3232 4595/3365/3224 4596/3366/3224 
f 4592/3361/3248 4596/3367/3251 4597/3368/3252 4593/3362/3248 
f 4593/3363/3249 4597/3366/3219 4598/3365/3219 4594/3364/3249 
f 4591/3362/3250 4594/3361/3250 4598/3367/3253 4595/3368/3254 
f 4595/3365/3224 4599/3364/3224 4600/3363/3224 4596/3366/3224 
f 4596/3367/3251 4600/3369/3255 4601/3370/3255 4597/3368/3252 
f 4597/3366/3219 4601/3360/3249 4602/3359/3249 4598/3365/3219 
f 4598/3367/3253 4602/3369/3256 4599/3370/3256 4595/3368/3254 
f 4599/3364/3224 4603/3358/3257 4604/3357/3258 4600/3363/3224 
f 4601/3370/3255 4600/3369/3255 4604/3371/3259 4605/3372/3260 
f 4602/3359/3249 4601/3360/3249 4605/3354/3219 4606/3353/3219 
f 4602/3369/3256 4606/3371/3261 4603/3372/3261 4599/3370/3256 
f 4603/3358/3257 4607/3352/3262 4608/3351/3258 4604/3357/3258 
f 4604/3371/3259 4608/3373/3263 4609/3374/3263 4605/3372/3260 
f 4605/3354/3219 4609/3348/3219 4610/3347/3219 4606/3353/3219 
f 4603/3372/3261 4606/3371/3261 4610/3373/3264 4607/3374/3264 
f 4607/3352/3262 4611/3346/3224 4612/3345/3224 4608/3351/3258 
f 4612/3375/3265 4613/3376/3266 4609/3374/3263 4608/3373/3263 
f 4613/3342/3267 4614/3341/3267 4610/3347/3219 4609/3348/3219 
f 4614/3375/3268 4611/3376/3269 4607/3374/3264 4610/3373/3264 
f 4612/3345/3224 4611/3346/3224 4615/3340/3224 4616/3339/3224 
f 4612/3375/3265 4616/3377/3270 4617/3378/3270 4613/3376/3266 
f 4613/3342/3267 4617/3336/3227 4618/3335/3227 4614/3341/3267 
f 4611/3376/3269 4614/3375/3268 4618/3377/3271 4615/3378/3271 
f 4616/3339/3224 4615/3340/3224 4619/3334/3232 4620/3333/3232 
f 4617/3378/3270 4616/3377/3270 4620/3379/3272 4621/3380/3272 
f 4618/3335/3227 4617/3336/3227 4621/3330/3219 4622/3329/3219 
f 4615/3378/3271 4618/3377/3271 4622/3379/3273 4619/3380/3273 
f 4619/3334/3232 4623/3328/3274 4624/3327/3274 4620/3333/3232 
f 4620/3379/3272 4624/3381/3275 4625/3382/3275 4621/3380/3272 
f 4621/3330/3219 4625/3324/3276 4626/3323/3276 4622/3329/3219 
f 4622/3379/3273 4626/3381/3277 4623/3382/3277 4619/3380/3273 
f 4624/3327/3274 4623/3328/3274 4627/3321/3274 4628/3320/3262 
f 4625/3382/3275 4624/3381/3275 4628/3383/3278 4629/3384/3278 
f 4625/3324/3276 4629/3314/3219 4630/3313/3219 4626/3323/3276 
f 4626/3381/3277 4630/3383/3279 4627/3384/3280 4623/3382/3277 
f 4628/3320/3262 4627/3321/3274 4631/3322/3215 4632/3319/3215 
f 4629/3384/3278 4628/3383/3278 4632/3385/3281 4633/3366/3281 
f 4630/3313/3219 4629/3314/3219 4633/3311/3219 4634/3312/3219 
f 4630/3383/3279 4634/3385/3217 4631/3366/3217 4627/3384/3280 
f 4631/3322/3215 4635/3386/3216 4636/3387/3282 4632/3319/3215 
f 4633/3366/3281 4632/3385/3281 4636/3388/3223 4637/3389/3223 
f 4633/3311/3219 4637/3390/3227 4638/3391/3227 4634/3312/3219 
f 4638/3388/3218 4635/3389/3283 4631/3366/3217 4634/3385/3217 
f 4639/3392/3216 4640/3393/3216 4636/3387/3282 4635/3386/3216 
f 4640/3394/3228 4641/3395/3284 4637/3389/3223 4636/3388/3223 
f 4638/3391/3227 4637/3390/3227 4641/3396/3220 4642/3397/3220 
f 4638/3388/3218 4642/3394/3225 4639/3395/3225 4635/3389/3283 
f 4639/3392/3216 4643/3398/3224 4644/3399/3224 4640/3393/3216 
f 4641/3395/3284 4640/3394/3228 4644/3400/3231 4645/3401/3231 
f 4642/3397/3220 4641/3396/3220 4645/3402/3227 4646/3403/3227 
f 4642/3394/3225 4646/3400/3229 4643/3401/3229 4639/3395/3225 
f 4643/3398/3224 4647/3404/3232 4648/3405/3232 4644/3399/3224 
f 4645/3401/3231 4644/3400/3231 4648/3406/3234 4649/3407/3234 
f 4646/3403/3227 4645/3402/3227 4649/3408/3219 4650/3409/3219 
f 4646/3400/3229 4650/3406/3233 4647/3407/3233 4643/3401/3229 
f 4648/3405/3232 4647/3404/3232 4651/3410/3232 4652/3411/3232 
f 4648/3406/3234 4652/3412/3239 4653/3413/3238 4649/3407/3234 
f 4649/3408/3219 4653/3414/3246 4654/3415/3246 4650/3409/3219 
f 4647/3407/3233 4650/3406/3233 4654/3412/3285 4651/3413/3236 
f 4652/3411/3232 4651/3410/3232 4655/3416/3282 4656/3417/3243 
f 4652/3412/3239 4656/3418/3242 4657/3419/3242 4653/3413/3238 
f 4653/3414/3246 4657/3420/3227 4658/3421/3227 4654/3415/3246 
f 4654/3412/3285 4658/3418/3241 4655/3419/3241 4651/3413/3236 
f 4656/3417/3243 4655/3416/3282 4659/3422/3286 4660/3423/3243 
f 4656/3418/3242 4660/3424/3287 4661/3425/3287 4657/3419/3242 
f 4657/3420/3227 4661/3426/3227 4662/3427/3227 4658/3421/3227 
f 4655/3419/3241 4658/3418/3241 4662/3424/3245 4659/3425/3245 
f 4659/3422/3286 4663/3428/3232 4664/3429/3232 4660/3423/3243 
f 4664/3430/3250 4665/3431/3250 4661/3425/3287 4660/3424/3287 
f 4665/3432/3226 4666/3433/3226 4662/3427/3227 4661/3426/3227 
f 4666/3430/3248 4663/3431/3248 4659/3425/3245 4662/3424/3245 
f 4664/3429/3232 4663/3428/3232 4667/3434/3224 4668/3385/3224 
f 4665/3431/3250 4664/3430/3250 4668/3435/3253 4669/3436/3254 
f 4665/3432/3226 4669/3385/3219 4670/3434/3219 4666/3433/3226 
f 4663/3431/3248 4666/3430/3248 4670/3435/3251 4667/3436/3252 
f 4668/3385/3224 4667/3434/3224 4671/3433/3224 4672/3432/3288 
f 4669/3436/3254 4668/3435/3253 4672/3437/3256 4673/3438/3256 
f 4669/3385/3219 4673/3429/3226 4674/3428/3226 4670/3434/3219 
f 4670/3435/3251 4674/3437/3255 4671/3438/3255 4667/3436/3252 
f 4672/3432/3288 4671/3433/3224 4675/3427/3258 4676/3426/3258 
f 4672/3437/3256 4676/3439/3289 4677/3440/3261 4673/3438/3256 
f 4674/3428/3226 4673/3429/3226 4677/3423/3267 4678/3422/3267 
f 4671/3438/3255 4674/3437/3255 4678/3439/3260 4675/3440/3260 
f 4676/3426/3258 4675/3427/3258 4679/3421/3288 4680/3420/3224 
f 4677/3440/3261 4676/3439/3289 4680/3441/3264 4681/3442/3264 
f 4677/3423/3267 4681/3417/3290 4682/3416/3290 4678/3422/3267 
f 4678/3439/3260 4682/3441/3263 4679/3442/3263 4675/3440/3260 
f 4679/3421/3288 4683/3415/3224 4684/3414/3224 4680/3420/3224 
f 4680/3441/3264 4684/3443/3291 4685/3444/3269 4681/3442/3264 
f 4681/3417/3290 4685/3411/3290 4686/3410/3290 4682/3416/3290 
f 4679/3442/3263 4682/3441/3263 4686/3443/3266 4683/3444/3265 
f 4684/3414/3224 4683/3415/3224 4687/3409/3224 4688/3408/3224 
f 4684/3443/3291 4688/3445/3271 4689/3446/3271 4685/3444/3269 
f 4685/3411/3290 4689/3405/3227 4690/3404/3219 4686/3410/3290 
f 4690/3445/3270 4687/3446/3270 4683/3444/3265 4686/3443/3266 
f 4691/3403/3232 4692/3402/3232 4688/3408/3224 4687/3409/3224 
f 4692/3447/3273 4693/3448/3273 4689/3446/3271 4688/3445/3271 
f 4690/3404/3219 4689/3405/3227 4693/3399/3292 4694/3398/3292 
f 4690/3445/3270 4694/3447/3272 4691/3448/3272 4687/3446/3270 
f 4691/3403/3232 4695/3397/3232 4696/3396/3232 4692/3402/3232 
f 4692/3447/3273 4696/3449/3277 4697/3450/3277 4693/3448/3273 
f 4693/3399/3292 4697/3393/3249 4698/3392/3219 4694/3398/3292 
f 4694/3447/3272 4698/3449/3275 4695/3450/3275 4691/3448/3272 
f 4696/3396/3232 4695/3397/3232 4699/3391/3274 4700/3390/3274 
f 4697/3450/3277 4696/3449/3277 4700/3451/3279 4701/3452/3279 
f 4698/3392/3219 4697/3393/3249 4701/3387/3276 4702/3386/3276 
f 4698/3449/3275 4702/3451/3293 4699/3452/3278 4695/3450/3275 
f 4699/3391/3274 4560/3312/3215 4559/3311/3215 4700/3390/3274 
f 4700/3451/3279 4559/3453/3217 4564/3454/3217 4701/3452/3279 
f 4701/3387/3276 4564/3319/3219 4566/3322/3219 4702/3386/3276 
f 4702/3451/3293 4566/3453/3221 4560/3454/3221 4699/3452/3278 
# 144 polygons

