# 3ds Max Wavefront OBJ Exporter v0.99 - (c)2007 guruware
# File Created: 04.04.2026 21:42:20

mtllib vaso.mtl

#
# object Cylinder_Cylinder_001
#

v  0.6639 3.1894 -1.1445
v  0.7573 3.1894 -1.1079
v  0.7361 2.1111 -1.0639
v  0.6495 2.1111 -1.0979
v  0.5661 3.1894 -1.1669
v  0.5588 2.1111 -1.1186
v  0.8442 3.1894 -1.0577
v  0.9227 3.1894 -0.9952
v  0.8895 2.1111 -0.9594
v  0.8167 2.1111 -1.0174
v  0.9909 3.1894 -0.9216
v  0.9527 2.1111 -0.8912
v  1.0474 3.1894 -0.8387
v  1.0052 2.1111 -0.8143
v  1.0910 3.1894 -0.7483
v  1.0455 2.1111 -0.7305
v  1.1206 3.1894 -0.6524
v  1.0729 2.1111 -0.6415
v  1.1355 3.1894 -0.5532
v  1.0868 2.1111 -0.5495
v  1.1355 3.1894 -0.4529
v  1.0868 2.1111 -0.4565
v  1.1206 3.1894 -0.3536
v  1.0729 2.1111 -0.3645
v  1.0910 3.1894 -0.2578
v  1.0455 2.1111 -0.2756
v  1.0474 3.1894 -0.1674
v  1.0052 2.1111 -0.1918
v  0.9909 3.1894 -0.0845
v  0.9527 2.1111 -0.1149
v  0.9227 3.1894 -0.0109
v  0.8895 2.1111 -0.0467
v  0.8442 3.1894 0.0517
v  0.8167 2.1111 0.0113
v  0.7573 3.1894 0.1018
v  0.7361 2.1111 0.0578
v  0.6639 3.1894 0.1385
v  0.6495 2.1111 0.0918
v  0.5661 3.1894 0.1608
v  0.5588 2.1111 0.1125
v  0.4661 3.1894 0.1683
v  0.4661 2.1111 0.1195
v  0.3660 3.1894 0.1608
v  0.3733 2.1111 0.1125
v  0.2682 3.1894 0.1385
v  0.2826 2.1111 0.0918
v  0.1748 3.1894 0.1018
v  0.1960 2.1111 0.0578
v  0.0879 3.1894 0.0517
v  0.1154 2.1111 0.0113
v  0.0094 3.1894 -0.0109
v  0.0426 2.1111 -0.0467
v  -0.0588 3.1894 -0.0845
v  -0.0206 2.1111 -0.1149
v  -0.1153 3.1894 -0.1674
v  -0.0730 2.1111 -0.1918
v  -0.1589 3.1894 -0.2578
v  -0.1134 2.1111 -0.2756
v  -0.1885 3.1894 -0.3536
v  -0.1408 2.1111 -0.3645
v  -0.2034 3.1894 -0.4529
v  -0.1547 2.1111 -0.4565
v  -0.2034 3.1894 -0.5532
v  -0.1547 2.1111 -0.5495
v  -0.1885 3.1894 -0.6524
v  -0.1408 2.1111 -0.6415
v  -0.1589 3.1894 -0.7483
v  -0.1134 2.1111 -0.7305
v  -0.1153 3.1894 -0.8387
v  -0.0730 2.1111 -0.8143
v  -0.0588 3.1894 -0.9216
v  -0.0206 2.1111 -0.8912
v  0.0094 3.1894 -0.9952
v  0.0426 2.1111 -0.9594
v  0.0879 3.1894 -1.0577
v  0.1154 2.1111 -1.0174
v  0.1748 3.1894 -1.1079
v  0.1960 2.1111 -1.0639
v  0.2682 3.1894 -1.1445
v  0.2826 2.1111 -1.0979
v  0.3660 3.1894 -1.1669
v  0.3733 2.1111 -1.1186
v  0.7249 3.1894 0.0344
v  0.7073 2.4269 -0.0020
v  0.6300 2.4269 0.0283
v  0.6419 3.1894 0.0670
v  0.4661 3.1894 -1.1744
v  0.4661 2.1111 -1.1255
v  0.6419 3.1894 -1.0730
v  0.6300 2.4269 -1.0344
v  0.7073 2.4269 -1.0040
v  0.7249 3.1894 -1.0405
v  0.8021 3.1894 -0.9959
v  0.7793 2.4269 -0.9625
v  0.8443 2.4269 -0.9106
v  0.8718 3.1894 -0.9403
v  0.9008 2.4269 -0.8497
v  0.9324 3.1894 -0.8749
v  0.9826 3.1894 -0.8013
v  0.9476 2.4269 -0.7811
v  0.9837 2.4269 -0.7062
v  1.0213 3.1894 -0.7210
v  1.0082 2.4269 -0.6268
v  1.0476 3.1894 -0.6358
v  1.0206 2.4269 -0.5446
v  1.0609 3.1894 -0.5476
v  1.0206 2.4269 -0.4615
v  1.0609 3.1894 -0.4585
v  0.9324 3.1894 -0.1311
v  0.9008 2.4269 -0.1563
v  0.8443 2.4269 -0.0954
v  0.8718 3.1894 -0.0658
v  0.5550 3.1894 0.0868
v  0.5489 2.4269 0.0468
v  0.4661 2.4269 0.0530
v  0.4661 3.1894 0.0935
v  0.2072 3.1894 0.0344
v  0.2248 2.4269 -0.0020
v  0.1528 2.4269 -0.0436
v  0.1300 3.1894 -0.0102
v  0.2902 3.1894 -1.0730
v  0.3022 2.4269 -1.0344
v  0.3832 2.4269 -1.0529
v  0.3771 3.1894 -1.0929
v  0.7793 2.4269 -0.0436
v  0.8021 3.1894 -0.0102
v  0.8955 3.2242 -0.0402
v  0.8990 3.2242 -0.0365
v  0.9637 3.2242 -0.1062
v  0.9597 3.2242 -0.1094
v  0.9826 3.1894 -0.2048
v  0.9476 2.4269 -0.2250
v  0.3771 3.1894 0.0868
v  0.3832 2.4269 0.0468
v  0.3022 2.4269 0.0283
v  0.2902 3.1894 0.0670
v  0.0603 3.1894 -0.9403
v  0.0878 2.4269 -0.9106
v  0.1528 2.4269 -0.9625
v  0.1300 3.1894 -0.9959
v  0.0878 2.4269 -0.0954
v  0.0603 3.1894 -0.0658
v  0.0313 2.4269 -0.1563
v  -0.0003 3.1894 -0.1311
v  -0.0505 3.1894 -0.2048
v  -0.0155 2.4269 -0.2250
v  -0.0516 2.4269 -0.2999
v  -0.0892 3.1894 -0.2851
v  -0.0761 2.4269 -0.3793
v  -0.1155 3.1894 -0.3703
v  -0.0885 2.4269 -0.4615
v  -0.1288 3.1894 -0.4585
v  -0.0885 2.4269 -0.5446
v  -0.1288 3.1894 -0.5476
v  -0.0761 2.4269 -0.6268
v  -0.1155 3.1894 -0.6358
v  -0.0516 2.4269 -0.7062
v  -0.0892 3.1894 -0.7210
v  -0.0505 3.1894 -0.8013
v  -0.0155 2.4269 -0.7811
v  0.0313 2.4269 -0.8497
v  -0.0003 3.1894 -0.8749
v  0.2248 2.4269 -1.0040
v  0.2072 3.1894 -1.0405
v  1.0213 3.1894 -0.2851
v  0.9837 2.4269 -0.2999
v  1.0082 2.4269 -0.3793
v  1.0476 3.1894 -0.3703
v  0.2078 2.0838 -1.0392
v  0.2906 2.0838 -1.0717
v  0.3774 2.0838 -1.0915
v  0.5547 2.0838 -1.0915
v  0.4661 2.0838 -1.0981
v  0.6415 2.0838 -1.0717
v  0.7243 2.0838 -1.0392
v  0.8708 2.0838 -0.9393
v  0.8013 2.0838 -0.9947
v  0.5378 2.0838 -0.9868
v  0.9313 2.0838 -0.8741
v  0.9814 2.0838 -0.8006
v  1.0462 2.0838 -0.6355
v  1.0200 2.0838 -0.7204
v  1.0595 2.0838 -0.5475
v  1.0595 2.0838 -0.4586
v  1.0200 2.0838 -0.2856
v  1.0462 2.0838 -0.3706
v  0.9457 2.0838 -0.5984
v  0.9814 2.0838 -0.2055
v  0.9313 2.0838 -0.1320
v  0.8013 2.0838 -0.0113
v  0.8708 2.0838 -0.0668
v  0.7243 2.0838 0.0331
v  0.6415 2.0838 0.0656
v  0.6308 2.0838 -0.0425
v  0.6080 2.0838 -0.0350
v  0.6532 2.0838 -0.0512
v  0.6752 2.0838 -0.0609
v  0.6966 2.0838 -0.0717
v  0.7175 2.0838 -0.0835
v  0.7378 2.0838 -0.0964
v  0.7574 2.0838 -0.1102
v  0.7763 2.0838 -0.1250
v  0.7945 2.0838 -0.1406
v  0.8119 2.0838 -0.1572
v  0.8284 2.0838 -0.1746
v  0.8441 2.0838 -0.1928
v  0.8589 2.0838 -0.2117
v  0.8727 2.0838 -0.2313
v  0.8856 2.0838 -0.2516
v  0.8974 2.0838 -0.2725
v  0.9082 2.0838 -0.2939
v  0.9179 2.0838 -0.3159
v  0.9266 2.0838 -0.3383
v  0.9341 2.0838 -0.3611
v  0.9405 2.0838 -0.3842
v  0.9457 2.0838 -0.4076
v  0.9499 2.0838 -0.4313
v  0.9528 2.0838 -0.4551
v  0.9546 2.0838 -0.4790
v  0.9551 2.0838 -0.5030
v  0.9546 2.0838 -0.5270
v  0.9528 2.0838 -0.5510
v  0.9499 2.0838 -0.5748
v  0.9405 2.0838 -0.6219
v  0.9341 2.0838 -0.6450
v  0.9266 2.0838 -0.6678
v  0.9179 2.0838 -0.6902
v  0.9082 2.0838 -0.7121
v  0.8974 2.0838 -0.7336
v  0.8856 2.0838 -0.7545
v  0.8727 2.0838 -0.7748
v  0.8589 2.0838 -0.7944
v  0.8441 2.0838 -0.8133
v  0.8284 2.0838 -0.8315
v  0.8119 2.0838 -0.8489
v  0.7945 2.0838 -0.8654
v  0.7763 2.0838 -0.8811
v  0.7574 2.0838 -0.8959
v  0.7378 2.0838 -0.9097
v  0.7175 2.0838 -0.9225
v  0.6966 2.0838 -0.9344
v  0.6752 2.0838 -0.9452
v  0.6532 2.0838 -0.9549
v  0.6308 2.0838 -0.9635
v  0.6080 2.0838 -0.9711
v  0.5849 2.0838 -0.9775
v  0.5615 2.0838 -0.9827
v  0.5140 2.0838 -0.9898
v  0.4901 2.0838 -0.9915
v  0.4661 2.0838 -0.9921
v  0.4421 2.0838 -0.9915
v  0.4181 2.0838 -0.9898
v  0.3943 2.0838 -0.9868
v  0.3706 2.0838 -0.9827
v  0.3472 2.0838 -0.9775
v  0.3241 2.0838 -0.9711
v  0.3013 2.0838 -0.9635
v  0.2789 2.0838 -0.9549
v  0.2569 2.0838 -0.9452
v  0.2549 2.0838 -0.9441
v  0.5547 2.0838 0.0854
v  0.4661 2.0838 0.0921
v  0.2906 2.0838 0.0656
v  0.3774 2.0838 0.0854
v  0.2078 2.0838 0.0331
v  0.1308 2.0838 -0.0113
v  0.0008 2.0838 -0.1320
v  0.0613 2.0838 -0.0668
v  0.3241 2.0838 -0.0350
v  -0.0493 2.0838 -0.2055
v  -0.0879 2.0838 -0.2856
v  -0.1274 2.0838 -0.4586
v  -0.1141 2.0838 -0.3706
v  -0.1274 2.0838 -0.5475
v  -0.1141 2.0838 -0.6355
v  -0.0493 2.0838 -0.8006
v  -0.0879 2.0838 -0.7204
v  -0.0225 2.0838 -0.4790
v  0.0008 2.0838 -0.8741
v  0.0613 2.0838 -0.9393
v  0.1308 2.0838 -0.9947
v  0.2355 2.0838 -0.9344
v  0.2146 2.0838 -0.9225
v  0.1943 2.0838 -0.9097
v  0.1747 2.0838 -0.8959
v  0.1558 2.0838 -0.8811
v  0.1376 2.0838 -0.8654
v  0.1202 2.0838 -0.8489
v  0.1037 2.0838 -0.8315
v  0.0880 2.0838 -0.8133
v  0.0732 2.0838 -0.7944
v  0.0594 2.0838 -0.7748
v  0.0465 2.0838 -0.7545
v  0.0347 2.0838 -0.7336
v  0.0239 2.0838 -0.7121
v  0.0142 2.0838 -0.6902
v  0.0055 2.0838 -0.6678
v  -0.0020 2.0838 -0.6450
v  -0.0084 2.0838 -0.6219
v  -0.0136 2.0838 -0.5984
v  -0.0177 2.0838 -0.5748
v  -0.0207 2.0838 -0.5510
v  -0.0225 2.0838 -0.5270
v  -0.0230 2.0838 -0.5030
v  -0.0207 2.0838 -0.4551
v  -0.0177 2.0838 -0.4313
v  -0.0136 2.0838 -0.4076
v  -0.0084 2.0838 -0.3842
v  -0.0020 2.0838 -0.3611
v  0.0055 2.0838 -0.3383
v  0.0142 2.0838 -0.3159
v  0.0239 2.0838 -0.2939
v  0.0347 2.0838 -0.2725
v  0.0465 2.0838 -0.2516
v  0.0594 2.0838 -0.2313
v  0.0732 2.0838 -0.2117
v  0.0880 2.0838 -0.1928
v  0.1037 2.0838 -0.1746
v  0.1202 2.0838 -0.1572
v  0.1376 2.0838 -0.1406
v  0.1558 2.0838 -0.1250
v  0.1747 2.0838 -0.1102
v  0.1943 2.0838 -0.0964
v  0.2146 2.0838 -0.0835
v  0.2355 2.0838 -0.0717
v  0.2569 2.0838 -0.0609
v  0.2789 2.0838 -0.0512
v  0.3013 2.0838 -0.0425
v  0.3472 2.0838 -0.0286
v  0.3706 2.0838 -0.0233
v  0.3943 2.0838 -0.0192
v  0.4181 2.0838 -0.0163
v  0.4421 2.0838 -0.0145
v  0.4661 2.0838 -0.0139
v  0.4901 2.0838 -0.0145
v  0.5140 2.0838 -0.0163
v  0.5378 2.0838 -0.0192
v  0.5615 2.0838 -0.0233
v  0.5849 2.0838 -0.0286
v  0.4661 2.4269 -1.0591
v  0.4661 3.1894 -1.0995
v  0.5550 3.1894 -1.0929
v  0.5489 2.4269 -1.0529
v  0.7400 3.2242 -1.0719
v  0.7422 3.2242 -1.0765
v  0.6537 3.2242 -1.1112
v  0.6522 3.2242 -1.1063
v  -0.1495 3.2242 -0.3625
v  -0.1545 3.2242 -0.3614
v  -0.1264 3.2242 -0.2705
v  -0.1217 3.2242 -0.2724
v  0.8217 3.2242 0.0186
v  0.8246 3.2242 0.0229
v  0.8217 3.2242 -1.0247
v  0.8246 3.2242 -1.0289
v  -0.1635 3.2242 -0.4558
v  -0.1686 3.2242 -0.4555
v  0.7400 3.2242 0.0658
v  0.7422 3.2242 0.0704
v  0.8955 3.2242 -0.9658
v  0.8990 3.2242 -0.9696
v  -0.1635 3.2242 -0.5502
v  -0.1686 3.2242 -0.5506
v  0.6522 3.2242 0.1003
v  0.6537 3.2242 0.1052
v  0.9597 3.2242 -0.8967
v  0.9637 3.2242 -0.8999
v  -0.1495 3.2242 -0.6435
v  -0.1545 3.2242 -0.6447
v  0.5602 3.2242 0.1213
v  0.5609 3.2242 0.1263
v  1.0128 3.2242 -0.8187
v  1.0173 3.2242 -0.8213
v  -0.1217 3.2242 -0.7337
v  -0.1264 3.2242 -0.7356
v  0.4661 3.2242 0.1283
v  0.4661 3.2242 0.1335
v  1.0538 3.2242 -0.7337
v  1.0585 3.2242 -0.7356
v  -0.0807 3.2242 -0.8187
v  -0.0852 3.2242 -0.8213
v  0.3720 3.2242 0.1213
v  0.3712 3.2242 0.1263
v  1.0816 3.2242 -0.6435
v  1.0866 3.2242 -0.6447
v  -0.0276 3.2242 -0.8967
v  -0.0316 3.2242 -0.8999
v  0.2800 3.2242 0.1003
v  0.2784 3.2242 0.1052
v  1.0956 3.2242 -0.5502
v  1.1008 3.2242 -0.5506
v  0.0366 3.2242 -0.9658
v  0.0331 3.2242 -0.9696
v  0.1921 3.2242 0.0658
v  0.1899 3.2242 0.0704
v  1.0956 3.2242 -0.4558
v  1.1008 3.2242 -0.4555
v  0.1104 3.2242 -1.0247
v  0.1075 3.2242 -1.0289
v  0.1104 3.2242 0.0186
v  0.1075 3.2242 0.0229
v  1.0816 3.2242 -0.3625
v  1.0866 3.2242 -0.3614
v  0.1921 3.2242 -1.0719
v  0.1899 3.2242 -1.0765
v  0.0366 3.2242 -0.0402
v  0.0331 3.2242 -0.0365
v  1.0538 3.2242 -0.2724
v  1.0585 3.2242 -0.2705
v  0.2800 3.2242 -1.1063
v  0.2784 3.2242 -1.1112
v  -0.0276 3.2242 -0.1094
v  -0.0316 3.2242 -0.1062
v  1.0128 3.2242 -0.1873
v  1.0173 3.2242 -0.1848
v  0.3720 3.2242 -1.1273
v  0.3712 3.2242 -1.1324
v  0.5602 3.2242 -1.1273
v  0.5609 3.2242 -1.1324
v  0.4661 3.2242 -1.1395
v  0.4661 3.2242 -1.1344
v  -0.0807 3.2242 -0.1873
v  -0.0852 3.2242 -0.1848
v  0.4661 3.1984 -1.1732
v  0.5659 3.1984 -1.1657
v  0.4661 3.2068 -1.1697
v  0.5654 3.2068 -1.1622
v  0.4661 3.2140 -1.1642
v  0.5646 3.2140 -1.1568
v  0.4661 3.2195 -1.1569
v  0.5635 3.2195 -1.1496
v  0.4661 3.2230 -1.1485
v  0.5623 3.2230 -1.1413
v  0.6636 3.1984 -1.1434
v  0.6626 3.2068 -1.1401
v  0.6609 3.2140 -1.1348
v  0.6588 3.2195 -1.1279
v  0.6563 3.2230 -1.1199
v  0.7568 3.1984 -1.1068
v  0.7553 3.2068 -1.1037
v  0.7529 3.2140 -1.0987
v  0.7498 3.2195 -1.0922
v  0.7461 3.2230 -1.0846
v  0.8436 3.1984 -1.0567
v  0.8416 3.2068 -1.0539
v  0.8385 3.2140 -1.0493
v  0.8344 3.2195 -1.0433
v  0.8297 3.2230 -1.0364
v  0.9219 3.1984 -0.9943
v  0.9195 3.2068 -0.9917
v  0.9157 3.2140 -0.9877
v  0.9108 3.2195 -0.9824
v  0.9051 3.2230 -0.9762
v  0.9900 3.1984 -0.9209
v  0.9873 3.2068 -0.9187
v  0.9829 3.2140 -0.9152
v  0.9773 3.2195 -0.9107
v  0.9707 3.2230 -0.9055
v  1.0464 3.1984 -0.8381
v  1.0434 3.2068 -0.8364
v  1.0386 3.2140 -0.8336
v  1.0324 3.2195 -0.8300
v  1.0251 3.2230 -0.8258
v  1.0899 3.1984 -0.7479
v  1.0866 3.2068 -0.7466
v  1.0815 3.2140 -0.7446
v  1.0748 3.2195 -0.7419
v  1.0669 3.2230 -0.7389
v  1.1194 3.1984 -0.6522
v  1.1160 3.2068 -0.6514
v  1.1106 3.2140 -0.6501
v  1.1036 3.2195 -0.6485
v  1.0954 3.2230 -0.6467
v  1.1343 3.1984 -0.5531
v  1.1309 3.2068 -0.5528
v  1.1253 3.2140 -0.5524
v  1.1181 3.2195 -0.5519
v  1.1098 3.2230 -0.5513
v  1.1343 3.1984 -0.4529
v  1.1309 3.2068 -0.4532
v  1.1253 3.2140 -0.4536
v  1.1181 3.2195 -0.4542
v  1.1098 3.2230 -0.4548
v  1.1194 3.1984 -0.3539
v  1.1160 3.2068 -0.3547
v  1.1106 3.2140 -0.3559
v  1.1036 3.2195 -0.3575
v  1.0954 3.2230 -0.3594
v  1.0899 3.1984 -0.2582
v  1.0866 3.2068 -0.2595
v  1.0815 3.2140 -0.2615
v  1.0748 3.2195 -0.2641
v  1.0669 3.2230 -0.2672
v  1.0464 3.1984 -0.1680
v  1.0434 3.2068 -0.1697
v  1.0386 3.2140 -0.1725
v  1.0324 3.2195 -0.1761
v  1.0251 3.2230 -0.1803
v  0.9900 3.1984 -0.0852
v  0.9873 3.2068 -0.0874
v  0.9829 3.2140 -0.0908
v  0.9773 3.2195 -0.0953
v  0.9707 3.2230 -0.1006
v  0.9219 3.1984 -0.0118
v  0.9195 3.2068 -0.0143
v  0.9157 3.2140 -0.0184
v  0.9108 3.2195 -0.0237
v  0.9051 3.2230 -0.0298
v  0.8436 3.1984 0.0507
v  0.8416 3.2068 0.0478
v  0.8385 3.2140 0.0432
v  0.8344 3.2195 0.0373
v  0.8297 3.2230 0.0303
v  0.7568 3.1984 0.1008
v  0.7553 3.2068 0.0976
v  0.7529 3.2140 0.0926
v  0.7498 3.2195 0.0861
v  0.7461 3.2230 0.0785
v  0.6636 3.1984 0.1373
v  0.6626 3.2068 0.1340
v  0.6609 3.2140 0.1287
v  0.6588 3.2195 0.1218
v  0.6563 3.2230 0.1138
v  0.5659 3.1984 0.1596
v  0.5654 3.2068 0.1562
v  0.5646 3.2140 0.1507
v  0.5635 3.2195 0.1436
v  0.5623 3.2230 0.1353
v  0.4661 3.1984 0.1671
v  0.4661 3.2068 0.1636
v  0.4661 3.2140 0.1581
v  0.4661 3.2195 0.1509
v  0.4661 3.2230 0.1425
v  0.3662 3.1984 0.1596
v  0.3667 3.2068 0.1562
v  0.3675 3.2140 0.1507
v  0.3686 3.2195 0.1436
v  0.3698 3.2230 0.1353
v  0.2685 3.1984 0.1373
v  0.2695 3.2068 0.1340
v  0.2712 3.2140 0.1287
v  0.2733 3.2195 0.1218
v  0.2758 3.2230 0.1138
v  0.1753 3.1984 0.1008
v  0.1768 3.2068 0.0976
v  0.1792 3.2140 0.0926
v  0.1823 3.2195 0.0861
v  0.1860 3.2230 0.0785
v  0.0885 3.1984 0.0507
v  0.0905 3.2068 0.0478
v  0.0936 3.2140 0.0432
v  0.0977 3.2195 0.0373
v  0.1024 3.2230 0.0303
v  0.0102 3.1984 -0.0118
v  0.0126 3.2068 -0.0143
v  0.0164 3.2140 -0.0184
v  0.0213 3.2195 -0.0237
v  0.0270 3.2230 -0.0298
v  -0.0579 3.1984 -0.0852
v  -0.0552 3.2068 -0.0874
v  -0.0508 3.2140 -0.0908
v  -0.0452 3.2195 -0.0953
v  -0.0386 3.2230 -0.1006
v  -0.1143 3.1984 -0.1680
v  -0.1113 3.2068 -0.1697
v  -0.1065 3.2140 -0.1725
v  -0.1002 3.2195 -0.1761
v  -0.0930 3.2230 -0.1803
v  -0.1578 3.1984 -0.2582
v  -0.1545 3.2068 -0.2595
v  -0.1494 3.2140 -0.2615
v  -0.1427 3.2195 -0.2641
v  -0.1348 3.2230 -0.2672
v  -0.1873 3.1984 -0.3539
v  -0.1839 3.2068 -0.3547
v  -0.1785 3.2140 -0.3559
v  -0.1715 3.2195 -0.3575
v  -0.1633 3.2230 -0.3594
v  -0.2022 3.1984 -0.4529
v  -0.1987 3.2068 -0.4532
v  -0.1932 3.2140 -0.4536
v  -0.1860 3.2195 -0.4542
v  -0.1776 3.2230 -0.4548
v  -0.2022 3.1984 -0.5531
v  -0.1987 3.2068 -0.5528
v  -0.1932 3.2140 -0.5524
v  -0.1860 3.2195 -0.5519
v  -0.1776 3.2230 -0.5513
v  -0.1873 3.1984 -0.6522
v  -0.1839 3.2068 -0.6514
v  -0.1785 3.2140 -0.6501
v  -0.1715 3.2195 -0.6485
v  -0.1633 3.2230 -0.6467
v  -0.1578 3.1984 -0.7479
v  -0.1545 3.2068 -0.7466
v  -0.1494 3.2140 -0.7446
v  -0.1427 3.2195 -0.7419
v  -0.1348 3.2230 -0.7389
v  -0.1143 3.1984 -0.8381
v  -0.1113 3.2068 -0.8364
v  -0.1065 3.2140 -0.8336
v  -0.1002 3.2195 -0.8300
v  -0.0930 3.2230 -0.8258
v  -0.0579 3.1984 -0.9209
v  -0.0552 3.2068 -0.9187
v  -0.0508 3.2140 -0.9152
v  -0.0452 3.2195 -0.9107
v  -0.0386 3.2230 -0.9055
v  0.0102 3.1984 -0.9943
v  0.0126 3.2068 -0.9917
v  0.0164 3.2140 -0.9877
v  0.0213 3.2195 -0.9824
v  0.0270 3.2230 -0.9762
v  0.0885 3.1984 -1.0567
v  0.0905 3.2068 -1.0539
v  0.0936 3.2140 -1.0493
v  0.0977 3.2195 -1.0433
v  0.1024 3.2230 -1.0364
v  0.1753 3.1984 -1.1068
v  0.1768 3.2068 -1.1037
v  0.1792 3.2140 -1.0987
v  0.1823 3.2195 -1.0922
v  0.1860 3.2230 -1.0846
v  0.2685 3.1984 -1.1434
v  0.2695 3.2068 -1.1401
v  0.2712 3.2140 -1.1348
v  0.2733 3.2195 -1.1279
v  0.2758 3.2230 -1.1199
v  0.3662 3.1984 -1.1657
v  0.3667 3.2068 -1.1622
v  0.3675 3.2140 -1.1568
v  0.3686 3.2195 -1.1496
v  0.3698 3.2230 -1.1413
v  0.4661 3.2230 -1.1254
v  0.5588 3.2230 -1.1184
v  0.4661 3.2195 -1.1170
v  0.5576 3.2195 -1.1101
v  0.4661 3.2140 -1.1097
v  0.5565 3.2140 -1.1030
v  0.4661 3.2068 -1.1042
v  0.5557 3.2068 -1.0975
v  0.4661 3.1984 -1.1007
v  0.5551 3.1984 -1.0940
v  0.6495 3.2230 -1.0977
v  0.6470 3.2195 -1.0897
v  0.6449 3.2140 -1.0828
v  0.6433 3.2068 -1.0775
v  0.6422 3.1984 -1.0742
v  0.7361 3.2230 -1.0637
v  0.7324 3.2195 -1.0562
v  0.7293 3.2140 -1.0497
v  0.7269 3.2068 -1.0447
v  0.7254 3.1984 -1.0415
v  0.8166 3.2230 -1.0172
v  0.8119 3.2195 -1.0103
v  0.8078 3.2140 -1.0043
v  0.8047 3.2068 -0.9997
v  0.8027 3.1984 -0.9969
v  0.8894 3.2230 -0.9592
v  0.8836 3.2195 -0.9531
v  0.8787 3.2140 -0.9478
v  0.8750 3.2068 -0.9437
v  0.8726 3.1984 -0.9412
v  0.9526 3.2230 -0.8911
v  0.9460 3.2195 -0.8858
v  0.9404 3.2140 -0.8813
v  0.9361 3.2068 -0.8779
v  0.9334 3.1984 -0.8757
v  1.0050 3.2230 -0.8142
v  0.9977 3.2195 -0.8100
v  0.9915 3.2140 -0.8064
v  0.9867 3.2068 -0.8036
v  0.9837 3.1984 -0.8019
v  1.0454 3.2230 -0.7304
v  1.0375 3.2195 -0.7273
v  1.0308 3.2140 -0.7247
v  1.0257 3.2068 -0.7227
v  1.0224 3.1984 -0.7214
v  1.0728 3.2230 -0.6415
v  1.0646 3.2195 -0.6396
v  1.0576 3.2140 -0.6380
v  1.0522 3.2068 -0.6368
v  1.0488 3.1984 -0.6360
v  1.0867 3.2230 -0.5495
v  1.0783 3.2195 -0.5489
v  1.0711 3.2140 -0.5484
v  1.0655 3.2068 -0.5480
v  1.0621 3.1984 -0.5477
v  1.0867 3.2230 -0.4565
v  1.0783 3.2195 -0.4571
v  1.0711 3.2140 -0.4577
v  1.0655 3.2068 -0.4581
v  1.0621 3.1984 -0.4584
v  1.0728 3.2230 -0.3645
v  1.0646 3.2195 -0.3664
v  1.0576 3.2140 -0.3680
v  1.0522 3.2068 -0.3693
v  1.0488 3.1984 -0.3700
v  1.0454 3.2230 -0.2757
v  1.0375 3.2195 -0.2787
v  1.0308 3.2140 -0.2814
v  1.0257 3.2068 -0.2834
v  1.0224 3.1984 -0.2847
v  1.0050 3.2230 -0.1919
v  0.9977 3.2195 -0.1961
v  0.9915 3.2140 -0.1997
v  0.9867 3.2068 -0.2024
v  0.9837 3.1984 -0.2042
v  0.9526 3.2230 -0.1150
v  0.9460 3.2195 -0.1202
v  0.9404 3.2140 -0.1247
v  0.9361 3.2068 -0.1282
v  0.9334 3.1984 -0.1304
v  0.8894 3.2230 -0.0468
v  0.8836 3.2195 -0.0530
v  0.8787 3.2140 -0.0583
v  0.8750 3.2068 -0.0623
v  0.8726 3.1984 -0.0649
v  0.8166 3.2230 0.0112
v  0.8119 3.2195 0.0042
v  0.8078 3.2140 -0.0017
v  0.8047 3.2068 -0.0063
v  0.8027 3.1984 -0.0092
v  0.7361 3.2230 0.0577
v  0.7324 3.2195 0.0501
v  0.7293 3.2140 0.0436
v  0.7269 3.2068 0.0386
v  0.7254 3.1984 0.0355
v  0.6495 3.2230 0.0917
v  0.6470 3.2195 0.0836
v  0.6449 3.2140 0.0767
v  0.6433 3.2068 0.0714
v  0.6422 3.1984 0.0681
v  0.5588 3.2230 0.1124
v  0.5576 3.2195 0.1040
v  0.5565 3.2140 0.0969
v  0.5557 3.2068 0.0914
v  0.5551 3.1984 0.0880
v  0.4661 3.2230 0.1193
v  0.4661 3.2195 0.1109
v  0.4661 3.2140 0.1037
v  0.4661 3.2068 0.0981
v  0.4661 3.1984 0.0947
v  0.3733 3.2230 0.1124
v  0.3746 3.2195 0.1040
v  0.3756 3.2140 0.0969
v  0.3765 3.2068 0.0914
v  0.3770 3.1984 0.0880
v  0.2826 3.2230 0.0917
v  0.2851 3.2195 0.0836
v  0.2872 3.2140 0.0767
v  0.2889 3.2068 0.0714
v  0.2899 3.1984 0.0681
v  0.1960 3.2230 0.0577
v  0.1997 3.2195 0.0501
v  0.2028 3.2140 0.0436
v  0.2052 3.2068 0.0386
v  0.2067 3.1984 0.0355
v  0.1155 3.2230 0.0112
v  0.1202 3.2195 0.0042
v  0.1243 3.2140 -0.0017
v  0.1274 3.2068 -0.0063
v  0.1294 3.1984 -0.0092
v  0.0428 3.2230 -0.0468
v  0.0485 3.2195 -0.0530
v  0.0534 3.2140 -0.0583
v  0.0571 3.2068 -0.0623
v  0.0595 3.1984 -0.0649
v  -0.0205 3.2230 -0.1150
v  -0.0139 3.2195 -0.1202
v  -0.0083 3.2140 -0.1247
v  -0.0040 3.2068 -0.1282
v  -0.0012 3.1984 -0.1304
v  -0.0729 3.2230 -0.1919
v  -0.0656 3.2195 -0.1961
v  -0.0594 3.2140 -0.1997
v  -0.0546 3.2068 -0.2024
v  -0.0516 3.1984 -0.2042
v  -0.1133 3.2230 -0.2757
v  -0.1054 3.2195 -0.2787
v  -0.0987 3.2140 -0.2814
v  -0.0936 3.2068 -0.2834
v  -0.0903 3.1984 -0.2847
v  -0.1407 3.2230 -0.3645
v  -0.1325 3.2195 -0.3664
v  -0.1255 3.2140 -0.3680
v  -0.1201 3.2068 -0.3693
v  -0.1167 3.1984 -0.3700
v  -0.1545 3.2230 -0.4565
v  -0.1462 3.2195 -0.4571
v  -0.1390 3.2140 -0.4577
v  -0.1334 3.2068 -0.4581
v  -0.1300 3.1984 -0.4584
v  -0.1545 3.2230 -0.5495
v  -0.1462 3.2195 -0.5489
v  -0.1390 3.2140 -0.5484
v  -0.1334 3.2068 -0.5480
v  -0.1300 3.1984 -0.5477
v  -0.1407 3.2230 -0.6415
v  -0.1325 3.2195 -0.6396
v  -0.1255 3.2140 -0.6380
v  -0.1201 3.2068 -0.6368
v  -0.1167 3.1984 -0.6360
v  -0.1133 3.2230 -0.7304
v  -0.1054 3.2195 -0.7273
v  -0.0987 3.2140 -0.7247
v  -0.0936 3.2068 -0.7227
v  -0.0903 3.1984 -0.7214
v  -0.0729 3.2230 -0.8142
v  -0.0656 3.2195 -0.8100
v  -0.0594 3.2140 -0.8064
v  -0.0546 3.2068 -0.8036
v  -0.0516 3.1984 -0.8019
v  -0.0205 3.2230 -0.8911
v  -0.0139 3.2195 -0.8858
v  -0.0083 3.2140 -0.8813
v  -0.0040 3.2068 -0.8779
v  -0.0012 3.1984 -0.8757
v  0.0428 3.2230 -0.9592
v  0.0485 3.2195 -0.9531
v  0.0534 3.2140 -0.9478
v  0.0571 3.2068 -0.9437
v  0.0595 3.1984 -0.9412
v  0.1155 3.2230 -1.0172
v  0.1202 3.2195 -1.0103
v  0.1243 3.2140 -1.0043
v  0.1274 3.2068 -0.9997
v  0.1294 3.1984 -0.9969
v  0.1960 3.2230 -1.0637
v  0.1997 3.2195 -1.0562
v  0.2028 3.2140 -1.0497
v  0.2052 3.2068 -1.0447
v  0.2067 3.1984 -1.0415
v  0.2826 3.2230 -1.0977
v  0.2851 3.2195 -1.0897
v  0.2872 3.2140 -1.0828
v  0.2889 3.2068 -1.0775
v  0.2899 3.1984 -1.0742
v  0.3733 3.2230 -1.1184
v  0.3746 3.2195 -1.1101
v  0.3756 3.2140 -1.1030
v  0.3765 3.2068 -1.0975
v  0.3770 3.1984 -1.0940
v  -0.0189 2.3714 -0.6137
v  -0.0300 2.3714 -0.5402
v  -0.0300 2.3714 -0.4659
v  0.0353 2.3714 -0.7517
v  -0.0189 2.3714 -0.3923
v  0.0030 2.3714 -0.3213
v  0.0772 2.3714 -0.1929
v  0.0353 2.3714 -0.2543
v  0.1277 2.3714 -0.1384
v  0.1858 2.3714 -0.0920
v  0.3194 2.3714 -0.0277
v  0.2502 2.3714 -0.0549
v  0.8549 2.3714 -0.1929
v  0.3919 2.3714 -0.0112
v  0.4661 2.3714 -0.0056
v  0.6127 2.3714 -0.0277
v  0.5402 2.3714 -0.0112
v  0.6819 2.3714 -0.0549
v  0.7463 2.3714 -0.0920
v  0.8044 2.3714 -0.1384
v  0.8968 2.3714 -0.2543
v  0.9291 2.3714 -0.3213
v  0.9621 2.3714 -0.4659
v  0.9510 2.3714 -0.3923
v  0.9621 2.3714 -0.5402
v  0.9510 2.3714 -0.6137
v  0.8968 2.3714 -0.7517
v  0.9291 2.3714 -0.6848
v  0.3919 2.3714 -0.9949
v  0.8549 2.3714 -0.8132
v  0.8044 2.3714 -0.8677
v  0.6819 2.3714 -0.9512
v  0.7463 2.3714 -0.9140
v  0.6127 2.3714 -0.9783
v  0.5402 2.3714 -0.9949
v  0.4661 2.3714 -1.0004
v  0.1277 2.3714 -0.8677
v  0.3194 2.3714 -0.9783
v  0.2502 2.3714 -0.9512
v  0.1858 2.3714 -0.9140
v  0.0772 2.3714 -0.8132
v  0.0030 2.3714 -0.6848
v  0.5586 2.1027 -1.1173
v  0.4661 2.1027 -1.1242
v  0.5581 2.0951 -1.1134
v  0.4661 2.0951 -1.1203
v  0.5571 2.0890 -1.1074
v  0.4661 2.0890 -1.1142
v  0.5560 2.0851 -1.0999
v  0.4661 2.0851 -1.1066
v  0.6491 2.1027 -1.0966
v  0.6480 2.0951 -1.0929
v  0.6462 2.0890 -1.0871
v  0.6440 2.0851 -1.0798
v  0.7356 2.1027 -1.0627
v  0.7339 2.0951 -1.0592
v  0.7312 2.0890 -1.0537
v  0.7279 2.0851 -1.0468
v  0.8160 2.1027 -1.0163
v  0.8138 2.0951 -1.0130
v  0.8104 2.0890 -1.0080
v  0.8061 2.0851 -1.0017
v  0.8885 2.1027 -0.9584
v  0.8859 2.0951 -0.9555
v  0.8818 2.0890 -0.9511
v  0.8766 2.0851 -0.9455
v  0.9517 2.1027 -0.8903
v  0.9487 2.0951 -0.8879
v  0.9439 2.0890 -0.8841
v  0.9379 2.0851 -0.8793
v  1.0040 2.1027 -0.8136
v  1.0006 2.0951 -0.8117
v  0.9954 2.0890 -0.8086
v  0.9888 2.0851 -0.8048
v  1.0443 2.1027 -0.7300
v  1.0407 2.0951 -0.7285
v  1.0350 2.0890 -0.7263
v  1.0279 2.0851 -0.7235
v  1.0716 2.1027 -0.6413
v  1.0678 2.0951 -0.6404
v  1.0619 2.0890 -0.6390
v  1.0545 2.0851 -0.6373
v  1.0855 2.1027 -0.5494
v  1.0816 2.0951 -0.5492
v  1.0756 2.0890 -0.5487
v  1.0679 2.0851 -0.5481
v  1.0855 2.1027 -0.4566
v  1.0816 2.0951 -0.4569
v  1.0756 2.0890 -0.4574
v  1.0679 2.0851 -0.4579
v  1.0716 2.1027 -0.3648
v  1.0678 2.0951 -0.3657
v  1.0619 2.0890 -0.3670
v  1.0545 2.0851 -0.3687
v  1.0443 2.1027 -0.2761
v  1.0407 2.0951 -0.2775
v  1.0350 2.0890 -0.2797
v  1.0279 2.0851 -0.2825
v  1.0040 2.1027 -0.1924
v  1.0006 2.0951 -0.1944
v  0.9954 2.0890 -0.1974
v  0.9888 2.0851 -0.2012
v  0.9517 2.1027 -0.1157
v  0.9487 2.0951 -0.1182
v  0.9439 2.0890 -0.1219
v  0.9379 2.0851 -0.1267
v  0.8885 2.1027 -0.0477
v  0.8859 2.0951 -0.0505
v  0.8818 2.0890 -0.0550
v  0.8766 2.0851 -0.0606
v  0.8160 2.1027 0.0102
v  0.8138 2.0951 0.0070
v  0.8104 2.0890 0.0020
v  0.8061 2.0851 -0.0043
v  0.7356 2.1027 0.0566
v  0.7339 2.0951 0.0531
v  0.7312 2.0890 0.0477
v  0.7279 2.0851 0.0408
v  0.6491 2.1027 0.0905
v  0.6480 2.0951 0.0868
v  0.6462 2.0890 0.0810
v  0.6440 2.0851 0.0737
v  0.5586 2.1027 0.1112
v  0.5581 2.0951 0.1073
v  0.5571 2.0890 0.1014
v  0.5560 2.0851 0.0938
v  0.4661 2.1027 0.1181
v  0.4661 2.0951 0.1142
v  0.4661 2.0890 0.1082
v  0.4661 2.0851 0.1005
v  0.3735 2.1027 0.1112
v  0.3741 2.0951 0.1073
v  0.3750 2.0890 0.1014
v  0.3761 2.0851 0.0938
v  0.2830 2.1027 0.0905
v  0.2841 2.0951 0.0868
v  0.2859 2.0890 0.0810
v  0.2881 2.0851 0.0737
v  0.1965 2.1027 0.0566
v  0.1982 2.0951 0.0531
v  0.2009 2.0890 0.0477
v  0.2042 2.0851 0.0408
v  0.1161 2.1027 0.0102
v  0.1183 2.0951 0.0070
v  0.1217 2.0890 0.0020
v  0.1260 2.0851 -0.0043
v  0.0436 2.1027 -0.0477
v  0.0462 2.0951 -0.0505
v  0.0503 2.0890 -0.0550
v  0.0555 2.0851 -0.0606
v  -0.0196 2.1027 -0.1157
v  -0.0165 2.0951 -0.1182
v  -0.0118 2.0890 -0.1219
v  -0.0058 2.0851 -0.1267
v  -0.0719 2.1027 -0.1924
v  -0.0685 2.0951 -0.1944
v  -0.0633 2.0890 -0.1974
v  -0.0567 2.0851 -0.2012
v  -0.1122 2.1027 -0.2761
v  -0.1085 2.0951 -0.2775
v  -0.1029 2.0890 -0.2797
v  -0.0958 2.0851 -0.2825
v  -0.1395 2.1027 -0.3648
v  -0.1357 2.0951 -0.3657
v  -0.1298 2.0890 -0.3670
v  -0.1224 2.0851 -0.3687
v  -0.1534 2.1027 -0.4566
v  -0.1495 2.0951 -0.4569
v  -0.1434 2.0890 -0.4574
v  -0.1358 2.0851 -0.4579
v  -0.1534 2.1027 -0.5494
v  -0.1495 2.0951 -0.5492
v  -0.1434 2.0890 -0.5487
v  -0.1358 2.0851 -0.5481
v  -0.1395 2.1027 -0.6413
v  -0.1357 2.0951 -0.6404
v  -0.1298 2.0890 -0.6390
v  -0.1224 2.0851 -0.6373
v  -0.1122 2.1027 -0.7300
v  -0.1085 2.0951 -0.7285
v  -0.1029 2.0890 -0.7263
v  -0.0958 2.0851 -0.7235
v  -0.0719 2.1027 -0.8136
v  -0.0685 2.0951 -0.8117
v  -0.0633 2.0890 -0.8086
v  -0.0567 2.0851 -0.8048
v  -0.0196 2.1027 -0.8903
v  -0.0165 2.0951 -0.8879
v  -0.0118 2.0890 -0.8841
v  -0.0058 2.0851 -0.8793
v  0.0436 2.1027 -0.9584
v  0.0462 2.0951 -0.9555
v  0.0503 2.0890 -0.9511
v  0.0555 2.0851 -0.9455
v  0.1161 2.1027 -1.0163
v  0.1183 2.0951 -1.0130
v  0.1217 2.0890 -1.0080
v  0.1260 2.0851 -1.0017
v  0.1965 2.1027 -1.0627
v  0.1982 2.0951 -1.0592
v  0.2009 2.0890 -1.0537
v  0.2042 2.0851 -1.0468
v  0.2830 2.1027 -1.0966
v  0.2841 2.0951 -1.0929
v  0.2859 2.0890 -1.0871
v  0.2881 2.0851 -1.0798
v  0.3735 2.1027 -1.1173
v  0.3741 2.0951 -1.1134
v  0.3750 2.0890 -1.1074
v  0.3761 2.0851 -1.0999
v  0.4914 2.2353 -0.7607
v  0.4893 2.2412 -0.7393
v  0.4777 2.2412 -0.7402
v  0.4788 2.2353 -0.7617
v  0.4872 2.2466 -0.7173
v  0.4766 2.2466 -0.7181
v  0.5040 2.2353 -0.7592
v  0.5009 2.2412 -0.7379
v  0.4977 2.2466 -0.7160
v  0.4798 2.2289 -0.7825
v  0.4661 2.2353 -0.7620
v  0.4661 2.2289 -0.7829
v  0.4661 2.2412 -0.7405
v  0.4661 2.2466 -0.7184
v  0.4755 2.2515 -0.6955
v  0.4661 2.2515 -0.6958
v  0.4849 2.2515 -0.6948
v  0.4943 2.2515 -0.6937
v  0.5081 2.2466 -0.7142
v  0.5037 2.2515 -0.6921
v  0.5124 2.2412 -0.7359
v  0.5166 2.2353 -0.7570
v  0.5206 2.2289 -0.7775
v  0.5071 2.2289 -0.7798
v  0.4935 2.2289 -0.7815
v  0.4992 2.2067 -0.8396
v  0.4974 2.2146 -0.8210
v  0.4817 2.2146 -0.8222
v  0.4827 2.2067 -0.8409
v  0.4955 2.2220 -0.8016
v  0.4808 2.2220 -0.8027
v  0.5157 2.2067 -0.8376
v  0.5129 2.2146 -0.8191
v  0.5101 2.2220 -0.7998
v  0.4835 2.1985 -0.8588
v  0.4661 2.2067 -0.8413
v  0.4661 2.1985 -0.8592
v  0.4661 2.2146 -0.8226
v  0.4661 2.2220 -0.8031
v  0.5246 2.2220 -0.7973
v  0.5284 2.2146 -0.8164
v  0.5320 2.2067 -0.8348
v  0.5355 2.1985 -0.8523
v  0.5183 2.1985 -0.8553
v  0.5010 2.1985 -0.8575
v  0.5057 2.1712 -0.9056
v  0.5042 2.1807 -0.8905
v  0.4852 2.1807 -0.8919
v  0.4859 2.1712 -0.9071
v  0.5026 2.1898 -0.8744
v  0.4844 2.1898 -0.8758
v  0.5254 2.1712 -0.9032
v  0.5232 2.1807 -0.8882
v  0.5208 2.1898 -0.8722
v  0.4866 2.1614 -0.9213
v  0.4661 2.1712 -0.9076
v  0.4661 2.1614 -0.9218
v  0.4661 2.1807 -0.8924
v  0.4661 2.1898 -0.8762
v  0.5389 2.1898 -0.8691
v  0.5420 2.1807 -0.8849
v  0.5450 2.1712 -0.8998
v  0.5478 2.1614 -0.9138
v  0.5275 2.1614 -0.9173
v  0.5071 2.1614 -0.9198
v  0.5107 2.1301 -0.9562
v  0.5096 2.1408 -0.9451
v  0.4878 2.1408 -0.9467
v  0.4884 2.1301 -0.9578
v  0.5084 2.1512 -0.9330
v  0.4873 2.1512 -0.9345
v  0.5329 2.1301 -0.9534
v  0.5312 2.1408 -0.9424
v  0.5294 2.1512 -0.9304
v  0.4889 2.1191 -0.9678
v  0.4661 2.1301 -0.9583
v  0.4661 2.1191 -0.9684
v  0.4661 2.1408 -0.9472
v  0.4661 2.1512 -0.9350
v  0.5503 2.1512 -0.9267
v  0.5527 2.1408 -0.9387
v  0.5549 2.1301 -0.9496
v  0.5568 2.1191 -0.9594
v  0.5343 2.1191 -0.9633
v  0.5117 2.1191 -0.9661
v  0.5139 2.0849 -0.9893
v  0.5133 2.0965 -0.9827
v  0.4897 2.0965 -0.9844
v  0.4900 2.0849 -0.9910
v  0.5125 2.1079 -0.9750
v  0.4893 2.1079 -0.9767
v  0.5377 2.0849 -0.9863
v  0.5368 2.0965 -0.9798
v  0.5356 2.1079 -0.9721
v  0.4661 2.0849 -0.9916
v  0.4661 2.0965 -0.9850
v  0.4661 2.1079 -0.9773
v  0.5586 2.1079 -0.9681
v  0.5601 2.0965 -0.9758
v  0.5614 2.0849 -0.9822
v  0.4729 2.2681 -0.5721
v  0.4699 2.2684 -0.5664
v  0.4702 2.2671 -0.5849
v  0.4742 2.2670 -0.5859
v  0.4746 2.2684 -0.5659
v  0.4707 2.2693 -0.5502
v  0.4779 2.2671 -0.5841
v  0.4661 2.2671 -0.5839
v  0.4661 2.2652 -0.6049
v  0.4711 2.2652 -0.6053
v  0.4661 2.2686 -0.5633
v  0.4761 2.2652 -0.6054
v  0.4736 2.2697 -0.5408
v  0.4661 2.2711 -0.5030
v  0.4661 2.2697 -0.5415
v  0.4778 2.2686 -0.5621
v  0.4810 2.2652 -0.6043
v  0.4859 2.2652 -0.6030
v  0.4818 2.2671 -0.5823
v  0.4827 2.2558 -0.6720
v  0.4804 2.2595 -0.6491
v  0.4733 2.2595 -0.6496
v  0.4744 2.2558 -0.6726
v  0.4782 2.2627 -0.6267
v  0.4722 2.2627 -0.6270
v  0.4910 2.2558 -0.6709
v  0.4876 2.2595 -0.6482
v  0.4842 2.2627 -0.6258
v  0.4661 2.2558 -0.6728
v  0.4661 2.2595 -0.6497
v  0.4661 2.2627 -0.6270
v  0.4902 2.2627 -0.6246
v  0.4947 2.2595 -0.6469
v  0.4992 2.2558 -0.6695
v  0.5153 2.2558 -0.6655
v  0.5087 2.2595 -0.6435
v  0.5017 2.2595 -0.6454
v  0.5073 2.2558 -0.6677
v  0.5021 2.2627 -0.6220
v  0.4962 2.2627 -0.6234
v  0.5232 2.2558 -0.6629
v  0.5155 2.2595 -0.6412
v  0.5078 2.2627 -0.6199
v  0.5129 2.2515 -0.6900
v  0.4910 2.2652 -0.6023
v  0.4959 2.2652 -0.6014
v  0.5005 2.2652 -0.5994
v  0.5135 2.2627 -0.6175
v  0.5051 2.2652 -0.5972
v  0.5222 2.2595 -0.6385
v  0.5310 2.2558 -0.6598
v  0.5398 2.2515 -0.6811
v  0.5310 2.2515 -0.6845
v  0.5220 2.2515 -0.6875
v  0.5412 2.2353 -0.7508
v  0.5350 2.2412 -0.7302
v  0.5237 2.2412 -0.7333
v  0.5290 2.2353 -0.7542
v  0.5286 2.2466 -0.7091
v  0.5184 2.2466 -0.7119
v  0.5533 2.2353 -0.7468
v  0.5460 2.2412 -0.7266
v  0.5386 2.2466 -0.7058
v  0.5340 2.2289 -0.7745
v  0.5485 2.2466 -0.7020
v  0.5569 2.2412 -0.7224
v  0.5651 2.2353 -0.7423
v  0.5731 2.2289 -0.7616
v  0.5603 2.2289 -0.7665
v  0.5473 2.2289 -0.7708
v  0.5642 2.2067 -0.8267
v  0.5588 2.2146 -0.8088
v  0.5437 2.2146 -0.8130
v  0.5482 2.2067 -0.8311
v  0.5531 2.2220 -0.7901
v  0.5390 2.2220 -0.7941
v  0.5800 2.2067 -0.8215
v  0.5737 2.2146 -0.8039
v  0.5671 2.2220 -0.7855
v  0.5526 2.1985 -0.8485
v  0.5809 2.2220 -0.7802
v  0.5883 2.2146 -0.7982
v  0.5955 2.2067 -0.8155
v  0.6023 2.1985 -0.8321
v  0.5860 2.1985 -0.8384
v  0.5694 2.1985 -0.8438
v  0.5835 2.1712 -0.8902
v  0.5791 2.1807 -0.8756
v  0.5607 2.1807 -0.8807
v  0.5644 2.1712 -0.8955
v  0.5744 2.1898 -0.8602
v  0.5567 2.1898 -0.8650
v  0.6023 2.1712 -0.8839
v  0.5972 2.1807 -0.8696
v  0.5918 2.1898 -0.8544
v  0.5678 2.1614 -0.9093
v  0.6089 2.1898 -0.8478
v  0.6150 2.1807 -0.8627
v  0.6209 2.1712 -0.8768
v  0.6263 2.1614 -0.8899
v  0.6071 2.1614 -0.8973
v  0.5876 2.1614 -0.9038
v  0.5982 2.1301 -0.9387
v  0.5950 2.1408 -0.9281
v  0.5740 2.1408 -0.9339
v  0.5767 2.1301 -0.9447
v  0.5915 2.1512 -0.9164
v  0.5710 2.1512 -0.9221
v  0.6194 2.1301 -0.9317
v  0.6157 2.1408 -0.9213
v  0.6116 2.1512 -0.9098
v  0.5791 2.1191 -0.9544
v  0.6314 2.1512 -0.9022
v  0.6360 2.1408 -0.9134
v  0.6403 2.1301 -0.9237
v  0.6441 2.1191 -0.9329
v  0.6228 2.1191 -0.9412
v  0.6011 2.1191 -0.9483
v  0.6079 2.0849 -0.9706
v  0.6060 2.0965 -0.9643
v  0.5832 2.0965 -0.9706
v  0.5848 2.0849 -0.9770
v  0.6037 2.1079 -0.9568
v  0.5813 2.1079 -0.9630
v  0.6307 2.0849 -0.9630
v  0.6284 2.0965 -0.9568
v  0.6258 2.1079 -0.9495
v  0.6475 2.1079 -0.9412
v  0.6505 2.0965 -0.9483
v  0.6530 2.0849 -0.9544
v  0.4862 2.2681 -0.5694
v  0.4822 2.2684 -0.5644
v  0.4861 2.2671 -0.5825
v  0.4902 2.2670 -0.5827
v  0.4868 2.2684 -0.5630
v  0.4798 2.2693 -0.5484
v  0.4935 2.2671 -0.5803
v  0.4808 2.2697 -0.5386
v  0.4891 2.2686 -0.5587
v  0.4970 2.2671 -0.5777
v  0.6807 2.1301 -0.9046
v  0.6754 2.1408 -0.8948
v  0.6560 2.1408 -0.9046
v  0.6607 2.1301 -0.9146
v  0.6697 2.1512 -0.8840
v  0.6508 2.1512 -0.8936
v  0.7001 2.1301 -0.8936
v  0.6944 2.1408 -0.8840
v  0.6882 2.1512 -0.8736
v  0.6650 2.1191 -0.9237
v  0.6451 2.1614 -0.8816
v  0.6635 2.1614 -0.8724
v  0.6814 2.1614 -0.8622
v  0.7061 2.1512 -0.8622
v  0.6987 2.1614 -0.8512
v  0.7128 2.1408 -0.8724
v  0.7190 2.1301 -0.8816
v  0.7246 2.1191 -0.8899
v  0.7053 2.1191 -0.9022
v  0.6854 2.1191 -0.9134
v  0.6964 2.0849 -0.9339
v  0.6933 2.0965 -0.9281
v  0.6721 2.0965 -0.9387
v  0.6749 2.0849 -0.9447
v  0.6896 2.1079 -0.9213
v  0.6688 2.1079 -0.9317
v  0.7172 2.0849 -0.9221
v  0.7138 2.0965 -0.9164
v  0.7099 2.1079 -0.9098
v  0.7295 2.1079 -0.8973
v  0.7338 2.0965 -0.9038
v  0.7375 2.0849 -0.9093
v  0.4988 2.2681 -0.5642
v  0.4939 2.2684 -0.5601
v  0.5013 2.2671 -0.5771
v  0.5053 2.2670 -0.5765
v  0.4981 2.2684 -0.5579
v  0.4884 2.2693 -0.5448
v  0.5081 2.2671 -0.5734
v  0.5099 2.2652 -0.5956
v  0.5145 2.2652 -0.5937
v  0.4874 2.2697 -0.5350
v  0.4995 2.2686 -0.5531
v  0.5186 2.2652 -0.5909
v  0.5227 2.2652 -0.5878
v  0.5110 2.2671 -0.5703
v  0.5461 2.2558 -0.6527
v  0.5352 2.2595 -0.6325
v  0.5288 2.2595 -0.6357
v  0.5386 2.2558 -0.6565
v  0.5247 2.2627 -0.6127
v  0.5191 2.2627 -0.6152
v  0.5533 2.2558 -0.6486
v  0.5415 2.2595 -0.6289
v  0.5298 2.2627 -0.6095
v  0.5485 2.2515 -0.6773
v  0.5349 2.2627 -0.6061
v  0.5475 2.2595 -0.6250
v  0.5604 2.2558 -0.6442
v  0.5731 2.2515 -0.6633
v  0.5651 2.2515 -0.6684
v  0.5569 2.2515 -0.6730
v  0.5881 2.2353 -0.7314
v  0.5780 2.2412 -0.7124
v  0.5676 2.2412 -0.7177
v  0.5768 2.2353 -0.7371
v  0.5676 2.2466 -0.6929
v  0.5581 2.2466 -0.6977
v  0.5992 2.2353 -0.7251
v  0.5881 2.2412 -0.7067
v  0.5768 2.2466 -0.6877
v  0.5857 2.2289 -0.7560
v  0.5857 2.2466 -0.6821
v  0.5980 2.2412 -0.7004
v  0.6099 2.2353 -0.7183
v  0.6215 2.2289 -0.7357
v  0.6099 2.2289 -0.7430
v  0.5980 2.2289 -0.7498
v  0.6255 2.2067 -0.8013
v  0.6167 2.2146 -0.7848
v  0.6027 2.2146 -0.7919
v  0.6107 2.2067 -0.8088
v  0.6075 2.2220 -0.7676
v  0.5943 2.2220 -0.7743
v  0.6399 2.2067 -0.7932
v  0.6303 2.2146 -0.7771
v  0.6203 2.2220 -0.7604
v  0.6183 2.1985 -0.8250
v  0.6327 2.2220 -0.7525
v  0.6436 2.2146 -0.7687
v  0.6540 2.2067 -0.7843
v  0.6639 2.1985 -0.7992
v  0.6492 2.1985 -0.8085
v  0.6339 2.1985 -0.8171
v  0.6568 2.1712 -0.8598
v  0.6496 2.1807 -0.8464
v  0.6325 2.1807 -0.8550
v  0.6390 2.1712 -0.8687
v  0.6420 2.1898 -0.8322
v  0.6256 2.1898 -0.8404
v  0.6740 2.1712 -0.8500
v  0.6662 2.1807 -0.8370
v  0.6579 2.1898 -0.8231
v  0.6734 2.1898 -0.8133
v  0.6824 2.1807 -0.8268
v  0.6908 2.1712 -0.8394
v  0.6303 2.2353 -0.7032
v  0.6167 2.2412 -0.6866
v  0.6075 2.2412 -0.6937
v  0.6203 2.2353 -0.7110
v  0.6027 2.2466 -0.6695
v  0.5943 2.2466 -0.6760
v  0.6399 2.2353 -0.6949
v  0.6255 2.2412 -0.6790
v  0.6107 2.2466 -0.6626
v  0.6327 2.2289 -0.7278
v  0.5809 2.2515 -0.6578
v  0.5883 2.2515 -0.6520
v  0.5955 2.2515 -0.6458
v  0.6183 2.2466 -0.6553
v  0.6023 2.2515 -0.6393
v  0.6339 2.2412 -0.6709
v  0.6492 2.2353 -0.6861
v  0.6639 2.2289 -0.7009
v  0.6540 2.2289 -0.7104
v  0.6436 2.2289 -0.7193
v  0.6806 2.2067 -0.7645
v  0.6688 2.2146 -0.7500
v  0.6564 2.2146 -0.7597
v  0.6675 2.2067 -0.7747
v  0.6564 2.2220 -0.7350
v  0.6448 2.2220 -0.7440
v  0.6932 2.2067 -0.7537
v  0.6806 2.2146 -0.7398
v  0.6675 2.2220 -0.7253
v  0.6782 2.1985 -0.7891
v  0.6782 2.2220 -0.7152
v  0.6920 2.2146 -0.7290
v  0.7052 2.2067 -0.7422
v  0.7179 2.1985 -0.7549
v  0.7052 2.1985 -0.7669
v  0.6920 2.1985 -0.7783
v  0.7227 2.1712 -0.8158
v  0.7130 2.1807 -0.8040
v  0.6980 2.1807 -0.8158
v  0.7070 2.1712 -0.8280
v  0.7028 2.1898 -0.7915
v  0.6884 2.1898 -0.8028
v  0.7377 2.1712 -0.8028
v  0.7275 2.1807 -0.7915
v  0.7167 2.1898 -0.7795
v  0.7155 2.1614 -0.8394
v  0.7299 2.1898 -0.7669
v  0.7414 2.1807 -0.7783
v  0.7521 2.1712 -0.7891
v  0.7622 2.1614 -0.7992
v  0.7473 2.1614 -0.8133
v  0.7317 2.1614 -0.8268
v  0.7549 2.1301 -0.8550
v  0.7478 2.1408 -0.8464
v  0.7307 2.1408 -0.8598
v  0.7373 2.1301 -0.8687
v  0.7401 2.1512 -0.8370
v  0.7234 2.1512 -0.8500
v  0.7718 2.1301 -0.8404
v  0.7644 2.1408 -0.8322
v  0.7562 2.1512 -0.8231
v  0.7433 2.1191 -0.8768
v  0.7715 2.1512 -0.8085
v  0.7801 2.1408 -0.8171
v  0.7880 2.1301 -0.8250
v  0.7951 2.1191 -0.8321
v  0.7786 2.1191 -0.8478
v  0.7613 2.1191 -0.8627
v  0.7760 2.0849 -0.8807
v  0.7718 2.0965 -0.8756
v  0.7532 2.0965 -0.8902
v  0.7571 2.0849 -0.8955
v  0.7669 2.1079 -0.8696
v  0.7486 2.1079 -0.8839
v  0.7942 2.0849 -0.8650
v  0.7897 2.0965 -0.8602
v  0.7845 2.1079 -0.8544
v  0.8014 2.1079 -0.8384
v  0.8069 2.0965 -0.8438
v  0.8115 2.0849 -0.8485
v  0.5101 2.2681 -0.5567
v  0.5045 2.2684 -0.5536
v  0.5150 2.2671 -0.5688
v  0.5189 2.2670 -0.5674
v  0.5081 2.2684 -0.5506
v  0.4961 2.2693 -0.5397
v  0.5210 2.2671 -0.5639
v  0.5271 2.2652 -0.5852
v  0.5313 2.2652 -0.5825
v  0.4933 2.2697 -0.5302
v  0.5087 2.2686 -0.5456
v  0.5348 2.2652 -0.5789
v  0.5381 2.2652 -0.5751
v  0.5232 2.2671 -0.5602
v  0.5737 2.2558 -0.6342
v  0.5592 2.2595 -0.6165
v  0.5535 2.2595 -0.6209
v  0.5672 2.2558 -0.6394
v  0.5449 2.2627 -0.5991
v  0.5400 2.2627 -0.6027
v  0.5800 2.2558 -0.6288
v  0.5646 2.2595 -0.6117
v  0.5494 2.2627 -0.5950
v  0.5537 2.2627 -0.5907
v  0.5698 2.2595 -0.6067
v  0.5861 2.2558 -0.6231
v  0.8437 2.0849 -0.8130
v  0.8386 2.0965 -0.8088
v  0.8232 2.0965 -0.8267
v  0.8281 2.0849 -0.8311
v  0.8326 2.1079 -0.8039
v  0.8174 2.1079 -0.8215
v  0.8585 2.0849 -0.7941
v  0.8532 2.0965 -0.7901
v  0.8470 2.1079 -0.7855
v  0.8108 2.1191 -0.8155
v  0.8258 2.1191 -0.7982
v  0.8398 2.1191 -0.7802
v  0.8604 2.1079 -0.7665
v  0.8530 2.1191 -0.7616
v  0.8668 2.0965 -0.7708
v  0.8723 2.0849 -0.7745
v  0.5197 2.2681 -0.5470
v  0.5136 2.2684 -0.5451
v  0.5269 2.2671 -0.5580
v  0.5304 2.2670 -0.5559
v  0.5166 2.2684 -0.5414
v  0.5027 2.2693 -0.5331
v  0.5318 2.2671 -0.5520
v  0.5419 2.2652 -0.5717
v  0.5455 2.2652 -0.5683
v  0.4981 2.2697 -0.5244
v  0.5162 2.2686 -0.5365
v  0.5482 2.2652 -0.5641
v  0.5508 2.2652 -0.5596
v  0.5333 2.2671 -0.5480
v  0.5973 2.2558 -0.6107
v  0.5795 2.2595 -0.5961
v  0.5748 2.2595 -0.6016
v  0.5918 2.2558 -0.6170
v  0.5621 2.2627 -0.5819
v  0.5580 2.2627 -0.5864
v  0.6024 2.2558 -0.6041
v  0.5839 2.2595 -0.5904
v  0.5657 2.2627 -0.5770
v  0.6089 2.2515 -0.6325
v  0.5691 2.2627 -0.5719
v  0.5880 2.2595 -0.5845
v  0.6072 2.2558 -0.5973
v  0.6263 2.2515 -0.6101
v  0.6209 2.2515 -0.6178
v  0.6150 2.2515 -0.6253
v  0.6662 2.2353 -0.6673
v  0.6496 2.2412 -0.6537
v  0.6420 2.2412 -0.6625
v  0.6579 2.2353 -0.6769
v  0.6325 2.2466 -0.6396
v  0.6256 2.2466 -0.6476
v  0.6740 2.2353 -0.6573
v  0.6568 2.2412 -0.6445
v  0.6390 2.2466 -0.6313
v  0.6734 2.2289 -0.6909
v  0.6451 2.2466 -0.6227
v  0.6635 2.2412 -0.6349
v  0.6814 2.2353 -0.6469
v  0.6987 2.2289 -0.6585
v  0.6908 2.2289 -0.6697
v  0.6824 2.2289 -0.6805
v  0.7275 2.2067 -0.7176
v  0.7130 2.2146 -0.7057
v  0.7028 2.2146 -0.7176
v  0.7167 2.2067 -0.7302
v  0.6980 2.2220 -0.6934
v  0.6884 2.2220 -0.7045
v  0.7377 2.2067 -0.7045
v  0.7227 2.2146 -0.6934
v  0.7070 2.2220 -0.6818
v  0.7299 2.1985 -0.7422
v  0.7155 2.2220 -0.6697
v  0.7317 2.2146 -0.6805
v  0.7473 2.2067 -0.6909
v  0.7622 2.1985 -0.7009
v  0.7521 2.1985 -0.7152
v  0.7414 2.1985 -0.7290
v  0.7788 2.1712 -0.7597
v  0.7670 2.1807 -0.7500
v  0.7545 2.1807 -0.7645
v  0.7658 2.1712 -0.7747
v  0.7545 2.1898 -0.7398
v  0.7426 2.1898 -0.7537
v  0.7910 2.1712 -0.7440
v  0.7788 2.1807 -0.7350
v  0.7658 2.1898 -0.7253
v  0.7764 2.1614 -0.7843
v  0.7764 2.1898 -0.7104
v  0.7898 2.1807 -0.7193
v  0.8024 2.1712 -0.7278
v  0.8143 2.1614 -0.7357
v  0.8024 2.1614 -0.7525
v  0.7898 2.1614 -0.7687
v  0.8180 2.1301 -0.7919
v  0.8094 2.1408 -0.7848
v  0.7952 2.1408 -0.8013
v  0.8034 2.1301 -0.8088
v  0.8000 2.1512 -0.7771
v  0.7862 2.1512 -0.7932
v  0.8318 2.1301 -0.7743
v  0.8228 2.1408 -0.7676
v  0.8130 2.1512 -0.7604
v  0.8253 2.1512 -0.7430
v  0.8354 2.1408 -0.7498
v  0.8446 2.1301 -0.7560
v  0.6944 2.2353 -0.6251
v  0.6754 2.2412 -0.6150
v  0.6697 2.2412 -0.6251
v  0.6882 2.2353 -0.6362
v  0.6560 2.2466 -0.6045
v  0.6508 2.2466 -0.6137
v  0.7001 2.2353 -0.6137
v  0.6807 2.2412 -0.6045
v  0.6607 2.2466 -0.5951
v  0.7061 2.2289 -0.6469
v  0.6314 2.2515 -0.6021
v  0.6360 2.2515 -0.5939
v  0.6403 2.2515 -0.5854
v  0.6650 2.2466 -0.5854
v  0.6441 2.2515 -0.5768
v  0.6854 2.2412 -0.5939
v  0.7053 2.2353 -0.6021
v  0.7246 2.2289 -0.6101
v  0.7190 2.2289 -0.6227
v  0.7128 2.2289 -0.6349
v  0.7644 2.2067 -0.6625
v  0.7478 2.2146 -0.6537
v  0.7401 2.2146 -0.6673
v  0.7562 2.2067 -0.6769
v  0.7307 2.2220 -0.6445
v  0.7234 2.2220 -0.6573
v  0.7718 2.2067 -0.6476
v  0.7549 2.2146 -0.6396
v  0.7373 2.2220 -0.6313
v  0.7715 2.1985 -0.6861
v  0.7433 2.2220 -0.6178
v  0.7613 2.2146 -0.6253
v  0.7786 2.2067 -0.6325
v  0.7951 2.1985 -0.6393
v  0.7880 2.1985 -0.6553
v  0.7801 2.1985 -0.6709
v  0.8228 2.1712 -0.6937
v  0.8094 2.1807 -0.6866
v  0.8000 2.1807 -0.7032
v  0.8130 2.1712 -0.7110
v  0.7952 2.1898 -0.6790
v  0.7862 2.1898 -0.6949
v  0.8318 2.1712 -0.6760
v  0.8180 2.1807 -0.6695
v  0.8034 2.1898 -0.6626
v  0.8253 2.1614 -0.7183
v  0.8108 2.1898 -0.6458
v  0.8258 2.1807 -0.6520
v  0.8398 2.1712 -0.6578
v  0.8530 2.1614 -0.6633
v  0.8446 2.1614 -0.6821
v  0.8354 2.1614 -0.7004
v  0.8676 2.1301 -0.7177
v  0.8578 2.1408 -0.7124
v  0.8471 2.1408 -0.7314
v  0.8566 2.1301 -0.7371
v  0.8471 2.1512 -0.7067
v  0.8366 2.1512 -0.7251
v  0.8777 2.1301 -0.6977
v  0.8676 2.1408 -0.6929
v  0.8566 2.1512 -0.6877
v  0.8652 2.1191 -0.7423
v  0.8652 2.1512 -0.6684
v  0.8764 2.1408 -0.6730
v  0.8867 2.1301 -0.6773
v  0.8960 2.1191 -0.6811
v  0.8867 2.1191 -0.7020
v  0.8764 2.1191 -0.7224
v  0.8969 2.0849 -0.7333
v  0.8911 2.0965 -0.7302
v  0.8795 2.0965 -0.7508
v  0.8851 2.0849 -0.7542
v  0.8843 2.1079 -0.7266
v  0.8728 2.1079 -0.7468
v  0.9077 2.0849 -0.7119
v  0.9018 2.0965 -0.7091
v  0.8948 2.1079 -0.7058
v  0.9042 2.1079 -0.6845
v  0.9113 2.0965 -0.6875
v  0.9174 2.0849 -0.6900
v  0.5272 2.2681 -0.5357
v  0.5209 2.2684 -0.5350
v  0.5365 2.2671 -0.5450
v  0.5395 2.2670 -0.5423
v  0.5231 2.2684 -0.5308
v  0.5078 2.2693 -0.5254
v  0.5401 2.2671 -0.5382
v  0.5539 2.2652 -0.5556
v  0.5567 2.2652 -0.5515
v  0.5016 2.2697 -0.5178
v  0.5217 2.2686 -0.5261
v  0.5586 2.2652 -0.5469
v  0.5602 2.2652 -0.5420
v  0.5408 2.2671 -0.5340
v  0.6158 2.2558 -0.5831
v  0.5955 2.2595 -0.5722
v  0.5919 2.2595 -0.5785
v  0.6116 2.2558 -0.5903
v  0.5757 2.2627 -0.5616
v  0.5725 2.2627 -0.5668
v  0.6195 2.2558 -0.5756
v  0.5987 2.2595 -0.5658
v  0.5782 2.2627 -0.5561
v  0.5805 2.2627 -0.5505
v  0.6016 2.2595 -0.5592
v  0.6229 2.2558 -0.5680
v  0.9336 2.0849 -0.6449
v  0.9273 2.0965 -0.6429
v  0.9199 2.0965 -0.6654
v  0.9261 2.0849 -0.6676
v  0.9199 2.1079 -0.6407
v  0.9126 2.1079 -0.6628
v  0.9400 2.0849 -0.6217
v  0.9336 2.0965 -0.6201
v  0.9261 2.1079 -0.6183
v  0.9042 2.1191 -0.6598
v  0.9113 2.1191 -0.6381
v  0.9174 2.1191 -0.6161
v  0.9312 2.1079 -0.5955
v  0.9224 2.1191 -0.5938
v  0.9388 2.0965 -0.5971
v  0.9452 2.0849 -0.5983
v  0.5324 2.2681 -0.5232
v  0.5261 2.2684 -0.5237
v  0.5433 2.2671 -0.5305
v  0.5458 2.2670 -0.5272
v  0.5275 2.2684 -0.5192
v  0.5114 2.2693 -0.5168
v  0.5455 2.2671 -0.5231
v  0.5625 2.2652 -0.5375
v  0.5645 2.2652 -0.5329
v  0.5038 2.2697 -0.5105
v  0.5252 2.2686 -0.5148
v  0.5653 2.2652 -0.5280
v  0.5660 2.2652 -0.5229
v  0.5454 2.2671 -0.5188
v  0.6285 2.2558 -0.5523
v  0.6065 2.2595 -0.5456
v  0.6042 2.2595 -0.5525
v  0.6259 2.2558 -0.5602
v  0.5850 2.2627 -0.5391
v  0.5829 2.2627 -0.5448
v  0.6307 2.2558 -0.5443
v  0.6084 2.2595 -0.5387
v  0.5864 2.2627 -0.5332
v  0.6475 2.2515 -0.5680
v  0.5876 2.2627 -0.5272
v  0.6099 2.2595 -0.5316
v  0.6325 2.2558 -0.5361
v  0.6551 2.2515 -0.5406
v  0.6530 2.2515 -0.5499
v  0.6505 2.2515 -0.5590
v  0.7138 2.2353 -0.5782
v  0.6933 2.2412 -0.5720
v  0.6896 2.2412 -0.5830
v  0.7099 2.2353 -0.5903
v  0.6721 2.2466 -0.5655
v  0.6688 2.2466 -0.5756
v  0.7172 2.2353 -0.5659
v  0.6964 2.2412 -0.5607
v  0.6749 2.2466 -0.5554
v  0.7295 2.2289 -0.5973
v  0.6773 2.2466 -0.5450
v  0.6989 2.2412 -0.5493
v  0.7200 2.2353 -0.5535
v  0.7405 2.2289 -0.5576
v  0.7375 2.2289 -0.5710
v  0.7338 2.2289 -0.5843
v  0.7897 2.2067 -0.6012
v  0.7718 2.2146 -0.5958
v  0.7669 2.2146 -0.6107
v  0.7845 2.2067 -0.6170
v  0.7532 2.2220 -0.5901
v  0.7486 2.2220 -0.6041
v  0.7942 2.2067 -0.5852
v  0.7760 2.2146 -0.5807
v  0.7571 2.2220 -0.5759
v  0.8014 2.1985 -0.6230
v  0.7603 2.2220 -0.5616
v  0.7794 2.2146 -0.5654
v  0.7978 2.2067 -0.5690
v  0.8154 2.1985 -0.5725
v  0.8115 2.1985 -0.5896
v  0.8069 2.1985 -0.6064
v  0.8532 2.1712 -0.6205
v  0.8386 2.1807 -0.6160
v  0.8326 2.1807 -0.6342
v  0.8470 2.1712 -0.6393
v  0.8232 2.1898 -0.6114
v  0.8174 2.1898 -0.6288
v  0.8585 2.1712 -0.6013
v  0.8437 2.1807 -0.5976
v  0.8281 2.1898 -0.5937
v  0.8604 2.1614 -0.6441
v  0.8321 2.1898 -0.5758
v  0.8479 2.1807 -0.5790
v  0.8628 2.1712 -0.5820
v  0.8768 2.1614 -0.5847
v  0.8723 2.1614 -0.6048
v  0.8668 2.1614 -0.6246
v  0.9018 2.1301 -0.6352
v  0.8911 2.1408 -0.6320
v  0.8843 2.1408 -0.6527
v  0.8948 2.1301 -0.6564
v  0.8795 2.1512 -0.6284
v  0.8728 2.1512 -0.6486
v  0.9077 2.1301 -0.6137
v  0.8969 2.1408 -0.6110
v  0.8851 2.1512 -0.6080
v  0.8898 2.1512 -0.5873
v  0.9017 2.1408 -0.5897
v  0.9126 2.1301 -0.5919
v  0.8027 2.2067 -0.5362
v  0.7840 2.2146 -0.5343
v  0.7821 2.2146 -0.5499
v  0.8006 2.2067 -0.5527
v  0.7646 2.2220 -0.5324
v  0.7628 2.2220 -0.5471
v  0.8039 2.2067 -0.5196
v  0.7852 2.2146 -0.5187
v  0.7657 2.2220 -0.5178
v  0.8183 2.1985 -0.5553
v  0.7428 2.2289 -0.5441
v  0.7445 2.2289 -0.5305
v  0.7455 2.2289 -0.5168
v  0.7661 2.2220 -0.5030
v  0.7459 2.2289 -0.5030
v  0.7856 2.2146 -0.5030
v  0.8043 2.2067 -0.5030
v  0.8222 2.1985 -0.5030
v  0.8218 2.1985 -0.5205
v  0.8205 2.1985 -0.5379
v  0.8687 2.1712 -0.5427
v  0.8535 2.1807 -0.5412
v  0.8512 2.1807 -0.5602
v  0.8662 2.1712 -0.5624
v  0.8375 2.1898 -0.5396
v  0.8352 2.1898 -0.5578
v  0.8701 2.1712 -0.5229
v  0.8549 2.1807 -0.5221
v  0.8388 2.1898 -0.5213
v  0.8803 2.1614 -0.5645
v  0.8393 2.1898 -0.5030
v  0.8554 2.1807 -0.5030
v  0.8706 2.1712 -0.5030
v  0.8848 2.1614 -0.5030
v  0.8843 2.1614 -0.5236
v  0.8828 2.1614 -0.5441
v  0.9192 2.1301 -0.5477
v  0.9081 2.1408 -0.5466
v  0.9054 2.1408 -0.5682
v  0.9164 2.1301 -0.5698
v  0.8960 2.1512 -0.5454
v  0.8934 2.1512 -0.5664
v  0.9208 2.1301 -0.5254
v  0.9097 2.1408 -0.5248
v  0.8975 2.1512 -0.5242
v  0.9263 2.1191 -0.5713
v  0.8981 2.1512 -0.5030
v  0.9103 2.1408 -0.5030
v  0.9214 2.1301 -0.5030
v  0.9314 2.1191 -0.5030
v  0.9308 2.1191 -0.5259
v  0.9291 2.1191 -0.5486
v  0.9523 2.0849 -0.5509
v  0.9457 2.0965 -0.5503
v  0.9428 2.0965 -0.5738
v  0.9493 2.0849 -0.5747
v  0.9380 2.1079 -0.5495
v  0.9351 2.1079 -0.5726
v  0.9540 2.0849 -0.5270
v  0.9475 2.0965 -0.5267
v  0.9397 2.1079 -0.5263
v  0.9403 2.1079 -0.5030
v  0.9480 2.0965 -0.5030
v  0.9546 2.0849 -0.5030
v  0.5351 2.2681 -0.5098
v  0.5290 2.2684 -0.5116
v  0.5472 2.2671 -0.5149
v  0.5489 2.2670 -0.5112
v  0.5294 2.2684 -0.5069
v  0.5132 2.2693 -0.5077
v  0.5479 2.2671 -0.5072
v  0.5673 2.2652 -0.5180
v  0.5684 2.2652 -0.5131
v  0.5045 2.2697 -0.5030
v  0.5263 2.2686 -0.5030
v  0.5683 2.2652 -0.5081
v  0.5680 2.2652 -0.5030
v  0.5469 2.2671 -0.5030
v  0.6350 2.2558 -0.5197
v  0.6121 2.2595 -0.5174
v  0.6112 2.2595 -0.5246
v  0.6340 2.2558 -0.5279
v  0.5898 2.2627 -0.5152
v  0.5888 2.2627 -0.5212
v  0.6356 2.2558 -0.5114
v  0.6126 2.2595 -0.5102
v  0.5900 2.2627 -0.5091
v  0.6567 2.2515 -0.5313
v  0.5900 2.2627 -0.5030
v  0.6127 2.2595 -0.5030
v  0.6358 2.2558 -0.5030
v  0.6588 2.2515 -0.5030
v  0.6586 2.2515 -0.5125
v  0.6579 2.2515 -0.5219
v  0.7237 2.2353 -0.5284
v  0.7023 2.2412 -0.5263
v  0.7009 2.2412 -0.5379
v  0.7222 2.2353 -0.5410
v  0.6804 2.2466 -0.5241
v  0.6791 2.2466 -0.5346
v  0.7247 2.2353 -0.5157
v  0.7032 2.2412 -0.5147
v  0.6811 2.2466 -0.5136
v  0.6814 2.2466 -0.5030
v  0.7035 2.2412 -0.5030
v  0.7250 2.2353 -0.5030
v  0.5351 2.2681 -0.4962
v  0.5294 2.2684 -0.4992
v  0.5479 2.2671 -0.4988
v  0.5489 2.2670 -0.4949
v  0.5290 2.2684 -0.4944
v  0.5132 2.2693 -0.4984
v  0.5472 2.2671 -0.4912
v  0.5683 2.2652 -0.4979
v  0.5684 2.2652 -0.4929
v  0.5038 2.2697 -0.4955
v  0.5252 2.2686 -0.4913
v  0.5673 2.2652 -0.4881
v  0.5660 2.2652 -0.4831
v  0.5454 2.2671 -0.4873
v  0.6350 2.2558 -0.4864
v  0.6121 2.2595 -0.4886
v  0.6126 2.2595 -0.4958
v  0.6356 2.2558 -0.4947
v  0.5898 2.2627 -0.4908
v  0.5900 2.2627 -0.4969
v  0.6340 2.2558 -0.4781
v  0.6112 2.2595 -0.4815
v  0.5888 2.2627 -0.4848
v  0.6586 2.2515 -0.4936
v  0.5876 2.2627 -0.4789
v  0.6099 2.2595 -0.4744
v  0.6325 2.2558 -0.4699
v  0.6551 2.2515 -0.4654
v  0.6567 2.2515 -0.4747
v  0.6579 2.2515 -0.4841
v  0.7237 2.2353 -0.4776
v  0.7023 2.2412 -0.4798
v  0.7032 2.2412 -0.4914
v  0.7247 2.2353 -0.4903
v  0.6804 2.2466 -0.4819
v  0.6811 2.2466 -0.4925
v  0.7222 2.2353 -0.4650
v  0.7009 2.2412 -0.4682
v  0.6791 2.2466 -0.4714
v  0.7455 2.2289 -0.4893
v  0.6773 2.2466 -0.4610
v  0.6989 2.2412 -0.4567
v  0.7200 2.2353 -0.4525
v  0.7405 2.2289 -0.4484
v  0.7428 2.2289 -0.4620
v  0.7445 2.2289 -0.4756
v  0.8027 2.2067 -0.4699
v  0.7840 2.2146 -0.4717
v  0.7852 2.2146 -0.4874
v  0.8039 2.2067 -0.4864
v  0.7646 2.2220 -0.4736
v  0.7657 2.2220 -0.4883
v  0.8006 2.2067 -0.4534
v  0.7821 2.2146 -0.4561
v  0.7628 2.2220 -0.4590
v  0.8218 2.1985 -0.4856
v  0.7603 2.2220 -0.4445
v  0.7794 2.2146 -0.4407
v  0.7978 2.2067 -0.4370
v  0.8154 2.1985 -0.4335
v  0.8183 2.1985 -0.4508
v  0.8205 2.1985 -0.4681
v  0.8687 2.1712 -0.4634
v  0.8535 2.1807 -0.4649
v  0.8549 2.1807 -0.4839
v  0.8701 2.1712 -0.4832
v  0.8375 2.1898 -0.4664
v  0.8388 2.1898 -0.4847
v  0.8662 2.1712 -0.4437
v  0.8512 2.1807 -0.4459
v  0.8352 2.1898 -0.4483
v  0.8843 2.1614 -0.4825
v  0.8321 2.1898 -0.4302
v  0.8479 2.1807 -0.4271
v  0.8628 2.1712 -0.4241
v  0.8768 2.1614 -0.4213
v  0.8803 2.1614 -0.4416
v  0.8828 2.1614 -0.4620
v  0.9192 2.1301 -0.4584
v  0.9081 2.1408 -0.4595
v  0.9097 2.1408 -0.4812
v  0.9208 2.1301 -0.4807
v  0.8960 2.1512 -0.4607
v  0.8975 2.1512 -0.4818
v  0.9164 2.1301 -0.4362
v  0.9054 2.1408 -0.4379
v  0.8934 2.1512 -0.4396
v  0.9308 2.1191 -0.4802
v  0.8898 2.1512 -0.4187
v  0.9017 2.1408 -0.4164
v  0.9126 2.1301 -0.4142
v  0.9224 2.1191 -0.4122
v  0.9263 2.1191 -0.4348
v  0.9291 2.1191 -0.4574
v  0.9523 2.0849 -0.4551
v  0.9457 2.0965 -0.4558
v  0.9475 2.0965 -0.4794
v  0.9540 2.0849 -0.4791
v  0.9380 2.1079 -0.4565
v  0.9397 2.1079 -0.4798
v  0.9493 2.0849 -0.4313
v  0.9428 2.0965 -0.4323
v  0.9351 2.1079 -0.4334
v  0.9312 2.1079 -0.4105
v  0.9388 2.0965 -0.4090
v  0.9452 2.0849 -0.4077
v  0.8532 2.1712 -0.3856
v  0.8386 2.1807 -0.3900
v  0.8437 2.1807 -0.4084
v  0.8585 2.1712 -0.4047
v  0.8232 2.1898 -0.3947
v  0.8281 2.1898 -0.4124
v  0.8470 2.1712 -0.3667
v  0.8326 2.1807 -0.3719
v  0.8174 2.1898 -0.3773
v  0.8723 2.1614 -0.4013
v  0.8115 2.1985 -0.4165
v  0.8069 2.1985 -0.3996
v  0.8014 2.1985 -0.3830
v  0.8108 2.1898 -0.3602
v  0.7951 2.1985 -0.3667
v  0.8258 2.1807 -0.3540
v  0.8398 2.1712 -0.3482
v  0.8530 2.1614 -0.3428
v  0.8604 2.1614 -0.3619
v  0.8668 2.1614 -0.3815
v  0.9018 2.1301 -0.3709
v  0.8911 2.1408 -0.3741
v  0.8969 2.1408 -0.3951
v  0.9077 2.1301 -0.3924
v  0.8795 2.1512 -0.3776
v  0.8851 2.1512 -0.3981
v  0.8948 2.1301 -0.3496
v  0.8843 2.1408 -0.3534
v  0.8728 2.1512 -0.3575
v  0.9174 2.1191 -0.3900
v  0.8652 2.1512 -0.3377
v  0.8764 2.1408 -0.3330
v  0.8867 2.1301 -0.3288
v  0.8960 2.1191 -0.3250
v  0.9042 2.1191 -0.3463
v  0.9113 2.1191 -0.3680
v  0.9336 2.0849 -0.3612
v  0.9273 2.0965 -0.3631
v  0.9336 2.0965 -0.3859
v  0.9400 2.0849 -0.3843
v  0.9199 2.1079 -0.3654
v  0.9261 2.1079 -0.3878
v  0.9261 2.0849 -0.3384
v  0.9199 2.0965 -0.3407
v  0.9126 2.1079 -0.3433
v  0.9042 2.1079 -0.3215
v  0.9113 2.0965 -0.3186
v  0.9174 2.0849 -0.3161
v  0.5324 2.2681 -0.4829
v  0.5275 2.2684 -0.4869
v  0.5455 2.2671 -0.4829
v  0.5458 2.2670 -0.4789
v  0.5261 2.2684 -0.4823
v  0.5114 2.2693 -0.4893
v  0.5433 2.2671 -0.4756
v  0.5653 2.2652 -0.4781
v  0.5645 2.2652 -0.4732
v  0.5016 2.2697 -0.4883
v  0.5217 2.2686 -0.4800
v  0.5625 2.2652 -0.4686
v  0.5602 2.2652 -0.4640
v  0.5408 2.2671 -0.4721
v  0.6285 2.2558 -0.4538
v  0.6065 2.2595 -0.4604
v  0.6084 2.2595 -0.4674
v  0.6307 2.2558 -0.4618
v  0.5850 2.2627 -0.4669
v  0.5864 2.2627 -0.4728
v  0.6259 2.2558 -0.4458
v  0.6042 2.2595 -0.4536
v  0.5829 2.2627 -0.4612
v  0.6530 2.2515 -0.4562
v  0.5805 2.2627 -0.4556
v  0.6016 2.2595 -0.4469
v  0.6229 2.2558 -0.4381
v  0.6441 2.2515 -0.4293
v  0.6475 2.2515 -0.4381
v  0.6505 2.2515 -0.4471
v  0.7138 2.2353 -0.4279
v  0.6933 2.2412 -0.4341
v  0.6964 2.2412 -0.4453
v  0.7172 2.2353 -0.4401
v  0.6721 2.2466 -0.4405
v  0.6749 2.2466 -0.4507
v  0.7099 2.2353 -0.4158
v  0.6896 2.2412 -0.4230
v  0.6688 2.2466 -0.4305
v  0.7375 2.2289 -0.4350
v  0.6650 2.2466 -0.4206
v  0.6854 2.2412 -0.4122
v  0.7053 2.2353 -0.4039
v  0.7246 2.2289 -0.3959
v  0.7295 2.2289 -0.4088
v  0.7338 2.2289 -0.4218
v  0.7897 2.2067 -0.4048
v  0.7718 2.2146 -0.4103
v  0.7760 2.2146 -0.4254
v  0.7942 2.2067 -0.4208
v  0.7532 2.2220 -0.4159
v  0.7571 2.2220 -0.4301
v  0.7845 2.2067 -0.3891
v  0.7669 2.2146 -0.3954
v  0.7486 2.2220 -0.4019
v  0.7433 2.2220 -0.3882
v  0.7613 2.2146 -0.3808
v  0.7786 2.2067 -0.3736
v  0.5272 2.2681 -0.4703
v  0.5231 2.2684 -0.4752
v  0.5401 2.2671 -0.4678
v  0.5395 2.2670 -0.4638
v  0.5209 2.2684 -0.4710
v  0.5078 2.2693 -0.4807
v  0.5365 2.2671 -0.4610
v  0.5586 2.2652 -0.4592
v  0.5567 2.2652 -0.4546
v  0.4981 2.2697 -0.4816
v  0.5162 2.2686 -0.4695
v  0.5539 2.2652 -0.4504
v  0.5508 2.2652 -0.4464
v  0.5333 2.2671 -0.4581
v  0.6158 2.2558 -0.4230
v  0.5955 2.2595 -0.4338
v  0.5987 2.2595 -0.4403
v  0.6195 2.2558 -0.4305
v  0.5757 2.2627 -0.4444
v  0.5782 2.2627 -0.4499
v  0.6116 2.2558 -0.4158
v  0.5919 2.2595 -0.4276
v  0.5725 2.2627 -0.4392
v  0.6403 2.2515 -0.4206
v  0.5691 2.2627 -0.4342
v  0.5880 2.2595 -0.4215
v  0.6072 2.2558 -0.4087
v  0.6263 2.2515 -0.3959
v  0.6314 2.2515 -0.4039
v  0.6360 2.2515 -0.4122
v  0.6944 2.2353 -0.3810
v  0.6754 2.2412 -0.3911
v  0.6807 2.2412 -0.4015
v  0.7001 2.2353 -0.3923
v  0.6560 2.2466 -0.4015
v  0.6607 2.2466 -0.4110
v  0.6882 2.2353 -0.3699
v  0.6697 2.2412 -0.3810
v  0.6508 2.2466 -0.3923
v  0.7190 2.2289 -0.3834
v  0.6451 2.2466 -0.3834
v  0.6635 2.2412 -0.3711
v  0.6814 2.2353 -0.3592
v  0.6987 2.2289 -0.3476
v  0.7061 2.2289 -0.3592
v  0.7128 2.2289 -0.3711
v  0.7644 2.2067 -0.3436
v  0.7478 2.2146 -0.3524
v  0.7549 2.2146 -0.3664
v  0.7718 2.2067 -0.3584
v  0.7307 2.2220 -0.3616
v  0.7373 2.2220 -0.3747
v  0.7562 2.2067 -0.3291
v  0.7401 2.2146 -0.3388
v  0.7234 2.2220 -0.3488
v  0.7880 2.1985 -0.3508
v  0.7155 2.2220 -0.3363
v  0.7317 2.2146 -0.3255
v  0.7473 2.2067 -0.3151
v  0.7622 2.1985 -0.3052
v  0.7715 2.1985 -0.3199
v  0.7801 2.1985 -0.3351
v  0.8228 2.1712 -0.3123
v  0.8094 2.1807 -0.3195
v  0.8180 2.1807 -0.3366
v  0.8318 2.1712 -0.3301
v  0.7952 2.1898 -0.3271
v  0.8034 2.1898 -0.3435
v  0.8130 2.1712 -0.2950
v  0.8000 2.1807 -0.3029
v  0.7862 2.1898 -0.3112
v  0.8446 2.1614 -0.3240
v  0.7764 2.1898 -0.2957
v  0.7898 2.1807 -0.2867
v  0.8024 2.1712 -0.2783
v  0.8143 2.1614 -0.2704
v  0.8253 2.1614 -0.2877
v  0.8354 2.1614 -0.3056
v  0.8676 2.1301 -0.2884
v  0.8578 2.1408 -0.2936
v  0.8676 2.1408 -0.3131
v  0.8777 2.1301 -0.3084
v  0.8471 2.1512 -0.2994
v  0.8566 2.1512 -0.3183
v  0.8566 2.1301 -0.2690
v  0.8471 2.1408 -0.2747
v  0.8366 2.1512 -0.2809
v  0.8867 2.1191 -0.3041
v  0.8253 2.1512 -0.2630
v  0.8354 2.1408 -0.2562
v  0.8446 2.1301 -0.2501
v  0.8530 2.1191 -0.2445
v  0.8652 2.1191 -0.2638
v  0.8764 2.1191 -0.2837
v  0.8969 2.0849 -0.2727
v  0.8911 2.0965 -0.2758
v  0.9018 2.0965 -0.2970
v  0.9077 2.0849 -0.2941
v  0.8843 2.1079 -0.2795
v  0.8948 2.1079 -0.3003
v  0.8851 2.0849 -0.2518
v  0.8795 2.0965 -0.2552
v  0.8728 2.1079 -0.2592
v  0.8604 2.1079 -0.2396
v  0.8668 2.0965 -0.2353
v  0.8723 2.0849 -0.2316
v  0.7788 2.1712 -0.2464
v  0.7670 2.1807 -0.2560
v  0.7788 2.1807 -0.2711
v  0.7910 2.1712 -0.2620
v  0.7545 2.1898 -0.2663
v  0.7658 2.1898 -0.2807
v  0.7658 2.1712 -0.2313
v  0.7545 2.1807 -0.2416
v  0.7426 2.1898 -0.2524
v  0.8024 2.1614 -0.2536
v  0.7521 2.1985 -0.2909
v  0.7414 2.1985 -0.2771
v  0.7299 2.1985 -0.2639
v  0.7299 2.1898 -0.2391
v  0.7179 2.1985 -0.2512
v  0.7414 2.1807 -0.2277
v  0.7521 2.1712 -0.2170
v  0.7622 2.1614 -0.2069
v  0.7764 2.1614 -0.2218
v  0.7898 2.1614 -0.2374
v  0.8180 2.1301 -0.2142
v  0.8094 2.1408 -0.2212
v  0.8228 2.1408 -0.2384
v  0.8318 2.1301 -0.2318
v  0.8000 2.1512 -0.2290
v  0.8130 2.1512 -0.2457
v  0.8034 2.1301 -0.1973
v  0.7952 2.1408 -0.2047
v  0.7862 2.1512 -0.2129
v  0.8398 2.1191 -0.2258
v  0.7715 2.1512 -0.1975
v  0.7801 2.1408 -0.1889
v  0.7880 2.1301 -0.1811
v  0.7951 2.1191 -0.1740
v  0.8108 2.1191 -0.1905
v  0.8258 2.1191 -0.2078
v  0.8437 2.0849 -0.1931
v  0.8386 2.0965 -0.1973
v  0.8532 2.0965 -0.2159
v  0.8585 2.0849 -0.2120
v  0.8326 2.1079 -0.2022
v  0.8470 2.1079 -0.2205
v  0.8281 2.0849 -0.1749
v  0.8232 2.0965 -0.1793
v  0.8174 2.1079 -0.1846
v  0.8014 2.1079 -0.1677
v  0.8069 2.0965 -0.1622
v  0.8115 2.0849 -0.1576
v  0.5197 2.2681 -0.4590
v  0.5166 2.2684 -0.4646
v  0.5318 2.2671 -0.4541
v  0.5304 2.2670 -0.4502
v  0.5136 2.2684 -0.4609
v  0.5027 2.2693 -0.4730
v  0.5269 2.2671 -0.4481
v  0.5482 2.2652 -0.4420
v  0.5455 2.2652 -0.4378
v  0.4933 2.2697 -0.4758
v  0.5087 2.2686 -0.4604
v  0.5419 2.2652 -0.4343
v  0.5381 2.2652 -0.4310
v  0.5232 2.2671 -0.4459
v  0.5973 2.2558 -0.3953
v  0.5795 2.2595 -0.4099
v  0.5839 2.2595 -0.4156
v  0.6024 2.2558 -0.4019
v  0.5621 2.2627 -0.4242
v  0.5657 2.2627 -0.4291
v  0.5918 2.2558 -0.3890
v  0.5748 2.2595 -0.4045
v  0.5580 2.2627 -0.4197
v  0.6209 2.2515 -0.3882
v  0.5537 2.2627 -0.4154
v  0.5698 2.2595 -0.3993
v  0.5861 2.2558 -0.3830
v  0.6023 2.2515 -0.3667
v  0.6089 2.2515 -0.3736
v  0.6150 2.2515 -0.3808
v  0.6662 2.2353 -0.3388
v  0.6496 2.2412 -0.3524
v  0.6568 2.2412 -0.3616
v  0.6740 2.2353 -0.3488
v  0.6325 2.2466 -0.3664
v  0.6390 2.2466 -0.3747
v  0.6579 2.2353 -0.3291
v  0.6420 2.2412 -0.3436
v  0.6256 2.2466 -0.3584
v  0.6908 2.2289 -0.3363
v  0.6183 2.2466 -0.3508
v  0.6339 2.2412 -0.3351
v  0.6492 2.2353 -0.3199
v  0.6639 2.2289 -0.3052
v  0.6734 2.2289 -0.3151
v  0.6824 2.2289 -0.3255
v  0.7275 2.2067 -0.2884
v  0.7130 2.2146 -0.3003
v  0.7227 2.2146 -0.3127
v  0.7377 2.2067 -0.3015
v  0.6980 2.2220 -0.3127
v  0.7070 2.2220 -0.3243
v  0.7167 2.2067 -0.2759
v  0.7028 2.2146 -0.2884
v  0.6884 2.2220 -0.3015
v  0.6782 2.2220 -0.2909
v  0.6920 2.2146 -0.2771
v  0.7052 2.2067 -0.2639
v  0.5737 2.2558 -0.3718
v  0.5592 2.2595 -0.3896
v  0.5646 2.2595 -0.3943
v  0.5800 2.2558 -0.3773
v  0.5449 2.2627 -0.4069
v  0.5494 2.2627 -0.4110
v  0.5672 2.2558 -0.3667
v  0.5535 2.2595 -0.3852
v  0.5400 2.2627 -0.4034
v  0.5955 2.2515 -0.3602
v  0.5348 2.2652 -0.4271
v  0.5313 2.2652 -0.4235
v  0.5271 2.2652 -0.4208
v  0.5349 2.2627 -0.4000
v  0.5227 2.2652 -0.4183
v  0.5475 2.2595 -0.3811
v  0.5604 2.2558 -0.3619
v  0.5731 2.2515 -0.3428
v  0.5809 2.2515 -0.3482
v  0.5883 2.2515 -0.3540
v  0.6303 2.2353 -0.3029
v  0.6167 2.2412 -0.3195
v  0.6255 2.2412 -0.3271
v  0.6399 2.2353 -0.3112
v  0.6027 2.2466 -0.3366
v  0.6107 2.2466 -0.3435
v  0.6203 2.2353 -0.2950
v  0.6075 2.2412 -0.3123
v  0.5943 2.2466 -0.3301
v  0.6540 2.2289 -0.2957
v  0.5857 2.2466 -0.3240
v  0.5980 2.2412 -0.3056
v  0.6099 2.2353 -0.2877
v  0.6215 2.2289 -0.2704
v  0.6327 2.2289 -0.2783
v  0.6436 2.2289 -0.2867
v  0.6806 2.2067 -0.2416
v  0.6688 2.2146 -0.2560
v  0.6806 2.2146 -0.2663
v  0.6932 2.2067 -0.2524
v  0.6564 2.2220 -0.2711
v  0.6675 2.2220 -0.2807
v  0.6675 2.2067 -0.2313
v  0.6564 2.2146 -0.2464
v  0.6448 2.2220 -0.2620
v  0.7052 2.1985 -0.2391
v  0.6327 2.2220 -0.2536
v  0.6436 2.2146 -0.2374
v  0.6540 2.2067 -0.2218
v  0.6639 2.1985 -0.2069
v  0.6782 2.1985 -0.2170
v  0.6920 2.1985 -0.2277
v  0.7227 2.1712 -0.1903
v  0.7130 2.1807 -0.2021
v  0.7275 2.1807 -0.2145
v  0.7377 2.1712 -0.2033
v  0.7028 2.1898 -0.2145
v  0.7167 2.1898 -0.2265
v  0.7070 2.1712 -0.1781
v  0.6980 2.1807 -0.1903
v  0.6884 2.1898 -0.2033
v  0.7473 2.1614 -0.1927
v  0.6734 2.1898 -0.1927
v  0.6824 2.1807 -0.1793
v  0.6908 2.1712 -0.1667
v  0.6987 2.1614 -0.1548
v  0.7155 2.1614 -0.1667
v  0.7317 2.1614 -0.1793
v  0.7549 2.1301 -0.1511
v  0.7478 2.1408 -0.1597
v  0.7644 2.1408 -0.1739
v  0.7718 2.1301 -0.1657
v  0.7401 2.1512 -0.1691
v  0.7562 2.1512 -0.1829
v  0.7373 2.1301 -0.1373
v  0.7307 2.1408 -0.1462
v  0.7234 2.1512 -0.1560
v  0.7786 2.1191 -0.1582
v  0.7061 2.1512 -0.1438
v  0.7128 2.1408 -0.1337
v  0.7190 2.1301 -0.1244
v  0.7246 2.1191 -0.1161
v  0.7433 2.1191 -0.1293
v  0.7613 2.1191 -0.1433
v  0.7760 2.0849 -0.1254
v  0.7718 2.0965 -0.1305
v  0.7897 2.0965 -0.1459
v  0.7942 2.0849 -0.1410
v  0.7669 2.1079 -0.1364
v  0.7845 2.1079 -0.1516
v  0.7571 2.0849 -0.1106
v  0.7532 2.0965 -0.1159
v  0.7486 2.1079 -0.1221
v  0.7295 2.1079 -0.1087
v  0.7338 2.0965 -0.1023
v  0.7375 2.0849 -0.0968
v  0.5101 2.2681 -0.4494
v  0.5081 2.2684 -0.4555
v  0.5210 2.2671 -0.4422
v  0.5189 2.2670 -0.4386
v  0.5045 2.2684 -0.4525
v  0.4961 2.2693 -0.4664
v  0.5150 2.2671 -0.4373
v  0.4874 2.2697 -0.4710
v  0.4995 2.2686 -0.4529
v  0.5110 2.2671 -0.4358
v  0.6807 2.1301 -0.1015
v  0.6754 2.1408 -0.1113
v  0.6944 2.1408 -0.1220
v  0.7001 2.1301 -0.1125
v  0.6697 2.1512 -0.1220
v  0.6882 2.1512 -0.1325
v  0.6607 2.1301 -0.0914
v  0.6560 2.1408 -0.1015
v  0.6508 2.1512 -0.1125
v  0.7053 2.1191 -0.1039
v  0.6814 2.1614 -0.1438
v  0.6635 2.1614 -0.1337
v  0.6451 2.1614 -0.1244
v  0.6314 2.1512 -0.1039
v  0.6263 2.1614 -0.1161
v  0.6360 2.1408 -0.0926
v  0.6403 2.1301 -0.0824
v  0.6441 2.1191 -0.0731
v  0.6650 2.1191 -0.0824
v  0.6854 2.1191 -0.0926
v  0.6964 2.0849 -0.0721
v  0.6933 2.0965 -0.0780
v  0.7138 2.0965 -0.0896
v  0.7172 2.0849 -0.0840
v  0.6896 2.1079 -0.0848
v  0.7099 2.1079 -0.0963
v  0.6749 2.0849 -0.0614
v  0.6721 2.0965 -0.0673
v  0.6688 2.1079 -0.0743
v  0.6475 2.1079 -0.0649
v  0.6505 2.0965 -0.0577
v  0.6530 2.0849 -0.0516
v  0.4988 2.2681 -0.4418
v  0.4981 2.2684 -0.4482
v  0.5081 2.2671 -0.4326
v  0.5053 2.2670 -0.4296
v  0.4939 2.2684 -0.4459
v  0.4884 2.2693 -0.4612
v  0.5013 2.2671 -0.4290
v  0.5186 2.2652 -0.4152
v  0.5145 2.2652 -0.4123
v  0.4808 2.2697 -0.4675
v  0.4891 2.2686 -0.4473
v  0.5099 2.2652 -0.4105
v  0.5051 2.2652 -0.4089
v  0.4970 2.2671 -0.4283
v  0.5461 2.2558 -0.3533
v  0.5352 2.2595 -0.3736
v  0.5415 2.2595 -0.3772
v  0.5533 2.2558 -0.3574
v  0.5247 2.2627 -0.3934
v  0.5298 2.2627 -0.3966
v  0.5386 2.2558 -0.3496
v  0.5288 2.2595 -0.3704
v  0.5191 2.2627 -0.3908
v  0.5651 2.2515 -0.3377
v  0.5135 2.2627 -0.3885
v  0.5222 2.2595 -0.3675
v  0.5310 2.2558 -0.3462
v  0.5398 2.2515 -0.3250
v  0.5485 2.2515 -0.3288
v  0.5569 2.2515 -0.3330
v  0.5881 2.2353 -0.2747
v  0.5780 2.2412 -0.2936
v  0.5881 2.2412 -0.2994
v  0.5992 2.2353 -0.2809
v  0.5676 2.2466 -0.3131
v  0.5768 2.2466 -0.3183
v  0.5768 2.2353 -0.2690
v  0.5676 2.2412 -0.2884
v  0.5581 2.2466 -0.3084
v  0.6099 2.2289 -0.2630
v  0.5485 2.2466 -0.3041
v  0.5569 2.2412 -0.2837
v  0.5651 2.2353 -0.2638
v  0.5731 2.2289 -0.2445
v  0.5857 2.2289 -0.2501
v  0.5980 2.2289 -0.2562
v  0.6255 2.2067 -0.2047
v  0.6167 2.2146 -0.2212
v  0.6303 2.2146 -0.2290
v  0.6399 2.2067 -0.2129
v  0.6075 2.2220 -0.2384
v  0.6203 2.2220 -0.2457
v  0.6107 2.2067 -0.1973
v  0.6027 2.2146 -0.2142
v  0.5943 2.2220 -0.2318
v  0.6492 2.1985 -0.1975
v  0.5809 2.2220 -0.2258
v  0.5883 2.2146 -0.2078
v  0.5955 2.2067 -0.1905
v  0.6023 2.1985 -0.1740
v  0.6183 2.1985 -0.1811
v  0.6339 2.1985 -0.1889
v  0.6568 2.1712 -0.1462
v  0.6496 2.1807 -0.1597
v  0.6662 2.1807 -0.1691
v  0.6740 2.1712 -0.1560
v  0.6420 2.1898 -0.1739
v  0.6579 2.1898 -0.1829
v  0.6390 2.1712 -0.1373
v  0.6325 2.1807 -0.1511
v  0.6256 2.1898 -0.1657
v  0.6089 2.1898 -0.1582
v  0.6150 2.1807 -0.1433
v  0.6209 2.1712 -0.1293
v  0.5153 2.2558 -0.3406
v  0.5087 2.2595 -0.3626
v  0.5155 2.2595 -0.3649
v  0.5232 2.2558 -0.3432
v  0.5021 2.2627 -0.3841
v  0.5078 2.2627 -0.3862
v  0.5073 2.2558 -0.3384
v  0.5017 2.2595 -0.3607
v  0.4962 2.2627 -0.3826
v  0.5310 2.2515 -0.3215
v  0.5005 2.2652 -0.4066
v  0.4959 2.2652 -0.4046
v  0.4910 2.2652 -0.4037
v  0.4902 2.2627 -0.3815
v  0.4859 2.2652 -0.4031
v  0.4947 2.2595 -0.3592
v  0.4992 2.2558 -0.3366
v  0.5037 2.2515 -0.3140
v  0.5129 2.2515 -0.3161
v  0.5220 2.2515 -0.3186
v  0.5412 2.2353 -0.2552
v  0.5350 2.2412 -0.2758
v  0.5460 2.2412 -0.2795
v  0.5533 2.2353 -0.2592
v  0.5286 2.2466 -0.2970
v  0.5386 2.2466 -0.3003
v  0.5290 2.2353 -0.2518
v  0.5237 2.2412 -0.2727
v  0.5184 2.2466 -0.2941
v  0.5603 2.2289 -0.2396
v  0.5081 2.2466 -0.2918
v  0.5124 2.2412 -0.2702
v  0.5166 2.2353 -0.2491
v  0.5206 2.2289 -0.2286
v  0.5340 2.2289 -0.2316
v  0.5473 2.2289 -0.2353
v  0.5642 2.2067 -0.1793
v  0.5588 2.2146 -0.1973
v  0.5737 2.2146 -0.2022
v  0.5800 2.2067 -0.1846
v  0.5531 2.2220 -0.2159
v  0.5671 2.2220 -0.2205
v  0.5482 2.2067 -0.1749
v  0.5437 2.2146 -0.1931
v  0.5390 2.2220 -0.2120
v  0.5860 2.1985 -0.1677
v  0.5246 2.2220 -0.2088
v  0.5284 2.2146 -0.1896
v  0.5320 2.2067 -0.1713
v  0.5355 2.1985 -0.1537
v  0.5526 2.1985 -0.1576
v  0.5694 2.1985 -0.1622
v  0.5835 2.1712 -0.1159
v  0.5791 2.1807 -0.1305
v  0.5972 2.1807 -0.1364
v  0.6023 2.1712 -0.1221
v  0.5744 2.1898 -0.1459
v  0.5918 2.1898 -0.1516
v  0.5644 2.1712 -0.1106
v  0.5607 2.1807 -0.1254
v  0.5567 2.1898 -0.1410
v  0.6071 2.1614 -0.1087
v  0.5389 2.1898 -0.1370
v  0.5420 2.1807 -0.1212
v  0.5450 2.1712 -0.1062
v  0.5478 2.1614 -0.0923
v  0.5678 2.1614 -0.0968
v  0.5876 2.1614 -0.1023
v  0.5982 2.1301 -0.0673
v  0.5950 2.1408 -0.0780
v  0.6157 2.1408 -0.0848
v  0.6194 2.1301 -0.0743
v  0.5915 2.1512 -0.0896
v  0.6116 2.1512 -0.0963
v  0.5767 2.1301 -0.0614
v  0.5740 2.1408 -0.0721
v  0.5710 2.1512 -0.0840
v  0.6228 2.1191 -0.0649
v  0.5503 2.1512 -0.0793
v  0.5527 2.1408 -0.0674
v  0.5549 2.1301 -0.0565
v  0.5568 2.1191 -0.0466
v  0.5791 2.1191 -0.0516
v  0.6011 2.1191 -0.0577
v  0.6079 2.0849 -0.0355
v  0.6060 2.0965 -0.0418
v  0.6284 2.0965 -0.0492
v  0.6306 2.0849 -0.0430
v  0.6037 2.1079 -0.0492
v  0.6258 2.1079 -0.0565
v  0.5848 2.0849 -0.0291
v  0.5832 2.0965 -0.0355
v  0.5813 2.1079 -0.0430
v  0.5586 2.1079 -0.0379
v  0.5601 2.0965 -0.0303
v  0.5614 2.0849 -0.0238
v  0.4862 2.2681 -0.4366
v  0.4868 2.2684 -0.4430
v  0.4935 2.2671 -0.4258
v  0.4902 2.2670 -0.4233
v  0.4822 2.2684 -0.4416
v  0.4798 2.2693 -0.4577
v  0.4861 2.2671 -0.4235
v  0.4736 2.2697 -0.4653
v  0.4778 2.2686 -0.4439
v  0.4818 2.2671 -0.4237
v  0.5107 2.1301 -0.0499
v  0.5096 2.1408 -0.0610
v  0.5312 2.1408 -0.0636
v  0.5329 2.1301 -0.0526
v  0.5084 2.1512 -0.0731
v  0.5294 2.1512 -0.0757
v  0.4884 2.1301 -0.0483
v  0.4878 2.1408 -0.0594
v  0.4873 2.1512 -0.0715
v  0.5343 2.1191 -0.0427
v  0.5275 2.1614 -0.0888
v  0.5071 2.1614 -0.0863
v  0.4866 2.1614 -0.0847
v  0.4661 2.1512 -0.0710
v  0.4661 2.1614 -0.0842
v  0.4661 2.1408 -0.0588
v  0.4661 2.1301 -0.0477
v  0.4661 2.1191 -0.0377
v  0.4889 2.1191 -0.0383
v  0.5117 2.1191 -0.0399
v  0.5139 2.0849 -0.0168
v  0.5133 2.0965 -0.0234
v  0.5368 2.0965 -0.0263
v  0.5377 2.0849 -0.0197
v  0.5125 2.1079 -0.0311
v  0.5356 2.1079 -0.0339
v  0.4900 2.0849 -0.0150
v  0.4897 2.0965 -0.0216
v  0.4893 2.1079 -0.0294
v  0.4661 2.1079 -0.0288
v  0.4661 2.0965 -0.0210
v  0.4661 2.0849 -0.0145
v  0.4729 2.2681 -0.4340
v  0.4746 2.2684 -0.4401
v  0.4779 2.2671 -0.4219
v  0.4742 2.2670 -0.4201
v  0.4699 2.2684 -0.4397
v  0.4707 2.2693 -0.4559
v  0.4702 2.2671 -0.4212
v  0.4810 2.2652 -0.4018
v  0.4761 2.2652 -0.4007
v  0.4661 2.2697 -0.4645
v  0.4661 2.2686 -0.4428
v  0.4711 2.2652 -0.4008
v  0.4661 2.2652 -0.4011
v  0.4661 2.2671 -0.4222
v  0.4827 2.2558 -0.3341
v  0.4804 2.2595 -0.3570
v  0.4876 2.2595 -0.3579
v  0.4910 2.2558 -0.3351
v  0.4782 2.2627 -0.3793
v  0.4842 2.2627 -0.3803
v  0.4744 2.2558 -0.3335
v  0.4733 2.2595 -0.3565
v  0.4722 2.2627 -0.3791
v  0.4943 2.2515 -0.3124
v  0.4661 2.2627 -0.3791
v  0.4661 2.2595 -0.3564
v  0.4661 2.2558 -0.3333
v  0.4661 2.2515 -0.3103
v  0.4755 2.2515 -0.3105
v  0.4849 2.2515 -0.3112
v  0.4914 2.2353 -0.2453
v  0.4893 2.2412 -0.2667
v  0.5009 2.2412 -0.2682
v  0.5040 2.2353 -0.2469
v  0.4872 2.2466 -0.2887
v  0.4977 2.2466 -0.2900
v  0.4788 2.2353 -0.2444
v  0.4777 2.2412 -0.2659
v  0.4766 2.2466 -0.2879
v  0.5071 2.2289 -0.2262
v  0.4661 2.2466 -0.2877
v  0.4661 2.2412 -0.2656
v  0.4661 2.2353 -0.2441
v  0.4661 2.2289 -0.2232
v  0.4798 2.2289 -0.2235
v  0.4935 2.2289 -0.2246
v  0.4992 2.2067 -0.1664
v  0.4974 2.2146 -0.1850
v  0.5129 2.2146 -0.1870
v  0.5157 2.2067 -0.1684
v  0.4955 2.2220 -0.2044
v  0.5101 2.2220 -0.2062
v  0.4827 2.2067 -0.1652
v  0.4817 2.2146 -0.1839
v  0.4808 2.2220 -0.2034
v  0.5183 2.1985 -0.1507
v  0.4661 2.2220 -0.2030
v  0.4661 2.2146 -0.1835
v  0.4661 2.2067 -0.1648
v  0.4661 2.1985 -0.1469
v  0.4835 2.1985 -0.1473
v  0.5010 2.1985 -0.1486
v  0.5057 2.1712 -0.1004
v  0.5042 2.1807 -0.1156
v  0.5232 2.1807 -0.1179
v  0.5254 2.1712 -0.1029
v  0.5026 2.1898 -0.1316
v  0.5208 2.1898 -0.1339
v  0.4859 2.1712 -0.0990
v  0.4852 2.1807 -0.1142
v  0.4844 2.1898 -0.1303
v  0.4661 2.1898 -0.1298
v  0.4661 2.1807 -0.1137
v  0.4661 2.1712 -0.0985
v  0.4407 2.2353 -0.2453
v  0.4428 2.2412 -0.2667
v  0.4544 2.2412 -0.2659
v  0.4533 2.2353 -0.2444
v  0.4449 2.2466 -0.2887
v  0.4555 2.2466 -0.2879
v  0.4281 2.2353 -0.2469
v  0.4312 2.2412 -0.2682
v  0.4345 2.2466 -0.2900
v  0.4523 2.2289 -0.2235
v  0.4566 2.2515 -0.3105
v  0.4472 2.2515 -0.3112
v  0.4378 2.2515 -0.3124
v  0.4240 2.2466 -0.2918
v  0.4284 2.2515 -0.3140
v  0.4197 2.2412 -0.2702
v  0.4155 2.2353 -0.2491
v  0.4115 2.2289 -0.2286
v  0.4250 2.2289 -0.2262
v  0.4386 2.2289 -0.2246
v  0.4329 2.2067 -0.1664
v  0.4347 2.2146 -0.1850
v  0.4504 2.2146 -0.1839
v  0.4495 2.2067 -0.1652
v  0.4366 2.2220 -0.2044
v  0.4513 2.2220 -0.2034
v  0.4164 2.2067 -0.1684
v  0.4192 2.2146 -0.1870
v  0.4220 2.2220 -0.2062
v  0.4486 2.1985 -0.1473
v  0.4075 2.2220 -0.2088
v  0.4037 2.2146 -0.1896
v  0.4001 2.2067 -0.1713
v  0.3966 2.1985 -0.1537
v  0.4138 2.1985 -0.1507
v  0.4311 2.1985 -0.1486
v  0.4264 2.1712 -0.1004
v  0.4279 2.1807 -0.1156
v  0.4469 2.1807 -0.1142
v  0.4462 2.1712 -0.0990
v  0.4295 2.1898 -0.1316
v  0.4477 2.1898 -0.1303
v  0.4067 2.1712 -0.1029
v  0.4089 2.1807 -0.1179
v  0.4113 2.1898 -0.1339
v  0.4455 2.1614 -0.0847
v  0.3932 2.1898 -0.1370
v  0.3901 2.1807 -0.1212
v  0.3871 2.1712 -0.1062
v  0.3844 2.1614 -0.0923
v  0.4046 2.1614 -0.0888
v  0.4250 2.1614 -0.0863
v  0.4214 2.1301 -0.0499
v  0.4225 2.1408 -0.0610
v  0.4443 2.1408 -0.0594
v  0.4437 2.1301 -0.0483
v  0.4237 2.1512 -0.0731
v  0.4449 2.1512 -0.0715
v  0.3992 2.1301 -0.0526
v  0.4009 2.1408 -0.0636
v  0.4027 2.1512 -0.0757
v  0.4432 2.1191 -0.0383
v  0.3818 2.1512 -0.0793
v  0.3794 2.1408 -0.0674
v  0.3772 2.1301 -0.0565
v  0.3753 2.1191 -0.0466
v  0.3978 2.1191 -0.0427
v  0.4204 2.1191 -0.0399
v  0.4182 2.0849 -0.0168
v  0.4188 2.0965 -0.0234
v  0.4424 2.0965 -0.0216
v  0.4421 2.0849 -0.0150
v  0.4196 2.1079 -0.0311
v  0.4428 2.1079 -0.0294
v  0.3944 2.0849 -0.0197
v  0.3953 2.0965 -0.0263
v  0.3965 2.1079 -0.0339
v  0.3735 2.1079 -0.0379
v  0.3720 2.0965 -0.0303
v  0.3707 2.0849 -0.0238
v  0.4593 2.2681 -0.4340
v  0.4622 2.2684 -0.4397
v  0.4619 2.2671 -0.4212
v  0.4579 2.2670 -0.4201
v  0.4575 2.2684 -0.4401
v  0.4614 2.2693 -0.4559
v  0.4542 2.2671 -0.4219
v  0.4610 2.2652 -0.4008
v  0.4560 2.2652 -0.4007
v  0.4585 2.2697 -0.4653
v  0.4543 2.2686 -0.4439
v  0.4511 2.2652 -0.4018
v  0.4462 2.2652 -0.4031
v  0.4503 2.2671 -0.4237
v  0.4494 2.2558 -0.3341
v  0.4517 2.2595 -0.3570
v  0.4588 2.2595 -0.3565
v  0.4577 2.2558 -0.3335
v  0.4539 2.2627 -0.3793
v  0.4599 2.2627 -0.3791
v  0.4411 2.2558 -0.3351
v  0.4445 2.2595 -0.3579
v  0.4479 2.2627 -0.3803
v  0.4419 2.2627 -0.3815
v  0.4374 2.2595 -0.3592
v  0.4329 2.2558 -0.3366
v  0.3242 2.0849 -0.0355
v  0.3261 2.0965 -0.0418
v  0.3489 2.0965 -0.0355
v  0.3473 2.0849 -0.0291
v  0.3284 2.1079 -0.0492
v  0.3508 2.1079 -0.0430
v  0.3015 2.0849 -0.0430
v  0.3037 2.0965 -0.0492
v  0.3063 2.1079 -0.0565
v  0.3530 2.1191 -0.0516
v  0.3310 2.1191 -0.0577
v  0.3093 2.1191 -0.0649
v  0.2846 2.1079 -0.0649
v  0.2880 2.1191 -0.0731
v  0.2816 2.0965 -0.0577
v  0.2791 2.0849 -0.0516
v  0.4459 2.2681 -0.4366
v  0.4499 2.2684 -0.4416
v  0.4460 2.2671 -0.4235
v  0.4419 2.2670 -0.4233
v  0.4453 2.2684 -0.4430
v  0.4523 2.2693 -0.4577
v  0.4386 2.2671 -0.4258
v  0.4411 2.2652 -0.4037
v  0.4362 2.2652 -0.4046
v  0.4513 2.2697 -0.4675
v  0.4430 2.2686 -0.4473
v  0.4316 2.2652 -0.4066
v  0.4271 2.2652 -0.4089
v  0.4351 2.2671 -0.4283
v  0.4168 2.2558 -0.3406
v  0.4234 2.2595 -0.3626
v  0.4304 2.2595 -0.3607
v  0.4248 2.2558 -0.3384
v  0.4300 2.2627 -0.3841
v  0.4359 2.2627 -0.3826
v  0.4089 2.2558 -0.3432
v  0.4166 2.2595 -0.3649
v  0.4243 2.2627 -0.3862
v  0.4192 2.2515 -0.3161
v  0.4186 2.2627 -0.3885
v  0.4099 2.2595 -0.3675
v  0.4011 2.2558 -0.3462
v  0.3923 2.2515 -0.3250
v  0.4011 2.2515 -0.3215
v  0.4101 2.2515 -0.3186
v  0.3909 2.2353 -0.2552
v  0.3971 2.2412 -0.2758
v  0.4084 2.2412 -0.2727
v  0.4031 2.2353 -0.2518
v  0.4035 2.2466 -0.2970
v  0.4137 2.2466 -0.2941
v  0.3788 2.2353 -0.2592
v  0.3861 2.2412 -0.2795
v  0.3935 2.2466 -0.3003
v  0.3981 2.2289 -0.2316
v  0.3836 2.2466 -0.3041
v  0.3752 2.2412 -0.2837
v  0.3670 2.2353 -0.2638
v  0.3590 2.2289 -0.2445
v  0.3718 2.2289 -0.2396
v  0.3848 2.2289 -0.2353
v  0.3679 2.2067 -0.1793
v  0.3733 2.2146 -0.1973
v  0.3884 2.2146 -0.1931
v  0.3839 2.2067 -0.1749
v  0.3790 2.2220 -0.2159
v  0.3931 2.2220 -0.2120
v  0.3521 2.2067 -0.1846
v  0.3584 2.2146 -0.2022
v  0.3650 2.2220 -0.2205
v  0.3795 2.1985 -0.1576
v  0.3512 2.2220 -0.2258
v  0.3438 2.2146 -0.2078
v  0.3366 2.2067 -0.1905
v  0.3298 2.1985 -0.1740
v  0.3461 2.1985 -0.1677
v  0.3627 2.1985 -0.1622
v  0.3486 2.1712 -0.1159
v  0.3530 2.1807 -0.1305
v  0.3715 2.1807 -0.1254
v  0.3678 2.1712 -0.1106
v  0.3577 2.1898 -0.1459
v  0.3754 2.1898 -0.1410
v  0.3298 2.1712 -0.1221
v  0.3349 2.1807 -0.1364
v  0.3403 2.1898 -0.1516
v  0.3643 2.1614 -0.0968
v  0.3232 2.1898 -0.1582
v  0.3171 2.1807 -0.1433
v  0.3112 2.1712 -0.1293
v  0.3058 2.1614 -0.1161
v  0.3250 2.1614 -0.1087
v  0.3445 2.1614 -0.1023
v  0.3339 2.1301 -0.0673
v  0.3371 2.1408 -0.0780
v  0.3581 2.1408 -0.0721
v  0.3554 2.1301 -0.0614
v  0.3406 2.1512 -0.0896
v  0.3611 2.1512 -0.0840
v  0.3127 2.1301 -0.0743
v  0.3164 2.1408 -0.0848
v  0.3205 2.1512 -0.0963
v  0.3007 2.1512 -0.1039
v  0.2961 2.1408 -0.0926
v  0.2918 2.1301 -0.0824
v  0.3066 2.2067 -0.2047
v  0.3154 2.2146 -0.2212
v  0.3294 2.2146 -0.2142
v  0.3214 2.2067 -0.1973
v  0.3246 2.2220 -0.2384
v  0.3378 2.2220 -0.2318
v  0.2922 2.2067 -0.2129
v  0.3018 2.2146 -0.2290
v  0.3118 2.2220 -0.2457
v  0.3138 2.1985 -0.1811
v  0.3464 2.2289 -0.2501
v  0.3341 2.2289 -0.2562
v  0.3222 2.2289 -0.2630
v  0.2994 2.2220 -0.2536
v  0.3106 2.2289 -0.2704
v  0.2885 2.2146 -0.2374
v  0.2781 2.2067 -0.2218
v  0.2682 2.1985 -0.2069
v  0.2830 2.1985 -0.1975
v  0.2982 2.1985 -0.1889
v  0.2753 2.1712 -0.1462
v  0.2825 2.1807 -0.1597
v  0.2996 2.1807 -0.1511
v  0.2931 2.1712 -0.1373
v  0.2901 2.1898 -0.1739
v  0.3065 2.1898 -0.1657
v  0.2581 2.1712 -0.1560
v  0.2659 2.1807 -0.1691
v  0.2742 2.1898 -0.1829
v  0.2870 2.1614 -0.1244
v  0.2587 2.1898 -0.1927
v  0.2497 2.1807 -0.1793
v  0.2413 2.1712 -0.1667
v  0.2334 2.1614 -0.1548
v  0.2508 2.1614 -0.1438
v  0.2686 2.1614 -0.1337
v  0.2514 2.1301 -0.1015
v  0.2567 2.1408 -0.1113
v  0.2761 2.1408 -0.1015
v  0.2714 2.1301 -0.0914
v  0.2624 2.1512 -0.1220
v  0.2813 2.1512 -0.1125
v  0.2320 2.1301 -0.1125
v  0.2377 2.1408 -0.1220
v  0.2440 2.1512 -0.1325
v  0.2671 2.1191 -0.0824
v  0.2260 2.1512 -0.1438
v  0.2193 2.1408 -0.1337
v  0.2131 2.1301 -0.1244
v  0.2075 2.1191 -0.1161
v  0.2268 2.1191 -0.1039
v  0.2467 2.1191 -0.0926
v  0.2357 2.0849 -0.0721
v  0.2388 2.0965 -0.0780
v  0.2600 2.0965 -0.0673
v  0.2572 2.0849 -0.0614
v  0.2425 2.1079 -0.0848
v  0.2633 2.1079 -0.0743
v  0.2149 2.0849 -0.0840
v  0.2183 2.0965 -0.0896
v  0.2223 2.1079 -0.0963
v  0.2026 2.1079 -0.1087
v  0.1983 2.0965 -0.1023
v  0.1946 2.0849 -0.0968
v  0.4333 2.2681 -0.4418
v  0.4383 2.2684 -0.4459
v  0.4308 2.2671 -0.4290
v  0.4268 2.2670 -0.4296
v  0.4340 2.2684 -0.4482
v  0.4437 2.2693 -0.4612
v  0.4241 2.2671 -0.4326
v  0.4222 2.2652 -0.4105
v  0.4176 2.2652 -0.4123
v  0.4447 2.2697 -0.4710
v  0.4326 2.2686 -0.4529
v  0.4135 2.2652 -0.4152
v  0.4094 2.2652 -0.4183
v  0.4211 2.2671 -0.4358
v  0.3860 2.2558 -0.3533
v  0.3969 2.2595 -0.3736
v  0.4033 2.2595 -0.3704
v  0.3935 2.2558 -0.3496
v  0.4075 2.2627 -0.3934
v  0.4130 2.2627 -0.3908
v  0.3788 2.2558 -0.3574
v  0.3906 2.2595 -0.3772
v  0.4023 2.2627 -0.3966
v  0.3836 2.2515 -0.3288
v  0.3972 2.2627 -0.4000
v  0.3846 2.2595 -0.3811
v  0.3718 2.2558 -0.3619
v  0.3590 2.2515 -0.3428
v  0.3670 2.2515 -0.3377
v  0.3752 2.2515 -0.3330
v  0.3440 2.2353 -0.2747
v  0.3541 2.2412 -0.2936
v  0.3645 2.2412 -0.2884
v  0.3553 2.2353 -0.2690
v  0.3645 2.2466 -0.3131
v  0.3740 2.2466 -0.3084
v  0.3329 2.2353 -0.2809
v  0.3440 2.2412 -0.2994
v  0.3553 2.2466 -0.3183
v  0.3464 2.2466 -0.3240
v  0.3341 2.2412 -0.3056
v  0.3222 2.2353 -0.2877
v  0.4220 2.2681 -0.4494
v  0.4277 2.2684 -0.4525
v  0.4171 2.2671 -0.4373
v  0.4132 2.2670 -0.4386
v  0.4240 2.2684 -0.4555
v  0.4360 2.2693 -0.4664
v  0.4111 2.2671 -0.4422
v  0.4050 2.2652 -0.4208
v  0.4008 2.2652 -0.4235
v  0.4388 2.2697 -0.4758
v  0.4234 2.2686 -0.4604
v  0.3973 2.2652 -0.4271
v  0.3940 2.2652 -0.4310
v  0.4089 2.2671 -0.4459
v  0.3584 2.2558 -0.3718
v  0.3729 2.2595 -0.3896
v  0.3786 2.2595 -0.3852
v  0.3649 2.2558 -0.3667
v  0.3872 2.2627 -0.4069
v  0.3921 2.2627 -0.4034
v  0.3521 2.2558 -0.3773
v  0.3675 2.2595 -0.3943
v  0.3827 2.2627 -0.4110
v  0.3512 2.2515 -0.3482
v  0.3784 2.2627 -0.4154
v  0.3623 2.2595 -0.3993
v  0.3460 2.2558 -0.3830
v  0.3298 2.2515 -0.3667
v  0.3366 2.2515 -0.3602
v  0.3438 2.2515 -0.3540
v  0.3018 2.2353 -0.3029
v  0.3154 2.2412 -0.3195
v  0.3246 2.2412 -0.3123
v  0.3118 2.2353 -0.2950
v  0.3294 2.2466 -0.3366
v  0.3378 2.2466 -0.3301
v  0.2922 2.2353 -0.3112
v  0.3066 2.2412 -0.3271
v  0.3214 2.2466 -0.3435
v  0.2994 2.2289 -0.2783
v  0.3138 2.2466 -0.3508
v  0.2982 2.2412 -0.3351
v  0.2830 2.2353 -0.3199
v  0.2682 2.2289 -0.3052
v  0.2781 2.2289 -0.2957
v  0.2885 2.2289 -0.2867
v  0.2515 2.2067 -0.2416
v  0.2633 2.2146 -0.2560
v  0.2757 2.2146 -0.2464
v  0.2646 2.2067 -0.2313
v  0.2757 2.2220 -0.2711
v  0.2873 2.2220 -0.2620
v  0.2389 2.2067 -0.2524
v  0.2515 2.2146 -0.2663
v  0.2646 2.2220 -0.2807
v  0.2539 2.1985 -0.2170
v  0.2539 2.2220 -0.2909
v  0.2401 2.2146 -0.2771
v  0.2269 2.2067 -0.2639
v  0.2142 2.1985 -0.2512
v  0.2269 2.1985 -0.2391
v  0.2401 2.1985 -0.2277
v  0.2094 2.1712 -0.1903
v  0.2191 2.1807 -0.2021
v  0.2341 2.1807 -0.1903
v  0.2251 2.1712 -0.1781
v  0.2293 2.1898 -0.2145
v  0.2437 2.1898 -0.2033
v  0.1944 2.1712 -0.2033
v  0.2046 2.1807 -0.2145
v  0.2154 2.1898 -0.2265
v  0.2166 2.1614 -0.1667
v  0.2022 2.1898 -0.2391
v  0.1907 2.1807 -0.2277
v  0.1800 2.1712 -0.2170
v  0.1699 2.1614 -0.2069
v  0.1848 2.1614 -0.1927
v  0.2004 2.1614 -0.1793
v  0.1772 2.1301 -0.1511
v  0.1843 2.1408 -0.1597
v  0.2014 2.1408 -0.1462
v  0.1948 2.1301 -0.1373
v  0.1920 2.1512 -0.1691
v  0.2087 2.1512 -0.1560
v  0.1603 2.1301 -0.1657
v  0.1677 2.1408 -0.1739
v  0.1759 2.1512 -0.1829
v  0.1889 2.1191 -0.1293
v  0.1606 2.1512 -0.1975
v  0.1520 2.1408 -0.1889
v  0.1441 2.1301 -0.1811
v  0.1370 2.1191 -0.1740
v  0.1536 2.1191 -0.1582
v  0.1708 2.1191 -0.1433
v  0.1561 2.0849 -0.1254
v  0.1603 2.0965 -0.1305
v  0.1789 2.0965 -0.1159
v  0.1750 2.0849 -0.1106
v  0.1652 2.1079 -0.1364
v  0.1836 2.1079 -0.1221
v  0.1379 2.0849 -0.1410
v  0.1424 2.0965 -0.1459
v  0.1476 2.1079 -0.1516
v  0.1307 2.1079 -0.1677
v  0.1252 2.0965 -0.1622
v  0.1206 2.0849 -0.1576
v  0.2046 2.2067 -0.2884
v  0.2191 2.2146 -0.3003
v  0.2293 2.2146 -0.2884
v  0.2154 2.2067 -0.2759
v  0.2341 2.2220 -0.3127
v  0.2437 2.2220 -0.3015
v  0.1944 2.2067 -0.3015
v  0.2094 2.2146 -0.3127
v  0.2251 2.2220 -0.3243
v  0.2022 2.1985 -0.2639
v  0.2587 2.2289 -0.3151
v  0.2497 2.2289 -0.3255
v  0.2413 2.2289 -0.3363
v  0.2166 2.2220 -0.3363
v  0.2334 2.2289 -0.3476
v  0.2004 2.2146 -0.3255
v  0.1848 2.2067 -0.3151
v  0.1699 2.1985 -0.3052
v  0.1800 2.1985 -0.2909
v  0.1907 2.1985 -0.2771
v  0.1533 2.1712 -0.2464
v  0.1651 2.1807 -0.2560
v  0.1776 2.1807 -0.2416
v  0.1663 2.1712 -0.2313
v  0.1776 2.1898 -0.2663
v  0.1895 2.1898 -0.2524
v  0.1411 2.1712 -0.2620
v  0.1533 2.1807 -0.2711
v  0.1663 2.1898 -0.2807
v  0.1558 2.1614 -0.2218
v  0.1558 2.1898 -0.2957
v  0.1423 2.1807 -0.2867
v  0.1297 2.1712 -0.2783
v  0.1178 2.1614 -0.2704
v  0.1297 2.1614 -0.2536
v  0.1423 2.1614 -0.2374
v  0.1141 2.1301 -0.2142
v  0.1227 2.1408 -0.2212
v  0.1369 2.1408 -0.2047
v  0.1287 2.1301 -0.1973
v  0.1321 2.1512 -0.2290
v  0.1460 2.1512 -0.2129
v  0.1003 2.1301 -0.2318
v  0.1093 2.1408 -0.2384
v  0.1191 2.1512 -0.2457
v  0.1213 2.1191 -0.1905
v  0.1068 2.1512 -0.2630
v  0.0967 2.1408 -0.2562
v  0.0875 2.1301 -0.2501
v  0.0791 2.1191 -0.2445
v  0.0923 2.1191 -0.2258
v  0.1063 2.1191 -0.2078
v  0.0884 2.0849 -0.1931
v  0.0935 2.0965 -0.1973
v  0.1089 2.0965 -0.1793
v  0.1040 2.0849 -0.1749
v  0.0995 2.1079 -0.2022
v  0.1147 2.1079 -0.1846
v  0.0736 2.0849 -0.2120
v  0.0789 2.0965 -0.2159
v  0.0851 2.1079 -0.2205
v  0.0717 2.1079 -0.2396
v  0.0653 2.0965 -0.2353
v  0.0598 2.0849 -0.2316
v  0.4124 2.2681 -0.4590
v  0.4185 2.2684 -0.4609
v  0.4052 2.2671 -0.4481
v  0.4017 2.2670 -0.4502
v  0.4155 2.2684 -0.4646
v  0.4294 2.2693 -0.4730
v  0.4003 2.2671 -0.4541
v  0.3902 2.2652 -0.4343
v  0.3866 2.2652 -0.4378
v  0.4340 2.2697 -0.4816
v  0.4159 2.2686 -0.4695
v  0.3839 2.2652 -0.4420
v  0.3813 2.2652 -0.4464
v  0.3988 2.2671 -0.4581
v  0.3348 2.2558 -0.3953
v  0.3526 2.2595 -0.4099
v  0.3573 2.2595 -0.4045
v  0.3403 2.2558 -0.3890
v  0.3700 2.2627 -0.4242
v  0.3741 2.2627 -0.4197
v  0.3297 2.2558 -0.4019
v  0.3482 2.2595 -0.4156
v  0.3664 2.2627 -0.4291
v  0.3232 2.2515 -0.3736
v  0.3630 2.2627 -0.4342
v  0.3441 2.2595 -0.4215
v  0.3249 2.2558 -0.4087
v  0.3058 2.2515 -0.3959
v  0.3112 2.2515 -0.3882
v  0.3171 2.2515 -0.3808
v  0.2659 2.2353 -0.3388
v  0.2825 2.2412 -0.3524
v  0.2901 2.2412 -0.3436
v  0.2742 2.2353 -0.3291
v  0.2996 2.2466 -0.3664
v  0.3065 2.2466 -0.3584
v  0.2581 2.2353 -0.3488
v  0.2753 2.2412 -0.3616
v  0.2931 2.2466 -0.3747
v  0.2870 2.2466 -0.3834
v  0.2686 2.2412 -0.3711
v  0.2508 2.2353 -0.3592
v  0.4049 2.2681 -0.4703
v  0.4112 2.2684 -0.4710
v  0.3956 2.2671 -0.4610
v  0.3926 2.2670 -0.4638
v  0.4090 2.2684 -0.4752
v  0.4243 2.2693 -0.4807
v  0.3920 2.2671 -0.4678
v  0.3782 2.2652 -0.4504
v  0.3754 2.2652 -0.4546
v  0.4305 2.2697 -0.4883
v  0.4104 2.2686 -0.4800
v  0.3735 2.2652 -0.4592
v  0.3719 2.2652 -0.4640
v  0.3914 2.2671 -0.4721
v  0.3163 2.2558 -0.4230
v  0.3366 2.2595 -0.4338
v  0.3402 2.2595 -0.4276
v  0.3205 2.2558 -0.4158
v  0.3564 2.2627 -0.4444
v  0.3596 2.2627 -0.4392
v  0.3126 2.2558 -0.4305
v  0.3334 2.2595 -0.4403
v  0.3539 2.2627 -0.4499
v  0.3007 2.2515 -0.4039
v  0.3516 2.2627 -0.4556
v  0.3306 2.2595 -0.4469
v  0.3092 2.2558 -0.4381
v  0.2880 2.2515 -0.4293
v  0.2918 2.2515 -0.4206
v  0.2961 2.2515 -0.4122
v  0.2377 2.2353 -0.3810
v  0.2567 2.2412 -0.3911
v  0.2624 2.2412 -0.3810
v  0.2440 2.2353 -0.3699
v  0.2761 2.2466 -0.4015
v  0.2813 2.2466 -0.3923
v  0.2320 2.2353 -0.3923
v  0.2514 2.2412 -0.4015
v  0.2714 2.2466 -0.4110
v  0.2260 2.2289 -0.3592
v  0.2671 2.2466 -0.4206
v  0.2467 2.2412 -0.4122
v  0.2268 2.2353 -0.4039
v  0.2075 2.2289 -0.3959
v  0.2131 2.2289 -0.3834
v  0.2193 2.2289 -0.3711
v  0.1677 2.2067 -0.3436
v  0.1843 2.2146 -0.3524
v  0.1920 2.2146 -0.3388
v  0.1759 2.2067 -0.3291
v  0.2014 2.2220 -0.3616
v  0.2087 2.2220 -0.3488
v  0.1603 2.2067 -0.3584
v  0.1772 2.2146 -0.3664
v  0.1948 2.2220 -0.3747
v  0.1606 2.1985 -0.3199
v  0.1889 2.2220 -0.3882
v  0.1708 2.2146 -0.3808
v  0.1536 2.2067 -0.3736
v  0.1370 2.1985 -0.3667
v  0.1441 2.1985 -0.3508
v  0.1520 2.1985 -0.3351
v  0.1093 2.1712 -0.3123
v  0.1227 2.1807 -0.3195
v  0.1321 2.1807 -0.3029
v  0.1191 2.1712 -0.2950
v  0.1369 2.1898 -0.3271
v  0.1460 2.1898 -0.3112
v  0.1003 2.1712 -0.3301
v  0.1141 2.1807 -0.3366
v  0.1287 2.1898 -0.3435
v  0.1068 2.1614 -0.2877
v  0.1213 2.1898 -0.3602
v  0.1063 2.1807 -0.3540
v  0.0923 2.1712 -0.3482
v  0.0791 2.1614 -0.3428
v  0.0875 2.1614 -0.3240
v  0.0967 2.1614 -0.3056
v  0.0645 2.1301 -0.2884
v  0.0743 2.1408 -0.2936
v  0.0851 2.1408 -0.2747
v  0.0755 2.1301 -0.2690
v  0.0851 2.1512 -0.2994
v  0.0955 2.1512 -0.2809
v  0.0545 2.1301 -0.3084
v  0.0645 2.1408 -0.3131
v  0.0755 2.1512 -0.3183
v  0.0669 2.1191 -0.2638
v  0.0669 2.1512 -0.3377
v  0.0557 2.1408 -0.3330
v  0.0454 2.1301 -0.3288
v  0.0361 2.1191 -0.3250
v  0.0454 2.1191 -0.3041
v  0.0557 2.1191 -0.2837
v  0.0352 2.0849 -0.2727
v  0.0410 2.0965 -0.2758
v  0.0526 2.0965 -0.2552
v  0.0470 2.0849 -0.2518
v  0.0478 2.1079 -0.2795
v  0.0593 2.1079 -0.2592
v  0.0244 2.0849 -0.2941
v  0.0303 2.0965 -0.2970
v  0.0374 2.1079 -0.3003
v  0.0279 2.1079 -0.3215
v  0.0208 2.0965 -0.3186
v  0.0147 2.0849 -0.3161
v  0.0789 2.1712 -0.3856
v  0.0935 2.1807 -0.3900
v  0.0995 2.1807 -0.3719
v  0.0851 2.1712 -0.3667
v  0.1089 2.1898 -0.3947
v  0.1147 2.1898 -0.3773
v  0.0736 2.1712 -0.4047
v  0.0884 2.1807 -0.4084
v  0.1040 2.1898 -0.4124
v  0.0717 2.1614 -0.3619
v  0.1307 2.1985 -0.3830
v  0.1252 2.1985 -0.3996
v  0.1206 2.1985 -0.4165
v  0.1000 2.1898 -0.4302
v  0.1167 2.1985 -0.4335
v  0.0842 2.1807 -0.4271
v  0.0693 2.1712 -0.4241
v  0.0553 2.1614 -0.4213
v  0.0598 2.1614 -0.4013
v  0.0653 2.1614 -0.3815
v  0.0303 2.1301 -0.3709
v  0.0410 2.1408 -0.3741
v  0.0478 2.1408 -0.3534
v  0.0374 2.1301 -0.3496
v  0.0526 2.1512 -0.3776
v  0.0593 2.1512 -0.3575
v  0.0244 2.1301 -0.3924
v  0.0352 2.1408 -0.3951
v  0.0470 2.1512 -0.3981
v  0.0279 2.1191 -0.3463
v  0.0423 2.1512 -0.4187
v  0.0304 2.1408 -0.4164
v  0.0195 2.1301 -0.4142
v  0.0097 2.1191 -0.4122
v  0.0147 2.1191 -0.3900
v  0.0208 2.1191 -0.3680
v  -0.0015 2.0849 -0.3612
v  0.0048 2.0965 -0.3631
v  0.0122 2.0965 -0.3407
v  0.0060 2.0849 -0.3384
v  0.0122 2.1079 -0.3654
v  0.0195 2.1079 -0.3433
v  -0.0079 2.0849 -0.3843
v  -0.0015 2.0965 -0.3859
v  0.0060 2.1079 -0.3878
v  0.0009 2.1079 -0.4105
v  -0.0067 2.0965 -0.4090
v  -0.0131 2.0849 -0.4077
v  0.3997 2.2681 -0.4829
v  0.4060 2.2684 -0.4823
v  0.3888 2.2671 -0.4756
v  0.3863 2.2670 -0.4789
v  0.4046 2.2684 -0.4869
v  0.4207 2.2693 -0.4893
v  0.3866 2.2671 -0.4829
v  0.3696 2.2652 -0.4686
v  0.3676 2.2652 -0.4732
v  0.4283 2.2697 -0.4955
v  0.4069 2.2686 -0.4913
v  0.3668 2.2652 -0.4781
v  0.3661 2.2652 -0.4831
v  0.3867 2.2671 -0.4873
v  0.3036 2.2558 -0.4538
v  0.3256 2.2595 -0.4604
v  0.3279 2.2595 -0.4536
v  0.3062 2.2558 -0.4458
v  0.3471 2.2627 -0.4669
v  0.3492 2.2627 -0.4612
v  0.3014 2.2558 -0.4618
v  0.3237 2.2595 -0.4674
v  0.3457 2.2627 -0.4728
v  0.2846 2.2515 -0.4381
v  0.3445 2.2627 -0.4789
v  0.3222 2.2595 -0.4744
v  0.2996 2.2558 -0.4699
v  0.2770 2.2515 -0.4654
v  0.2791 2.2515 -0.4562
v  0.2816 2.2515 -0.4471
v  0.2183 2.2353 -0.4279
v  0.2388 2.2412 -0.4341
v  0.2425 2.2412 -0.4230
v  0.2223 2.2353 -0.4158
v  0.2600 2.2466 -0.4405
v  0.2633 2.2466 -0.4305
v  0.2149 2.2353 -0.4401
v  0.2357 2.2412 -0.4453
v  0.2572 2.2466 -0.4507
v  0.2026 2.2289 -0.4088
v  0.2548 2.2466 -0.4610
v  0.2332 2.2412 -0.4567
v  0.2121 2.2353 -0.4525
v  0.1916 2.2289 -0.4484
v  0.1946 2.2289 -0.4350
v  0.1983 2.2289 -0.4218
v  0.1424 2.2067 -0.4048
v  0.1603 2.2146 -0.4103
v  0.1652 2.2146 -0.3954
v  0.1476 2.2067 -0.3891
v  0.1789 2.2220 -0.4159
v  0.1836 2.2220 -0.4019
v  0.1379 2.2067 -0.4208
v  0.1561 2.2146 -0.4254
v  0.1750 2.2220 -0.4301
v  0.1718 2.2220 -0.4445
v  0.1527 2.2146 -0.4407
v  0.1343 2.2067 -0.4370
v  0.3970 2.2681 -0.4962
v  0.4031 2.2684 -0.4944
v  0.3849 2.2671 -0.4912
v  0.3832 2.2670 -0.4949
v  0.4027 2.2684 -0.4992
v  0.4189 2.2693 -0.4984
v  0.3842 2.2671 -0.4988
v  0.3648 2.2652 -0.4881
v  0.3637 2.2652 -0.4929
v  0.4276 2.2697 -0.5030
v  0.4058 2.2686 -0.5030
v  0.3638 2.2652 -0.4979
v  0.3641 2.2652 -0.5030
v  0.3852 2.2671 -0.5030
v  0.2971 2.2558 -0.4864
v  0.3200 2.2595 -0.4886
v  0.3209 2.2595 -0.4815
v  0.2981 2.2558 -0.4781
v  0.3423 2.2627 -0.4908
v  0.3433 2.2627 -0.4848
v  0.2965 2.2558 -0.4947
v  0.3195 2.2595 -0.4958
v  0.3421 2.2627 -0.4969
v  0.2754 2.2515 -0.4747
v  0.3421 2.2627 -0.5030
v  0.3194 2.2595 -0.5030
v  0.2963 2.2558 -0.5030
v  0.2733 2.2515 -0.5030
v  0.2735 2.2515 -0.4936
v  0.2742 2.2515 -0.4841
v  0.2084 2.2353 -0.4776
v  0.2298 2.2412 -0.4798
v  0.2312 2.2412 -0.4682
v  0.2099 2.2353 -0.4650
v  0.2517 2.2466 -0.4819
v  0.2530 2.2466 -0.4714
v  0.2074 2.2353 -0.4903
v  0.2289 2.2412 -0.4914
v  0.2510 2.2466 -0.4925
v  0.1893 2.2289 -0.4620
v  0.2507 2.2466 -0.5030
v  0.2286 2.2412 -0.5030
v  0.2071 2.2353 -0.5030
v  0.1862 2.2289 -0.5030
v  0.1866 2.2289 -0.4893
v  0.1876 2.2289 -0.4756
v  0.1294 2.2067 -0.4699
v  0.1481 2.2146 -0.4717
v  0.1500 2.2146 -0.4561
v  0.1315 2.2067 -0.4534
v  0.1675 2.2220 -0.4736
v  0.1693 2.2220 -0.4590
v  0.1282 2.2067 -0.4864
v  0.1469 2.2146 -0.4874
v  0.1664 2.2220 -0.4883
v  0.1138 2.1985 -0.4508
v  0.1660 2.2220 -0.5030
v  0.1465 2.2146 -0.5030
v  0.1278 2.2067 -0.5030
v  0.1099 2.1985 -0.5030
v  0.1103 2.1985 -0.4856
v  0.1116 2.1985 -0.4681
v  0.0634 2.1712 -0.4634
v  0.0786 2.1807 -0.4649
v  0.0809 2.1807 -0.4459
v  0.0659 2.1712 -0.4437
v  0.0947 2.1898 -0.4664
v  0.0969 2.1898 -0.4483
v  0.0620 2.1712 -0.4832
v  0.0772 2.1807 -0.4839
v  0.0933 2.1898 -0.4847
v  0.0518 2.1614 -0.4416
v  0.0929 2.1898 -0.5030
v  0.0767 2.1807 -0.5030
v  0.0615 2.1712 -0.5030
v  0.0473 2.1614 -0.5030
v  0.0478 2.1614 -0.4825
v  0.0493 2.1614 -0.4620
v  0.0129 2.1301 -0.4584
v  0.0240 2.1408 -0.4595
v  0.0267 2.1408 -0.4379
v  0.0157 2.1301 -0.4362
v  0.0361 2.1512 -0.4607
v  0.0387 2.1512 -0.4396
v  0.0113 2.1301 -0.4807
v  0.0224 2.1408 -0.4812
v  0.0346 2.1512 -0.4818
v  0.0058 2.1191 -0.4348
v  0.0340 2.1512 -0.5030
v  0.0219 2.1408 -0.5030
v  0.0107 2.1301 -0.5030
v  0.0007 2.1191 -0.5030
v  0.0013 2.1191 -0.4802
v  0.0030 2.1191 -0.4574
v  -0.0202 2.0849 -0.4551
v  -0.0136 2.0965 -0.4558
v  -0.0107 2.0965 -0.4323
v  -0.0172 2.0849 -0.4313
v  -0.0059 2.1079 -0.4565
v  -0.0030 2.1079 -0.4334
v  -0.0219 2.0849 -0.4791
v  -0.0153 2.0965 -0.4794
v  -0.0076 2.1079 -0.4798
v  -0.0082 2.1079 -0.5030
v  -0.0159 2.0965 -0.5030
v  -0.0225 2.0849 -0.5030
v  0.0634 2.1712 -0.5427
v  0.0786 2.1807 -0.5412
v  0.0772 2.1807 -0.5221
v  0.0620 2.1712 -0.5229
v  0.0947 2.1898 -0.5396
v  0.0933 2.1898 -0.5213
v  0.0659 2.1712 -0.5624
v  0.0809 2.1807 -0.5602
v  0.0969 2.1898 -0.5578
v  0.0478 2.1614 -0.5236
v  0.1103 2.1985 -0.5205
v  0.1116 2.1985 -0.5379
v  0.1138 2.1985 -0.5553
v  0.1000 2.1898 -0.5758
v  0.1167 2.1985 -0.5725
v  0.0842 2.1807 -0.5790
v  0.0693 2.1712 -0.5820
v  0.0553 2.1614 -0.5847
v  0.0518 2.1614 -0.5645
v  0.0493 2.1614 -0.5441
v  0.0129 2.1301 -0.5477
v  0.0240 2.1408 -0.5466
v  0.0224 2.1408 -0.5248
v  0.0113 2.1301 -0.5254
v  0.0361 2.1512 -0.5454
v  0.0346 2.1512 -0.5242
v  0.0157 2.1301 -0.5698
v  0.0267 2.1408 -0.5682
v  0.0387 2.1512 -0.5664
v  0.0013 2.1191 -0.5259
v  0.0423 2.1512 -0.5873
v  0.0304 2.1408 -0.5897
v  0.0195 2.1301 -0.5919
v  0.0097 2.1191 -0.5938
v  0.0058 2.1191 -0.5713
v  0.0030 2.1191 -0.5486
v  -0.0202 2.0849 -0.5509
v  -0.0136 2.0965 -0.5503
v  -0.0153 2.0965 -0.5267
v  -0.0219 2.0849 -0.5270
v  -0.0059 2.1079 -0.5495
v  -0.0076 2.1079 -0.5263
v  -0.0172 2.0849 -0.5747
v  -0.0107 2.0965 -0.5738
v  -0.0030 2.1079 -0.5726
v  0.0009 2.1079 -0.5955
v  -0.0067 2.0965 -0.5971
v  -0.0131 2.0849 -0.5983
v  0.3970 2.2681 -0.5098
v  0.4027 2.2684 -0.5069
v  0.3842 2.2671 -0.5072
v  0.3832 2.2670 -0.5112
v  0.4031 2.2684 -0.5116
v  0.4189 2.2693 -0.5077
v  0.3849 2.2671 -0.5149
v  0.3638 2.2652 -0.5081
v  0.3637 2.2652 -0.5131
v  0.4283 2.2697 -0.5105
v  0.4069 2.2686 -0.5148
v  0.3648 2.2652 -0.5180
v  0.3661 2.2652 -0.5229
v  0.3867 2.2671 -0.5188
v  0.2971 2.2558 -0.5197
v  0.3200 2.2595 -0.5174
v  0.3195 2.2595 -0.5102
v  0.2965 2.2558 -0.5114
v  0.3423 2.2627 -0.5152
v  0.3421 2.2627 -0.5091
v  0.2981 2.2558 -0.5279
v  0.3209 2.2595 -0.5246
v  0.3433 2.2627 -0.5212
v  0.2735 2.2515 -0.5125
v  0.3445 2.2627 -0.5272
v  0.3222 2.2595 -0.5316
v  0.2996 2.2558 -0.5361
v  0.2770 2.2515 -0.5406
v  0.2754 2.2515 -0.5313
v  0.2742 2.2515 -0.5219
v  0.2084 2.2353 -0.5284
v  0.2298 2.2412 -0.5263
v  0.2289 2.2412 -0.5147
v  0.2074 2.2353 -0.5157
v  0.2517 2.2466 -0.5241
v  0.2510 2.2466 -0.5136
v  0.2099 2.2353 -0.5410
v  0.2312 2.2412 -0.5379
v  0.2530 2.2466 -0.5346
v  0.1866 2.2289 -0.5168
v  0.2548 2.2466 -0.5450
v  0.2332 2.2412 -0.5493
v  0.2121 2.2353 -0.5535
v  0.1916 2.2289 -0.5576
v  0.1893 2.2289 -0.5441
v  0.1876 2.2289 -0.5305
v  0.1294 2.2067 -0.5362
v  0.1481 2.2146 -0.5343
v  0.1469 2.2146 -0.5187
v  0.1282 2.2067 -0.5196
v  0.1675 2.2220 -0.5324
v  0.1664 2.2220 -0.5178
v  0.1315 2.2067 -0.5527
v  0.1500 2.2146 -0.5499
v  0.1693 2.2220 -0.5471
v  0.1718 2.2220 -0.5616
v  0.1527 2.2146 -0.5654
v  0.1343 2.2067 -0.5690
v  0.3036 2.2558 -0.5523
v  0.3256 2.2595 -0.5456
v  0.3237 2.2595 -0.5387
v  0.3014 2.2558 -0.5443
v  0.3471 2.2627 -0.5391
v  0.3457 2.2627 -0.5332
v  0.3062 2.2558 -0.5602
v  0.3279 2.2595 -0.5525
v  0.3492 2.2627 -0.5448
v  0.2791 2.2515 -0.5499
v  0.3668 2.2652 -0.5280
v  0.3676 2.2652 -0.5329
v  0.3696 2.2652 -0.5375
v  0.3516 2.2627 -0.5505
v  0.3719 2.2652 -0.5420
v  0.3306 2.2595 -0.5592
v  0.3092 2.2558 -0.5680
v  0.2880 2.2515 -0.5768
v  0.2846 2.2515 -0.5680
v  0.2816 2.2515 -0.5590
v  0.2183 2.2353 -0.5782
v  0.2388 2.2412 -0.5720
v  0.2357 2.2412 -0.5607
v  0.2149 2.2353 -0.5659
v  0.2600 2.2466 -0.5655
v  0.2572 2.2466 -0.5554
v  0.2223 2.2353 -0.5903
v  0.2425 2.2412 -0.5830
v  0.2633 2.2466 -0.5756
v  0.1946 2.2289 -0.5710
v  0.2671 2.2466 -0.5854
v  0.2467 2.2412 -0.5939
v  0.2268 2.2353 -0.6021
v  0.2075 2.2289 -0.6101
v  0.2026 2.2289 -0.5973
v  0.1983 2.2289 -0.5843
v  0.1424 2.2067 -0.6012
v  0.1603 2.2146 -0.5958
v  0.1561 2.2146 -0.5807
v  0.1379 2.2067 -0.5852
v  0.1789 2.2220 -0.5901
v  0.1750 2.2220 -0.5759
v  0.1476 2.2067 -0.6170
v  0.1652 2.2146 -0.6107
v  0.1836 2.2220 -0.6041
v  0.1206 2.1985 -0.5896
v  0.1889 2.2220 -0.6178
v  0.1708 2.2146 -0.6253
v  0.1536 2.2067 -0.6325
v  0.1370 2.1985 -0.6393
v  0.1307 2.1985 -0.6230
v  0.1252 2.1985 -0.6064
v  0.0789 2.1712 -0.6205
v  0.0935 2.1807 -0.6160
v  0.0884 2.1807 -0.5976
v  0.0736 2.1712 -0.6013
v  0.1089 2.1898 -0.6114
v  0.1040 2.1898 -0.5937
v  0.0851 2.1712 -0.6393
v  0.0995 2.1807 -0.6342
v  0.1147 2.1898 -0.6288
v  0.0598 2.1614 -0.6048
v  0.1213 2.1898 -0.6458
v  0.1063 2.1807 -0.6520
v  0.0923 2.1712 -0.6578
v  0.0791 2.1614 -0.6633
v  0.0717 2.1614 -0.6441
v  0.0653 2.1614 -0.6246
v  0.0303 2.1301 -0.6352
v  0.0410 2.1408 -0.6320
v  0.0352 2.1408 -0.6110
v  0.0244 2.1301 -0.6137
v  0.0526 2.1512 -0.6284
v  0.0470 2.1512 -0.6080
v  0.0374 2.1301 -0.6564
v  0.0478 2.1408 -0.6527
v  0.0593 2.1512 -0.6486
v  0.0147 2.1191 -0.6161
v  0.0669 2.1512 -0.6684
v  0.0557 2.1408 -0.6730
v  0.0454 2.1301 -0.6773
v  0.0361 2.1191 -0.6811
v  0.0279 2.1191 -0.6598
v  0.0208 2.1191 -0.6381
v  -0.0015 2.0849 -0.6449
v  0.0048 2.0965 -0.6429
v  -0.0015 2.0965 -0.6201
v  -0.0079 2.0849 -0.6217
v  0.0122 2.1079 -0.6407
v  0.0060 2.1079 -0.6183
v  0.0060 2.0849 -0.6676
v  0.0122 2.0965 -0.6654
v  0.0195 2.1079 -0.6628
v  0.0279 2.1079 -0.6845
v  0.0208 2.0965 -0.6875
v  0.0147 2.0849 -0.6900
v  0.3997 2.2681 -0.5232
v  0.4046 2.2684 -0.5192
v  0.3866 2.2671 -0.5231
v  0.3863 2.2670 -0.5272
v  0.4060 2.2684 -0.5237
v  0.4207 2.2693 -0.5168
v  0.3888 2.2671 -0.5305
v  0.4305 2.2697 -0.5178
v  0.4104 2.2686 -0.5261
v  0.3914 2.2671 -0.5340
v  0.0645 2.1301 -0.7177
v  0.0743 2.1408 -0.7124
v  0.0645 2.1408 -0.6929
v  0.0545 2.1301 -0.6977
v  0.0851 2.1512 -0.7067
v  0.0755 2.1512 -0.6877
v  0.0755 2.1301 -0.7371
v  0.0851 2.1408 -0.7314
v  0.0955 2.1512 -0.7251
v  0.0454 2.1191 -0.7020
v  0.0875 2.1614 -0.6821
v  0.0967 2.1614 -0.7004
v  0.1068 2.1614 -0.7183
v  0.1068 2.1512 -0.7430
v  0.1178 2.1614 -0.7357
v  0.0967 2.1408 -0.7498
v  0.0875 2.1301 -0.7560
v  0.0791 2.1191 -0.7616
v  0.0669 2.1191 -0.7423
v  0.0557 2.1191 -0.7224
v  0.0352 2.0849 -0.7333
v  0.0410 2.0965 -0.7302
v  0.0303 2.0965 -0.7091
v  0.0244 2.0849 -0.7119
v  0.0478 2.1079 -0.7266
v  0.0374 2.1079 -0.7058
v  0.0470 2.0849 -0.7542
v  0.0526 2.0965 -0.7508
v  0.0593 2.1079 -0.7468
v  0.0717 2.1079 -0.7665
v  0.0653 2.0965 -0.7708
v  0.0598 2.0849 -0.7745
v  0.4049 2.2681 -0.5357
v  0.4090 2.2684 -0.5308
v  0.3920 2.2671 -0.5382
v  0.3926 2.2670 -0.5423
v  0.4112 2.2684 -0.5350
v  0.4243 2.2693 -0.5254
v  0.3956 2.2671 -0.5450
v  0.3735 2.2652 -0.5469
v  0.3754 2.2652 -0.5515
v  0.4340 2.2697 -0.5244
v  0.4159 2.2686 -0.5365
v  0.3782 2.2652 -0.5556
v  0.3813 2.2652 -0.5596
v  0.3988 2.2671 -0.5480
v  0.3163 2.2558 -0.5831
v  0.3366 2.2595 -0.5722
v  0.3334 2.2595 -0.5658
v  0.3126 2.2558 -0.5756
v  0.3564 2.2627 -0.5616
v  0.3539 2.2627 -0.5561
v  0.3205 2.2558 -0.5903
v  0.3402 2.2595 -0.5785
v  0.3596 2.2627 -0.5668
v  0.2918 2.2515 -0.5854
v  0.3630 2.2627 -0.5719
v  0.3441 2.2595 -0.5845
v  0.3249 2.2558 -0.5973
v  0.3058 2.2515 -0.6101
v  0.3007 2.2515 -0.6021
v  0.2961 2.2515 -0.5939
v  0.2377 2.2353 -0.6251
v  0.2567 2.2412 -0.6150
v  0.2514 2.2412 -0.6045
v  0.2320 2.2353 -0.6137
v  0.2761 2.2466 -0.6045
v  0.2714 2.2466 -0.5951
v  0.2440 2.2353 -0.6362
v  0.2624 2.2412 -0.6251
v  0.2813 2.2466 -0.6137
v  0.2131 2.2289 -0.6227
v  0.2870 2.2466 -0.6227
v  0.2686 2.2412 -0.6349
v  0.2508 2.2353 -0.6469
v  0.2334 2.2289 -0.6585
v  0.2260 2.2289 -0.6469
v  0.2193 2.2289 -0.6349
v  0.1677 2.2067 -0.6625
v  0.1843 2.2146 -0.6537
v  0.1772 2.2146 -0.6396
v  0.1603 2.2067 -0.6476
v  0.2014 2.2220 -0.6445
v  0.1948 2.2220 -0.6313
v  0.1759 2.2067 -0.6769
v  0.1920 2.2146 -0.6673
v  0.2087 2.2220 -0.6573
v  0.1441 2.1985 -0.6553
v  0.2166 2.2220 -0.6697
v  0.2004 2.2146 -0.6805
v  0.1848 2.2067 -0.6909
v  0.1699 2.1985 -0.7009
v  0.1606 2.1985 -0.6861
v  0.1520 2.1985 -0.6709
v  0.1093 2.1712 -0.6937
v  0.1227 2.1807 -0.6866
v  0.1141 2.1807 -0.6695
v  0.1003 2.1712 -0.6760
v  0.1369 2.1898 -0.6790
v  0.1287 2.1898 -0.6626
v  0.1191 2.1712 -0.7110
v  0.1321 2.1807 -0.7032
v  0.1460 2.1898 -0.6949
v  0.1558 2.1898 -0.7104
v  0.1423 2.1807 -0.7193
v  0.1297 2.1712 -0.7278
v  0.2659 2.2353 -0.6673
v  0.2825 2.2412 -0.6537
v  0.2753 2.2412 -0.6445
v  0.2581 2.2353 -0.6573
v  0.2996 2.2466 -0.6396
v  0.2931 2.2466 -0.6313
v  0.2742 2.2353 -0.6769
v  0.2901 2.2412 -0.6625
v  0.3065 2.2466 -0.6476
v  0.2413 2.2289 -0.6697
v  0.3112 2.2515 -0.6178
v  0.3171 2.2515 -0.6253
v  0.3232 2.2515 -0.6325
v  0.3138 2.2466 -0.6553
v  0.3298 2.2515 -0.6393
v  0.2982 2.2412 -0.6709
v  0.2830 2.2353 -0.6861
v  0.2682 2.2289 -0.7009
v  0.2587 2.2289 -0.6909
v  0.2497 2.2289 -0.6805
v  0.2046 2.2067 -0.7176
v  0.2191 2.2146 -0.7057
v  0.2094 2.2146 -0.6934
v  0.1944 2.2067 -0.7045
v  0.2341 2.2220 -0.6934
v  0.2251 2.2220 -0.6818
v  0.2154 2.2067 -0.7302
v  0.2293 2.2146 -0.7176
v  0.2437 2.2220 -0.7045
v  0.1800 2.1985 -0.7152
v  0.2539 2.2220 -0.7152
v  0.2401 2.2146 -0.7290
v  0.2269 2.2067 -0.7422
v  0.2142 2.1985 -0.7549
v  0.2022 2.1985 -0.7422
v  0.1907 2.1985 -0.7290
v  0.1533 2.1712 -0.7597
v  0.1651 2.1807 -0.7500
v  0.1533 2.1807 -0.7350
v  0.1411 2.1712 -0.7440
v  0.1776 2.1898 -0.7398
v  0.1663 2.1898 -0.7253
v  0.1663 2.1712 -0.7747
v  0.1776 2.1807 -0.7645
v  0.1895 2.1898 -0.7537
v  0.1297 2.1614 -0.7525
v  0.2022 2.1898 -0.7669
v  0.1907 2.1807 -0.7783
v  0.1800 2.1712 -0.7891
v  0.1699 2.1614 -0.7992
v  0.1558 2.1614 -0.7843
v  0.1423 2.1614 -0.7687
v  0.1141 2.1301 -0.7919
v  0.1227 2.1408 -0.7848
v  0.1093 2.1408 -0.7676
v  0.1003 2.1301 -0.7743
v  0.1321 2.1512 -0.7771
v  0.1191 2.1512 -0.7604
v  0.1287 2.1301 -0.8088
v  0.1369 2.1408 -0.8013
v  0.1460 2.1512 -0.7932
v  0.0923 2.1191 -0.7802
v  0.1606 2.1512 -0.8085
v  0.1520 2.1408 -0.8171
v  0.1441 2.1301 -0.8250
v  0.1370 2.1191 -0.8321
v  0.1213 2.1191 -0.8155
v  0.1063 2.1191 -0.7982
v  0.0884 2.0849 -0.8130
v  0.0935 2.0965 -0.8088
v  0.0789 2.0965 -0.7901
v  0.0736 2.0849 -0.7941
v  0.0995 2.1079 -0.8039
v  0.0851 2.1079 -0.7855
v  0.1040 2.0849 -0.8311
v  0.1089 2.0965 -0.8267
v  0.1147 2.1079 -0.8215
v  0.1307 2.1079 -0.8384
v  0.1252 2.0965 -0.8438
v  0.1206 2.0849 -0.8485
v  0.4124 2.2681 -0.5470
v  0.4155 2.2684 -0.5414
v  0.4003 2.2671 -0.5520
v  0.4017 2.2670 -0.5559
v  0.4185 2.2684 -0.5451
v  0.4294 2.2693 -0.5331
v  0.4052 2.2671 -0.5580
v  0.3839 2.2652 -0.5641
v  0.3866 2.2652 -0.5683
v  0.4388 2.2697 -0.5302
v  0.4234 2.2686 -0.5456
v  0.3902 2.2652 -0.5717
v  0.3940 2.2652 -0.5751
v  0.4089 2.2671 -0.5602
v  0.3348 2.2558 -0.6107
v  0.3526 2.2595 -0.5961
v  0.3482 2.2595 -0.5904
v  0.3297 2.2558 -0.6041
v  0.3700 2.2627 -0.5819
v  0.3664 2.2627 -0.5770
v  0.3403 2.2558 -0.6170
v  0.3573 2.2595 -0.6016
v  0.3741 2.2627 -0.5864
v  0.3784 2.2627 -0.5907
v  0.3623 2.2595 -0.6067
v  0.3460 2.2558 -0.6231
v  0.1561 2.0849 -0.8807
v  0.1603 2.0965 -0.8756
v  0.1424 2.0965 -0.8602
v  0.1379 2.0849 -0.8650
v  0.1652 2.1079 -0.8696
v  0.1476 2.1079 -0.8544
v  0.1750 2.0849 -0.8955
v  0.1789 2.0965 -0.8902
v  0.1836 2.1079 -0.8839
v  0.1536 2.1191 -0.8478
v  0.1708 2.1191 -0.8627
v  0.1889 2.1191 -0.8768
v  0.2026 2.1079 -0.8973
v  0.2075 2.1191 -0.8899
v  0.1983 2.0965 -0.9038
v  0.1946 2.0849 -0.9093
v  0.4220 2.2681 -0.5567
v  0.4240 2.2684 -0.5506
v  0.4111 2.2671 -0.5639
v  0.4132 2.2670 -0.5674
v  0.4277 2.2684 -0.5536
v  0.4360 2.2693 -0.5397
v  0.4171 2.2671 -0.5688
v  0.3973 2.2652 -0.5789
v  0.4008 2.2652 -0.5825
v  0.4447 2.2697 -0.5350
v  0.4326 2.2686 -0.5531
v  0.4050 2.2652 -0.5852
v  0.4094 2.2652 -0.5878
v  0.4211 2.2671 -0.5703
v  0.3584 2.2558 -0.6342
v  0.3729 2.2595 -0.6165
v  0.3675 2.2595 -0.6117
v  0.3521 2.2558 -0.6288
v  0.3872 2.2627 -0.5991
v  0.3827 2.2627 -0.5950
v  0.3649 2.2558 -0.6394
v  0.3786 2.2595 -0.6209
v  0.3921 2.2627 -0.6027
v  0.3366 2.2515 -0.6458
v  0.3972 2.2627 -0.6061
v  0.3846 2.2595 -0.6250
v  0.3718 2.2558 -0.6442
v  0.3590 2.2515 -0.6633
v  0.3512 2.2515 -0.6578
v  0.3438 2.2515 -0.6520
v  0.3018 2.2353 -0.7032
v  0.3154 2.2412 -0.6866
v  0.3066 2.2412 -0.6790
v  0.2922 2.2353 -0.6949
v  0.3294 2.2466 -0.6695
v  0.3214 2.2466 -0.6626
v  0.3118 2.2353 -0.7110
v  0.3246 2.2412 -0.6937
v  0.3378 2.2466 -0.6760
v  0.2781 2.2289 -0.7104
v  0.3464 2.2466 -0.6821
v  0.3341 2.2412 -0.7004
v  0.3222 2.2353 -0.7183
v  0.3106 2.2289 -0.7357
v  0.2994 2.2289 -0.7278
v  0.2885 2.2289 -0.7193
v  0.2515 2.2067 -0.7645
v  0.2633 2.2146 -0.7500
v  0.2515 2.2146 -0.7398
v  0.2389 2.2067 -0.7537
v  0.2757 2.2220 -0.7350
v  0.2646 2.2220 -0.7253
v  0.2646 2.2067 -0.7747
v  0.2757 2.2146 -0.7597
v  0.2873 2.2220 -0.7440
v  0.2269 2.1985 -0.7669
v  0.2994 2.2220 -0.7525
v  0.2885 2.2146 -0.7687
v  0.2781 2.2067 -0.7843
v  0.2682 2.1985 -0.7992
v  0.2539 2.1985 -0.7891
v  0.2401 2.1985 -0.7783
v  0.2094 2.1712 -0.8158
v  0.2191 2.1807 -0.8040
v  0.2046 2.1807 -0.7915
v  0.1944 2.1712 -0.8028
v  0.2293 2.1898 -0.7915
v  0.2154 2.1898 -0.7795
v  0.2251 2.1712 -0.8280
v  0.2341 2.1807 -0.8158
v  0.2437 2.1898 -0.8028
v  0.1848 2.1614 -0.8133
v  0.2587 2.1898 -0.8133
v  0.2497 2.1807 -0.8268
v  0.2413 2.1712 -0.8394
v  0.2334 2.1614 -0.8512
v  0.2166 2.1614 -0.8394
v  0.2004 2.1614 -0.8268
v  0.1772 2.1301 -0.8550
v  0.1843 2.1408 -0.8464
v  0.1677 2.1408 -0.8322
v  0.1603 2.1301 -0.8404
v  0.1920 2.1512 -0.8370
v  0.1759 2.1512 -0.8231
v  0.1948 2.1301 -0.8687
v  0.2014 2.1408 -0.8598
v  0.2087 2.1512 -0.8500
v  0.2260 2.1512 -0.8622
v  0.2193 2.1408 -0.8724
v  0.2131 2.1301 -0.8816
v  0.3440 2.2353 -0.7314
v  0.3541 2.2412 -0.7124
v  0.3440 2.2412 -0.7067
v  0.3329 2.2353 -0.7251
v  0.3645 2.2466 -0.6929
v  0.3553 2.2466 -0.6877
v  0.3553 2.2353 -0.7371
v  0.3645 2.2412 -0.7177
v  0.3740 2.2466 -0.6977
v  0.3222 2.2289 -0.7430
v  0.3670 2.2515 -0.6684
v  0.3752 2.2515 -0.6730
v  0.3836 2.2515 -0.6773
v  0.3836 2.2466 -0.7020
v  0.3923 2.2515 -0.6811
v  0.3752 2.2412 -0.7224
v  0.3670 2.2353 -0.7423
v  0.3590 2.2289 -0.7616
v  0.3464 2.2289 -0.7560
v  0.3341 2.2289 -0.7498
v  0.3066 2.2067 -0.8013
v  0.3154 2.2146 -0.7848
v  0.3018 2.2146 -0.7771
v  0.2922 2.2067 -0.7932
v  0.3246 2.2220 -0.7676
v  0.3118 2.2220 -0.7604
v  0.3214 2.2067 -0.8088
v  0.3294 2.2146 -0.7919
v  0.3378 2.2220 -0.7743
v  0.2830 2.1985 -0.8085
v  0.3512 2.2220 -0.7802
v  0.3438 2.2146 -0.7982
v  0.3366 2.2067 -0.8155
v  0.3298 2.1985 -0.8321
v  0.3138 2.1985 -0.8250
v  0.2982 2.1985 -0.8171
v  0.2753 2.1712 -0.8598
v  0.2825 2.1807 -0.8464
v  0.2659 2.1807 -0.8370
v  0.2581 2.1712 -0.8500
v  0.2901 2.1898 -0.8322
v  0.2742 2.1898 -0.8231
v  0.2931 2.1712 -0.8687
v  0.2996 2.1807 -0.8550
v  0.3065 2.1898 -0.8404
v  0.2508 2.1614 -0.8622
v  0.3232 2.1898 -0.8478
v  0.3171 2.1807 -0.8627
v  0.3112 2.1712 -0.8768
v  0.3058 2.1614 -0.8899
v  0.2870 2.1614 -0.8816
v  0.2686 2.1614 -0.8724
v  0.2514 2.1301 -0.9046
v  0.2567 2.1408 -0.8948
v  0.2377 2.1408 -0.8840
v  0.2320 2.1301 -0.8936
v  0.2624 2.1512 -0.8840
v  0.2440 2.1512 -0.8736
v  0.2714 2.1301 -0.9146
v  0.2761 2.1408 -0.9046
v  0.2813 2.1512 -0.8936
v  0.2268 2.1191 -0.9022
v  0.3007 2.1512 -0.9022
v  0.2961 2.1408 -0.9134
v  0.2918 2.1301 -0.9237
v  0.2880 2.1191 -0.9329
v  0.2671 2.1191 -0.9237
v  0.2467 2.1191 -0.9134
v  0.2357 2.0849 -0.9339
v  0.2388 2.0965 -0.9281
v  0.2183 2.0965 -0.9164
v  0.2149 2.0849 -0.9221
v  0.2425 2.1079 -0.9213
v  0.2223 2.1079 -0.9098
v  0.2572 2.0849 -0.9447
v  0.2600 2.0965 -0.9387
v  0.2633 2.1079 -0.9317
v  0.2846 2.1079 -0.9412
v  0.2816 2.0965 -0.9483
v  0.2791 2.0849 -0.9544
v  0.4333 2.2681 -0.5642
v  0.4340 2.2684 -0.5579
v  0.4241 2.2671 -0.5734
v  0.4268 2.2670 -0.5765
v  0.4383 2.2684 -0.5601
v  0.4437 2.2693 -0.5448
v  0.4308 2.2671 -0.5771
v  0.4135 2.2652 -0.5909
v  0.4176 2.2652 -0.5937
v  0.4513 2.2697 -0.5386
v  0.4430 2.2686 -0.5587
v  0.4222 2.2652 -0.5956
v  0.4271 2.2652 -0.5972
v  0.4351 2.2671 -0.5777
v  0.3860 2.2558 -0.6527
v  0.3969 2.2595 -0.6325
v  0.3906 2.2595 -0.6289
v  0.3788 2.2558 -0.6486
v  0.4075 2.2627 -0.6127
v  0.4023 2.2627 -0.6095
v  0.3935 2.2558 -0.6565
v  0.4033 2.2595 -0.6357
v  0.4130 2.2627 -0.6152
v  0.4186 2.2627 -0.6175
v  0.4099 2.2595 -0.6385
v  0.4011 2.2558 -0.6598
v  0.3242 2.0849 -0.9706
v  0.3261 2.0965 -0.9643
v  0.3037 2.0965 -0.9568
v  0.3015 2.0849 -0.9630
v  0.3284 2.1079 -0.9568
v  0.3063 2.1079 -0.9495
v  0.3473 2.0849 -0.9770
v  0.3489 2.0965 -0.9706
v  0.3508 2.1079 -0.9630
v  0.3093 2.1191 -0.9412
v  0.3310 2.1191 -0.9483
v  0.3530 2.1191 -0.9544
v  0.3735 2.1079 -0.9681
v  0.3753 2.1191 -0.9594
v  0.3720 2.0965 -0.9758
v  0.3707 2.0849 -0.9822
v  0.4459 2.2681 -0.5694
v  0.4453 2.2684 -0.5630
v  0.4386 2.2671 -0.5803
v  0.4419 2.2670 -0.5827
v  0.4499 2.2684 -0.5644
v  0.4523 2.2693 -0.5484
v  0.4460 2.2671 -0.5825
v  0.4316 2.2652 -0.5994
v  0.4362 2.2652 -0.6014
v  0.4585 2.2697 -0.5408
v  0.4543 2.2686 -0.5621
v  0.4411 2.2652 -0.6023
v  0.4462 2.2652 -0.6030
v  0.4503 2.2671 -0.5823
v  0.4168 2.2558 -0.6655
v  0.4234 2.2595 -0.6435
v  0.4166 2.2595 -0.6412
v  0.4089 2.2558 -0.6629
v  0.4300 2.2627 -0.6220
v  0.4243 2.2627 -0.6199
v  0.4248 2.2558 -0.6677
v  0.4304 2.2595 -0.6454
v  0.4359 2.2627 -0.6234
v  0.4011 2.2515 -0.6845
v  0.4419 2.2627 -0.6246
v  0.4374 2.2595 -0.6469
v  0.4329 2.2558 -0.6695
v  0.4284 2.2515 -0.6921
v  0.4192 2.2515 -0.6900
v  0.4101 2.2515 -0.6875
v  0.3909 2.2353 -0.7508
v  0.3971 2.2412 -0.7302
v  0.3861 2.2412 -0.7266
v  0.3788 2.2353 -0.7468
v  0.4035 2.2466 -0.7091
v  0.3935 2.2466 -0.7058
v  0.4031 2.2353 -0.7542
v  0.4084 2.2412 -0.7333
v  0.4137 2.2466 -0.7119
v  0.3718 2.2289 -0.7665
v  0.4240 2.2466 -0.7142
v  0.4197 2.2412 -0.7359
v  0.4155 2.2353 -0.7570
v  0.4115 2.2289 -0.7775
v  0.3981 2.2289 -0.7745
v  0.3848 2.2289 -0.7708
v  0.3679 2.2067 -0.8267
v  0.3733 2.2146 -0.8088
v  0.3584 2.2146 -0.8039
v  0.3521 2.2067 -0.8215
v  0.3790 2.2220 -0.7901
v  0.3650 2.2220 -0.7855
v  0.3839 2.2067 -0.8311
v  0.3884 2.2146 -0.8130
v  0.3932 2.2220 -0.7941
v  0.3461 2.1985 -0.8384
v  0.4075 2.2220 -0.7973
v  0.4037 2.2146 -0.8164
v  0.4001 2.2067 -0.8348
v  0.3966 2.1985 -0.8523
v  0.3795 2.1985 -0.8485
v  0.3627 2.1985 -0.8438
v  0.3486 2.1712 -0.8902
v  0.3530 2.1807 -0.8756
v  0.3349 2.1807 -0.8696
v  0.3298 2.1712 -0.8839
v  0.3577 2.1898 -0.8602
v  0.3403 2.1898 -0.8544
v  0.3678 2.1712 -0.8955
v  0.3715 2.1807 -0.8807
v  0.3754 2.1898 -0.8650
v  0.3250 2.1614 -0.8973
v  0.3932 2.1898 -0.8691
v  0.3901 2.1807 -0.8849
v  0.3871 2.1712 -0.8998
v  0.3844 2.1614 -0.9138
v  0.3643 2.1614 -0.9093
v  0.3445 2.1614 -0.9038
v  0.3339 2.1301 -0.9387
v  0.3371 2.1408 -0.9281
v  0.3164 2.1408 -0.9213
v  0.3127 2.1301 -0.9317
v  0.3406 2.1512 -0.9164
v  0.3205 2.1512 -0.9098
v  0.3554 2.1301 -0.9447
v  0.3581 2.1408 -0.9339
v  0.3611 2.1512 -0.9221
v  0.3818 2.1512 -0.9267
v  0.3794 2.1408 -0.9387
v  0.3772 2.1301 -0.9496
v  0.4329 2.2067 -0.8396
v  0.4347 2.2146 -0.8210
v  0.4192 2.2146 -0.8191
v  0.4164 2.2067 -0.8376
v  0.4366 2.2220 -0.8016
v  0.4220 2.2220 -0.7998
v  0.4495 2.2067 -0.8409
v  0.4504 2.2146 -0.8222
v  0.4513 2.2220 -0.8027
v  0.4138 2.1985 -0.8553
v  0.4250 2.2289 -0.7798
v  0.4386 2.2289 -0.7815
v  0.4523 2.2289 -0.7825
v  0.4486 2.1985 -0.8588
v  0.4311 2.1985 -0.8575
v  0.4264 2.1712 -0.9056
v  0.4279 2.1807 -0.8905
v  0.4089 2.1807 -0.8882
v  0.4067 2.1712 -0.9032
v  0.4295 2.1898 -0.8744
v  0.4113 2.1898 -0.8722
v  0.4462 2.1712 -0.9071
v  0.4469 2.1807 -0.8919
v  0.4477 2.1898 -0.8758
v  0.4046 2.1614 -0.9173
v  0.4455 2.1614 -0.9213
v  0.4250 2.1614 -0.9198
v  0.4214 2.1301 -0.9561
v  0.4225 2.1408 -0.9451
v  0.4009 2.1408 -0.9424
v  0.3992 2.1301 -0.9534
v  0.4237 2.1512 -0.9330
v  0.4027 2.1512 -0.9304
v  0.4437 2.1301 -0.9578
v  0.4443 2.1408 -0.9467
v  0.4449 2.1512 -0.9345
v  0.3978 2.1191 -0.9633
v  0.4432 2.1191 -0.9678
v  0.4204 2.1191 -0.9661
v  0.4182 2.0849 -0.9893
v  0.4188 2.0965 -0.9827
v  0.3953 2.0965 -0.9798
v  0.3944 2.0849 -0.9863
v  0.4196 2.1079 -0.9750
v  0.3965 2.1079 -0.9721
v  0.4421 2.0849 -0.9910
v  0.4424 2.0965 -0.9844
v  0.4428 2.1079 -0.9767
v  0.4593 2.2681 -0.5721
v  0.4575 2.2684 -0.5659
v  0.4542 2.2671 -0.5841
v  0.4579 2.2670 -0.5859
v  0.4622 2.2684 -0.5664
v  0.4614 2.2693 -0.5502
v  0.4619 2.2671 -0.5849
v  0.4511 2.2652 -0.6043
v  0.4560 2.2652 -0.6054
v  0.4610 2.2652 -0.6053
v  0.4494 2.2558 -0.6720
v  0.4517 2.2595 -0.6491
v  0.4445 2.2595 -0.6482
v  0.4411 2.2558 -0.6709
v  0.4539 2.2627 -0.6267
v  0.4479 2.2627 -0.6258
v  0.4577 2.2558 -0.6726
v  0.4588 2.2595 -0.6496
v  0.4599 2.2627 -0.6270
v  0.4378 2.2515 -0.6937
v  0.4566 2.2515 -0.6955
v  0.4472 2.2515 -0.6948
v  0.4407 2.2353 -0.7607
v  0.4428 2.2412 -0.7393
v  0.4312 2.2412 -0.7379
v  0.4281 2.2353 -0.7592
v  0.4449 2.2466 -0.7173
v  0.4345 2.2466 -0.7160
v  0.4533 2.2353 -0.7617
v  0.4544 2.2412 -0.7402
v  0.4555 2.2466 -0.7181
v  0.4661 2.3716 -0.0010
v  0.5409 2.3716 -0.0066
v  0.4661 2.3722 0.0036
v  0.5416 2.3722 -0.0021
v  0.4661 2.3731 0.0082
v  0.5422 2.3731 0.0024
v  0.4661 2.3744 0.0126
v  0.5429 2.3744 0.0069
v  0.4661 2.3761 0.0170
v  0.5436 2.3761 0.0112
v  0.4661 2.3781 0.0213
v  0.5442 2.3781 0.0154
v  0.4661 2.3805 0.0253
v  0.5448 2.3805 0.0194
v  0.4661 2.3831 0.0292
v  0.5454 2.3831 0.0233
v  0.4661 2.3861 0.0329
v  0.5459 2.3861 0.0269
v  0.4661 2.3893 0.0363
v  0.5464 2.3893 0.0303
v  0.4661 2.3928 0.0395
v  0.5469 2.3928 0.0334
v  0.4661 2.3966 0.0424
v  0.5473 2.3966 0.0363
v  0.4661 2.4005 0.0449
v  0.5477 2.4005 0.0388
v  0.4661 2.4046 0.0472
v  0.5481 2.4046 0.0410
v  0.4661 2.4089 0.0491
v  0.5483 2.4089 0.0429
v  0.4661 2.4133 0.0506
v  0.5486 2.4133 0.0444
v  0.4661 2.4178 0.0518
v  0.5487 2.4178 0.0456
v  0.4661 2.4223 0.0526
v  0.5489 2.4223 0.0464
v  0.3912 2.3716 -0.0066
v  0.3905 2.3722 -0.0021
v  0.3899 2.3731 0.0024
v  0.3892 2.3744 0.0069
v  0.3885 2.3761 0.0112
v  0.3879 2.3781 0.0154
v  0.3873 2.3805 0.0194
v  0.3867 2.3831 0.0233
v  0.3862 2.3861 0.0269
v  0.3857 2.3893 0.0303
v  0.3852 2.3928 0.0334
v  0.3848 2.3966 0.0363
v  0.3844 2.4005 0.0388
v  0.3841 2.4046 0.0410
v  0.3838 2.4089 0.0429
v  0.3835 2.4133 0.0444
v  0.3834 2.4178 0.0456
v  0.3832 2.4223 0.0464
v  0.3912 2.3716 -0.9994
v  0.3181 2.3716 -0.9828
v  0.3905 2.3722 -1.0040
v  0.3167 2.3722 -0.9871
v  0.3899 2.3731 -1.0085
v  0.3154 2.3731 -0.9915
v  0.3892 2.3744 -1.0129
v  0.3141 2.3744 -0.9958
v  0.3885 2.3761 -1.0173
v  0.3128 2.3761 -1.0000
v  0.3879 2.3781 -1.0215
v  0.3115 2.3781 -1.0040
v  0.3873 2.3805 -1.0255
v  0.3103 2.3805 -1.0079
v  0.3867 2.3831 -1.0293
v  0.3092 2.3831 -1.0116
v  0.3862 2.3861 -1.0330
v  0.3081 2.3861 -1.0151
v  0.3857 2.3893 -1.0363
v  0.3071 2.3893 -1.0184
v  0.3852 2.3928 -1.0395
v  0.3061 2.3928 -1.0214
v  0.3848 2.3966 -1.0423
v  0.3053 2.3966 -1.0242
v  0.3844 2.4005 -1.0449
v  0.3045 2.4005 -1.0266
v  0.3841 2.4046 -1.0471
v  0.3039 2.4046 -1.0288
v  0.3838 2.4089 -1.0489
v  0.3033 2.4089 -1.0306
v  0.3835 2.4133 -1.0505
v  0.3029 2.4133 -1.0321
v  0.3834 2.4178 -1.0516
v  0.3025 2.4178 -1.0332
v  0.3832 2.4223 -1.0524
v  0.3023 2.4223 -1.0340
v  0.9555 2.3716 -0.3913
v  0.9667 2.3716 -0.4655
v  0.9600 2.3722 -0.3903
v  0.9713 2.3722 -0.4652
v  0.9644 2.3731 -0.3893
v  0.9758 2.3731 -0.4648
v  0.9688 2.3744 -0.3883
v  0.9803 2.3744 -0.4645
v  0.9731 2.3761 -0.3873
v  0.9846 2.3761 -0.4642
v  0.9772 2.3781 -0.3864
v  0.9889 2.3781 -0.4638
v  0.9812 2.3805 -0.3855
v  0.9929 2.3805 -0.4635
v  0.9850 2.3831 -0.3846
v  0.9968 2.3831 -0.4633
v  0.9885 2.3861 -0.3838
v  1.0005 2.3861 -0.4630
v  0.9919 2.3893 -0.3830
v  1.0039 2.3893 -0.4627
v  0.9950 2.3928 -0.3823
v  1.0070 2.3928 -0.4625
v  0.9978 2.3966 -0.3817
v  1.0099 2.3966 -0.4623
v  1.0003 2.4005 -0.3811
v  1.0125 2.4005 -0.4621
v  1.0024 2.4046 -0.3806
v  1.0147 2.4046 -0.4619
v  1.0043 2.4089 -0.3802
v  1.0166 2.4089 -0.4618
v  1.0058 2.4133 -0.3798
v  1.0181 2.4133 -0.4617
v  1.0070 2.4178 -0.3796
v  1.0193 2.4178 -0.4616
v  1.0077 2.4223 -0.3794
v  1.0201 2.4223 -0.4615
v  0.4661 2.4223 -1.0587
v  0.4661 2.4178 -1.0578
v  0.4661 2.4133 -1.0567
v  0.4661 2.4089 -1.0551
v  0.4661 2.4046 -1.0532
v  0.4661 2.4005 -1.0510
v  0.4661 2.3966 -1.0484
v  0.4661 2.3928 -1.0455
v  0.4661 2.3893 -1.0424
v  0.4661 2.3861 -1.0389
v  0.4661 2.3831 -1.0353
v  0.4661 2.3805 -1.0314
v  0.4661 2.3781 -1.0273
v  0.4661 2.3761 -1.0231
v  0.4661 2.3744 -1.0187
v  0.4661 2.3731 -1.0142
v  0.4661 2.3722 -1.0097
v  0.4661 2.3716 -1.0051
v  0.1833 2.3716 -0.0882
v  0.2482 2.3716 -0.0507
v  0.1807 2.3722 -0.0844
v  0.2462 2.3722 -0.0466
v  0.1781 2.3731 -0.0807
v  0.2443 2.3731 -0.0425
v  0.1756 2.3744 -0.0770
v  0.2423 2.3744 -0.0384
v  0.1731 2.3761 -0.0734
v  0.2404 2.3761 -0.0345
v  0.1707 2.3781 -0.0698
v  0.2386 2.3781 -0.0307
v  0.1684 2.3805 -0.0665
v  0.2368 2.3805 -0.0270
v  0.1662 2.3831 -0.0633
v  0.2351 2.3831 -0.0235
v  0.1642 2.3861 -0.0602
v  0.2335 2.3861 -0.0202
v  0.1622 2.3893 -0.0574
v  0.2320 2.3893 -0.0171
v  0.1604 2.3928 -0.0548
v  0.2307 2.3928 -0.0142
v  0.1588 2.3966 -0.0524
v  0.2294 2.3966 -0.0117
v  0.1574 2.4005 -0.0503
v  0.2283 2.4005 -0.0093
v  0.1561 2.4046 -0.0484
v  0.2273 2.4046 -0.0073
v  0.1551 2.4089 -0.0469
v  0.2265 2.4089 -0.0056
v  0.1542 2.4133 -0.0456
v  0.2258 2.4133 -0.0042
v  0.1535 2.4178 -0.0446
v  0.2253 2.4178 -0.0032
v  0.1531 2.4223 -0.0440
v  0.2250 2.4223 -0.0024
v  0.9334 2.3716 -0.3196
v  0.9377 2.3722 -0.3179
v  0.9419 2.3731 -0.3163
v  0.9461 2.3744 -0.3146
v  0.9501 2.3761 -0.3130
v  0.9541 2.3781 -0.3115
v  0.9579 2.3805 -0.3100
v  0.9615 2.3831 -0.3086
v  0.9649 2.3861 -0.3072
v  0.9681 2.3893 -0.3060
v  0.9711 2.3928 -0.3048
v  0.9737 2.3966 -0.3038
v  0.9761 2.4005 -0.3028
v  0.9782 2.4046 -0.3020
v  0.9800 2.4089 -0.3013
v  0.9814 2.4133 -0.3008
v  0.9825 2.4178 -0.3003
v  0.9833 2.4223 -0.3000
v  0.9008 2.3716 -0.2520
v  0.9048 2.3722 -0.2497
v  0.9087 2.3731 -0.2474
v  0.9126 2.3744 -0.2452
v  0.9164 2.3761 -0.2430
v  0.9201 2.3781 -0.2409
v  0.9236 2.3805 -0.2388
v  0.9270 2.3831 -0.2369
v  0.9302 2.3861 -0.2351
v  0.9331 2.3893 -0.2334
v  0.9359 2.3928 -0.2318
v  0.9384 2.3966 -0.2303
v  0.9406 2.4005 -0.2291
v  0.9425 2.4046 -0.2279
v  0.9442 2.4089 -0.2270
v  0.9455 2.4133 -0.2262
v  0.9465 2.4178 -0.2256
v  0.9472 2.4223 -0.2252
v  0.1833 2.3716 -0.9178
v  0.1246 2.3716 -0.8710
v  0.1807 2.3722 -0.9216
v  0.1215 2.3722 -0.8744
v  0.1781 2.3731 -0.9254
v  0.1184 2.3731 -0.8777
v  0.1756 2.3744 -0.9291
v  0.1153 2.3744 -0.8810
v  0.1731 2.3761 -0.9327
v  0.1123 2.3761 -0.8842
v  0.1707 2.3781 -0.9362
v  0.1095 2.3781 -0.8874
v  0.1684 2.3805 -0.9396
v  0.1067 2.3805 -0.8903
v  0.1662 2.3831 -0.9428
v  0.1040 2.3831 -0.8932
v  0.1642 2.3861 -0.9458
v  0.1015 2.3861 -0.8959
v  0.1622 2.3893 -0.9487
v  0.0992 2.3893 -0.8984
v  0.1604 2.3928 -0.9513
v  0.0971 2.3928 -0.9007
v  0.1588 2.3966 -0.9536
v  0.0951 2.3966 -0.9028
v  0.1574 2.4005 -0.9558
v  0.0934 2.4005 -0.9047
v  0.1561 2.4046 -0.9576
v  0.0918 2.4046 -0.9063
v  0.1551 2.4089 -0.9592
v  0.0905 2.4089 -0.9077
v  0.1542 2.4133 -0.9605
v  0.0895 2.4133 -0.9089
v  0.1535 2.4178 -0.9614
v  0.0887 2.4178 -0.9097
v  0.1531 2.4223 -0.9621
v  0.0881 2.4223 -0.9103
v  0.9667 2.3716 -0.5405
v  0.9555 2.3716 -0.6147
v  0.9713 2.3722 -0.5409
v  0.9600 2.3722 -0.6158
v  0.9758 2.3731 -0.5412
v  0.9644 2.3731 -0.6168
v  0.9803 2.3744 -0.5416
v  0.9688 2.3744 -0.6178
v  0.9846 2.3761 -0.5419
v  0.9731 2.3761 -0.6187
v  0.9889 2.3781 -0.5422
v  0.9772 2.3781 -0.6197
v  0.9929 2.3805 -0.5425
v  0.9812 2.3805 -0.6206
v  0.9968 2.3831 -0.5428
v  0.9850 2.3831 -0.6215
v  1.0005 2.3861 -0.5431
v  0.9885 2.3861 -0.6223
v  1.0039 2.3893 -0.5433
v  0.9919 2.3893 -0.6230
v  1.0070 2.3928 -0.5436
v  0.9950 2.3928 -0.6237
v  1.0099 2.3966 -0.5438
v  0.9978 2.3966 -0.6244
v  1.0125 2.4005 -0.5440
v  1.0003 2.4005 -0.6250
v  1.0147 2.4046 -0.5441
v  1.0024 2.4046 -0.6255
v  1.0166 2.4089 -0.5443
v  1.0043 2.4089 -0.6259
v  1.0181 2.4133 -0.5444
v  1.0058 2.4133 -0.6262
v  1.0193 2.4178 -0.5445
v  1.0070 2.4178 -0.6265
v  1.0201 2.4223 -0.5446
v  1.0077 2.4223 -0.6267
v  0.5489 2.4223 -1.0524
v  0.5487 2.4178 -1.0516
v  0.5486 2.4133 -1.0505
v  0.5483 2.4089 -1.0489
v  0.5481 2.4046 -1.0471
v  0.5477 2.4005 -1.0449
v  0.5473 2.3966 -1.0423
v  0.5469 2.3928 -1.0395
v  0.5464 2.3893 -1.0363
v  0.5459 2.3861 -1.0330
v  0.5454 2.3831 -1.0293
v  0.5448 2.3805 -1.0255
v  0.5442 2.3781 -1.0215
v  0.5436 2.3761 -1.0173
v  0.5429 2.3744 -1.0129
v  0.5422 2.3731 -1.0085
v  0.5416 2.3722 -1.0040
v  0.5409 2.3716 -0.9994
v  0.8075 2.3716 -0.8710
v  0.7489 2.3716 -0.9178
v  0.8106 2.3722 -0.8744
v  0.7514 2.3722 -0.9216
v  0.8137 2.3731 -0.8777
v  0.7540 2.3731 -0.9254
v  0.8168 2.3744 -0.8810
v  0.7565 2.3744 -0.9291
v  0.8198 2.3761 -0.8842
v  0.7590 2.3761 -0.9327
v  0.8227 2.3781 -0.8874
v  0.7614 2.3781 -0.9362
v  0.8254 2.3805 -0.8903
v  0.7637 2.3805 -0.9396
v  0.8281 2.3831 -0.8932
v  0.7659 2.3831 -0.9428
v  0.8306 2.3861 -0.8959
v  0.7679 2.3861 -0.9458
v  0.8329 2.3893 -0.8984
v  0.7699 2.3893 -0.9487
v  0.8351 2.3928 -0.9007
v  0.7717 2.3928 -0.9513
v  0.8370 2.3966 -0.9028
v  0.7733 2.3966 -0.9536
v  0.8388 2.4005 -0.9047
v  0.7747 2.4005 -0.9558
v  0.8403 2.4046 -0.9063
v  0.7760 2.4046 -0.9576
v  0.8416 2.4089 -0.9077
v  0.7771 2.4089 -0.9592
v  0.8426 2.4133 -0.9089
v  0.7779 2.4133 -0.9605
v  0.8434 2.4178 -0.9097
v  0.7786 2.4178 -0.9614
v  0.8440 2.4223 -0.9103
v  0.7790 2.4223 -0.9621
v  0.8075 2.3716 -0.1350
v  0.8586 2.3716 -0.1900
v  0.8106 2.3722 -0.1316
v  0.8621 2.3722 -0.1872
v  0.8137 2.3731 -0.1283
v  0.8657 2.3731 -0.1843
v  0.8168 2.3744 -0.1250
v  0.8692 2.3744 -0.1815
v  0.8198 2.3761 -0.1218
v  0.8726 2.3761 -0.1788
v  0.8227 2.3781 -0.1187
v  0.8760 2.3781 -0.1761
v  0.8254 2.3805 -0.1157
v  0.8791 2.3805 -0.1736
v  0.8281 2.3831 -0.1129
v  0.8822 2.3831 -0.1712
v  0.8306 2.3861 -0.1102
v  0.8851 2.3861 -0.1689
v  0.8329 2.3893 -0.1077
v  0.8877 2.3893 -0.1668
v  0.8351 2.3928 -0.1053
v  0.8902 2.3928 -0.1648
v  0.8370 2.3966 -0.1032
v  0.8924 2.3966 -0.1630
v  0.8388 2.4005 -0.1014
v  0.8945 2.4005 -0.1614
v  0.8403 2.4046 -0.0997
v  0.8962 2.4046 -0.1600
v  0.8416 2.4089 -0.0983
v  0.8977 2.4089 -0.1588
v  0.8426 2.4133 -0.0972
v  0.8989 2.4133 -0.1578
v  0.8434 2.4178 -0.0963
v  0.8998 2.4178 -0.1571
v  0.8440 2.4223 -0.0957
v  0.9005 2.4223 -0.1566
v  -0.0013 2.3716 -0.3196
v  0.0313 2.3716 -0.2520
v  -0.0055 2.3722 -0.3179
v  0.0273 2.3722 -0.2497
v  -0.0098 2.3731 -0.3163
v  0.0234 2.3731 -0.2474
v  -0.0140 2.3744 -0.3146
v  0.0195 2.3744 -0.2452
v  -0.0180 2.3761 -0.3130
v  0.0157 2.3761 -0.2430
v  -0.0220 2.3781 -0.3115
v  0.0120 2.3781 -0.2409
v  -0.0258 2.3805 -0.3100
v  0.0085 2.3805 -0.2388
v  -0.0294 2.3831 -0.3086
v  0.0051 2.3831 -0.2369
v  -0.0328 2.3861 -0.3072
v  0.0019 2.3861 -0.2351
v  -0.0360 2.3893 -0.3060
v  -0.0010 2.3893 -0.2334
v  -0.0390 2.3928 -0.3048
v  -0.0038 2.3928 -0.2318
v  -0.0416 2.3966 -0.3038
v  -0.0063 2.3966 -0.2303
v  -0.0440 2.4005 -0.3028
v  -0.0085 2.4005 -0.2291
v  -0.0461 2.4046 -0.3020
v  -0.0104 2.4046 -0.2279
v  -0.0479 2.4089 -0.3013
v  -0.0121 2.4089 -0.2270
v  -0.0493 2.4133 -0.3008
v  -0.0134 2.4133 -0.2262
v  -0.0504 2.4178 -0.3003
v  -0.0144 2.4178 -0.2256
v  -0.0512 2.4223 -0.3000
v  -0.0151 2.4223 -0.2252
v  0.0736 2.3716 -0.8160
v  0.0313 2.3716 -0.7540
v  0.0700 2.3722 -0.8189
v  0.0273 2.3722 -0.7563
v  0.0664 2.3731 -0.8217
v  0.0234 2.3731 -0.7586
v  0.0629 2.3744 -0.8245
v  0.0195 2.3744 -0.7609
v  0.0595 2.3761 -0.8273
v  0.0157 2.3761 -0.7630
v  0.0562 2.3781 -0.8299
v  0.0120 2.3781 -0.7652
v  0.0530 2.3805 -0.8325
v  0.0085 2.3805 -0.7672
v  0.0499 2.3831 -0.8349
v  0.0051 2.3831 -0.7692
v  0.0471 2.3861 -0.8372
v  0.0019 2.3861 -0.7710
v  0.0444 2.3893 -0.8393
v  -0.0010 2.3893 -0.7727
v  0.0419 2.3928 -0.8413
v  -0.0038 2.3928 -0.7743
v  0.0397 2.3966 -0.8431
v  -0.0063 2.3966 -0.7757
v  0.0377 2.4005 -0.8447
v  -0.0085 2.4005 -0.7770
v  0.0359 2.4046 -0.8461
v  -0.0104 2.4046 -0.7781
v  0.0344 2.4089 -0.8472
v  -0.0121 2.4089 -0.7791
v  0.0332 2.4133 -0.8482
v  -0.0134 2.4133 -0.7798
v  0.0323 2.4178 -0.8490
v  -0.0144 2.4178 -0.7804
v  0.0316 2.4223 -0.8495
v  -0.0151 2.4223 -0.7808
v  0.9334 2.3716 -0.6864
v  0.9008 2.3716 -0.7540
v  0.9377 2.3722 -0.6881
v  0.9048 2.3722 -0.7563
v  0.9419 2.3731 -0.6898
v  0.9087 2.3731 -0.7586
v  0.9461 2.3744 -0.6914
v  0.9126 2.3744 -0.7609
v  0.9501 2.3761 -0.6930
v  0.9164 2.3761 -0.7630
v  0.9541 2.3781 -0.6946
v  0.9201 2.3781 -0.7652
v  0.9579 2.3805 -0.6961
v  0.9236 2.3805 -0.7672
v  0.9615 2.3831 -0.6975
v  0.9270 2.3831 -0.7692
v  0.9649 2.3861 -0.6988
v  0.9302 2.3861 -0.7710
v  0.9681 2.3893 -0.7001
v  0.9331 2.3893 -0.7727
v  0.9711 2.3928 -0.7012
v  0.9359 2.3928 -0.7743
v  0.9737 2.3966 -0.7023
v  0.9384 2.3966 -0.7757
v  0.9761 2.4005 -0.7032
v  0.9406 2.4005 -0.7770
v  0.9782 2.4046 -0.7040
v  0.9425 2.4046 -0.7781
v  0.9800 2.4089 -0.7047
v  0.9442 2.4089 -0.7791
v  0.9814 2.4133 -0.7053
v  0.9455 2.4133 -0.7798
v  0.9825 2.4178 -0.7057
v  0.9465 2.4178 -0.7804
v  0.9833 2.4223 -0.7060
v  0.9472 2.4223 -0.7808
v  0.6140 2.3716 -0.0233
v  0.6839 2.3716 -0.0507
v  0.6154 2.3722 -0.0189
v  0.6859 2.3722 -0.0466
v  0.6167 2.3731 -0.0146
v  0.6878 2.3731 -0.0425
v  0.6180 2.3744 -0.0103
v  0.6898 2.3744 -0.0384
v  0.6193 2.3761 -0.0061
v  0.6917 2.3761 -0.0345
v  0.6206 2.3781 -0.0020
v  0.6935 2.3781 -0.0307
v  0.6218 2.3805 0.0019
v  0.6953 2.3805 -0.0270
v  0.6229 2.3831 0.0056
v  0.6970 2.3831 -0.0235
v  0.6240 2.3861 0.0091
v  0.6986 2.3861 -0.0202
v  0.6250 2.3893 0.0124
v  0.7001 2.3893 -0.0171
v  0.6260 2.3928 0.0154
v  0.7014 2.3928 -0.0142
v  0.6268 2.3966 0.0181
v  0.7027 2.3966 -0.0117
v  0.6276 2.4005 0.0206
v  0.7038 2.4005 -0.0093
v  0.6282 2.4046 0.0227
v  0.7048 2.4046 -0.0073
v  0.6288 2.4089 0.0245
v  0.7056 2.4089 -0.0056
v  0.6292 2.4133 0.0260
v  0.7063 2.4133 -0.0042
v  0.6296 2.4178 0.0271
v  0.7068 2.4178 -0.0032
v  0.6298 2.4223 0.0279
v  0.7071 2.4223 -0.0024
v  -0.0346 2.3716 -0.4655
v  -0.0234 2.3716 -0.3913
v  -0.0392 2.3722 -0.4652
v  -0.0279 2.3722 -0.3903
v  -0.0437 2.3731 -0.4648
v  -0.0323 2.3731 -0.3893
v  -0.0482 2.3744 -0.4645
v  -0.0367 2.3744 -0.3883
v  -0.0525 2.3761 -0.4642
v  -0.0409 2.3761 -0.3873
v  -0.0568 2.3781 -0.4638
v  -0.0451 2.3781 -0.3864
v  -0.0608 2.3805 -0.4635
v  -0.0491 2.3805 -0.3855
v  -0.0647 2.3831 -0.4633
v  -0.0528 2.3831 -0.3846
v  -0.0684 2.3861 -0.4630
v  -0.0564 2.3861 -0.3838
v  -0.0718 2.3893 -0.4627
v  -0.0598 2.3893 -0.3830
v  -0.0749 2.3928 -0.4625
v  -0.0629 2.3928 -0.3823
v  -0.0778 2.3966 -0.4623
v  -0.0657 2.3966 -0.3817
v  -0.0804 2.4005 -0.4621
v  -0.0682 2.4005 -0.3811
v  -0.0826 2.4046 -0.4619
v  -0.0703 2.4046 -0.3806
v  -0.0845 2.4089 -0.4618
v  -0.0722 2.4089 -0.3802
v  -0.0860 2.4133 -0.4617
v  -0.0737 2.4133 -0.3798
v  -0.0872 2.4178 -0.4616
v  -0.0749 2.4178 -0.3796
v  -0.0880 2.4223 -0.4615
v  -0.0756 2.4223 -0.3794
v  0.2482 2.3716 -0.9553
v  0.2462 2.3722 -0.9595
v  0.2443 2.3731 -0.9636
v  0.2423 2.3744 -0.9676
v  0.2404 2.3761 -0.9716
v  0.2386 2.3781 -0.9754
v  0.2368 2.3805 -0.9791
v  0.2351 2.3831 -0.9826
v  0.2335 2.3861 -0.9859
v  0.2320 2.3893 -0.9890
v  0.2307 2.3928 -0.9918
v  0.2294 2.3966 -0.9944
v  0.2283 2.4005 -0.9967
v  0.2273 2.4046 -0.9987
v  0.2265 2.4089 -1.0004
v  0.2258 2.4133 -1.0018
v  0.2253 2.4178 -1.0029
v  0.2250 2.4223 -1.0036
v  0.6140 2.3716 -0.9828
v  0.6154 2.3722 -0.9871
v  0.6167 2.3731 -0.9915
v  0.6180 2.3744 -0.9958
v  0.6193 2.3761 -1.0000
v  0.6206 2.3781 -1.0040
v  0.6218 2.3805 -1.0079
v  0.6229 2.3831 -1.0116
v  0.6240 2.3861 -1.0151
v  0.6250 2.3893 -1.0184
v  0.6260 2.3928 -1.0214
v  0.6268 2.3966 -1.0242
v  0.6276 2.4005 -1.0266
v  0.6282 2.4046 -1.0288
v  0.6288 2.4089 -1.0306
v  0.6292 2.4133 -1.0321
v  0.6296 2.4178 -1.0332
v  0.6298 2.4223 -1.0340
v  -0.0346 2.3716 -0.5405
v  -0.0392 2.3722 -0.5409
v  -0.0437 2.3731 -0.5412
v  -0.0482 2.3744 -0.5416
v  -0.0525 2.3761 -0.5419
v  -0.0568 2.3781 -0.5422
v  -0.0608 2.3805 -0.5425
v  -0.0647 2.3831 -0.5428
v  -0.0684 2.3861 -0.5431
v  -0.0718 2.3893 -0.5433
v  -0.0749 2.3928 -0.5436
v  -0.0778 2.3966 -0.5438
v  -0.0804 2.4005 -0.5440
v  -0.0826 2.4046 -0.5441
v  -0.0845 2.4089 -0.5443
v  -0.0860 2.4133 -0.5444
v  -0.0872 2.4178 -0.5445
v  -0.0880 2.4223 -0.5446
v  0.3181 2.3716 -0.0233
v  0.3167 2.3722 -0.0189
v  0.3154 2.3731 -0.0146
v  0.3141 2.3744 -0.0103
v  0.3128 2.3761 -0.0061
v  0.3115 2.3781 -0.0020
v  0.3103 2.3805 0.0019
v  0.3092 2.3831 0.0056
v  0.3081 2.3861 0.0091
v  0.3071 2.3893 0.0124
v  0.3061 2.3928 0.0154
v  0.3053 2.3966 0.0181
v  0.3045 2.4005 0.0206
v  0.3039 2.4046 0.0227
v  0.3033 2.4089 0.0245
v  0.3029 2.4133 0.0260
v  0.3025 2.4178 0.0271
v  0.3023 2.4223 0.0279
v  -0.0234 2.3716 -0.6147
v  -0.0279 2.3722 -0.6158
v  -0.0323 2.3731 -0.6168
v  -0.0367 2.3744 -0.6178
v  -0.0409 2.3761 -0.6187
v  -0.0451 2.3781 -0.6197
v  -0.0491 2.3805 -0.6206
v  -0.0528 2.3831 -0.6215
v  -0.0564 2.3861 -0.6223
v  -0.0598 2.3893 -0.6230
v  -0.0629 2.3928 -0.6237
v  -0.0657 2.3966 -0.6244
v  -0.0682 2.4005 -0.6250
v  -0.0703 2.4046 -0.6255
v  -0.0722 2.4089 -0.6259
v  -0.0737 2.4133 -0.6262
v  -0.0749 2.4178 -0.6265
v  -0.0756 2.4223 -0.6267
v  0.8586 2.3716 -0.8160
v  0.8621 2.3722 -0.8189
v  0.8657 2.3731 -0.8217
v  0.8692 2.3744 -0.8245
v  0.8726 2.3761 -0.8273
v  0.8760 2.3781 -0.8299
v  0.8791 2.3805 -0.8325
v  0.8822 2.3831 -0.8349
v  0.8851 2.3861 -0.8372
v  0.8877 2.3893 -0.8393
v  0.8902 2.3928 -0.8413
v  0.8924 2.3966 -0.8431
v  0.8945 2.4005 -0.8447
v  0.8962 2.4046 -0.8461
v  0.8977 2.4089 -0.8472
v  0.8989 2.4133 -0.8482
v  0.8998 2.4178 -0.8490
v  0.9005 2.4223 -0.8495
v  0.0736 2.3716 -0.1900
v  0.0700 2.3722 -0.1872
v  0.0664 2.3731 -0.1843
v  0.0629 2.3744 -0.1815
v  0.0595 2.3761 -0.1788
v  0.0562 2.3781 -0.1761
v  0.0530 2.3805 -0.1736
v  0.0499 2.3831 -0.1712
v  0.0471 2.3861 -0.1689
v  0.0444 2.3893 -0.1668
v  0.0419 2.3928 -0.1648
v  0.0397 2.3966 -0.1630
v  0.0377 2.4005 -0.1614
v  0.0359 2.4046 -0.1600
v  0.0344 2.4089 -0.1588
v  0.0332 2.4133 -0.1578
v  0.0323 2.4178 -0.1571
v  0.0316 2.4223 -0.1566
v  -0.0013 2.3716 -0.6864
v  -0.0055 2.3722 -0.6881
v  -0.0098 2.3731 -0.6898
v  -0.0140 2.3744 -0.6914
v  -0.0180 2.3761 -0.6930
v  -0.0220 2.3781 -0.6946
v  -0.0258 2.3805 -0.6961
v  -0.0294 2.3831 -0.6975
v  -0.0328 2.3861 -0.6988
v  -0.0360 2.3893 -0.7001
v  -0.0390 2.3928 -0.7012
v  -0.0416 2.3966 -0.7023
v  -0.0440 2.4005 -0.7032
v  -0.0461 2.4046 -0.7040
v  -0.0479 2.4089 -0.7047
v  -0.0493 2.4133 -0.7053
v  -0.0504 2.4178 -0.7057
v  -0.0512 2.4223 -0.7060
v  0.7489 2.3716 -0.0882
v  0.7514 2.3722 -0.0844
v  0.7540 2.3731 -0.0807
v  0.7565 2.3744 -0.0770
v  0.7590 2.3761 -0.0734
v  0.7614 2.3781 -0.0698
v  0.7637 2.3805 -0.0665
v  0.7659 2.3831 -0.0633
v  0.7679 2.3861 -0.0602
v  0.7699 2.3893 -0.0574
v  0.7717 2.3928 -0.0548
v  0.7733 2.3966 -0.0524
v  0.7747 2.4005 -0.0503
v  0.7760 2.4046 -0.0484
v  0.7771 2.4089 -0.0469
v  0.7779 2.4133 -0.0456
v  0.7786 2.4178 -0.0446
v  0.7790 2.4223 -0.0440
v  0.6839 2.3716 -0.9553
v  0.6859 2.3722 -0.9595
v  0.6878 2.3731 -0.9636
v  0.6898 2.3744 -0.9676
v  0.6917 2.3761 -0.9716
v  0.6935 2.3781 -0.9754
v  0.6953 2.3805 -0.9791
v  0.6970 2.3831 -0.9826
v  0.6986 2.3861 -0.9859
v  0.7001 2.3893 -0.9890
v  0.7014 2.3928 -0.9918
v  0.7027 2.3966 -0.9944
v  0.7038 2.4005 -0.9967
v  0.7048 2.4046 -0.9987
v  0.7056 2.4089 -1.0004
v  0.7063 2.4133 -1.0018
v  0.7068 2.4178 -1.0029
v  0.7071 2.4223 -1.0036
v  0.1246 2.3716 -0.1350
v  0.1215 2.3722 -0.1316
v  0.1184 2.3731 -0.1283
v  0.1153 2.3744 -0.1250
v  0.1123 2.3761 -0.1218
v  0.1095 2.3781 -0.1187
v  0.1067 2.3805 -0.1157
v  0.1040 2.3831 -0.1129
v  0.1015 2.3861 -0.1102
v  0.0992 2.3893 -0.1077
v  0.0971 2.3928 -0.1053
v  0.0951 2.3966 -0.1032
v  0.0934 2.4005 -0.1014
v  0.0918 2.4046 -0.0997
v  0.0905 2.4089 -0.0983
v  0.0895 2.4133 -0.0972
v  0.0887 2.4178 -0.0963
v  0.0881 2.4223 -0.0957
# 5202 vertices

vn 0.2945 0.0428 -0.9547
vn 0.4335 0.0428 -0.9001
vn 0.4317 -0.1009 -0.8964
vn 0.2932 -0.1009 -0.9507
vn 0.1489 0.0428 -0.9879
vn 0.1483 -0.1009 -0.9838
vn 0.5628 0.0428 -0.8255
vn 0.6795 0.0428 -0.7324
vn 0.6767 -0.1009 -0.7293
vn 0.5604 -0.1009 -0.8220
vn 0.7811 0.0428 -0.6229
vn 0.7778 -0.1009 -0.6203
vn 0.8652 0.0428 -0.4995
vn 0.8616 -0.1009 -0.4974
vn 0.9300 0.0428 -0.3650
vn 0.9261 -0.1009 -0.3635
vn 0.9740 0.0428 -0.2223
vn 0.9699 -0.1009 -0.2214
vn 0.9963 0.0428 -0.0747
vn 0.9921 -0.1009 -0.0743
vn 0.9963 0.0428 0.0747
vn 0.9921 -0.1009 0.0743
vn 0.9740 0.0428 0.2223
vn 0.9699 -0.1009 0.2214
vn 0.9300 0.0428 0.3650
vn 0.9261 -0.1009 0.3635
vn 0.8652 0.0428 0.4995
vn 0.8616 -0.1009 0.4974
vn 0.7811 0.0428 0.6229
vn 0.7778 -0.1009 0.6203
vn 0.6796 0.0428 0.7324
vn 0.6767 -0.1009 0.7293
vn 0.5628 0.0428 0.8255
vn 0.5604 -0.1009 0.8220
vn 0.4335 0.0428 0.9001
vn 0.4317 -0.1009 0.8964
vn 0.2945 0.0428 0.9547
vn 0.2932 -0.1009 0.9507
vn 0.1489 0.0428 0.9879
vn 0.1483 -0.1009 0.9838
vn -0.0000 0.0428 0.9991
vn -0.0000 -0.1009 0.9949
vn -0.1489 0.0428 0.9879
vn -0.1483 -0.1009 0.9838
vn -0.2945 0.0428 0.9547
vn -0.2932 -0.1009 0.9507
vn -0.4335 0.0428 0.9001
vn -0.4317 -0.1009 0.8964
vn -0.5628 0.0428 0.8255
vn -0.5604 -0.1009 0.8220
vn -0.6795 0.0428 0.7324
vn -0.6767 -0.1009 0.7293
vn -0.7811 0.0428 0.6229
vn -0.7778 -0.1009 0.6203
vn -0.8652 0.0428 0.4995
vn -0.8616 -0.1009 0.4974
vn -0.9300 0.0428 0.3650
vn -0.9261 -0.1009 0.3635
vn -0.9740 0.0428 0.2223
vn -0.9699 -0.1009 0.2214
vn -0.9963 0.0428 0.0747
vn -0.9921 -0.1009 0.0743
vn -0.9963 0.0428 -0.0747
vn -0.9921 -0.1009 -0.0743
vn -0.9740 0.0428 -0.2223
vn -0.9699 -0.1009 -0.2214
vn -0.9300 0.0428 -0.3650
vn -0.9261 -0.1009 -0.3635
vn -0.8652 0.0428 -0.4995
vn -0.8616 -0.1009 -0.4974
vn -0.7811 0.0428 -0.6229
vn -0.7778 -0.1009 -0.6203
vn -0.6795 0.0428 -0.7324
vn -0.6767 -0.1009 -0.7293
vn -0.5628 0.0428 -0.8255
vn -0.5604 -0.1009 -0.8220
vn -0.4335 0.0428 -0.9001
vn -0.4317 -0.1009 -0.8964
vn -0.2945 0.0428 -0.9547
vn -0.2932 -0.1009 -0.9507
vn -0.1489 0.0428 -0.9879
vn -0.1483 -0.1009 -0.9838
vn -0.4320 0.0922 -0.8971
vn -0.4327 0.0735 -0.8985
vn -0.2940 0.0735 -0.9530
vn -0.2935 0.0922 -0.9515
vn 0.0000 0.0428 -0.9991
vn 0.0000 -0.1009 -0.9949
vn -0.2935 0.0922 0.9515
vn -0.2940 0.0735 0.9530
vn -0.4327 0.0735 0.8985
vn -0.4320 0.0922 0.8971
vn -0.5609 0.0922 0.8227
vn -0.5618 0.0735 0.8240
vn -0.6783 0.0735 0.7311
vn -0.6773 0.0922 0.7299
vn -0.7797 0.0735 0.6218
vn -0.7785 0.0922 0.6208
vn -0.8623 0.0922 0.4979
vn -0.8637 0.0735 0.4986
vn -0.9284 0.0735 0.3644
vn -0.9269 0.0922 0.3638
vn -0.9723 0.0735 0.2219
vn -0.9708 0.0922 0.2216
vn -0.9945 0.0735 0.0745
vn -0.9930 0.0922 0.0744
vn -0.9945 0.0735 -0.0745
vn -0.9930 0.0922 -0.0744
vn -0.7785 0.0922 -0.6208
vn -0.7797 0.0735 -0.6218
vn -0.6783 0.0735 -0.7311
vn -0.6773 0.0922 -0.7299
vn -0.1484 0.0922 -0.9846
vn -0.1486 0.0735 -0.9862
vn 0.0000 0.0735 -0.9973
vn 0.0000 0.0922 -0.9957
vn 0.4320 0.0922 -0.8971
vn 0.4327 0.0735 -0.8985
vn 0.5618 0.0735 -0.8240
vn 0.5609 0.0922 -0.8227
vn 0.2935 0.0922 0.9515
vn 0.2940 0.0735 0.9530
vn 0.1486 0.0735 0.9862
vn 0.1484 0.0922 0.9846
vn -0.5618 0.0735 -0.8240
vn -0.5609 0.0922 -0.8227
vn -0.0423 0.9981 -0.0455
vn 0.0465 0.9977 0.0501
vn 0.0534 0.9977 0.0426
vn -0.0486 0.9981 -0.0387
vn -0.8623 0.0922 -0.4979
vn -0.8637 0.0735 -0.4986
vn 0.1484 0.0922 -0.9846
vn 0.1486 0.0735 -0.9862
vn 0.2940 0.0735 -0.9530
vn 0.2935 0.0922 -0.9515
vn 0.6773 0.0922 0.7299
vn 0.6783 0.0735 0.7311
vn 0.5618 0.0735 0.8240
vn 0.5609 0.0922 0.8227
vn 0.6783 0.0735 -0.7311
vn 0.6773 0.0922 -0.7299
vn 0.7797 0.0735 -0.6218
vn 0.7785 0.0922 -0.6208
vn 0.8623 0.0922 -0.4979
vn 0.8637 0.0735 -0.4986
vn 0.9284 0.0735 -0.3644
vn 0.9269 0.0922 -0.3638
vn 0.9723 0.0735 -0.2219
vn 0.9708 0.0922 -0.2216
vn 0.9945 0.0735 -0.0745
vn 0.9930 0.0922 -0.0744
vn 0.9945 0.0735 0.0745
vn 0.9930 0.0922 0.0744
vn 0.9723 0.0735 0.2219
vn 0.9708 0.0922 0.2216
vn 0.9284 0.0735 0.3644
vn 0.9269 0.0922 0.3638
vn 0.8623 0.0922 0.4979
vn 0.8637 0.0735 0.4986
vn 0.7797 0.0735 0.6218
vn 0.7785 0.0922 0.6208
vn 0.4327 0.0735 0.8985
vn 0.4320 0.0922 0.8971
vn -0.9269 0.0922 -0.3638
vn -0.9284 0.0735 -0.3644
vn -0.9723 0.0735 -0.2219
vn -0.9708 0.0922 -0.2216
vn -0.0356 -0.9966 -0.0738
vn -0.0242 -0.9966 -0.0783
vn -0.0122 -0.9966 -0.0810
vn 0.0122 -0.9966 -0.0810
vn 0.0000 -0.9966 -0.0819
vn 0.0242 -0.9966 -0.0783
vn 0.0356 -0.9966 -0.0738
vn 0.0557 -0.9966 -0.0601
vn 0.0462 -0.9966 -0.0677
vn 0.0000 -1.0000 -0.0000
vn 0.0641 -0.9966 -0.0511
vn 0.0710 -0.9966 -0.0410
vn 0.0799 -0.9966 -0.0182
vn 0.0763 -0.9966 -0.0299
vn 0.0817 -0.9966 -0.0061
vn 0.0817 -0.9966 0.0061
vn 0.0763 -0.9966 0.0299
vn 0.0799 -0.9966 0.0182
vn 0.0710 -0.9966 0.0410
vn 0.0641 -0.9966 0.0511
vn 0.0462 -0.9966 0.0677
vn 0.0557 -0.9966 0.0601
vn 0.0356 -0.9966 0.0738
vn 0.0242 -0.9966 0.0783
vn 0.0122 -0.9966 0.0810
vn -0.0000 -0.9966 0.0819
vn -0.0242 -0.9966 0.0783
vn -0.0122 -0.9966 0.0810
vn -0.0356 -0.9966 0.0738
vn -0.0462 -0.9966 0.0677
vn -0.0641 -0.9966 0.0511
vn -0.0557 -0.9966 0.0601
vn -0.0710 -0.9966 0.0410
vn -0.0763 -0.9966 0.0299
vn -0.0817 -0.9966 0.0061
vn -0.0799 -0.9966 0.0182
vn -0.0817 -0.9966 -0.0061
vn -0.0799 -0.9966 -0.0182
vn -0.0710 -0.9966 -0.0410
vn -0.0763 -0.9966 -0.0299
vn -0.0641 -0.9966 -0.0511
vn -0.0557 -0.9966 -0.0601
vn -0.0462 -0.9966 -0.0677
vn -0.0000 0.0735 0.9973
vn -0.0000 0.0922 0.9957
vn -0.1484 0.0922 0.9846
vn -0.1486 0.0735 0.9862
vn -0.0270 0.9981 0.0560
vn 0.0296 0.9977 -0.0616
vn 0.0201 0.9977 -0.0653
vn -0.0183 0.9981 0.0594
vn 0.0606 0.9981 -0.0138
vn -0.0666 0.9977 0.0152
vn -0.0636 0.9977 0.0250
vn 0.0578 0.9981 -0.0227
vn -0.0350 0.9981 -0.0513
vn 0.0385 0.9977 0.0564
vn -0.0350 0.9981 0.0513
vn 0.0385 0.9977 -0.0564
vn 0.0620 0.9981 -0.0046
vn -0.0681 0.9977 0.0051
vn -0.0270 0.9981 -0.0560
vn 0.0296 0.9977 0.0616
vn -0.0423 0.9981 0.0455
vn 0.0465 0.9977 -0.0501
vn 0.0620 0.9981 0.0046
vn -0.0681 0.9977 -0.0051
vn -0.0183 0.9981 -0.0594
vn 0.0201 0.9977 0.0653
vn -0.0486 0.9981 0.0387
vn 0.0534 0.9977 -0.0426
vn 0.0606 0.9981 0.0138
vn -0.0666 0.9977 -0.0152
vn -0.0093 0.9981 -0.0614
vn 0.0102 0.9977 0.0675
vn -0.0538 0.9981 0.0311
vn 0.0592 0.9977 -0.0342
vn 0.0578 0.9981 0.0227
vn -0.0636 0.9977 -0.0250
vn 0.0000 0.9981 -0.0621
vn -0.0000 0.9977 0.0683
vn -0.0578 0.9981 0.0227
vn 0.0636 0.9977 -0.0250
vn 0.0538 0.9981 0.0311
vn -0.0592 0.9977 -0.0342
vn 0.0093 0.9981 -0.0614
vn -0.0102 0.9977 0.0676
vn -0.0606 0.9981 0.0138
vn 0.0666 0.9977 -0.0152
vn 0.0486 0.9981 0.0387
vn -0.0534 0.9977 -0.0426
vn 0.0183 0.9981 -0.0594
vn -0.0201 0.9977 0.0653
vn -0.0620 0.9981 0.0046
vn 0.0681 0.9977 -0.0051
vn 0.0423 0.9981 0.0455
vn -0.0465 0.9977 -0.0501
vn 0.0270 0.9981 -0.0560
vn -0.0296 0.9977 0.0615
vn -0.0620 0.9981 -0.0046
vn 0.0681 0.9977 0.0051
vn 0.0350 0.9981 0.0513
vn -0.0385 0.9977 -0.0564
vn 0.0350 0.9981 -0.0513
vn -0.0385 0.9977 0.0564
vn -0.0606 0.9981 -0.0138
vn 0.0666 0.9977 0.0152
vn 0.0270 0.9981 0.0560
vn -0.0296 0.9977 -0.0615
vn 0.0423 0.9981 -0.0455
vn -0.0465 0.9977 0.0501
vn -0.0578 0.9981 -0.0227
vn 0.0636 0.9977 0.0250
vn 0.0183 0.9981 0.0594
vn -0.0201 0.9977 -0.0653
vn 0.0486 0.9981 -0.0387
vn -0.0534 0.9977 0.0426
vn -0.0538 0.9981 -0.0311
vn 0.0592 0.9977 0.0342
vn 0.0093 0.9981 0.0614
vn -0.0102 0.9977 -0.0676
vn -0.0093 0.9981 0.0614
vn 0.0102 0.9977 -0.0676
vn 0.0000 0.9977 -0.0683
vn -0.0000 0.9981 0.0621
vn 0.0538 0.9981 -0.0311
vn -0.0592 0.9977 0.0342
vn 0.0000 0.2579 -0.9662
vn 0.1440 0.2579 -0.9554
vn 0.0000 0.4983 -0.8670
vn 0.1292 0.4983 -0.8573
vn 0.0000 0.7050 -0.7092
vn 0.1057 0.7050 -0.7013
vn 0.0000 0.8639 -0.5036
vn 0.0751 0.8639 -0.4980
vn -0.0000 0.9645 -0.2639
vn 0.0393 0.9645 -0.2610
vn 0.2848 0.2579 -0.9232
vn 0.2555 0.4983 -0.8285
vn 0.2091 0.7050 -0.6777
vn 0.1484 0.8639 -0.4812
vn 0.0778 0.9645 -0.2522
vn 0.4192 0.2579 -0.8705
vn 0.3762 0.4983 -0.7811
vn 0.3077 0.7050 -0.6390
vn 0.2185 0.8639 -0.4537
vn 0.1145 0.9645 -0.2378
vn 0.5443 0.2579 -0.7983
vn 0.4884 0.4983 -0.7163
vn 0.3995 0.7050 -0.5860
vn 0.2837 0.8639 -0.4161
vn 0.1487 0.9645 -0.2181
vn 0.6572 0.2579 -0.7082
vn 0.5897 0.4983 -0.6355
vn 0.4824 0.7050 -0.5199
vn 0.3425 0.8639 -0.3692
vn 0.1795 0.9645 -0.1935
vn 0.7554 0.2579 -0.6024
vn 0.6778 0.4983 -0.5406
vn 0.5545 0.7050 -0.4422
vn 0.3937 0.8639 -0.3140
vn 0.2064 0.9645 -0.1646
vn 0.8367 0.2579 -0.4831
vn 0.7508 0.4983 -0.4335
vn 0.6142 0.7050 -0.3546
vn 0.4361 0.8639 -0.2518
vn 0.2286 0.9645 -0.1320
vn 0.8994 0.2579 -0.3530
vn 0.8071 0.4983 -0.3167
vn 0.6602 0.7050 -0.2591
vn 0.4688 0.8639 -0.1840
vn 0.2457 0.9645 -0.0964
vn 0.9419 0.2579 -0.2150
vn 0.8452 0.4983 -0.1929
vn 0.6915 0.7050 -0.1578
vn 0.4910 0.8639 -0.1121
vn 0.2573 0.9645 -0.0587
vn 0.9635 0.2579 -0.0722
vn 0.8646 0.4983 -0.0648
vn 0.7073 0.7050 -0.0530
vn 0.5022 0.8639 -0.0376
vn 0.2632 0.9645 -0.0197
vn 0.9635 0.2579 0.0722
vn 0.8646 0.4983 0.0648
vn 0.7073 0.7050 0.0530
vn 0.5022 0.8639 0.0376
vn 0.2632 0.9645 0.0197
vn 0.9419 0.2579 0.2150
vn 0.8452 0.4983 0.1929
vn 0.6915 0.7050 0.1578
vn 0.4910 0.8639 0.1121
vn 0.2573 0.9645 0.0587
vn 0.8994 0.2579 0.3530
vn 0.8071 0.4983 0.3167
vn 0.6602 0.7050 0.2591
vn 0.4688 0.8639 0.1840
vn 0.2457 0.9645 0.0964
vn 0.8367 0.2579 0.4831
vn 0.7508 0.4983 0.4335
vn 0.6142 0.7050 0.3546
vn 0.4361 0.8639 0.2518
vn 0.2286 0.9645 0.1320
vn 0.7554 0.2579 0.6024
vn 0.6778 0.4983 0.5406
vn 0.5545 0.7050 0.4422
vn 0.3937 0.8639 0.3140
vn 0.2064 0.9645 0.1646
vn 0.6572 0.2579 0.7082
vn 0.5897 0.4983 0.6355
vn 0.4824 0.7050 0.5199
vn 0.3425 0.8639 0.3692
vn 0.1795 0.9645 0.1935
vn 0.5443 0.2579 0.7983
vn 0.4884 0.4983 0.7163
vn 0.3995 0.7050 0.5860
vn 0.2837 0.8639 0.4161
vn 0.1487 0.9645 0.2181
vn 0.4192 0.2579 0.8705
vn 0.3762 0.4983 0.7811
vn 0.3077 0.7050 0.6390
vn 0.2185 0.8639 0.4537
vn 0.1145 0.9645 0.2378
vn 0.2848 0.2579 0.9232
vn 0.2555 0.4983 0.8285
vn 0.2091 0.7050 0.6777
vn 0.1484 0.8639 0.4812
vn 0.0778 0.9645 0.2522
vn 0.1440 0.2579 0.9554
vn 0.1292 0.4983 0.8573
vn 0.1057 0.7050 0.7013
vn 0.0751 0.8639 0.4980
vn 0.0393 0.9645 0.2610
vn -0.0000 0.2579 0.9662
vn -0.0000 0.4983 0.8670
vn -0.0000 0.7050 0.7092
vn -0.0000 0.8639 0.5036
vn -0.0000 0.9645 0.2639
vn -0.1440 0.2579 0.9554
vn -0.1292 0.4983 0.8573
vn -0.1057 0.7050 0.7013
vn -0.0751 0.8639 0.4980
vn -0.0393 0.9645 0.2610
vn -0.2848 0.2579 0.9232
vn -0.2555 0.4983 0.8285
vn -0.2091 0.7050 0.6777
vn -0.1484 0.8639 0.4812
vn -0.0778 0.9645 0.2522
vn -0.4192 0.2579 0.8705
vn -0.3762 0.4983 0.7811
vn -0.3077 0.7050 0.6390
vn -0.2185 0.8639 0.4537
vn -0.1145 0.9645 0.2378
vn -0.5443 0.2579 0.7983
vn -0.4884 0.4983 0.7163
vn -0.3995 0.7050 0.5860
vn -0.2837 0.8639 0.4161
vn -0.1487 0.9645 0.2181
vn -0.6572 0.2579 0.7082
vn -0.5897 0.4983 0.6355
vn -0.4824 0.7050 0.5199
vn -0.3425 0.8639 0.3692
vn -0.1795 0.9645 0.1935
vn -0.7554 0.2579 0.6024
vn -0.6778 0.4983 0.5406
vn -0.5545 0.7050 0.4422
vn -0.3937 0.8639 0.3140
vn -0.2064 0.9645 0.1646
vn -0.8367 0.2579 0.4831
vn -0.7508 0.4983 0.4335
vn -0.6142 0.7050 0.3546
vn -0.4361 0.8639 0.2518
vn -0.2286 0.9645 0.1320
vn -0.8994 0.2579 0.3530
vn -0.8071 0.4983 0.3167
vn -0.6602 0.7050 0.2591
vn -0.4688 0.8639 0.1840
vn -0.2457 0.9645 0.0964
vn -0.9419 0.2579 0.2150
vn -0.8452 0.4983 0.1929
vn -0.6915 0.7050 0.1578
vn -0.4910 0.8639 0.1121
vn -0.2573 0.9645 0.0587
vn -0.9635 0.2579 0.0722
vn -0.8646 0.4983 0.0648
vn -0.7073 0.7050 0.0530
vn -0.5022 0.8639 0.0376
vn -0.2632 0.9645 0.0197
vn -0.9635 0.2579 -0.0722
vn -0.8646 0.4983 -0.0648
vn -0.7073 0.7050 -0.0530
vn -0.5022 0.8639 -0.0376
vn -0.2632 0.9645 -0.0197
vn -0.9419 0.2579 -0.2150
vn -0.8452 0.4983 -0.1929
vn -0.6915 0.7050 -0.1578
vn -0.4910 0.8639 -0.1121
vn -0.2573 0.9645 -0.0587
vn -0.8994 0.2579 -0.3530
vn -0.8071 0.4983 -0.3167
vn -0.6602 0.7050 -0.2591
vn -0.4688 0.8639 -0.1840
vn -0.2457 0.9645 -0.0964
vn -0.8367 0.2579 -0.4831
vn -0.7508 0.4983 -0.4335
vn -0.6142 0.7050 -0.3546
vn -0.4361 0.8639 -0.2518
vn -0.2286 0.9645 -0.1320
vn -0.7554 0.2579 -0.6024
vn -0.6778 0.4983 -0.5406
vn -0.5545 0.7050 -0.4422
vn -0.3937 0.8639 -0.3140
vn -0.2064 0.9645 -0.1646
vn -0.6572 0.2579 -0.7082
vn -0.5897 0.4983 -0.6355
vn -0.4824 0.7050 -0.5199
vn -0.3425 0.8639 -0.3692
vn -0.1795 0.9645 -0.1935
vn -0.5443 0.2579 -0.7983
vn -0.4884 0.4983 -0.7163
vn -0.3995 0.7050 -0.5860
vn -0.2837 0.8639 -0.4161
vn -0.1487 0.9645 -0.2181
vn -0.4192 0.2579 -0.8705
vn -0.3762 0.4983 -0.7811
vn -0.3077 0.7050 -0.6390
vn -0.2185 0.8639 -0.4537
vn -0.1145 0.9645 -0.2378
vn -0.2848 0.2579 -0.9232
vn -0.2555 0.4983 -0.8285
vn -0.2091 0.7050 -0.6777
vn -0.1484 0.8639 -0.4812
vn -0.0778 0.9645 -0.2522
vn -0.1440 0.2579 -0.9554
vn -0.1292 0.4983 -0.8573
vn -0.1057 0.7050 -0.7013
vn -0.0751 0.8639 -0.4980
vn -0.0393 0.9645 -0.2610
vn -0.0000 0.9676 0.2524
vn -0.0376 0.9676 0.2495
vn -0.0000 0.8693 0.4943
vn -0.0737 0.8693 0.4888
vn -0.0000 0.7112 0.7030
vn -0.1048 0.7112 0.6952
vn -0.0000 0.5037 0.8639
vn -0.1288 0.5037 0.8542
vn -0.0000 0.2610 0.9653
vn -0.1439 0.2610 0.9545
vn -0.0744 0.9676 0.2412
vn -0.1457 0.8693 0.4723
vn -0.2072 0.7112 0.6718
vn -0.2546 0.5037 0.8255
vn -0.2845 0.2610 0.9224
vn -0.1095 0.9676 0.2274
vn -0.2145 0.8693 0.4453
vn -0.3050 0.7112 0.6334
vn -0.3748 0.5037 0.7783
vn -0.4188 0.2610 0.8697
vn -0.1422 0.9676 0.2085
vn -0.2784 0.8693 0.4084
vn -0.3960 0.7112 0.5809
vn -0.4866 0.5037 0.7138
vn -0.5438 0.2610 0.7976
vn -0.1717 0.9676 0.1850
vn -0.3362 0.8693 0.3623
vn -0.4782 0.7112 0.5153
vn -0.5876 0.5037 0.6333
vn -0.6566 0.2610 0.7076
vn -0.1973 0.9676 0.1573
vn -0.3865 0.8693 0.3082
vn -0.5496 0.7112 0.4383
vn -0.6754 0.5037 0.5386
vn -0.7547 0.2610 0.6019
vn -0.2186 0.9676 0.1262
vn -0.4281 0.8693 0.2471
vn -0.6088 0.7112 0.3515
vn -0.7481 0.5037 0.4319
vn -0.8360 0.2610 0.4827
vn -0.2349 0.9676 0.0922
vn -0.4601 0.8693 0.1806
vn -0.6544 0.7112 0.2568
vn -0.8041 0.5037 0.3156
vn -0.8986 0.2610 0.3527
vn -0.2460 0.9676 0.0562
vn -0.4819 0.8693 0.1100
vn -0.6854 0.7112 0.1564
vn -0.8422 0.5037 0.1922
vn -0.9411 0.2610 0.2148
vn -0.2517 0.9676 0.0189
vn -0.4929 0.8693 0.0369
vn -0.7010 0.7112 0.0525
vn -0.8614 0.5037 0.0646
vn -0.9626 0.2610 0.0721
vn -0.2517 0.9676 -0.0189
vn -0.4929 0.8693 -0.0369
vn -0.7010 0.7112 -0.0525
vn -0.8614 0.5037 -0.0646
vn -0.9626 0.2610 -0.0721
vn -0.2460 0.9676 -0.0562
vn -0.4819 0.8693 -0.1100
vn -0.6854 0.7112 -0.1564
vn -0.8422 0.5037 -0.1922
vn -0.9411 0.2610 -0.2148
vn -0.2349 0.9676 -0.0922
vn -0.4601 0.8693 -0.1806
vn -0.6544 0.7112 -0.2568
vn -0.8041 0.5037 -0.3156
vn -0.8986 0.2610 -0.3527
vn -0.2186 0.9676 -0.1262
vn -0.4281 0.8693 -0.2471
vn -0.6088 0.7112 -0.3515
vn -0.7481 0.5037 -0.4319
vn -0.8360 0.2610 -0.4827
vn -0.1973 0.9676 -0.1573
vn -0.3865 0.8693 -0.3082
vn -0.5496 0.7112 -0.4383
vn -0.6754 0.5037 -0.5386
vn -0.7547 0.2610 -0.6019
vn -0.1717 0.9676 -0.1850
vn -0.3362 0.8693 -0.3623
vn -0.4782 0.7112 -0.5153
vn -0.5876 0.5037 -0.6333
vn -0.6566 0.2610 -0.7076
vn -0.1422 0.9676 -0.2085
vn -0.2784 0.8693 -0.4084
vn -0.3960 0.7112 -0.5809
vn -0.4866 0.5037 -0.7138
vn -0.5438 0.2610 -0.7976
vn -0.1095 0.9676 -0.2274
vn -0.2145 0.8693 -0.4453
vn -0.3050 0.7112 -0.6334
vn -0.3748 0.5037 -0.7783
vn -0.4188 0.2610 -0.8697
vn -0.0744 0.9676 -0.2412
vn -0.1457 0.8693 -0.4723
vn -0.2072 0.7112 -0.6718
vn -0.2546 0.5037 -0.8255
vn -0.2845 0.2610 -0.9224
vn -0.0376 0.9676 -0.2495
vn -0.0737 0.8693 -0.4888
vn -0.1048 0.7112 -0.6952
vn -0.1288 0.5037 -0.8542
vn -0.1439 0.2610 -0.9545
vn 0.0000 0.9676 -0.2524
vn 0.0000 0.8693 -0.4943
vn -0.0000 0.7112 -0.7030
vn 0.0000 0.5037 -0.8639
vn 0.0000 0.2610 -0.9653
vn 0.0376 0.9676 -0.2495
vn 0.0737 0.8693 -0.4888
vn 0.1048 0.7112 -0.6952
vn 0.1288 0.5037 -0.8542
vn 0.1439 0.2610 -0.9545
vn 0.0744 0.9676 -0.2412
vn 0.1457 0.8693 -0.4723
vn 0.2072 0.7112 -0.6718
vn 0.2546 0.5037 -0.8255
vn 0.2845 0.2610 -0.9224
vn 0.1095 0.9676 -0.2274
vn 0.2145 0.8693 -0.4453
vn 0.3050 0.7112 -0.6334
vn 0.3748 0.5037 -0.7783
vn 0.4188 0.2610 -0.8697
vn 0.1422 0.9676 -0.2085
vn 0.2784 0.8693 -0.4084
vn 0.3960 0.7112 -0.5809
vn 0.4866 0.5037 -0.7138
vn 0.5438 0.2610 -0.7976
vn 0.1717 0.9676 -0.1850
vn 0.3362 0.8693 -0.3623
vn 0.4782 0.7112 -0.5153
vn 0.5876 0.5037 -0.6333
vn 0.6566 0.2610 -0.7076
vn 0.1973 0.9676 -0.1573
vn 0.3865 0.8693 -0.3082
vn 0.5496 0.7112 -0.4383
vn 0.6754 0.5037 -0.5386
vn 0.7547 0.2610 -0.6019
vn 0.2186 0.9676 -0.1262
vn 0.4281 0.8693 -0.2471
vn 0.6088 0.7112 -0.3515
vn 0.7481 0.5037 -0.4319
vn 0.8360 0.2610 -0.4827
vn 0.2349 0.9676 -0.0922
vn 0.4601 0.8693 -0.1806
vn 0.6544 0.7112 -0.2568
vn 0.8041 0.5037 -0.3156
vn 0.8986 0.2610 -0.3527
vn 0.2460 0.9676 -0.0562
vn 0.4819 0.8693 -0.1100
vn 0.6854 0.7112 -0.1564
vn 0.8422 0.5037 -0.1922
vn 0.9411 0.2610 -0.2148
vn 0.2517 0.9676 -0.0189
vn 0.4929 0.8693 -0.0369
vn 0.7010 0.7112 -0.0525
vn 0.8614 0.5037 -0.0646
vn 0.9626 0.2611 -0.0721
vn 0.2517 0.9676 0.0189
vn 0.4929 0.8693 0.0369
vn 0.7010 0.7112 0.0525
vn 0.8614 0.5037 0.0646
vn 0.9626 0.2611 0.0721
vn 0.2460 0.9676 0.0562
vn 0.4819 0.8693 0.1100
vn 0.6854 0.7112 0.1564
vn 0.8422 0.5037 0.1922
vn 0.9411 0.2610 0.2148
vn 0.2349 0.9676 0.0922
vn 0.4601 0.8693 0.1806
vn 0.6544 0.7112 0.2568
vn 0.8041 0.5037 0.3156
vn 0.8986 0.2610 0.3527
vn 0.2186 0.9676 0.1262
vn 0.4281 0.8693 0.2471
vn 0.6088 0.7112 0.3515
vn 0.7481 0.5037 0.4319
vn 0.8360 0.2610 0.4827
vn 0.1973 0.9676 0.1573
vn 0.3865 0.8693 0.3082
vn 0.5496 0.7112 0.4383
vn 0.6754 0.5037 0.5386
vn 0.7547 0.2610 0.6019
vn 0.1717 0.9676 0.1850
vn 0.3362 0.8693 0.3623
vn 0.4782 0.7112 0.5153
vn 0.5876 0.5037 0.6333
vn 0.6566 0.2610 0.7076
vn 0.1422 0.9676 0.2085
vn 0.2784 0.8693 0.4084
vn 0.3960 0.7112 0.5809
vn 0.4866 0.5037 0.7138
vn 0.5438 0.2610 0.7976
vn 0.1095 0.9676 0.2274
vn 0.2145 0.8693 0.4453
vn 0.3050 0.7112 0.6334
vn 0.3748 0.5037 0.7783
vn 0.4188 0.2610 0.8697
vn 0.0744 0.9676 0.2412
vn 0.1457 0.8693 0.4723
vn 0.2072 0.7112 0.6718
vn 0.2546 0.5037 0.8255
vn 0.2845 0.2610 0.9224
vn 0.0376 0.9676 0.2495
vn 0.0737 0.8693 0.4888
vn 0.1048 0.7112 0.6952
vn 0.1288 0.5037 0.8542
vn 0.1439 0.2610 0.9545
vn 0.0210 0.9998 0.0048
vn 0.0215 0.9998 0.0016
vn 0.0215 0.9998 -0.0016
vn 0.0186 0.9998 0.0108
vn 0.0210 0.9998 -0.0048
vn 0.0200 0.9998 -0.0079
vn 0.0168 0.9998 -0.0134
vn 0.0186 0.9998 -0.0108
vn 0.0146 0.9998 -0.0158
vn 0.0121 0.9998 -0.0178
vn 0.0063 0.9998 -0.0206
vn 0.0093 0.9998 -0.0194
vn -0.0168 0.9998 -0.0134
vn 0.0032 0.9998 -0.0213
vn 0.0000 0.9998 -0.0215
vn -0.0063 0.9998 -0.0206
vn -0.0032 0.9998 -0.0213
vn -0.0093 0.9998 -0.0194
vn -0.0121 0.9998 -0.0178
vn -0.0146 0.9998 -0.0158
vn -0.0186 0.9998 -0.0108
vn -0.0200 0.9998 -0.0079
vn -0.0215 0.9998 -0.0016
vn -0.0210 0.9998 -0.0048
vn -0.0215 0.9998 0.0016
vn -0.0210 0.9998 0.0048
vn -0.0186 0.9998 0.0108
vn -0.0200 0.9998 0.0079
vn 0.0032 0.9998 0.0213
vn -0.0168 0.9998 0.0134
vn -0.0146 0.9998 0.0158
vn -0.0093 0.9998 0.0194
vn -0.0121 0.9998 0.0178
vn -0.0063 0.9998 0.0206
vn -0.0032 0.9998 0.0213
vn -0.0000 0.9998 0.0215
vn 0.0146 0.9998 0.0158
vn 0.0063 0.9998 0.0206
vn 0.0093 0.9998 0.0194
vn 0.0121 0.9998 0.0178
vn 0.0168 0.9998 0.0134
vn 0.0200 0.9998 0.0079
vn 0.1418 -0.3076 -0.9409
vn 0.0000 -0.3076 -0.9515
vn 0.1208 -0.5853 -0.8018
vn 0.0000 -0.5853 -0.8108
vn 0.0882 -0.8062 -0.5850
vn 0.0000 -0.8062 -0.5916
vn 0.0469 -0.9491 -0.3114
vn 0.0000 -0.9491 -0.3150
vn 0.2805 -0.3076 -0.9092
vn 0.2390 -0.5853 -0.7748
vn 0.1744 -0.8062 -0.5653
vn 0.0928 -0.9491 -0.3010
vn 0.4128 -0.3076 -0.8573
vn 0.3518 -0.5853 -0.7305
vn 0.2567 -0.8062 -0.5330
vn 0.1367 -0.9491 -0.2838
vn 0.5360 -0.3076 -0.7862
vn 0.4568 -0.5853 -0.6699
vn 0.3333 -0.8062 -0.4888
vn 0.1774 -0.9491 -0.2602
vn 0.6472 -0.3076 -0.6975
vn 0.5515 -0.5853 -0.5944
vn 0.4024 -0.8062 -0.4337
vn 0.2142 -0.9491 -0.2309
vn 0.7439 -0.3076 -0.5933
vn 0.6339 -0.5853 -0.5055
vn 0.4625 -0.8062 -0.3689
vn 0.2463 -0.9491 -0.1964
vn 0.8240 -0.3076 -0.4758
vn 0.7022 -0.5853 -0.4054
vn 0.5123 -0.8062 -0.2958
vn 0.2728 -0.9491 -0.1575
vn 0.8857 -0.3076 -0.3476
vn 0.7548 -0.5853 -0.2962
vn 0.5507 -0.8062 -0.2161
vn 0.2932 -0.9491 -0.1151
vn 0.9277 -0.3076 -0.2117
vn 0.7905 -0.5853 -0.1804
vn 0.5768 -0.8062 -0.1316
vn 0.3071 -0.9491 -0.0701
vn 0.9489 -0.3076 -0.0711
vn 0.8086 -0.5853 -0.0606
vn 0.5899 -0.8062 -0.0442
vn 0.3141 -0.9491 -0.0235
vn 0.9489 -0.3076 0.0711
vn 0.8086 -0.5853 0.0606
vn 0.5899 -0.8062 0.0442
vn 0.3141 -0.9491 0.0235
vn 0.9277 -0.3076 0.2117
vn 0.7905 -0.5853 0.1804
vn 0.5768 -0.8062 0.1316
vn 0.3071 -0.9491 0.0701
vn 0.8857 -0.3076 0.3476
vn 0.7548 -0.5853 0.2962
vn 0.5507 -0.8062 0.2161
vn 0.2932 -0.9491 0.1151
vn 0.8240 -0.3076 0.4758
vn 0.7022 -0.5853 0.4054
vn 0.5123 -0.8062 0.2958
vn 0.2728 -0.9491 0.1575
vn 0.7439 -0.3076 0.5933
vn 0.6339 -0.5853 0.5055
vn 0.4625 -0.8062 0.3689
vn 0.2463 -0.9491 0.1964
vn 0.6472 -0.3076 0.6975
vn 0.5515 -0.5853 0.5944
vn 0.4024 -0.8062 0.4337
vn 0.2142 -0.9491 0.2309
vn 0.5360 -0.3076 0.7862
vn 0.4568 -0.5853 0.6699
vn 0.3333 -0.8062 0.4888
vn 0.1774 -0.9491 0.2602
vn 0.4128 -0.3076 0.8573
vn 0.3518 -0.5853 0.7305
vn 0.2567 -0.8062 0.5330
vn 0.1367 -0.9491 0.2838
vn 0.2805 -0.3076 0.9092
vn 0.2390 -0.5853 0.7748
vn 0.1744 -0.8062 0.5653
vn 0.0928 -0.9491 0.3010
vn 0.1418 -0.3076 0.9409
vn 0.1208 -0.5853 0.8018
vn 0.0882 -0.8062 0.5850
vn 0.0469 -0.9491 0.3114
vn -0.0000 -0.3076 0.9515
vn 0.0000 -0.5853 0.8108
vn 0.0000 -0.8062 0.5916
vn -0.0000 -0.9491 0.3150
vn -0.1418 -0.3076 0.9409
vn -0.1208 -0.5853 0.8018
vn -0.0882 -0.8062 0.5850
vn -0.0469 -0.9491 0.3114
vn -0.2805 -0.3076 0.9092
vn -0.2390 -0.5853 0.7748
vn -0.1744 -0.8062 0.5653
vn -0.0928 -0.9491 0.3010
vn -0.4128 -0.3076 0.8573
vn -0.3518 -0.5853 0.7305
vn -0.2567 -0.8062 0.5330
vn -0.1367 -0.9491 0.2838
vn -0.5360 -0.3076 0.7862
vn -0.4568 -0.5853 0.6699
vn -0.3333 -0.8062 0.4888
vn -0.1774 -0.9491 0.2602
vn -0.6472 -0.3076 0.6975
vn -0.5515 -0.5853 0.5944
vn -0.4024 -0.8062 0.4337
vn -0.2142 -0.9491 0.2309
vn -0.7439 -0.3076 0.5933
vn -0.6339 -0.5853 0.5055
vn -0.4625 -0.8062 0.3689
vn -0.2463 -0.9491 0.1964
vn -0.8240 -0.3076 0.4758
vn -0.7022 -0.5853 0.4054
vn -0.5123 -0.8062 0.2958
vn -0.2728 -0.9491 0.1575
vn -0.8857 -0.3076 0.3476
vn -0.7548 -0.5853 0.2962
vn -0.5507 -0.8062 0.2161
vn -0.2932 -0.9491 0.1151
vn -0.9277 -0.3076 0.2117
vn -0.7905 -0.5853 0.1804
vn -0.5768 -0.8062 0.1316
vn -0.3071 -0.9491 0.0701
vn -0.9489 -0.3076 0.0711
vn -0.8086 -0.5853 0.0606
vn -0.5899 -0.8062 0.0442
vn -0.3141 -0.9491 0.0235
vn -0.9489 -0.3076 -0.0711
vn -0.8086 -0.5853 -0.0606
vn -0.5899 -0.8062 -0.0442
vn -0.3141 -0.9491 -0.0235
vn -0.9277 -0.3076 -0.2117
vn -0.7905 -0.5853 -0.1804
vn -0.5768 -0.8062 -0.1316
vn -0.3071 -0.9491 -0.0701
vn -0.8857 -0.3076 -0.3476
vn -0.7548 -0.5853 -0.2962
vn -0.5507 -0.8062 -0.2161
vn -0.2932 -0.9491 -0.1151
vn -0.8240 -0.3076 -0.4758
vn -0.7022 -0.5853 -0.4054
vn -0.5123 -0.8062 -0.2958
vn -0.2728 -0.9491 -0.1575
vn -0.7439 -0.3076 -0.5933
vn -0.6339 -0.5853 -0.5055
vn -0.4625 -0.8062 -0.3689
vn -0.2463 -0.9491 -0.1964
vn -0.6472 -0.3076 -0.6975
vn -0.5515 -0.5853 -0.5944
vn -0.4024 -0.8062 -0.4337
vn -0.2142 -0.9491 -0.2309
vn -0.5360 -0.3076 -0.7862
vn -0.4568 -0.5853 -0.6699
vn -0.3333 -0.8062 -0.4888
vn -0.1774 -0.9491 -0.2602
vn -0.4128 -0.3076 -0.8573
vn -0.3518 -0.5853 -0.7305
vn -0.2567 -0.8062 -0.5330
vn -0.1367 -0.9491 -0.2838
vn -0.2805 -0.3076 -0.9092
vn -0.2390 -0.5853 -0.7748
vn -0.1744 -0.8062 -0.5653
vn -0.0928 -0.9491 -0.3010
vn -0.1418 -0.3076 -0.9409
vn -0.1208 -0.5853 -0.8018
vn -0.0882 -0.8062 -0.5850
vn -0.0469 -0.9491 -0.3114
vn -0.0274 -0.9600 0.2785
vn -0.0247 -0.9678 0.2504
vn -0.0124 -0.9678 0.2513
vn -0.0137 -0.9600 0.2795
vn -0.0220 -0.9745 0.2231
vn -0.0110 -0.9745 0.2240
vn -0.0411 -0.9600 0.2768
vn -0.0369 -0.9678 0.2489
vn -0.0329 -0.9745 0.2218
vn -0.0152 -0.9510 0.3087
vn 0.0000 -0.9600 0.2798
vn 0.0000 -0.9510 0.3091
vn 0.0000 -0.9678 0.2516
vn 0.0000 -0.9745 0.2242
vn -0.0097 -0.9803 0.1975
vn 0.0000 -0.9803 0.1977
vn -0.0194 -0.9803 0.1968
vn -0.0290 -0.9803 0.1956
vn -0.0437 -0.9745 0.2199
vn -0.0386 -0.9803 0.1939
vn -0.0491 -0.9678 0.2468
vn -0.0546 -0.9600 0.2745
vn -0.0603 -0.9510 0.3031
vn -0.0453 -0.9510 0.3057
vn -0.0303 -0.9510 0.3076
vn -0.0395 -0.9151 0.4014
vn -0.0363 -0.9288 0.3689
vn -0.0182 -0.9288 0.3703
vn -0.0198 -0.9151 0.4029
vn -0.0333 -0.9407 0.3377
vn -0.0167 -0.9407 0.3389
vn -0.0592 -0.9151 0.3990
vn -0.0544 -0.9288 0.3667
vn -0.0498 -0.9407 0.3357
vn -0.0215 -0.8993 0.4369
vn 0.0000 -0.9151 0.4033
vn 0.0000 -0.8993 0.4374
vn 0.0000 -0.9288 0.3707
vn 0.0000 -0.9407 0.3393
vn -0.0662 -0.9407 0.3328
vn -0.0723 -0.9288 0.3636
vn -0.0787 -0.9151 0.3956
vn -0.0853 -0.8993 0.4290
vn -0.0642 -0.8993 0.4327
vn -0.0429 -0.8993 0.4353
vn -0.0538 -0.8362 0.5458
vn -0.0500 -0.8603 0.5074
vn -0.0250 -0.8603 0.5093
vn -0.0269 -0.8362 0.5478
vn -0.0464 -0.8811 0.4706
vn -0.0232 -0.8811 0.4723
vn -0.0804 -0.8362 0.5425
vn -0.0748 -0.8603 0.5044
vn -0.0694 -0.8811 0.4678
vn -0.0289 -0.8084 0.5879
vn 0.0000 -0.8362 0.5484
vn 0.0000 -0.8084 0.5886
vn 0.0000 -0.8603 0.5099
vn 0.0000 -0.8811 0.4729
vn -0.0923 -0.8811 0.4638
vn -0.0995 -0.8603 0.5001
vn -0.1070 -0.8362 0.5379
vn -0.1148 -0.8084 0.5773
vn -0.0863 -0.8084 0.5822
vn -0.0577 -0.8084 0.5858
vn -0.0703 -0.6970 0.7136
vn -0.0660 -0.7395 0.6699
vn -0.0331 -0.7395 0.6723
vn -0.0352 -0.6970 0.7162
vn -0.0618 -0.7764 0.6272
vn -0.0309 -0.7764 0.6295
vn -0.1052 -0.6970 0.7093
vn -0.0987 -0.7395 0.6659
vn -0.0925 -0.7764 0.6234
vn -0.0374 -0.6481 0.7606
vn 0.0000 -0.6970 0.7171
vn 0.0000 -0.6481 0.7615
vn 0.0000 -0.7395 0.6732
vn 0.0000 -0.7764 0.6303
vn -0.1230 -0.7764 0.6181
vn -0.1313 -0.7395 0.6602
vn -0.1399 -0.6970 0.7033
vn -0.1486 -0.6481 0.7469
vn -0.1117 -0.6481 0.7533
vn -0.0746 -0.6481 0.7579
vn -0.0872 -0.4576 0.8849
vn -0.0832 -0.5289 0.8446
vn -0.0417 -0.5289 0.8477
vn -0.0437 -0.4576 0.8881
vn -0.0790 -0.5923 0.8019
vn -0.0396 -0.5923 0.8048
vn -0.1304 -0.4576 0.8796
vn -0.1245 -0.5289 0.8395
vn -0.1182 -0.5923 0.7970
vn 0.0000 -0.4576 0.8892
vn 0.0000 -0.4197 0.9076
vn -0.0446 -0.4197 0.9066
vn 0.0000 -0.5289 0.8487
vn 0.0000 -0.5923 0.8057
vn -0.1572 -0.5923 0.7903
vn -0.1656 -0.5289 0.8324
vn -0.1735 -0.4576 0.8721
vn -0.1331 -0.4197 0.8978
vn -0.1771 -0.4197 0.8902
vn -0.0890 -0.4197 0.9033
vn -0.0069 -0.9975 0.0697
vn 0.0026 -0.9981 0.0619
vn 0.0064 -0.9966 0.0819
vn -0.0083 -0.9964 0.0840
vn -0.0147 -0.9981 0.0602
vn -0.0049 -0.9987 0.0502
vn -0.0223 -0.9966 0.0791
vn 0.0000 -0.9969 0.0791
vn 0.0000 -0.9947 0.1025
vn 0.0007 -0.9946 0.1038
vn 0.0000 -0.9983 0.0578
vn -0.0103 -0.9945 0.1042
vn -0.0078 -0.9992 0.0392
vn 0.0000 -0.9992 0.0399
vn -0.0113 -0.9983 0.0567
vn -0.0209 -0.9946 0.1016
vn -0.0200 -0.9947 0.1006
vn -0.0154 -0.9969 0.0776
vn -0.0169 -0.9850 0.1719
vn -0.0147 -0.9888 0.1488
vn -0.0062 -0.9888 0.1492
vn -0.0082 -0.9850 0.1725
vn -0.0125 -0.9919 0.1265
vn -0.0034 -0.9920 0.1266
vn -0.0256 -0.9850 0.1708
vn -0.0230 -0.9888 0.1476
vn -0.0214 -0.9920 0.1248
vn 0.0000 -0.9850 0.1726
vn 0.0000 -0.9888 0.1491
vn 0.0000 -0.9920 0.1261
vn -0.0246 -0.9920 0.1236
vn -0.0291 -0.9888 0.1462
vn -0.0337 -0.9850 0.1693
vn -0.0502 -0.9850 0.1653
vn -0.0434 -0.9888 0.1431
vn -0.0352 -0.9888 0.1451
vn -0.0417 -0.9850 0.1676
vn -0.0369 -0.9919 0.1216
vn -0.0280 -0.9920 0.1235
vn -0.0584 -0.9850 0.1625
vn -0.0513 -0.9888 0.1402
vn -0.0453 -0.9920 0.1182
vn -0.0480 -0.9803 0.1918
vn -0.0195 -0.9946 0.1019
vn -0.0304 -0.9945 0.1002
vn -0.0404 -0.9946 0.0956
vn -0.0482 -0.9920 0.1165
vn -0.0392 -0.9947 0.0947
vn -0.0571 -0.9888 0.1378
vn -0.0661 -0.9850 0.1595
vn -0.0757 -0.9803 0.1826
vn -0.0666 -0.9803 0.1861
vn -0.0574 -0.9803 0.1892
vn -0.0812 -0.9600 0.2678
vn -0.0730 -0.9678 0.2408
vn -0.0611 -0.9678 0.2441
vn -0.0680 -0.9600 0.2715
vn -0.0651 -0.9745 0.2146
vn -0.0545 -0.9745 0.2175
vn -0.0943 -0.9600 0.2635
vn -0.0848 -0.9678 0.2369
vn -0.0755 -0.9745 0.2111
vn -0.0751 -0.9510 0.2998
vn -0.0858 -0.9745 0.2072
vn -0.0963 -0.9678 0.2325
vn -0.1071 -0.9600 0.2585
vn -0.1183 -0.9510 0.2855
vn -0.1041 -0.9510 0.2910
vn -0.0897 -0.9510 0.2958
vn -0.1171 -0.9151 0.3860
vn -0.1076 -0.9288 0.3547
vn -0.0901 -0.9288 0.3596
vn -0.0980 -0.9151 0.3912
vn -0.0985 -0.9407 0.3247
vn -0.0825 -0.9407 0.3292
vn -0.1359 -0.9151 0.3798
vn -0.1249 -0.9288 0.3490
vn -0.1143 -0.9407 0.3195
vn -0.1063 -0.8993 0.4243
vn -0.1299 -0.9407 0.3135
vn -0.1419 -0.9288 0.3425
vn -0.1544 -0.9151 0.3726
vn -0.1674 -0.8993 0.4041
vn -0.1473 -0.8993 0.4118
vn -0.1270 -0.8993 0.4186
vn -0.1592 -0.8362 0.5248
vn -0.1480 -0.8603 0.4879
vn -0.1239 -0.8603 0.4946
vn -0.1333 -0.8362 0.5320
vn -0.1373 -0.8811 0.4525
vn -0.1149 -0.8811 0.4587
vn -0.1847 -0.8362 0.5164
vn -0.1718 -0.8603 0.4801
vn -0.1593 -0.8811 0.4453
vn -0.1430 -0.8084 0.5709
vn -0.1810 -0.8811 0.4369
vn -0.1951 -0.8603 0.4711
vn -0.2099 -0.8362 0.5067
vn -0.2252 -0.8084 0.5438
vn -0.1983 -0.8084 0.5542
vn -0.1709 -0.8084 0.5633
vn -0.2082 -0.6970 0.6862
vn -0.1954 -0.7395 0.6442
vn -0.1636 -0.7395 0.6530
vn -0.1743 -0.6970 0.6956
vn -0.1830 -0.7764 0.6031
vn -0.1532 -0.7764 0.6114
vn -0.2415 -0.6970 0.6751
vn -0.2268 -0.7395 0.6338
vn -0.2123 -0.7764 0.5934
vn -0.1851 -0.6481 0.7387
vn -0.2412 -0.7764 0.5823
vn -0.2576 -0.7395 0.6219
vn -0.2744 -0.6970 0.6625
vn -0.2914 -0.6481 0.7036
vn -0.2565 -0.6481 0.7170
vn -0.2211 -0.6481 0.7287
vn -0.2581 -0.4576 0.8509
vn -0.2464 -0.5289 0.8121
vn -0.2062 -0.5289 0.8233
vn -0.2161 -0.4576 0.8625
vn -0.2339 -0.5923 0.7711
vn -0.1958 -0.5923 0.7816
vn -0.2995 -0.4576 0.8372
vn -0.2859 -0.5289 0.7991
vn -0.2714 -0.5923 0.7587
vn -0.2206 -0.4197 0.8804
vn -0.3083 -0.5923 0.7444
vn -0.3248 -0.5289 0.7841
vn -0.3403 -0.4576 0.8215
vn -0.3057 -0.4197 0.8546
vn -0.3473 -0.4197 0.8386
vn -0.2635 -0.4197 0.8686
vn -0.0203 -0.9975 0.0670
vn -0.0095 -0.9981 0.0613
vn -0.0097 -0.9966 0.0816
vn -0.0245 -0.9964 0.0808
vn -0.0261 -0.9981 0.0562
vn -0.0146 -0.9987 0.0483
vn -0.0373 -0.9966 0.0732
vn -0.0153 -0.9992 0.0369
vn -0.0221 -0.9983 0.0534
vn -0.0303 -0.9969 0.0731
vn -0.3380 -0.6970 0.6324
vn -0.3173 -0.7395 0.5937
vn -0.2878 -0.7395 0.6085
vn -0.3066 -0.6970 0.6482
vn -0.2971 -0.7764 0.5558
vn -0.2695 -0.7764 0.5697
vn -0.3686 -0.6970 0.6151
vn -0.3460 -0.7395 0.5774
vn -0.3240 -0.7764 0.5406
vn -0.3256 -0.6481 0.6884
vn -0.2517 -0.8084 0.5321
vn -0.2775 -0.8084 0.5191
vn -0.3026 -0.8084 0.5049
vn -0.3502 -0.7764 0.5240
vn -0.3270 -0.8084 0.4894
vn -0.3740 -0.7395 0.5597
vn -0.3984 -0.6970 0.5962
vn -0.4231 -0.6481 0.6332
vn -0.3915 -0.6481 0.6532
vn -0.3590 -0.6481 0.6716
vn -0.4192 -0.4576 0.7842
vn -0.4001 -0.5289 0.7485
vn -0.3629 -0.5289 0.7672
vn -0.3802 -0.4576 0.8038
vn -0.3798 -0.5923 0.7106
vn -0.3445 -0.5923 0.7284
vn -0.4571 -0.4576 0.7627
vn -0.4363 -0.5289 0.7280
vn -0.4142 -0.5923 0.6911
vn -0.3881 -0.4197 0.8205
vn -0.4476 -0.5923 0.6700
vn -0.4715 -0.5289 0.7057
vn -0.4940 -0.4576 0.7393
vn -0.4666 -0.4197 0.7785
vn -0.5043 -0.4197 0.7547
vn -0.4279 -0.4197 0.8005
vn -0.0330 -0.9975 0.0617
vn -0.0213 -0.9981 0.0582
vn -0.0254 -0.9966 0.0781
vn -0.0398 -0.9964 0.0744
vn -0.0366 -0.9981 0.0500
vn -0.0238 -0.9987 0.0445
vn -0.0509 -0.9966 0.0645
vn -0.0391 -0.9946 0.0962
vn -0.0494 -0.9945 0.0923
vn -0.0222 -0.9992 0.0332
vn -0.0321 -0.9983 0.0481
vn -0.0583 -0.9946 0.0859
vn -0.0570 -0.9947 0.0852
vn -0.0440 -0.9969 0.0658
vn -0.0814 -0.9850 0.1524
vn -0.0705 -0.9888 0.1319
vn -0.0629 -0.9888 0.1355
vn -0.0736 -0.9850 0.1562
vn -0.0599 -0.9919 0.1121
vn -0.0516 -0.9920 0.1156
vn -0.0890 -0.9850 0.1480
vn -0.0777 -0.9888 0.1275
vn -0.0675 -0.9920 0.1071
vn -0.0845 -0.9803 0.1787
vn -0.0700 -0.9920 0.1048
vn -0.0828 -0.9888 0.1240
vn -0.0959 -0.9850 0.1435
vn -0.1098 -0.9803 0.1644
vn -0.1017 -0.9803 0.1696
vn -0.0932 -0.9803 0.1744
vn -0.1319 -0.9600 0.2468
vn -0.1186 -0.9678 0.2219
vn -0.1076 -0.9678 0.2275
vn -0.1197 -0.9600 0.2530
vn -0.1057 -0.9745 0.1977
vn -0.0959 -0.9745 0.2027
vn -0.1439 -0.9600 0.2400
vn -0.1293 -0.9678 0.2158
vn -0.1153 -0.9745 0.1923
vn -0.1322 -0.9510 0.2794
vn -0.1246 -0.9745 0.1864
vn -0.1398 -0.9678 0.2092
vn -0.1555 -0.9600 0.2327
vn -0.1717 -0.9510 0.2570
vn -0.1589 -0.9510 0.2651
vn -0.1457 -0.9510 0.2726
vn -0.1901 -0.9151 0.3557
vn -0.1747 -0.9288 0.3269
vn -0.1585 -0.9288 0.3351
vn -0.1725 -0.9151 0.3646
vn -0.1600 -0.9407 0.2993
vn -0.1451 -0.9407 0.3067
vn -0.2073 -0.9151 0.3460
vn -0.1906 -0.9288 0.3180
vn -0.1744 -0.9407 0.2911
vn -0.1870 -0.8993 0.3954
vn -0.1885 -0.9407 0.2821
vn -0.2060 -0.9288 0.3082
vn -0.2241 -0.9151 0.3354
vn -0.2430 -0.8993 0.3637
vn -0.2248 -0.8993 0.3752
vn -0.2062 -0.8993 0.3857
vn -0.2585 -0.8362 0.4837
vn -0.2404 -0.8603 0.4497
vn -0.2180 -0.8603 0.4609
vn -0.2345 -0.8362 0.4958
vn -0.2229 -0.8811 0.4171
vn -0.2022 -0.8811 0.4275
vn -0.2819 -0.8362 0.4704
vn -0.2621 -0.8603 0.4373
vn -0.2431 -0.8811 0.4056
vn -0.2627 -0.8811 0.3932
vn -0.2833 -0.8603 0.4239
vn -0.3047 -0.8362 0.4560
vn -0.1775 -0.9600 0.2163
vn -0.1596 -0.9678 0.1945
vn -0.1499 -0.9678 0.2021
vn -0.1667 -0.9600 0.2248
vn -0.1422 -0.9745 0.1733
vn -0.1336 -0.9745 0.1801
vn -0.1879 -0.9600 0.2074
vn -0.1690 -0.9678 0.1864
vn -0.1506 -0.9745 0.1661
vn -0.1841 -0.9510 0.2482
vn -0.1178 -0.9803 0.1588
vn -0.1254 -0.9803 0.1528
vn -0.1328 -0.9803 0.1465
vn -0.1585 -0.9745 0.1585
vn -0.1398 -0.9803 0.1398
vn -0.1779 -0.9678 0.1779
vn -0.1979 -0.9600 0.1979
vn -0.2185 -0.9510 0.2185
vn -0.2075 -0.9510 0.2290
vn -0.1961 -0.9510 0.2389
vn -0.2559 -0.9151 0.3118
vn -0.2352 -0.9288 0.2866
vn -0.2208 -0.9288 0.2977
vn -0.2403 -0.9151 0.3240
vn -0.2153 -0.9407 0.2623
vn -0.2021 -0.9407 0.2725
vn -0.2709 -0.9151 0.2989
vn -0.2489 -0.9288 0.2747
vn -0.2279 -0.9407 0.2514
vn -0.2606 -0.8993 0.3513
vn -0.2399 -0.9407 0.2399
vn -0.2621 -0.9288 0.2621
vn -0.2852 -0.9151 0.2852
vn -0.3093 -0.8993 0.3093
vn -0.2937 -0.8993 0.3241
vn -0.2775 -0.8993 0.3381
vn -0.3479 -0.8362 0.4239
vn -0.3235 -0.8603 0.3941
vn -0.3037 -0.8603 0.4095
vn -0.3267 -0.8362 0.4405
vn -0.3000 -0.8811 0.3656
vn -0.2817 -0.8811 0.3798
vn -0.3683 -0.8362 0.4064
vn -0.3424 -0.8603 0.3778
vn -0.3176 -0.8811 0.3504
vn -0.3506 -0.8084 0.4728
vn -0.3344 -0.8811 0.3344
vn -0.3605 -0.8603 0.3605
vn -0.3878 -0.8362 0.3878
vn -0.4162 -0.8084 0.4162
vn -0.3953 -0.8084 0.4361
vn -0.3734 -0.8084 0.4550
vn -0.4549 -0.6970 0.5543
vn -0.4270 -0.7395 0.5204
vn -0.4010 -0.7395 0.5407
vn -0.4272 -0.6970 0.5759
vn -0.3998 -0.7764 0.4872
vn -0.3755 -0.7764 0.5062
vn -0.4815 -0.6970 0.5313
vn -0.4520 -0.7395 0.4988
vn -0.4232 -0.7764 0.4670
vn -0.4537 -0.6481 0.6116
vn -0.4457 -0.7764 0.4457
vn -0.4760 -0.7395 0.4760
vn -0.5070 -0.6970 0.5070
vn -0.5385 -0.6481 0.5385
vn -0.5114 -0.6481 0.5643
vn -0.4831 -0.6481 0.5887
vn -0.5641 -0.4576 0.6873
vn -0.5384 -0.5289 0.6561
vn -0.5056 -0.5289 0.6817
vn -0.5297 -0.4576 0.7142
vn -0.5112 -0.5923 0.6229
vn -0.4800 -0.5923 0.6472
vn -0.5971 -0.4576 0.6589
vn -0.5699 -0.5289 0.6289
vn -0.5411 -0.5923 0.5970
vn -0.5407 -0.4197 0.7290
vn -0.5697 -0.5923 0.5697
vn -0.6001 -0.5289 0.6001
vn -0.6287 -0.4576 0.6287
vn -0.6095 -0.4197 0.6726
vn -0.6418 -0.4197 0.6418
vn -0.5758 -0.4197 0.7016
vn -0.0444 -0.9975 0.0541
vn -0.0322 -0.9981 0.0530
vn -0.0402 -0.9966 0.0717
vn -0.0535 -0.9964 0.0652
vn -0.0457 -0.9981 0.0419
vn -0.0320 -0.9987 0.0390
vn -0.0625 -0.9966 0.0534
vn -0.0571 -0.9946 0.0867
vn -0.0664 -0.9945 0.0809
vn -0.0282 -0.9992 0.0282
vn -0.0409 -0.9983 0.0409
vn -0.0739 -0.9946 0.0729
vn -0.0725 -0.9947 0.0725
vn -0.0560 -0.9969 0.0560
vn -0.1096 -0.9850 0.1336
vn -0.0949 -0.9888 0.1156
vn -0.0881 -0.9888 0.1206
vn -0.1027 -0.9850 0.1389
vn -0.0806 -0.9919 0.0982
vn -0.0731 -0.9920 0.1034
vn -0.1162 -0.9850 0.1278
vn -0.1011 -0.9888 0.1099
vn -0.0871 -0.9920 0.0919
vn -0.0891 -0.9920 0.0891
vn -0.1054 -0.9888 0.1054
vn -0.1221 -0.9850 0.1221
vn -0.6873 -0.4576 0.5641
vn -0.6561 -0.5289 0.5384
vn -0.6289 -0.5289 0.5699
vn -0.6589 -0.4576 0.5971
vn -0.6229 -0.5923 0.5112
vn -0.5970 -0.5923 0.5411
vn -0.7142 -0.4576 0.5297
vn -0.6817 -0.5289 0.5056
vn -0.6472 -0.5923 0.4800
vn -0.6725 -0.4197 0.6095
vn -0.5643 -0.6481 0.5114
vn -0.5887 -0.6481 0.4831
vn -0.6116 -0.6481 0.4537
vn -0.6700 -0.5923 0.4476
vn -0.6332 -0.6481 0.4231
vn -0.7057 -0.5289 0.4715
vn -0.7393 -0.4576 0.4940
vn -0.7290 -0.4197 0.5407
vn -0.7547 -0.4197 0.5043
vn -0.7016 -0.4197 0.5758
vn -0.0541 -0.9975 0.0444
vn -0.0419 -0.9981 0.0457
vn -0.0534 -0.9966 0.0625
vn -0.0652 -0.9964 0.0535
vn -0.0530 -0.9981 0.0322
vn -0.0390 -0.9987 0.0320
vn -0.0717 -0.9966 0.0402
vn -0.0729 -0.9946 0.0739
vn -0.0809 -0.9945 0.0664
vn -0.0332 -0.9992 0.0222
vn -0.0481 -0.9983 0.0321
vn -0.0867 -0.9946 0.0571
vn -0.0852 -0.9947 0.0570
vn -0.0658 -0.9969 0.0440
vn -0.1336 -0.9850 0.1096
vn -0.1156 -0.9888 0.0949
vn -0.1099 -0.9888 0.1011
vn -0.1278 -0.9850 0.1162
vn -0.0982 -0.9919 0.0806
vn -0.0919 -0.9920 0.0871
vn -0.1389 -0.9850 0.1027
vn -0.1206 -0.9888 0.0881
vn -0.1034 -0.9920 0.0731
vn -0.1465 -0.9803 0.1328
vn -0.1048 -0.9920 0.0700
vn -0.1240 -0.9888 0.0828
vn -0.1435 -0.9850 0.0959
vn -0.1644 -0.9803 0.1098
vn -0.1588 -0.9803 0.1178
vn -0.1528 -0.9803 0.1254
vn -0.2163 -0.9600 0.1775
vn -0.1945 -0.9678 0.1596
vn -0.1864 -0.9678 0.1690
vn -0.2074 -0.9600 0.1879
vn -0.1733 -0.9745 0.1422
vn -0.1661 -0.9745 0.1506
vn -0.2248 -0.9600 0.1667
vn -0.2021 -0.9678 0.1499
vn -0.1801 -0.9745 0.1336
vn -0.2290 -0.9510 0.2075
vn -0.1864 -0.9745 0.1246
vn -0.2092 -0.9678 0.1398
vn -0.2327 -0.9600 0.1555
vn -0.2570 -0.9510 0.1717
vn -0.2482 -0.9510 0.1841
vn -0.2389 -0.9510 0.1961
vn -0.3118 -0.9151 0.2559
vn -0.2866 -0.9288 0.2352
vn -0.2747 -0.9288 0.2489
vn -0.2989 -0.9151 0.2709
vn -0.2623 -0.9407 0.2153
vn -0.2514 -0.9407 0.2279
vn -0.3240 -0.9151 0.2403
vn -0.2977 -0.9288 0.2208
vn -0.2725 -0.9407 0.2021
vn -0.3241 -0.8993 0.2937
vn -0.2821 -0.9407 0.1885
vn -0.3082 -0.9288 0.2060
vn -0.3354 -0.9151 0.2241
vn -0.3637 -0.8993 0.2430
vn -0.3513 -0.8993 0.2606
vn -0.3381 -0.8993 0.2775
vn -0.4239 -0.8362 0.3479
vn -0.3941 -0.8603 0.3235
vn -0.3778 -0.8603 0.3424
vn -0.4064 -0.8362 0.3683
vn -0.3656 -0.8811 0.3000
vn -0.3504 -0.8811 0.3176
vn -0.4405 -0.8362 0.3267
vn -0.4095 -0.8603 0.3037
vn -0.3798 -0.8811 0.2817
vn -0.4361 -0.8084 0.3953
vn -0.3932 -0.8811 0.2627
vn -0.4239 -0.8603 0.2833
vn -0.4560 -0.8362 0.3047
vn -0.4894 -0.8084 0.3270
vn -0.4728 -0.8084 0.3506
vn -0.4550 -0.8084 0.3734
vn -0.5543 -0.6970 0.4549
vn -0.5204 -0.7395 0.4270
vn -0.4988 -0.7395 0.4520
vn -0.5313 -0.6970 0.4815
vn -0.4872 -0.7764 0.3998
vn -0.4670 -0.7764 0.4232
vn -0.5759 -0.6970 0.4272
vn -0.5407 -0.7395 0.4010
vn -0.5062 -0.7764 0.3755
vn -0.5240 -0.7764 0.3502
vn -0.5597 -0.7395 0.3740
vn -0.5962 -0.6970 0.3984
vn -0.2468 -0.9600 0.1319
vn -0.2219 -0.9678 0.1186
vn -0.2158 -0.9678 0.1293
vn -0.2400 -0.9600 0.1439
vn -0.1977 -0.9745 0.1057
vn -0.1923 -0.9745 0.1153
vn -0.2530 -0.9600 0.1197
vn -0.2275 -0.9678 0.1076
vn -0.2027 -0.9745 0.0959
vn -0.2651 -0.9510 0.1589
vn -0.1696 -0.9803 0.1017
vn -0.1744 -0.9803 0.0932
vn -0.1787 -0.9803 0.0845
vn -0.2072 -0.9745 0.0858
vn -0.1826 -0.9803 0.0757
vn -0.2325 -0.9678 0.0963
vn -0.2585 -0.9600 0.1071
vn -0.2855 -0.9510 0.1183
vn -0.2794 -0.9510 0.1322
vn -0.2726 -0.9510 0.1457
vn -0.3557 -0.9151 0.1901
vn -0.3269 -0.9288 0.1747
vn -0.3180 -0.9288 0.1906
vn -0.3460 -0.9151 0.2073
vn -0.2993 -0.9407 0.1600
vn -0.2911 -0.9407 0.1744
vn -0.3646 -0.9151 0.1725
vn -0.3351 -0.9288 0.1585
vn -0.3067 -0.9407 0.1451
vn -0.3752 -0.8993 0.2248
vn -0.3135 -0.9407 0.1299
vn -0.3425 -0.9288 0.1419
vn -0.3726 -0.9151 0.1544
vn -0.4041 -0.8993 0.1674
vn -0.3954 -0.8993 0.1870
vn -0.3857 -0.8993 0.2062
vn -0.4837 -0.8362 0.2585
vn -0.4497 -0.8603 0.2404
vn -0.4373 -0.8603 0.2621
vn -0.4704 -0.8362 0.2819
vn -0.4171 -0.8811 0.2229
vn -0.4056 -0.8811 0.2431
vn -0.4958 -0.8362 0.2345
vn -0.4609 -0.8603 0.2180
vn -0.4275 -0.8811 0.2022
vn -0.5049 -0.8084 0.3026
vn -0.4369 -0.8811 0.1810
vn -0.4711 -0.8603 0.1951
vn -0.5067 -0.8362 0.2099
vn -0.5438 -0.8084 0.2252
vn -0.5321 -0.8084 0.2517
vn -0.5191 -0.8084 0.2775
vn -0.6324 -0.6970 0.3380
vn -0.5937 -0.7395 0.3173
vn -0.5774 -0.7395 0.3460
vn -0.6151 -0.6970 0.3686
vn -0.5558 -0.7764 0.2971
vn -0.5406 -0.7764 0.3240
vn -0.6482 -0.6970 0.3066
vn -0.6085 -0.7395 0.2878
vn -0.5697 -0.7764 0.2695
vn -0.6532 -0.6481 0.3915
vn -0.5823 -0.7764 0.2412
vn -0.6219 -0.7395 0.2576
vn -0.6625 -0.6970 0.2744
vn -0.7036 -0.6481 0.2914
vn -0.6884 -0.6481 0.3256
vn -0.6716 -0.6481 0.3590
vn -0.7842 -0.4576 0.4192
vn -0.7485 -0.5289 0.4001
vn -0.7280 -0.5289 0.4363
vn -0.7627 -0.4576 0.4571
vn -0.7106 -0.5923 0.3798
vn -0.6911 -0.5923 0.4142
vn -0.8038 -0.4576 0.3802
vn -0.7672 -0.5289 0.3629
vn -0.7284 -0.5923 0.3445
vn -0.7785 -0.4197 0.4666
vn -0.7444 -0.5923 0.3083
vn -0.7841 -0.5289 0.3248
vn -0.8215 -0.4576 0.3403
vn -0.8205 -0.4197 0.3881
vn -0.8385 -0.4197 0.3473
vn -0.8005 -0.4197 0.4279
vn -0.0617 -0.9975 0.0330
vn -0.0500 -0.9981 0.0366
vn -0.0645 -0.9966 0.0509
vn -0.0744 -0.9964 0.0398
vn -0.0582 -0.9981 0.0213
vn -0.0445 -0.9987 0.0238
vn -0.0781 -0.9966 0.0254
vn -0.0859 -0.9946 0.0583
vn -0.0923 -0.9945 0.0494
vn -0.0369 -0.9992 0.0153
vn -0.0534 -0.9983 0.0221
vn -0.0962 -0.9946 0.0391
vn -0.0947 -0.9947 0.0392
vn -0.0731 -0.9969 0.0303
vn -0.1524 -0.9850 0.0814
vn -0.1319 -0.9888 0.0705
vn -0.1275 -0.9888 0.0777
vn -0.1480 -0.9850 0.0890
vn -0.1121 -0.9919 0.0599
vn -0.1071 -0.9920 0.0675
vn -0.1562 -0.9850 0.0736
vn -0.1355 -0.9888 0.0629
vn -0.1156 -0.9920 0.0516
vn -0.1165 -0.9920 0.0482
vn -0.1378 -0.9888 0.0571
vn -0.1595 -0.9850 0.0661
vn -0.8509 -0.4576 0.2581
vn -0.8122 -0.5289 0.2464
vn -0.7991 -0.5289 0.2859
vn -0.8372 -0.4576 0.2995
vn -0.7711 -0.5923 0.2339
vn -0.7587 -0.5923 0.2714
vn -0.8625 -0.4576 0.2161
vn -0.8233 -0.5289 0.2062
vn -0.7816 -0.5923 0.1958
vn -0.8546 -0.4197 0.3057
vn -0.7170 -0.6481 0.2565
vn -0.7287 -0.6481 0.2211
vn -0.7387 -0.6481 0.1851
vn -0.7903 -0.5923 0.1572
vn -0.7469 -0.6481 0.1486
vn -0.8324 -0.5289 0.1656
vn -0.8721 -0.4576 0.1735
vn -0.8804 -0.4198 0.2206
vn -0.8902 -0.4197 0.1771
vn -0.8686 -0.4198 0.2635
vn -0.0670 -0.9975 0.0203
vn -0.0562 -0.9981 0.0261
vn -0.0732 -0.9966 0.0373
vn -0.0808 -0.9964 0.0245
vn -0.0613 -0.9981 0.0095
vn -0.0483 -0.9987 0.0146
vn -0.0816 -0.9966 0.0097
vn -0.0956 -0.9946 0.0404
vn -0.1002 -0.9945 0.0304
vn -0.0392 -0.9992 0.0078
vn -0.0567 -0.9983 0.0113
vn -0.1019 -0.9946 0.0195
vn -0.1006 -0.9947 0.0200
vn -0.0776 -0.9969 0.0154
vn -0.1653 -0.9850 0.0502
vn -0.1431 -0.9888 0.0434
vn -0.1402 -0.9888 0.0513
vn -0.1625 -0.9850 0.0584
vn -0.1216 -0.9919 0.0369
vn -0.1182 -0.9920 0.0453
vn -0.1676 -0.9850 0.0417
vn -0.1451 -0.9888 0.0352
vn -0.1235 -0.9920 0.0280
vn -0.1861 -0.9803 0.0666
vn -0.1236 -0.9920 0.0246
vn -0.1462 -0.9888 0.0291
vn -0.1693 -0.9850 0.0337
vn -0.1939 -0.9803 0.0386
vn -0.1918 -0.9803 0.0480
vn -0.1892 -0.9803 0.0574
vn -0.2678 -0.9600 0.0812
vn -0.2408 -0.9678 0.0730
vn -0.2369 -0.9678 0.0848
vn -0.2635 -0.9600 0.0943
vn -0.2146 -0.9745 0.0651
vn -0.2111 -0.9745 0.0755
vn -0.2715 -0.9600 0.0680
vn -0.2441 -0.9678 0.0611
vn -0.2175 -0.9745 0.0545
vn -0.2910 -0.9510 0.1041
vn -0.2199 -0.9745 0.0437
vn -0.2468 -0.9678 0.0491
vn -0.2745 -0.9600 0.0546
vn -0.3031 -0.9510 0.0603
vn -0.2998 -0.9510 0.0751
vn -0.2958 -0.9510 0.0897
vn -0.3860 -0.9151 0.1171
vn -0.3547 -0.9288 0.1076
vn -0.3490 -0.9288 0.1249
vn -0.3798 -0.9151 0.1359
vn -0.3247 -0.9407 0.0985
vn -0.3195 -0.9407 0.1143
vn -0.3912 -0.9151 0.0980
vn -0.3596 -0.9288 0.0901
vn -0.3292 -0.9407 0.0825
vn -0.4118 -0.8993 0.1473
vn -0.3328 -0.9407 0.0662
vn -0.3636 -0.9288 0.0723
vn -0.3956 -0.9151 0.0787
vn -0.4290 -0.8993 0.0853
vn -0.4243 -0.8993 0.1063
vn -0.4186 -0.8993 0.1270
vn -0.5248 -0.8362 0.1592
vn -0.4879 -0.8603 0.1480
vn -0.4801 -0.8603 0.1718
vn -0.5164 -0.8362 0.1847
vn -0.4525 -0.8811 0.1373
vn -0.4453 -0.8811 0.1593
vn -0.5320 -0.8362 0.1333
vn -0.4946 -0.8603 0.1239
vn -0.4587 -0.8811 0.1149
vn -0.5542 -0.8084 0.1983
vn -0.4638 -0.8811 0.0923
vn -0.5001 -0.8603 0.0995
vn -0.5379 -0.8362 0.1070
vn -0.5773 -0.8084 0.1148
vn -0.5710 -0.8084 0.1430
vn -0.5633 -0.8084 0.1709
vn -0.6862 -0.6970 0.2081
vn -0.6442 -0.7395 0.1954
vn -0.6338 -0.7395 0.2268
vn -0.6751 -0.6970 0.2415
vn -0.6031 -0.7764 0.1830
vn -0.5934 -0.7764 0.2123
vn -0.6956 -0.6970 0.1743
vn -0.6530 -0.7395 0.1636
vn -0.6114 -0.7764 0.1532
vn -0.6181 -0.7764 0.1230
vn -0.6602 -0.7395 0.1313
vn -0.7033 -0.6970 0.1399
vn -0.4014 -0.9151 0.0395
vn -0.3689 -0.9288 0.0363
vn -0.3667 -0.9288 0.0544
vn -0.3990 -0.9151 0.0592
vn -0.3377 -0.9407 0.0333
vn -0.3357 -0.9407 0.0498
vn -0.4029 -0.9151 0.0198
vn -0.3703 -0.9288 0.0182
vn -0.3389 -0.9407 0.0167
vn -0.4327 -0.8993 0.0642
vn -0.3057 -0.9510 0.0453
vn -0.3076 -0.9510 0.0303
vn -0.3087 -0.9510 0.0152
vn -0.3393 -0.9407 -0.0000
vn -0.3091 -0.9510 -0.0000
vn -0.3707 -0.9288 -0.0000
vn -0.4033 -0.9151 -0.0000
vn -0.4374 -0.8993 -0.0000
vn -0.4369 -0.8993 0.0215
vn -0.4353 -0.8993 0.0429
vn -0.5458 -0.8362 0.0538
vn -0.5074 -0.8603 0.0500
vn -0.5044 -0.8603 0.0748
vn -0.5425 -0.8362 0.0804
vn -0.4706 -0.8811 0.0464
vn -0.4678 -0.8811 0.0694
vn -0.5478 -0.8362 0.0269
vn -0.5093 -0.8603 0.0250
vn -0.4723 -0.8811 0.0232
vn -0.5822 -0.8084 0.0863
vn -0.4729 -0.8811 -0.0000
vn -0.5099 -0.8603 -0.0000
vn -0.5484 -0.8362 -0.0000
vn -0.5886 -0.8084 -0.0000
vn -0.5879 -0.8084 0.0289
vn -0.5858 -0.8084 0.0577
vn -0.7136 -0.6970 0.0703
vn -0.6699 -0.7395 0.0660
vn -0.6659 -0.7395 0.0987
vn -0.7093 -0.6970 0.1052
vn -0.6272 -0.7764 0.0618
vn -0.6234 -0.7764 0.0925
vn -0.7162 -0.6970 0.0352
vn -0.6723 -0.7395 0.0331
vn -0.6295 -0.7764 0.0309
vn -0.7533 -0.6481 0.1117
vn -0.6303 -0.7764 -0.0000
vn -0.6732 -0.7395 0.0000
vn -0.7171 -0.6970 0.0000
vn -0.7615 -0.6481 0.0000
vn -0.7606 -0.6481 0.0374
vn -0.7579 -0.6481 0.0746
vn -0.8849 -0.4576 0.0872
vn -0.8446 -0.5289 0.0832
vn -0.8395 -0.5289 0.1245
vn -0.8796 -0.4576 0.1304
vn -0.8019 -0.5923 0.0790
vn -0.7970 -0.5923 0.1182
vn -0.8881 -0.4576 0.0437
vn -0.8477 -0.5289 0.0417
vn -0.8048 -0.5923 0.0396
vn -0.8978 -0.4197 0.1331
vn -0.8057 -0.5923 -0.0000
vn -0.8487 -0.5289 -0.0000
vn -0.8892 -0.4576 -0.0000
vn -0.9065 -0.4197 0.0446
vn -0.9076 -0.4197 0.0000
vn -0.9033 -0.4197 0.0890
vn -0.0697 -0.9975 0.0069
vn -0.0602 -0.9981 0.0147
vn -0.0791 -0.9966 0.0223
vn -0.0840 -0.9964 0.0083
vn -0.0619 -0.9981 -0.0026
vn -0.0502 -0.9987 0.0049
vn -0.0819 -0.9966 -0.0064
vn -0.1016 -0.9946 0.0209
vn -0.1042 -0.9945 0.0103
vn -0.0399 -0.9992 -0.0000
vn -0.0578 -0.9983 -0.0000
vn -0.1038 -0.9946 -0.0007
vn -0.1025 -0.9947 0.0000
vn -0.0791 -0.9969 -0.0000
vn -0.1719 -0.9850 0.0169
vn -0.1488 -0.9888 0.0147
vn -0.1476 -0.9888 0.0230
vn -0.1708 -0.9850 0.0256
vn -0.1265 -0.9919 0.0125
vn -0.1248 -0.9920 0.0214
vn -0.1725 -0.9850 0.0082
vn -0.1492 -0.9888 0.0062
vn -0.1266 -0.9920 0.0034
vn -0.1956 -0.9803 0.0290
vn -0.1261 -0.9920 0.0000
vn -0.1491 -0.9888 0.0000
vn -0.1726 -0.9850 0.0000
vn -0.1977 -0.9803 -0.0000
vn -0.1975 -0.9803 0.0097
vn -0.1968 -0.9803 0.0194
vn -0.2785 -0.9600 0.0274
vn -0.2504 -0.9678 0.0247
vn -0.2489 -0.9678 0.0369
vn -0.2768 -0.9600 0.0411
vn -0.2231 -0.9745 0.0220
vn -0.2218 -0.9745 0.0329
vn -0.2795 -0.9600 0.0137
vn -0.2513 -0.9678 0.0124
vn -0.2240 -0.9745 0.0110
vn -0.2242 -0.9745 -0.0000
vn -0.2516 -0.9678 0.0000
vn -0.2798 -0.9600 0.0000
vn -0.0697 -0.9975 -0.0069
vn -0.0619 -0.9981 0.0026
vn -0.0819 -0.9966 0.0064
vn -0.0840 -0.9964 -0.0083
vn -0.0602 -0.9981 -0.0147
vn -0.0502 -0.9987 -0.0049
vn -0.0791 -0.9966 -0.0223
vn -0.1038 -0.9946 0.0007
vn -0.1042 -0.9945 -0.0103
vn -0.0392 -0.9992 -0.0078
vn -0.0567 -0.9983 -0.0113
vn -0.1017 -0.9946 -0.0209
vn -0.1006 -0.9947 -0.0200
vn -0.0776 -0.9969 -0.0154
vn -0.1719 -0.9850 -0.0169
vn -0.1488 -0.9888 -0.0147
vn -0.1492 -0.9888 -0.0062
vn -0.1725 -0.9850 -0.0082
vn -0.1265 -0.9919 -0.0125
vn -0.1266 -0.9920 -0.0034
vn -0.1708 -0.9850 -0.0256
vn -0.1476 -0.9888 -0.0230
vn -0.1248 -0.9920 -0.0214
vn -0.1975 -0.9803 -0.0097
vn -0.1236 -0.9920 -0.0246
vn -0.1462 -0.9888 -0.0291
vn -0.1693 -0.9850 -0.0337
vn -0.1939 -0.9803 -0.0386
vn -0.1956 -0.9803 -0.0290
vn -0.1968 -0.9803 -0.0194
vn -0.2785 -0.9600 -0.0274
vn -0.2504 -0.9678 -0.0247
vn -0.2513 -0.9678 -0.0124
vn -0.2795 -0.9600 -0.0137
vn -0.2231 -0.9745 -0.0220
vn -0.2240 -0.9745 -0.0110
vn -0.2768 -0.9600 -0.0411
vn -0.2489 -0.9678 -0.0369
vn -0.2218 -0.9745 -0.0329
vn -0.3087 -0.9510 -0.0152
vn -0.2199 -0.9745 -0.0437
vn -0.2468 -0.9678 -0.0491
vn -0.2745 -0.9600 -0.0546
vn -0.3031 -0.9510 -0.0603
vn -0.3057 -0.9510 -0.0453
vn -0.3076 -0.9510 -0.0303
vn -0.4014 -0.9151 -0.0395
vn -0.3689 -0.9288 -0.0363
vn -0.3703 -0.9288 -0.0182
vn -0.4029 -0.9151 -0.0198
vn -0.3377 -0.9407 -0.0333
vn -0.3389 -0.9407 -0.0167
vn -0.3990 -0.9151 -0.0592
vn -0.3667 -0.9288 -0.0544
vn -0.3357 -0.9407 -0.0498
vn -0.4369 -0.8993 -0.0215
vn -0.3328 -0.9407 -0.0662
vn -0.3636 -0.9288 -0.0723
vn -0.3956 -0.9151 -0.0787
vn -0.4290 -0.8993 -0.0853
vn -0.4327 -0.8993 -0.0642
vn -0.4353 -0.8993 -0.0429
vn -0.5458 -0.8362 -0.0538
vn -0.5074 -0.8603 -0.0500
vn -0.5093 -0.8603 -0.0250
vn -0.5478 -0.8362 -0.0269
vn -0.4706 -0.8811 -0.0464
vn -0.4723 -0.8811 -0.0232
vn -0.5425 -0.8362 -0.0804
vn -0.5044 -0.8603 -0.0748
vn -0.4678 -0.8811 -0.0694
vn -0.5879 -0.8084 -0.0289
vn -0.4638 -0.8811 -0.0923
vn -0.5001 -0.8603 -0.0995
vn -0.5379 -0.8362 -0.1070
vn -0.5773 -0.8084 -0.1148
vn -0.5822 -0.8084 -0.0863
vn -0.5858 -0.8084 -0.0577
vn -0.7136 -0.6970 -0.0703
vn -0.6699 -0.7395 -0.0660
vn -0.6723 -0.7395 -0.0331
vn -0.7162 -0.6970 -0.0352
vn -0.6272 -0.7764 -0.0618
vn -0.6295 -0.7764 -0.0309
vn -0.7093 -0.6970 -0.1052
vn -0.6659 -0.7395 -0.0987
vn -0.6234 -0.7764 -0.0925
vn -0.7606 -0.6481 -0.0374
vn -0.6181 -0.7764 -0.1230
vn -0.6602 -0.7395 -0.1313
vn -0.7033 -0.6970 -0.1399
vn -0.7469 -0.6481 -0.1486
vn -0.7533 -0.6481 -0.1117
vn -0.7579 -0.6481 -0.0746
vn -0.8849 -0.4576 -0.0872
vn -0.8446 -0.5289 -0.0832
vn -0.8477 -0.5289 -0.0417
vn -0.8881 -0.4576 -0.0437
vn -0.8019 -0.5923 -0.0790
vn -0.8048 -0.5923 -0.0396
vn -0.8796 -0.4576 -0.1304
vn -0.8395 -0.5289 -0.1245
vn -0.7970 -0.5923 -0.1182
vn -0.9066 -0.4197 -0.0446
vn -0.7903 -0.5923 -0.1572
vn -0.8324 -0.5289 -0.1656
vn -0.8721 -0.4576 -0.1735
vn -0.8978 -0.4197 -0.1331
vn -0.8902 -0.4197 -0.1771
vn -0.9033 -0.4198 -0.0890
vn -0.5248 -0.8362 -0.1592
vn -0.4879 -0.8603 -0.1480
vn -0.4946 -0.8603 -0.1239
vn -0.5320 -0.8362 -0.1333
vn -0.4525 -0.8811 -0.1373
vn -0.4587 -0.8811 -0.1149
vn -0.5164 -0.8362 -0.1847
vn -0.4801 -0.8603 -0.1718
vn -0.4453 -0.8811 -0.1593
vn -0.5710 -0.8084 -0.1430
vn -0.4243 -0.8993 -0.1063
vn -0.4186 -0.8993 -0.1270
vn -0.4118 -0.8993 -0.1473
vn -0.4369 -0.8811 -0.1810
vn -0.4041 -0.8993 -0.1674
vn -0.4711 -0.8603 -0.1951
vn -0.5067 -0.8362 -0.2099
vn -0.5438 -0.8084 -0.2252
vn -0.5542 -0.8084 -0.1983
vn -0.5633 -0.8084 -0.1709
vn -0.6862 -0.6970 -0.2081
vn -0.6442 -0.7395 -0.1954
vn -0.6530 -0.7395 -0.1636
vn -0.6956 -0.6970 -0.1743
vn -0.6031 -0.7764 -0.1830
vn -0.6114 -0.7764 -0.1532
vn -0.6751 -0.6970 -0.2415
vn -0.6338 -0.7395 -0.2268
vn -0.5934 -0.7764 -0.2123
vn -0.7387 -0.6481 -0.1851
vn -0.5823 -0.7764 -0.2412
vn -0.6219 -0.7395 -0.2576
vn -0.6625 -0.6970 -0.2744
vn -0.7036 -0.6481 -0.2914
vn -0.7170 -0.6481 -0.2565
vn -0.7287 -0.6481 -0.2211
vn -0.8509 -0.4576 -0.2581
vn -0.8122 -0.5289 -0.2464
vn -0.8233 -0.5289 -0.2062
vn -0.8625 -0.4576 -0.2161
vn -0.7711 -0.5923 -0.2339
vn -0.7816 -0.5923 -0.1958
vn -0.8372 -0.4576 -0.2995
vn -0.7991 -0.5289 -0.2859
vn -0.7587 -0.5923 -0.2714
vn -0.8804 -0.4197 -0.2206
vn -0.7444 -0.5923 -0.3083
vn -0.7841 -0.5289 -0.3248
vn -0.8215 -0.4576 -0.3403
vn -0.8546 -0.4197 -0.3057
vn -0.8386 -0.4197 -0.3473
vn -0.8686 -0.4198 -0.2635
vn -0.0670 -0.9975 -0.0203
vn -0.0613 -0.9981 -0.0095
vn -0.0816 -0.9966 -0.0097
vn -0.0808 -0.9964 -0.0245
vn -0.0562 -0.9981 -0.0261
vn -0.0483 -0.9987 -0.0146
vn -0.0732 -0.9966 -0.0373
vn -0.1019 -0.9946 -0.0195
vn -0.1002 -0.9945 -0.0304
vn -0.0369 -0.9992 -0.0153
vn -0.0534 -0.9983 -0.0221
vn -0.0956 -0.9946 -0.0404
vn -0.0947 -0.9947 -0.0392
vn -0.0731 -0.9969 -0.0303
vn -0.1653 -0.9850 -0.0502
vn -0.1431 -0.9888 -0.0434
vn -0.1451 -0.9888 -0.0352
vn -0.1676 -0.9850 -0.0417
vn -0.1216 -0.9919 -0.0369
vn -0.1235 -0.9920 -0.0280
vn -0.1625 -0.9850 -0.0584
vn -0.1402 -0.9888 -0.0513
vn -0.1182 -0.9920 -0.0453
vn -0.1918 -0.9803 -0.0480
vn -0.1165 -0.9920 -0.0482
vn -0.1378 -0.9888 -0.0571
vn -0.1595 -0.9850 -0.0661
vn -0.1826 -0.9803 -0.0757
vn -0.1861 -0.9803 -0.0666
vn -0.1892 -0.9803 -0.0574
vn -0.2678 -0.9600 -0.0812
vn -0.2408 -0.9678 -0.0730
vn -0.2441 -0.9678 -0.0611
vn -0.2715 -0.9600 -0.0680
vn -0.2146 -0.9745 -0.0651
vn -0.2175 -0.9745 -0.0545
vn -0.2635 -0.9600 -0.0943
vn -0.2369 -0.9678 -0.0848
vn -0.2111 -0.9745 -0.0755
vn -0.2998 -0.9510 -0.0751
vn -0.2072 -0.9745 -0.0858
vn -0.2325 -0.9678 -0.0963
vn -0.2585 -0.9600 -0.1071
vn -0.2855 -0.9510 -0.1183
vn -0.2910 -0.9510 -0.1041
vn -0.2958 -0.9510 -0.0897
vn -0.3860 -0.9151 -0.1171
vn -0.3547 -0.9288 -0.1076
vn -0.3596 -0.9288 -0.0901
vn -0.3912 -0.9151 -0.0980
vn -0.3247 -0.9407 -0.0985
vn -0.3292 -0.9407 -0.0825
vn -0.3798 -0.9151 -0.1359
vn -0.3490 -0.9288 -0.1249
vn -0.3195 -0.9407 -0.1143
vn -0.3135 -0.9407 -0.1299
vn -0.3425 -0.9288 -0.1419
vn -0.3726 -0.9151 -0.1544
vn -0.0617 -0.9975 -0.0330
vn -0.0582 -0.9981 -0.0213
vn -0.0781 -0.9966 -0.0254
vn -0.0744 -0.9964 -0.0398
vn -0.0500 -0.9981 -0.0366
vn -0.0445 -0.9987 -0.0238
vn -0.0645 -0.9966 -0.0509
vn -0.0962 -0.9946 -0.0391
vn -0.0923 -0.9945 -0.0494
vn -0.0332 -0.9992 -0.0222
vn -0.0481 -0.9983 -0.0321
vn -0.0859 -0.9946 -0.0583
vn -0.0852 -0.9947 -0.0570
vn -0.0658 -0.9969 -0.0440
vn -0.1524 -0.9850 -0.0814
vn -0.1319 -0.9888 -0.0705
vn -0.1355 -0.9888 -0.0629
vn -0.1562 -0.9850 -0.0736
vn -0.1121 -0.9919 -0.0599
vn -0.1156 -0.9920 -0.0516
vn -0.1480 -0.9850 -0.0890
vn -0.1275 -0.9888 -0.0777
vn -0.1071 -0.9920 -0.0675
vn -0.1787 -0.9803 -0.0845
vn -0.1048 -0.9920 -0.0700
vn -0.1240 -0.9888 -0.0828
vn -0.1435 -0.9850 -0.0959
vn -0.1644 -0.9803 -0.1098
vn -0.1696 -0.9803 -0.1017
vn -0.1744 -0.9803 -0.0932
vn -0.2468 -0.9600 -0.1319
vn -0.2219 -0.9678 -0.1186
vn -0.2275 -0.9678 -0.1076
vn -0.2530 -0.9600 -0.1197
vn -0.1977 -0.9745 -0.1057
vn -0.2027 -0.9745 -0.0959
vn -0.2400 -0.9600 -0.1439
vn -0.2158 -0.9678 -0.1293
vn -0.1923 -0.9745 -0.1153
vn -0.2794 -0.9510 -0.1322
vn -0.1864 -0.9745 -0.1246
vn -0.2092 -0.9678 -0.1398
vn -0.2327 -0.9600 -0.1555
vn -0.2570 -0.9510 -0.1717
vn -0.2651 -0.9510 -0.1589
vn -0.2726 -0.9510 -0.1457
vn -0.3557 -0.9151 -0.1901
vn -0.3269 -0.9288 -0.1747
vn -0.3351 -0.9288 -0.1585
vn -0.3646 -0.9151 -0.1725
vn -0.2993 -0.9407 -0.1600
vn -0.3067 -0.9407 -0.1451
vn -0.3460 -0.9151 -0.2073
vn -0.3180 -0.9288 -0.1906
vn -0.2911 -0.9407 -0.1744
vn -0.3954 -0.8993 -0.1870
vn -0.2821 -0.9407 -0.1885
vn -0.3082 -0.9288 -0.2060
vn -0.3354 -0.9151 -0.2241
vn -0.3637 -0.8993 -0.2430
vn -0.3752 -0.8993 -0.2248
vn -0.3857 -0.8993 -0.2062
vn -0.4837 -0.8362 -0.2585
vn -0.4497 -0.8603 -0.2404
vn -0.4609 -0.8603 -0.2180
vn -0.4958 -0.8362 -0.2345
vn -0.4171 -0.8811 -0.2229
vn -0.4275 -0.8811 -0.2022
vn -0.4704 -0.8362 -0.2819
vn -0.4373 -0.8603 -0.2621
vn -0.4056 -0.8811 -0.2431
vn -0.5321 -0.8084 -0.2517
vn -0.3932 -0.8811 -0.2627
vn -0.4239 -0.8603 -0.2833
vn -0.4560 -0.8362 -0.3047
vn -0.4894 -0.8084 -0.3270
vn -0.5049 -0.8084 -0.3026
vn -0.5191 -0.8084 -0.2775
vn -0.6324 -0.6970 -0.3380
vn -0.5937 -0.7395 -0.3173
vn -0.6085 -0.7395 -0.2878
vn -0.6482 -0.6970 -0.3066
vn -0.5558 -0.7764 -0.2971
vn -0.5697 -0.7764 -0.2695
vn -0.6151 -0.6970 -0.3686
vn -0.5774 -0.7395 -0.3460
vn -0.5406 -0.7764 -0.3240
vn -0.6884 -0.6481 -0.3256
vn -0.5240 -0.7764 -0.3502
vn -0.5597 -0.7395 -0.3740
vn -0.5962 -0.6970 -0.3984
vn -0.6332 -0.6481 -0.4231
vn -0.6532 -0.6481 -0.3915
vn -0.6716 -0.6481 -0.3590
vn -0.7842 -0.4576 -0.4192
vn -0.7485 -0.5289 -0.4001
vn -0.7672 -0.5289 -0.3629
vn -0.8038 -0.4576 -0.3802
vn -0.7106 -0.5923 -0.3798
vn -0.7284 -0.5923 -0.3445
vn -0.7627 -0.4576 -0.4571
vn -0.7280 -0.5289 -0.4363
vn -0.6911 -0.5923 -0.4142
vn -0.8205 -0.4197 -0.3881
vn -0.6700 -0.5923 -0.4476
vn -0.7057 -0.5289 -0.4715
vn -0.7393 -0.4576 -0.4940
vn -0.7785 -0.4198 -0.4666
vn -0.7547 -0.4198 -0.5043
vn -0.8005 -0.4197 -0.4279
vn -0.4239 -0.8362 -0.3479
vn -0.3941 -0.8603 -0.3235
vn -0.4095 -0.8603 -0.3037
vn -0.4405 -0.8362 -0.3267
vn -0.3656 -0.8811 -0.3000
vn -0.3798 -0.8811 -0.2817
vn -0.4064 -0.8362 -0.3683
vn -0.3778 -0.8603 -0.3424
vn -0.3504 -0.8811 -0.3176
vn -0.4728 -0.8084 -0.3506
vn -0.3513 -0.8993 -0.2606
vn -0.3381 -0.8993 -0.2775
vn -0.3241 -0.8993 -0.2937
vn -0.3344 -0.8811 -0.3344
vn -0.3093 -0.8993 -0.3093
vn -0.3605 -0.8603 -0.3605
vn -0.3878 -0.8362 -0.3878
vn -0.4162 -0.8084 -0.4162
vn -0.4361 -0.8084 -0.3953
vn -0.4550 -0.8084 -0.3734
vn -0.5543 -0.6970 -0.4549
vn -0.5204 -0.7395 -0.4270
vn -0.5407 -0.7395 -0.4010
vn -0.5759 -0.6970 -0.4272
vn -0.4872 -0.7764 -0.3998
vn -0.5062 -0.7764 -0.3755
vn -0.5313 -0.6970 -0.4815
vn -0.4988 -0.7395 -0.4520
vn -0.4670 -0.7764 -0.4232
vn -0.6116 -0.6481 -0.4537
vn -0.4457 -0.7764 -0.4457
vn -0.4760 -0.7395 -0.4760
vn -0.5070 -0.6970 -0.5070
vn -0.5385 -0.6481 -0.5385
vn -0.5643 -0.6481 -0.5114
vn -0.5887 -0.6481 -0.4831
vn -0.6873 -0.4576 -0.5641
vn -0.6561 -0.5289 -0.5384
vn -0.6817 -0.5289 -0.5056
vn -0.7142 -0.4576 -0.5297
vn -0.6229 -0.5923 -0.5112
vn -0.6472 -0.5923 -0.4800
vn -0.6589 -0.4576 -0.5971
vn -0.6289 -0.5289 -0.5699
vn -0.5970 -0.5923 -0.5411
vn -0.7290 -0.4198 -0.5407
vn -0.5697 -0.5923 -0.5698
vn -0.6001 -0.5289 -0.6001
vn -0.6287 -0.4576 -0.6287
vn -0.6725 -0.4197 -0.6095
vn -0.6418 -0.4197 -0.6418
vn -0.7016 -0.4197 -0.5758
vn -0.0541 -0.9975 -0.0444
vn -0.0530 -0.9981 -0.0322
vn -0.0717 -0.9966 -0.0402
vn -0.0652 -0.9964 -0.0535
vn -0.0419 -0.9981 -0.0457
vn -0.0390 -0.9987 -0.0320
vn -0.0534 -0.9966 -0.0625
vn -0.0867 -0.9946 -0.0571
vn -0.0809 -0.9945 -0.0664
vn -0.0282 -0.9992 -0.0282
vn -0.0409 -0.9983 -0.0409
vn -0.0729 -0.9946 -0.0739
vn -0.0725 -0.9947 -0.0725
vn -0.0560 -0.9969 -0.0560
vn -0.1336 -0.9850 -0.1096
vn -0.1156 -0.9888 -0.0949
vn -0.1206 -0.9888 -0.0881
vn -0.1389 -0.9850 -0.1027
vn -0.0982 -0.9919 -0.0806
vn -0.1034 -0.9920 -0.0731
vn -0.1278 -0.9850 -0.1162
vn -0.1099 -0.9888 -0.1011
vn -0.0919 -0.9920 -0.0871
vn -0.1588 -0.9803 -0.1178
vn -0.0891 -0.9920 -0.0891
vn -0.1054 -0.9888 -0.1054
vn -0.1221 -0.9850 -0.1221
vn -0.1398 -0.9803 -0.1398
vn -0.1465 -0.9803 -0.1328
vn -0.1528 -0.9803 -0.1254
vn -0.2163 -0.9600 -0.1775
vn -0.1945 -0.9678 -0.1596
vn -0.2021 -0.9678 -0.1499
vn -0.2248 -0.9600 -0.1667
vn -0.1733 -0.9745 -0.1422
vn -0.1801 -0.9745 -0.1336
vn -0.2074 -0.9600 -0.1879
vn -0.1864 -0.9678 -0.1690
vn -0.1661 -0.9745 -0.1506
vn -0.2482 -0.9510 -0.1841
vn -0.1585 -0.9745 -0.1585
vn -0.1779 -0.9678 -0.1779
vn -0.1979 -0.9600 -0.1979
vn -0.2185 -0.9510 -0.2185
vn -0.2290 -0.9510 -0.2075
vn -0.2389 -0.9510 -0.1961
vn -0.3118 -0.9151 -0.2559
vn -0.2866 -0.9288 -0.2352
vn -0.2977 -0.9288 -0.2208
vn -0.3240 -0.9151 -0.2403
vn -0.2623 -0.9407 -0.2153
vn -0.2725 -0.9407 -0.2021
vn -0.2989 -0.9151 -0.2709
vn -0.2747 -0.9288 -0.2489
vn -0.2514 -0.9407 -0.2279
vn -0.2399 -0.9407 -0.2399
vn -0.2621 -0.9288 -0.2621
vn -0.2852 -0.9151 -0.2852
vn -0.1096 -0.9850 -0.1336
vn -0.0949 -0.9888 -0.1156
vn -0.1011 -0.9888 -0.1099
vn -0.1162 -0.9850 -0.1278
vn -0.0806 -0.9919 -0.0982
vn -0.0871 -0.9920 -0.0919
vn -0.1027 -0.9850 -0.1389
vn -0.0881 -0.9888 -0.1206
vn -0.0731 -0.9920 -0.1034
vn -0.1328 -0.9803 -0.1465
vn -0.0739 -0.9946 -0.0729
vn -0.0664 -0.9945 -0.0809
vn -0.0571 -0.9946 -0.0867
vn -0.0700 -0.9920 -0.1048
vn -0.0570 -0.9947 -0.0852
vn -0.0828 -0.9888 -0.1240
vn -0.0959 -0.9850 -0.1435
vn -0.1098 -0.9803 -0.1644
vn -0.1178 -0.9803 -0.1588
vn -0.1254 -0.9803 -0.1528
vn -0.1775 -0.9600 -0.2163
vn -0.1596 -0.9678 -0.1945
vn -0.1690 -0.9678 -0.1864
vn -0.1879 -0.9600 -0.2074
vn -0.1422 -0.9745 -0.1733
vn -0.1506 -0.9745 -0.1661
vn -0.1667 -0.9600 -0.2248
vn -0.1499 -0.9678 -0.2021
vn -0.1336 -0.9745 -0.1801
vn -0.2075 -0.9510 -0.2290
vn -0.1246 -0.9745 -0.1864
vn -0.1398 -0.9678 -0.2092
vn -0.1555 -0.9600 -0.2327
vn -0.1717 -0.9510 -0.2570
vn -0.1841 -0.9510 -0.2482
vn -0.1961 -0.9510 -0.2389
vn -0.2559 -0.9151 -0.3118
vn -0.2352 -0.9288 -0.2866
vn -0.2489 -0.9288 -0.2747
vn -0.2709 -0.9151 -0.2989
vn -0.2153 -0.9407 -0.2623
vn -0.2279 -0.9407 -0.2514
vn -0.2403 -0.9151 -0.3240
vn -0.2208 -0.9288 -0.2977
vn -0.2021 -0.9407 -0.2725
vn -0.2937 -0.8993 -0.3241
vn -0.1885 -0.9407 -0.2821
vn -0.2060 -0.9288 -0.3082
vn -0.2241 -0.9151 -0.3354
vn -0.2430 -0.8993 -0.3637
vn -0.2606 -0.8993 -0.3513
vn -0.2775 -0.8993 -0.3381
vn -0.3479 -0.8362 -0.4239
vn -0.3235 -0.8603 -0.3941
vn -0.3424 -0.8603 -0.3778
vn -0.3683 -0.8362 -0.4064
vn -0.3000 -0.8811 -0.3656
vn -0.3176 -0.8811 -0.3504
vn -0.3267 -0.8362 -0.4405
vn -0.3037 -0.8603 -0.4095
vn -0.2817 -0.8811 -0.3798
vn -0.3953 -0.8084 -0.4361
vn -0.2627 -0.8811 -0.3932
vn -0.2833 -0.8603 -0.4239
vn -0.3047 -0.8362 -0.4560
vn -0.3270 -0.8084 -0.4894
vn -0.3506 -0.8084 -0.4728
vn -0.3734 -0.8084 -0.4550
vn -0.4549 -0.6970 -0.5543
vn -0.4270 -0.7395 -0.5204
vn -0.4520 -0.7395 -0.4988
vn -0.4815 -0.6970 -0.5313
vn -0.3998 -0.7764 -0.4872
vn -0.4232 -0.7764 -0.4670
vn -0.4272 -0.6970 -0.5759
vn -0.4010 -0.7395 -0.5407
vn -0.3755 -0.7764 -0.5062
vn -0.5114 -0.6481 -0.5643
vn -0.3502 -0.7764 -0.5240
vn -0.3740 -0.7395 -0.5597
vn -0.3984 -0.6970 -0.5962
vn -0.4231 -0.6481 -0.6332
vn -0.4537 -0.6481 -0.6116
vn -0.4831 -0.6481 -0.5887
vn -0.5641 -0.4576 -0.6873
vn -0.5384 -0.5289 -0.6561
vn -0.5699 -0.5289 -0.6289
vn -0.5971 -0.4576 -0.6589
vn -0.5112 -0.5923 -0.6229
vn -0.5411 -0.5923 -0.5970
vn -0.5297 -0.4576 -0.7142
vn -0.5056 -0.5289 -0.6817
vn -0.4800 -0.5923 -0.6472
vn -0.6095 -0.4197 -0.6726
vn -0.4476 -0.5923 -0.6700
vn -0.4715 -0.5289 -0.7057
vn -0.4940 -0.4576 -0.7393
vn -0.5407 -0.4197 -0.7290
vn -0.5043 -0.4197 -0.7547
vn -0.5758 -0.4197 -0.7016
vn -0.0444 -0.9975 -0.0541
vn -0.0457 -0.9981 -0.0419
vn -0.0625 -0.9966 -0.0534
vn -0.0535 -0.9964 -0.0652
vn -0.0322 -0.9981 -0.0530
vn -0.0320 -0.9987 -0.0390
vn -0.0402 -0.9966 -0.0717
vn -0.0222 -0.9992 -0.0332
vn -0.0321 -0.9983 -0.0481
vn -0.0440 -0.9969 -0.0658
vn -0.3380 -0.6970 -0.6324
vn -0.3173 -0.7395 -0.5937
vn -0.3461 -0.7395 -0.5774
vn -0.3686 -0.6970 -0.6151
vn -0.2971 -0.7764 -0.5558
vn -0.3240 -0.7764 -0.5406
vn -0.3066 -0.6970 -0.6482
vn -0.2878 -0.7395 -0.6085
vn -0.2695 -0.7764 -0.5697
vn -0.3915 -0.6481 -0.6532
vn -0.3026 -0.8084 -0.5049
vn -0.2775 -0.8084 -0.5191
vn -0.2517 -0.8084 -0.5321
vn -0.2412 -0.7764 -0.5823
vn -0.2252 -0.8084 -0.5438
vn -0.2576 -0.7395 -0.6219
vn -0.2744 -0.6970 -0.6625
vn -0.2914 -0.6481 -0.7036
vn -0.3256 -0.6481 -0.6884
vn -0.3590 -0.6481 -0.6716
vn -0.4192 -0.4576 -0.7842
vn -0.4001 -0.5289 -0.7485
vn -0.4363 -0.5289 -0.7280
vn -0.4571 -0.4576 -0.7627
vn -0.3798 -0.5923 -0.7106
vn -0.4142 -0.5923 -0.6911
vn -0.3802 -0.4576 -0.8038
vn -0.3629 -0.5289 -0.7672
vn -0.3445 -0.5923 -0.7284
vn -0.4666 -0.4197 -0.7785
vn -0.3083 -0.5923 -0.7444
vn -0.3248 -0.5289 -0.7841
vn -0.3403 -0.4576 -0.8215
vn -0.3881 -0.4197 -0.8205
vn -0.3473 -0.4197 -0.8386
vn -0.4279 -0.4197 -0.8005
vn -0.0330 -0.9975 -0.0617
vn -0.0366 -0.9981 -0.0500
vn -0.0509 -0.9966 -0.0645
vn -0.0398 -0.9964 -0.0744
vn -0.0213 -0.9981 -0.0582
vn -0.0238 -0.9987 -0.0445
vn -0.0254 -0.9966 -0.0781
vn -0.0583 -0.9946 -0.0859
vn -0.0494 -0.9945 -0.0923
vn -0.0153 -0.9992 -0.0369
vn -0.0221 -0.9983 -0.0534
vn -0.0391 -0.9946 -0.0962
vn -0.0392 -0.9947 -0.0947
vn -0.0303 -0.9969 -0.0731
vn -0.0814 -0.9850 -0.1524
vn -0.0705 -0.9888 -0.1319
vn -0.0777 -0.9888 -0.1275
vn -0.0890 -0.9850 -0.1480
vn -0.0599 -0.9919 -0.1121
vn -0.0675 -0.9920 -0.1071
vn -0.0736 -0.9850 -0.1562
vn -0.0629 -0.9888 -0.1355
vn -0.0516 -0.9920 -0.1156
vn -0.1017 -0.9803 -0.1696
vn -0.0482 -0.9920 -0.1165
vn -0.0571 -0.9888 -0.1378
vn -0.0661 -0.9850 -0.1595
vn -0.0757 -0.9803 -0.1826
vn -0.0845 -0.9803 -0.1787
vn -0.0932 -0.9803 -0.1744
vn -0.1319 -0.9600 -0.2468
vn -0.1186 -0.9678 -0.2219
vn -0.1293 -0.9678 -0.2158
vn -0.1439 -0.9600 -0.2400
vn -0.1057 -0.9745 -0.1977
vn -0.1153 -0.9745 -0.1923
vn -0.1197 -0.9600 -0.2530
vn -0.1076 -0.9678 -0.2275
vn -0.0959 -0.9745 -0.2027
vn -0.1589 -0.9510 -0.2651
vn -0.0858 -0.9745 -0.2072
vn -0.0963 -0.9678 -0.2325
vn -0.1071 -0.9600 -0.2585
vn -0.1183 -0.9510 -0.2855
vn -0.1322 -0.9510 -0.2794
vn -0.1457 -0.9510 -0.2726
vn -0.1901 -0.9151 -0.3557
vn -0.1747 -0.9288 -0.3269
vn -0.1906 -0.9288 -0.3180
vn -0.2073 -0.9151 -0.3460
vn -0.1600 -0.9407 -0.2993
vn -0.1744 -0.9407 -0.2911
vn -0.1725 -0.9151 -0.3646
vn -0.1585 -0.9288 -0.3351
vn -0.1451 -0.9407 -0.3067
vn -0.2248 -0.8993 -0.3752
vn -0.1299 -0.9407 -0.3135
vn -0.1419 -0.9288 -0.3425
vn -0.1544 -0.9151 -0.3726
vn -0.1674 -0.8993 -0.4041
vn -0.1870 -0.8993 -0.3954
vn -0.2062 -0.8993 -0.3857
vn -0.2585 -0.8362 -0.4837
vn -0.2404 -0.8603 -0.4497
vn -0.2621 -0.8603 -0.4373
vn -0.2819 -0.8362 -0.4704
vn -0.2229 -0.8811 -0.4171
vn -0.2431 -0.8811 -0.4056
vn -0.2345 -0.8362 -0.4958
vn -0.2180 -0.8603 -0.4609
vn -0.2022 -0.8811 -0.4275
vn -0.1810 -0.8811 -0.4369
vn -0.1951 -0.8603 -0.4711
vn -0.2099 -0.8362 -0.5067
vn -0.0502 -0.9850 -0.1653
vn -0.0434 -0.9888 -0.1431
vn -0.0513 -0.9888 -0.1402
vn -0.0584 -0.9850 -0.1625
vn -0.0369 -0.9919 -0.1216
vn -0.0453 -0.9920 -0.1182
vn -0.0417 -0.9850 -0.1676
vn -0.0352 -0.9888 -0.1451
vn -0.0280 -0.9920 -0.1235
vn -0.0666 -0.9803 -0.1861
vn -0.0404 -0.9946 -0.0956
vn -0.0304 -0.9945 -0.1002
vn -0.0195 -0.9946 -0.1019
vn -0.0246 -0.9920 -0.1236
vn -0.0200 -0.9947 -0.1006
vn -0.0291 -0.9888 -0.1462
vn -0.0337 -0.9850 -0.1693
vn -0.0386 -0.9803 -0.1939
vn -0.0480 -0.9803 -0.1918
vn -0.0574 -0.9803 -0.1892
vn -0.0812 -0.9600 -0.2678
vn -0.0730 -0.9678 -0.2408
vn -0.0848 -0.9678 -0.2369
vn -0.0943 -0.9600 -0.2635
vn -0.0651 -0.9745 -0.2146
vn -0.0755 -0.9745 -0.2111
vn -0.0680 -0.9600 -0.2715
vn -0.0611 -0.9678 -0.2441
vn -0.0545 -0.9745 -0.2175
vn -0.1041 -0.9510 -0.2910
vn -0.0437 -0.9745 -0.2199
vn -0.0491 -0.9678 -0.2468
vn -0.0546 -0.9600 -0.2745
vn -0.0603 -0.9510 -0.3031
vn -0.0751 -0.9510 -0.2998
vn -0.0897 -0.9510 -0.2958
vn -0.1171 -0.9151 -0.3860
vn -0.1076 -0.9288 -0.3547
vn -0.1249 -0.9288 -0.3490
vn -0.1359 -0.9151 -0.3798
vn -0.0985 -0.9407 -0.3247
vn -0.1143 -0.9407 -0.3195
vn -0.0980 -0.9151 -0.3912
vn -0.0901 -0.9288 -0.3596
vn -0.0825 -0.9407 -0.3292
vn -0.1473 -0.8993 -0.4118
vn -0.0662 -0.9407 -0.3328
vn -0.0723 -0.9288 -0.3636
vn -0.0787 -0.9151 -0.3956
vn -0.0853 -0.8993 -0.4290
vn -0.1063 -0.8993 -0.4243
vn -0.1270 -0.8993 -0.4186
vn -0.1592 -0.8362 -0.5248
vn -0.1480 -0.8603 -0.4879
vn -0.1718 -0.8603 -0.4801
vn -0.1847 -0.8362 -0.5164
vn -0.1373 -0.8811 -0.4525
vn -0.1593 -0.8811 -0.4453
vn -0.1333 -0.8362 -0.5320
vn -0.1239 -0.8603 -0.4946
vn -0.1149 -0.8811 -0.4587
vn -0.1983 -0.8084 -0.5542
vn -0.0923 -0.8811 -0.4638
vn -0.0995 -0.8603 -0.5001
vn -0.1070 -0.8362 -0.5379
vn -0.1148 -0.8084 -0.5773
vn -0.1430 -0.8084 -0.5710
vn -0.1709 -0.8084 -0.5633
vn -0.2081 -0.6970 -0.6862
vn -0.1954 -0.7395 -0.6442
vn -0.2268 -0.7395 -0.6338
vn -0.2415 -0.6970 -0.6751
vn -0.1830 -0.7764 -0.6031
vn -0.2123 -0.7764 -0.5934
vn -0.1743 -0.6970 -0.6956
vn -0.1636 -0.7395 -0.6530
vn -0.1532 -0.7764 -0.6114
vn -0.2565 -0.6481 -0.7170
vn -0.1230 -0.7764 -0.6181
vn -0.1313 -0.7395 -0.6602
vn -0.1399 -0.6970 -0.7033
vn -0.1486 -0.6481 -0.7469
vn -0.1851 -0.6481 -0.7387
vn -0.2211 -0.6481 -0.7287
vn -0.2581 -0.4576 -0.8509
vn -0.2464 -0.5289 -0.8122
vn -0.2859 -0.5289 -0.7991
vn -0.2995 -0.4576 -0.8372
vn -0.2339 -0.5923 -0.7711
vn -0.2714 -0.5923 -0.7587
vn -0.2161 -0.4576 -0.8625
vn -0.2062 -0.5289 -0.8233
vn -0.1958 -0.5923 -0.7816
vn -0.3057 -0.4197 -0.8546
vn -0.1572 -0.5923 -0.7903
vn -0.1656 -0.5289 -0.8324
vn -0.1735 -0.4576 -0.8721
vn -0.2206 -0.4198 -0.8804
vn -0.1771 -0.4197 -0.8902
vn -0.2635 -0.4198 -0.8686
vn -0.0203 -0.9975 -0.0670
vn -0.0261 -0.9981 -0.0562
vn -0.0373 -0.9966 -0.0732
vn -0.0245 -0.9964 -0.0808
vn -0.0095 -0.9981 -0.0613
vn -0.0146 -0.9987 -0.0483
vn -0.0097 -0.9966 -0.0816
vn -0.0078 -0.9992 -0.0392
vn -0.0113 -0.9983 -0.0567
vn -0.0154 -0.9969 -0.0776
vn -0.0703 -0.6970 -0.7136
vn -0.0660 -0.7395 -0.6699
vn -0.0987 -0.7395 -0.6659
vn -0.1052 -0.6970 -0.7093
vn -0.0618 -0.7764 -0.6272
vn -0.0925 -0.7764 -0.6234
vn -0.0352 -0.6970 -0.7162
vn -0.0331 -0.7395 -0.6723
vn -0.0309 -0.7764 -0.6295
vn -0.1117 -0.6481 -0.7533
vn -0.0863 -0.8084 -0.5822
vn -0.0577 -0.8084 -0.5858
vn -0.0289 -0.8084 -0.5879
vn 0.0000 -0.7764 -0.6303
vn 0.0000 -0.8084 -0.5886
vn 0.0000 -0.7395 -0.6732
vn 0.0000 -0.6970 -0.7171
vn 0.0000 -0.6481 -0.7615
vn -0.0374 -0.6481 -0.7606
vn -0.0746 -0.6481 -0.7579
vn -0.0872 -0.4576 -0.8849
vn -0.0832 -0.5289 -0.8446
vn -0.1245 -0.5289 -0.8395
vn -0.1304 -0.4576 -0.8796
vn -0.0790 -0.5923 -0.8019
vn -0.1182 -0.5923 -0.7970
vn -0.0437 -0.4576 -0.8881
vn -0.0417 -0.5289 -0.8477
vn -0.0396 -0.5923 -0.8048
vn -0.1331 -0.4197 -0.8978
vn 0.0000 -0.5923 -0.8057
vn 0.0000 -0.5289 -0.8487
vn 0.0000 -0.4576 -0.8892
vn -0.0446 -0.4197 -0.9066
vn 0.0000 -0.4197 -0.9076
vn -0.0890 -0.4197 -0.9033
vn -0.0069 -0.9975 -0.0697
vn -0.0147 -0.9981 -0.0602
vn -0.0223 -0.9966 -0.0791
vn -0.0083 -0.9964 -0.0840
vn 0.0026 -0.9981 -0.0619
vn -0.0049 -0.9987 -0.0502
vn 0.0064 -0.9966 -0.0819
vn -0.0209 -0.9946 -0.1016
vn -0.0103 -0.9945 -0.1042
vn 0.0000 -0.9992 -0.0399
vn 0.0000 -0.9983 -0.0578
vn 0.0007 -0.9946 -0.1038
vn -0.0000 -0.9947 -0.1025
vn 0.0000 -0.9969 -0.0791
vn -0.0169 -0.9850 -0.1719
vn -0.0147 -0.9888 -0.1488
vn -0.0230 -0.9888 -0.1476
vn -0.0256 -0.9850 -0.1708
vn -0.0125 -0.9919 -0.1265
vn -0.0214 -0.9920 -0.1248
vn -0.0082 -0.9850 -0.1725
vn -0.0062 -0.9888 -0.1492
vn -0.0034 -0.9920 -0.1266
vn -0.0290 -0.9803 -0.1956
vn -0.0000 -0.9920 -0.1261
vn -0.0000 -0.9888 -0.1491
vn 0.0000 -0.9850 -0.1726
vn -0.0000 -0.9803 -0.1977
vn -0.0097 -0.9803 -0.1975
vn -0.0194 -0.9803 -0.1968
vn -0.0274 -0.9600 -0.2785
vn -0.0247 -0.9678 -0.2504
vn -0.0369 -0.9678 -0.2489
vn -0.0411 -0.9600 -0.2768
vn -0.0220 -0.9745 -0.2231
vn -0.0329 -0.9745 -0.2218
vn -0.0137 -0.9600 -0.2795
vn -0.0124 -0.9678 -0.2513
vn -0.0110 -0.9745 -0.2240
vn -0.0453 -0.9510 -0.3057
vn 0.0000 -0.9745 -0.2242
vn -0.0000 -0.9678 -0.2516
vn -0.0000 -0.9600 -0.2798
vn -0.0000 -0.9510 -0.3091
vn -0.0152 -0.9510 -0.3087
vn -0.0303 -0.9510 -0.3076
vn -0.0395 -0.9151 -0.4014
vn -0.0363 -0.9288 -0.3689
vn -0.0544 -0.9288 -0.3667
vn -0.0592 -0.9151 -0.3990
vn -0.0333 -0.9407 -0.3377
vn -0.0498 -0.9407 -0.3357
vn -0.0198 -0.9151 -0.4029
vn -0.0182 -0.9288 -0.3703
vn -0.0167 -0.9407 -0.3389
vn -0.0642 -0.8993 -0.4327
vn 0.0000 -0.9407 -0.3393
vn 0.0000 -0.9288 -0.3707
vn 0.0000 -0.9151 -0.4033
vn 0.0000 -0.8993 -0.4374
vn -0.0215 -0.8993 -0.4369
vn -0.0429 -0.8993 -0.4353
vn -0.0538 -0.8362 -0.5458
vn -0.0500 -0.8603 -0.5074
vn -0.0748 -0.8603 -0.5044
vn -0.0804 -0.8362 -0.5425
vn -0.0464 -0.8811 -0.4706
vn -0.0694 -0.8811 -0.4678
vn -0.0269 -0.8362 -0.5478
vn -0.0250 -0.8603 -0.5093
vn -0.0232 -0.8811 -0.4723
vn -0.0000 -0.8811 -0.4729
vn -0.0000 -0.8603 -0.5099
vn 0.0000 -0.8362 -0.5484
vn 0.0274 -0.9600 -0.2785
vn 0.0247 -0.9678 -0.2504
vn 0.0124 -0.9678 -0.2513
vn 0.0137 -0.9600 -0.2795
vn 0.0220 -0.9745 -0.2231
vn 0.0110 -0.9745 -0.2240
vn 0.0411 -0.9600 -0.2768
vn 0.0369 -0.9678 -0.2489
vn 0.0329 -0.9745 -0.2218
vn 0.0152 -0.9510 -0.3087
vn 0.0097 -0.9803 -0.1975
vn 0.0194 -0.9803 -0.1968
vn 0.0290 -0.9803 -0.1956
vn 0.0437 -0.9745 -0.2199
vn 0.0386 -0.9803 -0.1939
vn 0.0491 -0.9678 -0.2468
vn 0.0546 -0.9600 -0.2745
vn 0.0603 -0.9510 -0.3031
vn 0.0453 -0.9510 -0.3057
vn 0.0303 -0.9510 -0.3076
vn 0.0395 -0.9151 -0.4014
vn 0.0363 -0.9288 -0.3689
vn 0.0182 -0.9288 -0.3703
vn 0.0198 -0.9151 -0.4029
vn 0.0333 -0.9407 -0.3377
vn 0.0167 -0.9407 -0.3389
vn 0.0592 -0.9151 -0.3990
vn 0.0544 -0.9288 -0.3667
vn 0.0498 -0.9407 -0.3357
vn 0.0215 -0.8993 -0.4369
vn 0.0662 -0.9407 -0.3328
vn 0.0723 -0.9288 -0.3636
vn 0.0787 -0.9151 -0.3956
vn 0.0853 -0.8993 -0.4290
vn 0.0642 -0.8993 -0.4327
vn 0.0429 -0.8993 -0.4353
vn 0.0538 -0.8362 -0.5458
vn 0.0500 -0.8603 -0.5074
vn 0.0250 -0.8603 -0.5093
vn 0.0269 -0.8362 -0.5478
vn 0.0464 -0.8811 -0.4706
vn 0.0232 -0.8811 -0.4723
vn 0.0804 -0.8362 -0.5425
vn 0.0748 -0.8603 -0.5044
vn 0.0694 -0.8811 -0.4678
vn 0.0289 -0.8084 -0.5879
vn 0.0923 -0.8811 -0.4638
vn 0.0995 -0.8603 -0.5001
vn 0.1070 -0.8362 -0.5379
vn 0.1148 -0.8084 -0.5773
vn 0.0863 -0.8084 -0.5822
vn 0.0577 -0.8084 -0.5858
vn 0.0703 -0.6970 -0.7136
vn 0.0660 -0.7395 -0.6699
vn 0.0331 -0.7395 -0.6723
vn 0.0352 -0.6970 -0.7162
vn 0.0618 -0.7764 -0.6272
vn 0.0310 -0.7764 -0.6295
vn 0.1052 -0.6970 -0.7093
vn 0.0987 -0.7395 -0.6659
vn 0.0925 -0.7764 -0.6234
vn 0.0374 -0.6481 -0.7606
vn 0.1230 -0.7764 -0.6181
vn 0.1313 -0.7395 -0.6602
vn 0.1399 -0.6970 -0.7033
vn 0.1486 -0.6481 -0.7469
vn 0.1117 -0.6481 -0.7533
vn 0.0746 -0.6481 -0.7579
vn 0.0872 -0.4576 -0.8849
vn 0.0832 -0.5289 -0.8446
vn 0.0417 -0.5289 -0.8477
vn 0.0437 -0.4576 -0.8881
vn 0.0790 -0.5923 -0.8019
vn 0.0396 -0.5923 -0.8048
vn 0.1304 -0.4576 -0.8796
vn 0.1245 -0.5289 -0.8395
vn 0.1182 -0.5923 -0.7970
vn 0.0446 -0.4197 -0.9065
vn 0.1572 -0.5923 -0.7903
vn 0.1656 -0.5289 -0.8324
vn 0.1735 -0.4576 -0.8721
vn 0.1331 -0.4197 -0.8978
vn 0.1771 -0.4197 -0.8902
vn 0.0890 -0.4198 -0.9033
vn 0.0069 -0.9975 -0.0697
vn -0.0026 -0.9981 -0.0619
vn -0.0064 -0.9966 -0.0819
vn 0.0083 -0.9964 -0.0840
vn 0.0147 -0.9981 -0.0602
vn 0.0049 -0.9987 -0.0502
vn 0.0223 -0.9966 -0.0791
vn -0.0007 -0.9946 -0.1038
vn 0.0103 -0.9945 -0.1042
vn 0.0078 -0.9992 -0.0392
vn 0.0113 -0.9983 -0.0567
vn 0.0209 -0.9946 -0.1017
vn 0.0200 -0.9947 -0.1006
vn 0.0154 -0.9969 -0.0776
vn 0.0169 -0.9850 -0.1719
vn 0.0147 -0.9888 -0.1488
vn 0.0062 -0.9888 -0.1492
vn 0.0082 -0.9850 -0.1725
vn 0.0125 -0.9919 -0.1265
vn 0.0034 -0.9920 -0.1266
vn 0.0256 -0.9850 -0.1708
vn 0.0230 -0.9888 -0.1476
vn 0.0214 -0.9920 -0.1248
vn 0.0246 -0.9920 -0.1236
vn 0.0291 -0.9888 -0.1462
vn 0.0337 -0.9850 -0.1693
vn 0.2581 -0.4576 -0.8509
vn 0.2464 -0.5289 -0.8122
vn 0.2062 -0.5289 -0.8233
vn 0.2161 -0.4576 -0.8625
vn 0.2339 -0.5923 -0.7711
vn 0.1958 -0.5923 -0.7816
vn 0.2995 -0.4576 -0.8372
vn 0.2859 -0.5289 -0.7991
vn 0.2714 -0.5923 -0.7587
vn 0.2206 -0.4197 -0.8804
vn 0.1851 -0.6481 -0.7387
vn 0.2211 -0.6481 -0.7287
vn 0.2565 -0.6481 -0.7170
vn 0.3083 -0.5923 -0.7444
vn 0.2914 -0.6481 -0.7036
vn 0.3248 -0.5289 -0.7841
vn 0.3403 -0.4576 -0.8215
vn 0.3057 -0.4197 -0.8546
vn 0.3473 -0.4197 -0.8386
vn 0.2635 -0.4197 -0.8686
vn 0.0203 -0.9975 -0.0670
vn 0.0095 -0.9981 -0.0613
vn 0.0097 -0.9966 -0.0816
vn 0.0245 -0.9964 -0.0808
vn 0.0261 -0.9981 -0.0562
vn 0.0146 -0.9987 -0.0483
vn 0.0373 -0.9966 -0.0732
vn 0.0195 -0.9946 -0.1019
vn 0.0304 -0.9945 -0.1002
vn 0.0153 -0.9992 -0.0369
vn 0.0221 -0.9983 -0.0534
vn 0.0404 -0.9946 -0.0956
vn 0.0392 -0.9947 -0.0947
vn 0.0303 -0.9969 -0.0731
vn 0.0502 -0.9850 -0.1653
vn 0.0434 -0.9888 -0.1431
vn 0.0352 -0.9888 -0.1451
vn 0.0417 -0.9850 -0.1676
vn 0.0369 -0.9919 -0.1216
vn 0.0280 -0.9920 -0.1235
vn 0.0584 -0.9850 -0.1625
vn 0.0513 -0.9888 -0.1402
vn 0.0453 -0.9920 -0.1182
vn 0.0480 -0.9803 -0.1918
vn 0.0482 -0.9920 -0.1165
vn 0.0571 -0.9888 -0.1378
vn 0.0661 -0.9850 -0.1595
vn 0.0757 -0.9803 -0.1826
vn 0.0666 -0.9803 -0.1861
vn 0.0574 -0.9803 -0.1892
vn 0.0812 -0.9600 -0.2678
vn 0.0730 -0.9678 -0.2408
vn 0.0611 -0.9678 -0.2441
vn 0.0680 -0.9600 -0.2715
vn 0.0651 -0.9745 -0.2146
vn 0.0545 -0.9745 -0.2175
vn 0.0943 -0.9600 -0.2635
vn 0.0848 -0.9678 -0.2369
vn 0.0755 -0.9745 -0.2111
vn 0.0751 -0.9510 -0.2998
vn 0.0858 -0.9745 -0.2072
vn 0.0963 -0.9678 -0.2325
vn 0.1071 -0.9600 -0.2585
vn 0.1183 -0.9510 -0.2855
vn 0.1041 -0.9510 -0.2910
vn 0.0897 -0.9510 -0.2958
vn 0.1171 -0.9151 -0.3860
vn 0.1076 -0.9288 -0.3547
vn 0.0901 -0.9288 -0.3596
vn 0.0980 -0.9151 -0.3912
vn 0.0985 -0.9407 -0.3247
vn 0.0825 -0.9407 -0.3292
vn 0.1359 -0.9151 -0.3798
vn 0.1249 -0.9288 -0.3490
vn 0.1143 -0.9407 -0.3195
vn 0.1063 -0.8993 -0.4243
vn 0.1299 -0.9407 -0.3135
vn 0.1419 -0.9288 -0.3425
vn 0.1544 -0.9151 -0.3726
vn 0.1674 -0.8993 -0.4041
vn 0.1473 -0.8993 -0.4118
vn 0.1270 -0.8993 -0.4186
vn 0.1592 -0.8362 -0.5248
vn 0.1480 -0.8603 -0.4879
vn 0.1239 -0.8603 -0.4946
vn 0.1333 -0.8362 -0.5320
vn 0.1373 -0.8811 -0.4525
vn 0.1149 -0.8811 -0.4587
vn 0.1847 -0.8362 -0.5164
vn 0.1718 -0.8603 -0.4801
vn 0.1593 -0.8811 -0.4453
vn 0.1430 -0.8084 -0.5710
vn 0.1810 -0.8811 -0.4369
vn 0.1951 -0.8603 -0.4711
vn 0.2099 -0.8362 -0.5067
vn 0.2252 -0.8084 -0.5438
vn 0.1983 -0.8084 -0.5542
vn 0.1709 -0.8084 -0.5633
vn 0.2081 -0.6970 -0.6862
vn 0.1954 -0.7395 -0.6442
vn 0.1636 -0.7395 -0.6530
vn 0.1743 -0.6970 -0.6956
vn 0.1830 -0.7764 -0.6031
vn 0.1532 -0.7764 -0.6114
vn 0.2415 -0.6970 -0.6751
vn 0.2268 -0.7395 -0.6338
vn 0.2123 -0.7764 -0.5934
vn 0.2412 -0.7764 -0.5823
vn 0.2576 -0.7395 -0.6219
vn 0.2744 -0.6970 -0.6625
vn 0.1901 -0.9151 -0.3557
vn 0.1747 -0.9288 -0.3269
vn 0.1585 -0.9288 -0.3351
vn 0.1725 -0.9151 -0.3646
vn 0.1600 -0.9407 -0.2993
vn 0.1451 -0.9407 -0.3067
vn 0.2073 -0.9151 -0.3460
vn 0.1906 -0.9288 -0.3180
vn 0.1744 -0.9407 -0.2911
vn 0.1870 -0.8993 -0.3954
vn 0.1322 -0.9510 -0.2794
vn 0.1457 -0.9510 -0.2726
vn 0.1589 -0.9510 -0.2651
vn 0.1885 -0.9407 -0.2821
vn 0.1717 -0.9510 -0.2570
vn 0.2060 -0.9288 -0.3082
vn 0.2241 -0.9151 -0.3354
vn 0.2430 -0.8993 -0.3637
vn 0.2248 -0.8993 -0.3752
vn 0.2062 -0.8993 -0.3857
vn 0.2585 -0.8362 -0.4837
vn 0.2404 -0.8603 -0.4497
vn 0.2180 -0.8603 -0.4609
vn 0.2345 -0.8362 -0.4958
vn 0.2229 -0.8811 -0.4171
vn 0.2022 -0.8811 -0.4275
vn 0.2819 -0.8362 -0.4704
vn 0.2621 -0.8603 -0.4373
vn 0.2431 -0.8811 -0.4056
vn 0.2517 -0.8084 -0.5321
vn 0.2627 -0.8811 -0.3932
vn 0.2833 -0.8603 -0.4239
vn 0.3047 -0.8362 -0.4560
vn 0.3270 -0.8084 -0.4894
vn 0.3026 -0.8084 -0.5049
vn 0.2775 -0.8084 -0.5191
vn 0.3380 -0.6970 -0.6324
vn 0.3173 -0.7395 -0.5937
vn 0.2878 -0.7395 -0.6085
vn 0.3066 -0.6970 -0.6482
vn 0.2971 -0.7764 -0.5558
vn 0.2695 -0.7764 -0.5697
vn 0.3686 -0.6970 -0.6151
vn 0.3461 -0.7395 -0.5774
vn 0.3240 -0.7764 -0.5406
vn 0.3256 -0.6481 -0.6884
vn 0.3502 -0.7764 -0.5240
vn 0.3740 -0.7395 -0.5597
vn 0.3984 -0.6970 -0.5962
vn 0.4231 -0.6481 -0.6332
vn 0.3915 -0.6481 -0.6532
vn 0.3590 -0.6481 -0.6716
vn 0.4192 -0.4576 -0.7842
vn 0.4001 -0.5289 -0.7485
vn 0.3629 -0.5289 -0.7672
vn 0.3802 -0.4576 -0.8038
vn 0.3798 -0.5923 -0.7106
vn 0.3445 -0.5923 -0.7284
vn 0.4571 -0.4576 -0.7627
vn 0.4363 -0.5289 -0.7280
vn 0.4142 -0.5923 -0.6911
vn 0.3881 -0.4197 -0.8205
vn 0.4477 -0.5923 -0.6700
vn 0.4715 -0.5289 -0.7057
vn 0.4940 -0.4576 -0.7393
vn 0.4666 -0.4197 -0.7785
vn 0.5043 -0.4197 -0.7547
vn 0.4279 -0.4197 -0.8005
vn 0.0330 -0.9975 -0.0617
vn 0.0213 -0.9981 -0.0582
vn 0.0254 -0.9966 -0.0781
vn 0.0398 -0.9964 -0.0744
vn 0.0366 -0.9981 -0.0500
vn 0.0238 -0.9987 -0.0445
vn 0.0509 -0.9966 -0.0645
vn 0.0391 -0.9946 -0.0962
vn 0.0494 -0.9945 -0.0923
vn 0.0222 -0.9992 -0.0332
vn 0.0321 -0.9983 -0.0481
vn 0.0583 -0.9946 -0.0859
vn 0.0570 -0.9947 -0.0852
vn 0.0440 -0.9969 -0.0658
vn 0.0814 -0.9850 -0.1524
vn 0.0705 -0.9888 -0.1319
vn 0.0629 -0.9888 -0.1355
vn 0.0736 -0.9850 -0.1562
vn 0.0599 -0.9919 -0.1121
vn 0.0516 -0.9920 -0.1156
vn 0.0890 -0.9850 -0.1480
vn 0.0777 -0.9888 -0.1275
vn 0.0675 -0.9920 -0.1071
vn 0.0845 -0.9803 -0.1787
vn 0.0700 -0.9920 -0.1048
vn 0.0828 -0.9888 -0.1240
vn 0.0959 -0.9850 -0.1435
vn 0.1098 -0.9803 -0.1644
vn 0.1017 -0.9803 -0.1696
vn 0.0932 -0.9803 -0.1744
vn 0.1319 -0.9600 -0.2468
vn 0.1186 -0.9678 -0.2219
vn 0.1076 -0.9678 -0.2275
vn 0.1197 -0.9600 -0.2530
vn 0.1057 -0.9745 -0.1977
vn 0.0959 -0.9745 -0.2027
vn 0.1439 -0.9600 -0.2400
vn 0.1293 -0.9678 -0.2158
vn 0.1153 -0.9745 -0.1923
vn 0.1246 -0.9745 -0.1864
vn 0.1398 -0.9678 -0.2092
vn 0.1555 -0.9600 -0.2327
vn 0.0444 -0.9975 -0.0541
vn 0.0322 -0.9981 -0.0530
vn 0.0402 -0.9966 -0.0717
vn 0.0535 -0.9964 -0.0652
vn 0.0457 -0.9981 -0.0419
vn 0.0320 -0.9987 -0.0390
vn 0.0625 -0.9966 -0.0534
vn 0.0571 -0.9946 -0.0867
vn 0.0664 -0.9945 -0.0809
vn 0.0282 -0.9992 -0.0282
vn 0.0409 -0.9983 -0.0409
vn 0.0739 -0.9946 -0.0729
vn 0.0725 -0.9947 -0.0725
vn 0.0560 -0.9969 -0.0560
vn 0.1096 -0.9850 -0.1336
vn 0.0949 -0.9888 -0.1156
vn 0.0881 -0.9888 -0.1206
vn 0.1027 -0.9850 -0.1389
vn 0.0806 -0.9919 -0.0982
vn 0.0731 -0.9920 -0.1034
vn 0.1162 -0.9850 -0.1278
vn 0.1011 -0.9888 -0.1099
vn 0.0871 -0.9920 -0.0919
vn 0.1178 -0.9803 -0.1588
vn 0.0891 -0.9920 -0.0891
vn 0.1054 -0.9888 -0.1054
vn 0.1221 -0.9850 -0.1221
vn 0.1398 -0.9803 -0.1398
vn 0.1328 -0.9803 -0.1465
vn 0.1254 -0.9803 -0.1528
vn 0.1775 -0.9600 -0.2163
vn 0.1596 -0.9678 -0.1945
vn 0.1499 -0.9678 -0.2021
vn 0.1667 -0.9600 -0.2248
vn 0.1422 -0.9745 -0.1733
vn 0.1336 -0.9745 -0.1801
vn 0.1879 -0.9600 -0.2074
vn 0.1690 -0.9678 -0.1864
vn 0.1506 -0.9745 -0.1661
vn 0.1841 -0.9510 -0.2482
vn 0.1585 -0.9745 -0.1585
vn 0.1779 -0.9678 -0.1779
vn 0.1979 -0.9600 -0.1979
vn 0.2185 -0.9510 -0.2185
vn 0.2075 -0.9510 -0.2290
vn 0.1961 -0.9510 -0.2389
vn 0.2559 -0.9151 -0.3118
vn 0.2352 -0.9288 -0.2866
vn 0.2208 -0.9288 -0.2977
vn 0.2403 -0.9151 -0.3240
vn 0.2153 -0.9407 -0.2623
vn 0.2021 -0.9407 -0.2725
vn 0.2709 -0.9151 -0.2989
vn 0.2489 -0.9288 -0.2747
vn 0.2279 -0.9407 -0.2514
vn 0.2606 -0.8993 -0.3513
vn 0.2399 -0.9407 -0.2399
vn 0.2621 -0.9288 -0.2621
vn 0.2852 -0.9151 -0.2852
vn 0.3093 -0.8993 -0.3093
vn 0.2937 -0.8993 -0.3241
vn 0.2775 -0.8993 -0.3381
vn 0.3479 -0.8362 -0.4239
vn 0.3235 -0.8603 -0.3941
vn 0.3037 -0.8603 -0.4095
vn 0.3267 -0.8362 -0.4405
vn 0.3000 -0.8811 -0.3656
vn 0.2817 -0.8811 -0.3798
vn 0.3683 -0.8362 -0.4064
vn 0.3424 -0.8603 -0.3778
vn 0.3176 -0.8811 -0.3504
vn 0.3506 -0.8084 -0.4728
vn 0.3344 -0.8811 -0.3344
vn 0.3605 -0.8603 -0.3605
vn 0.3878 -0.8362 -0.3878
vn 0.4162 -0.8084 -0.4162
vn 0.3953 -0.8084 -0.4361
vn 0.3734 -0.8084 -0.4550
vn 0.4549 -0.6970 -0.5543
vn 0.4270 -0.7395 -0.5204
vn 0.4010 -0.7395 -0.5407
vn 0.4272 -0.6970 -0.5759
vn 0.3998 -0.7764 -0.4872
vn 0.3755 -0.7764 -0.5062
vn 0.4815 -0.6970 -0.5313
vn 0.4520 -0.7395 -0.4988
vn 0.4232 -0.7764 -0.4670
vn 0.4537 -0.6481 -0.6116
vn 0.4457 -0.7764 -0.4457
vn 0.4760 -0.7395 -0.4760
vn 0.5070 -0.6970 -0.5070
vn 0.5385 -0.6481 -0.5385
vn 0.5114 -0.6481 -0.5643
vn 0.4831 -0.6481 -0.5887
vn 0.5641 -0.4576 -0.6873
vn 0.5384 -0.5289 -0.6561
vn 0.5056 -0.5289 -0.6817
vn 0.5297 -0.4576 -0.7142
vn 0.5112 -0.5923 -0.6229
vn 0.4800 -0.5923 -0.6472
vn 0.5971 -0.4576 -0.6589
vn 0.5699 -0.5289 -0.6289
vn 0.5411 -0.5923 -0.5970
vn 0.5407 -0.4197 -0.7290
vn 0.5697 -0.5923 -0.5698
vn 0.6001 -0.5289 -0.6001
vn 0.6287 -0.4576 -0.6287
vn 0.6095 -0.4197 -0.6725
vn 0.6418 -0.4197 -0.6418
vn 0.5758 -0.4197 -0.7016
vn 0.3118 -0.9151 -0.2559
vn 0.2866 -0.9288 -0.2352
vn 0.2747 -0.9288 -0.2489
vn 0.2989 -0.9151 -0.2709
vn 0.2623 -0.9407 -0.2153
vn 0.2514 -0.9407 -0.2279
vn 0.3240 -0.9151 -0.2403
vn 0.2977 -0.9288 -0.2208
vn 0.2725 -0.9407 -0.2021
vn 0.3241 -0.8993 -0.2937
vn 0.2290 -0.9510 -0.2075
vn 0.2389 -0.9510 -0.1961
vn 0.2482 -0.9510 -0.1841
vn 0.2821 -0.9407 -0.1885
vn 0.2570 -0.9510 -0.1717
vn 0.3082 -0.9288 -0.2060
vn 0.3354 -0.9151 -0.2241
vn 0.3637 -0.8993 -0.2430
vn 0.3513 -0.8993 -0.2606
vn 0.3381 -0.8993 -0.2775
vn 0.4239 -0.8362 -0.3479
vn 0.3941 -0.8603 -0.3235
vn 0.3778 -0.8603 -0.3424
vn 0.4064 -0.8362 -0.3683
vn 0.3656 -0.8811 -0.3000
vn 0.3504 -0.8811 -0.3176
vn 0.4405 -0.8362 -0.3267
vn 0.4095 -0.8603 -0.3037
vn 0.3798 -0.8811 -0.2817
vn 0.4361 -0.8084 -0.3953
vn 0.3932 -0.8811 -0.2627
vn 0.4239 -0.8603 -0.2833
vn 0.4560 -0.8362 -0.3047
vn 0.4894 -0.8084 -0.3270
vn 0.4728 -0.8084 -0.3506
vn 0.4550 -0.8084 -0.3734
vn 0.5543 -0.6970 -0.4549
vn 0.5204 -0.7395 -0.4270
vn 0.4988 -0.7395 -0.4520
vn 0.5313 -0.6970 -0.4815
vn 0.4872 -0.7764 -0.3998
vn 0.4670 -0.7764 -0.4232
vn 0.5759 -0.6970 -0.4272
vn 0.5407 -0.7395 -0.4010
vn 0.5062 -0.7764 -0.3755
vn 0.5643 -0.6481 -0.5114
vn 0.5240 -0.7764 -0.3502
vn 0.5597 -0.7395 -0.3740
vn 0.5962 -0.6970 -0.3984
vn 0.6332 -0.6481 -0.4231
vn 0.6116 -0.6481 -0.4537
vn 0.5887 -0.6481 -0.4831
vn 0.6873 -0.4576 -0.5641
vn 0.6561 -0.5289 -0.5384
vn 0.6289 -0.5289 -0.5699
vn 0.6589 -0.4576 -0.5971
vn 0.6229 -0.5923 -0.5112
vn 0.5970 -0.5923 -0.5411
vn 0.7142 -0.4576 -0.5297
vn 0.6817 -0.5289 -0.5056
vn 0.6472 -0.5923 -0.4800
vn 0.6725 -0.4197 -0.6095
vn 0.6700 -0.5923 -0.4476
vn 0.7057 -0.5289 -0.4715
vn 0.7393 -0.4576 -0.4940
vn 0.7290 -0.4197 -0.5407
vn 0.7547 -0.4197 -0.5043
vn 0.7016 -0.4197 -0.5758
vn 0.0541 -0.9975 -0.0444
vn 0.0419 -0.9981 -0.0457
vn 0.0534 -0.9966 -0.0625
vn 0.0652 -0.9964 -0.0535
vn 0.0530 -0.9981 -0.0322
vn 0.0390 -0.9987 -0.0320
vn 0.0717 -0.9966 -0.0402
vn 0.0729 -0.9946 -0.0739
vn 0.0809 -0.9945 -0.0664
vn 0.0332 -0.9992 -0.0222
vn 0.0481 -0.9983 -0.0321
vn 0.0867 -0.9946 -0.0571
vn 0.0852 -0.9947 -0.0570
vn 0.0658 -0.9969 -0.0440
vn 0.1336 -0.9850 -0.1096
vn 0.1156 -0.9888 -0.0949
vn 0.1099 -0.9888 -0.1011
vn 0.1278 -0.9850 -0.1162
vn 0.0982 -0.9919 -0.0806
vn 0.0919 -0.9920 -0.0871
vn 0.1389 -0.9850 -0.1027
vn 0.1206 -0.9888 -0.0881
vn 0.1034 -0.9920 -0.0731
vn 0.1465 -0.9803 -0.1328
vn 0.1048 -0.9920 -0.0700
vn 0.1240 -0.9888 -0.0828
vn 0.1435 -0.9850 -0.0959
vn 0.1644 -0.9803 -0.1098
vn 0.1588 -0.9803 -0.1178
vn 0.1528 -0.9803 -0.1254
vn 0.2163 -0.9600 -0.1775
vn 0.1945 -0.9678 -0.1596
vn 0.1864 -0.9678 -0.1690
vn 0.2074 -0.9600 -0.1879
vn 0.1733 -0.9745 -0.1422
vn 0.1661 -0.9745 -0.1506
vn 0.2248 -0.9600 -0.1667
vn 0.2021 -0.9678 -0.1499
vn 0.1801 -0.9745 -0.1336
vn 0.1864 -0.9745 -0.1246
vn 0.2092 -0.9678 -0.1398
vn 0.2327 -0.9600 -0.1555
vn 0.0617 -0.9975 -0.0330
vn 0.0500 -0.9981 -0.0366
vn 0.0645 -0.9966 -0.0509
vn 0.0744 -0.9964 -0.0398
vn 0.0582 -0.9981 -0.0213
vn 0.0445 -0.9987 -0.0238
vn 0.0781 -0.9966 -0.0254
vn 0.0859 -0.9946 -0.0583
vn 0.0923 -0.9945 -0.0494
vn 0.0369 -0.9992 -0.0153
vn 0.0534 -0.9983 -0.0221
vn 0.0962 -0.9946 -0.0391
vn 0.0947 -0.9947 -0.0392
vn 0.0731 -0.9969 -0.0303
vn 0.1524 -0.9850 -0.0814
vn 0.1319 -0.9888 -0.0705
vn 0.1275 -0.9888 -0.0777
vn 0.1480 -0.9850 -0.0890
vn 0.1121 -0.9919 -0.0599
vn 0.1071 -0.9920 -0.0675
vn 0.1562 -0.9850 -0.0736
vn 0.1355 -0.9888 -0.0629
vn 0.1156 -0.9920 -0.0516
vn 0.1696 -0.9803 -0.1017
vn 0.1165 -0.9920 -0.0482
vn 0.1378 -0.9888 -0.0571
vn 0.1595 -0.9850 -0.0661
vn 0.1826 -0.9803 -0.0757
vn 0.1787 -0.9803 -0.0845
vn 0.1744 -0.9803 -0.0932
vn 0.2468 -0.9600 -0.1319
vn 0.2219 -0.9678 -0.1186
vn 0.2158 -0.9678 -0.1293
vn 0.2400 -0.9600 -0.1439
vn 0.1977 -0.9745 -0.1057
vn 0.1923 -0.9745 -0.1153
vn 0.2530 -0.9600 -0.1197
vn 0.2275 -0.9678 -0.1076
vn 0.2027 -0.9745 -0.0959
vn 0.2651 -0.9510 -0.1589
vn 0.2072 -0.9745 -0.0858
vn 0.2325 -0.9678 -0.0963
vn 0.2585 -0.9600 -0.1071
vn 0.2855 -0.9510 -0.1183
vn 0.2794 -0.9510 -0.1322
vn 0.2726 -0.9510 -0.1457
vn 0.3557 -0.9151 -0.1901
vn 0.3269 -0.9288 -0.1747
vn 0.3180 -0.9288 -0.1906
vn 0.3460 -0.9151 -0.2073
vn 0.2993 -0.9407 -0.1600
vn 0.2911 -0.9407 -0.1744
vn 0.3646 -0.9151 -0.1725
vn 0.3351 -0.9288 -0.1585
vn 0.3067 -0.9407 -0.1451
vn 0.3752 -0.8993 -0.2248
vn 0.3135 -0.9407 -0.1299
vn 0.3425 -0.9288 -0.1419
vn 0.3726 -0.9151 -0.1544
vn 0.4041 -0.8993 -0.1674
vn 0.3954 -0.8993 -0.1870
vn 0.3857 -0.8993 -0.2062
vn 0.4837 -0.8362 -0.2585
vn 0.4497 -0.8603 -0.2404
vn 0.4373 -0.8603 -0.2621
vn 0.4704 -0.8362 -0.2819
vn 0.4171 -0.8811 -0.2229
vn 0.4056 -0.8811 -0.2431
vn 0.4958 -0.8362 -0.2345
vn 0.4609 -0.8603 -0.2180
vn 0.4275 -0.8811 -0.2022
vn 0.5049 -0.8084 -0.3026
vn 0.4369 -0.8811 -0.1810
vn 0.4711 -0.8603 -0.1951
vn 0.5067 -0.8362 -0.2099
vn 0.5438 -0.8084 -0.2252
vn 0.5321 -0.8084 -0.2517
vn 0.5191 -0.8084 -0.2775
vn 0.6324 -0.6970 -0.3380
vn 0.5937 -0.7395 -0.3173
vn 0.5774 -0.7395 -0.3460
vn 0.6151 -0.6970 -0.3686
vn 0.5558 -0.7764 -0.2971
vn 0.5406 -0.7764 -0.3240
vn 0.6482 -0.6970 -0.3066
vn 0.6085 -0.7395 -0.2878
vn 0.5697 -0.7764 -0.2695
vn 0.6532 -0.6481 -0.3915
vn 0.5823 -0.7764 -0.2412
vn 0.6219 -0.7395 -0.2576
vn 0.6625 -0.6970 -0.2744
vn 0.7036 -0.6481 -0.2914
vn 0.6884 -0.6481 -0.3256
vn 0.6716 -0.6481 -0.3590
vn 0.7842 -0.4576 -0.4192
vn 0.7485 -0.5289 -0.4001
vn 0.7280 -0.5289 -0.4363
vn 0.7627 -0.4576 -0.4571
vn 0.7106 -0.5923 -0.3798
vn 0.6911 -0.5923 -0.4142
vn 0.8038 -0.4576 -0.3802
vn 0.7672 -0.5289 -0.3629
vn 0.7284 -0.5923 -0.3445
vn 0.7785 -0.4197 -0.4666
vn 0.7444 -0.5923 -0.3083
vn 0.7841 -0.5289 -0.3248
vn 0.8215 -0.4576 -0.3403
vn 0.8205 -0.4197 -0.3881
vn 0.8386 -0.4197 -0.3473
vn 0.8005 -0.4198 -0.4279
vn 0.5248 -0.8362 -0.1592
vn 0.4879 -0.8603 -0.1480
vn 0.4801 -0.8603 -0.1718
vn 0.5164 -0.8362 -0.1847
vn 0.4525 -0.8811 -0.1373
vn 0.4453 -0.8811 -0.1593
vn 0.5320 -0.8362 -0.1333
vn 0.4946 -0.8603 -0.1239
vn 0.4587 -0.8811 -0.1149
vn 0.5542 -0.8084 -0.1983
vn 0.4118 -0.8993 -0.1473
vn 0.4186 -0.8993 -0.1270
vn 0.4243 -0.8993 -0.1063
vn 0.4638 -0.8811 -0.0923
vn 0.4290 -0.8993 -0.0853
vn 0.5001 -0.8603 -0.0995
vn 0.5379 -0.8362 -0.1070
vn 0.5773 -0.8084 -0.1148
vn 0.5709 -0.8084 -0.1430
vn 0.5633 -0.8084 -0.1709
vn 0.6862 -0.6970 -0.2081
vn 0.6442 -0.7395 -0.1954
vn 0.6338 -0.7395 -0.2268
vn 0.6751 -0.6970 -0.2415
vn 0.6031 -0.7764 -0.1830
vn 0.5934 -0.7764 -0.2123
vn 0.6956 -0.6970 -0.1743
vn 0.6530 -0.7395 -0.1636
vn 0.6114 -0.7764 -0.1532
vn 0.7170 -0.6481 -0.2565
vn 0.6181 -0.7764 -0.1230
vn 0.6602 -0.7395 -0.1313
vn 0.7033 -0.6970 -0.1399
vn 0.7469 -0.6481 -0.1486
vn 0.7387 -0.6481 -0.1851
vn 0.7287 -0.6481 -0.2211
vn 0.8509 -0.4576 -0.2581
vn 0.8122 -0.5289 -0.2464
vn 0.7991 -0.5289 -0.2859
vn 0.8372 -0.4576 -0.2995
vn 0.7711 -0.5923 -0.2339
vn 0.7587 -0.5923 -0.2714
vn 0.8625 -0.4576 -0.2161
vn 0.8233 -0.5289 -0.2062
vn 0.7816 -0.5923 -0.1958
vn 0.8546 -0.4197 -0.3057
vn 0.7903 -0.5923 -0.1572
vn 0.8324 -0.5289 -0.1656
vn 0.8721 -0.4576 -0.1735
vn 0.8804 -0.4198 -0.2206
vn 0.8902 -0.4197 -0.1771
vn 0.8686 -0.4198 -0.2635
vn 0.0670 -0.9975 -0.0203
vn 0.0562 -0.9981 -0.0261
vn 0.0732 -0.9966 -0.0373
vn 0.0808 -0.9964 -0.0245
vn 0.0613 -0.9981 -0.0095
vn 0.0483 -0.9987 -0.0146
vn 0.0816 -0.9966 -0.0097
vn 0.0956 -0.9946 -0.0404
vn 0.1002 -0.9945 -0.0304
vn 0.0392 -0.9992 -0.0078
vn 0.0567 -0.9983 -0.0113
vn 0.1019 -0.9946 -0.0195
vn 0.1006 -0.9947 -0.0200
vn 0.0776 -0.9969 -0.0154
vn 0.1653 -0.9850 -0.0502
vn 0.1431 -0.9888 -0.0434
vn 0.1402 -0.9888 -0.0513
vn 0.1625 -0.9850 -0.0584
vn 0.1216 -0.9919 -0.0369
vn 0.1182 -0.9920 -0.0453
vn 0.1676 -0.9850 -0.0417
vn 0.1451 -0.9888 -0.0352
vn 0.1235 -0.9920 -0.0280
vn 0.1861 -0.9803 -0.0666
vn 0.1236 -0.9920 -0.0246
vn 0.1462 -0.9888 -0.0291
vn 0.1693 -0.9850 -0.0337
vn 0.1939 -0.9803 -0.0386
vn 0.1918 -0.9803 -0.0480
vn 0.1892 -0.9803 -0.0574
vn 0.2678 -0.9600 -0.0812
vn 0.2408 -0.9678 -0.0730
vn 0.2369 -0.9678 -0.0848
vn 0.2635 -0.9600 -0.0943
vn 0.2146 -0.9745 -0.0651
vn 0.2111 -0.9745 -0.0755
vn 0.2715 -0.9600 -0.0680
vn 0.2441 -0.9678 -0.0611
vn 0.2175 -0.9745 -0.0545
vn 0.2910 -0.9510 -0.1041
vn 0.2199 -0.9745 -0.0437
vn 0.2468 -0.9678 -0.0491
vn 0.2745 -0.9600 -0.0546
vn 0.3031 -0.9510 -0.0603
vn 0.2998 -0.9510 -0.0751
vn 0.2958 -0.9510 -0.0897
vn 0.3860 -0.9151 -0.1171
vn 0.3547 -0.9288 -0.1076
vn 0.3490 -0.9288 -0.1249
vn 0.3798 -0.9151 -0.1359
vn 0.3247 -0.9407 -0.0985
vn 0.3195 -0.9407 -0.1143
vn 0.3912 -0.9151 -0.0980
vn 0.3596 -0.9288 -0.0901
vn 0.3292 -0.9407 -0.0825
vn 0.3328 -0.9407 -0.0662
vn 0.3636 -0.9288 -0.0723
vn 0.3956 -0.9151 -0.0787
vn 0.0697 -0.9975 -0.0069
vn 0.0602 -0.9981 -0.0147
vn 0.0791 -0.9966 -0.0223
vn 0.0840 -0.9964 -0.0083
vn 0.0619 -0.9981 0.0026
vn 0.0502 -0.9987 -0.0049
vn 0.0819 -0.9966 0.0064
vn 0.1016 -0.9946 -0.0209
vn 0.1042 -0.9945 -0.0103
vn 0.0399 -0.9992 -0.0000
vn 0.0578 -0.9983 -0.0000
vn 0.1038 -0.9946 0.0007
vn 0.1025 -0.9947 0.0000
vn 0.0791 -0.9969 0.0000
vn 0.1719 -0.9850 -0.0169
vn 0.1488 -0.9888 -0.0147
vn 0.1476 -0.9888 -0.0230
vn 0.1708 -0.9850 -0.0256
vn 0.1265 -0.9919 -0.0125
vn 0.1248 -0.9920 -0.0214
vn 0.1725 -0.9850 -0.0082
vn 0.1492 -0.9888 -0.0062
vn 0.1266 -0.9920 -0.0034
vn 0.1956 -0.9803 -0.0290
vn 0.1261 -0.9920 -0.0000
vn 0.1491 -0.9888 -0.0000
vn 0.1726 -0.9850 0.0000
vn 0.1977 -0.9803 0.0000
vn 0.1975 -0.9803 -0.0097
vn 0.1968 -0.9803 -0.0194
vn 0.2785 -0.9600 -0.0274
vn 0.2504 -0.9678 -0.0247
vn 0.2489 -0.9678 -0.0369
vn 0.2768 -0.9600 -0.0411
vn 0.2231 -0.9745 -0.0220
vn 0.2218 -0.9745 -0.0329
vn 0.2795 -0.9600 -0.0137
vn 0.2513 -0.9678 -0.0124
vn 0.2240 -0.9745 -0.0110
vn 0.3057 -0.9510 -0.0453
vn 0.2242 -0.9745 -0.0000
vn 0.2516 -0.9678 -0.0000
vn 0.2798 -0.9600 0.0000
vn 0.3091 -0.9510 0.0000
vn 0.3087 -0.9510 -0.0152
vn 0.3076 -0.9510 -0.0303
vn 0.4014 -0.9151 -0.0395
vn 0.3689 -0.9288 -0.0363
vn 0.3667 -0.9288 -0.0544
vn 0.3990 -0.9151 -0.0592
vn 0.3377 -0.9407 -0.0333
vn 0.3357 -0.9407 -0.0498
vn 0.4028 -0.9151 -0.0198
vn 0.3703 -0.9288 -0.0182
vn 0.3389 -0.9407 -0.0167
vn 0.4327 -0.8993 -0.0642
vn 0.3393 -0.9407 0.0000
vn 0.3707 -0.9288 -0.0000
vn 0.4033 -0.9151 -0.0000
vn 0.4374 -0.8993 0.0000
vn 0.4369 -0.8993 -0.0215
vn 0.4353 -0.8993 -0.0429
vn 0.5458 -0.8362 -0.0538
vn 0.5074 -0.8603 -0.0500
vn 0.5044 -0.8603 -0.0748
vn 0.5425 -0.8362 -0.0804
vn 0.4706 -0.8811 -0.0464
vn 0.4678 -0.8811 -0.0694
vn 0.5478 -0.8362 -0.0269
vn 0.5093 -0.8603 -0.0250
vn 0.4723 -0.8811 -0.0232
vn 0.5822 -0.8084 -0.0863
vn 0.4729 -0.8811 0.0000
vn 0.5099 -0.8603 -0.0000
vn 0.5484 -0.8362 -0.0000
vn 0.5886 -0.8084 -0.0000
vn 0.5879 -0.8084 -0.0289
vn 0.5858 -0.8084 -0.0577
vn 0.7136 -0.6970 -0.0703
vn 0.6699 -0.7395 -0.0660
vn 0.6659 -0.7395 -0.0987
vn 0.7093 -0.6970 -0.1052
vn 0.6272 -0.7764 -0.0618
vn 0.6234 -0.7764 -0.0925
vn 0.7162 -0.6970 -0.0352
vn 0.6723 -0.7395 -0.0331
vn 0.6295 -0.7764 -0.0310
vn 0.7533 -0.6481 -0.1117
vn 0.6303 -0.7764 0.0000
vn 0.6732 -0.7395 0.0000
vn 0.7171 -0.6970 0.0000
vn 0.7615 -0.6481 -0.0000
vn 0.7606 -0.6481 -0.0374
vn 0.7579 -0.6481 -0.0746
vn 0.8849 -0.4576 -0.0872
vn 0.8446 -0.5289 -0.0832
vn 0.8395 -0.5289 -0.1245
vn 0.8796 -0.4576 -0.1304
vn 0.8019 -0.5923 -0.0790
vn 0.7970 -0.5923 -0.1182
vn 0.8881 -0.4576 -0.0437
vn 0.8477 -0.5289 -0.0417
vn 0.8048 -0.5923 -0.0396
vn 0.8978 -0.4197 -0.1331
vn 0.8057 -0.5923 -0.0000
vn 0.8487 -0.5289 -0.0000
vn 0.8892 -0.4576 0.0000
vn 0.9066 -0.4197 -0.0446
vn 0.9076 -0.4198 0.0000
vn 0.9033 -0.4197 -0.0890
vn 0.5458 -0.8362 0.0538
vn 0.5074 -0.8603 0.0500
vn 0.5093 -0.8603 0.0250
vn 0.5478 -0.8362 0.0269
vn 0.4706 -0.8811 0.0464
vn 0.4723 -0.8811 0.0232
vn 0.5425 -0.8362 0.0804
vn 0.5044 -0.8602 0.0748
vn 0.4678 -0.8811 0.0694
vn 0.5879 -0.8084 0.0289
vn 0.4369 -0.8993 0.0215
vn 0.4353 -0.8993 0.0429
vn 0.4327 -0.8993 0.0642
vn 0.4638 -0.8811 0.0923
vn 0.4290 -0.8993 0.0853
vn 0.5001 -0.8603 0.0995
vn 0.5379 -0.8362 0.1070
vn 0.5773 -0.8084 0.1148
vn 0.5822 -0.8084 0.0863
vn 0.5858 -0.8084 0.0577
vn 0.7136 -0.6970 0.0703
vn 0.6699 -0.7395 0.0660
vn 0.6723 -0.7395 0.0331
vn 0.7162 -0.6970 0.0352
vn 0.6272 -0.7764 0.0618
vn 0.6295 -0.7764 0.0309
vn 0.7093 -0.6970 0.1052
vn 0.6659 -0.7395 0.0987
vn 0.6234 -0.7764 0.0925
vn 0.7606 -0.6481 0.0374
vn 0.6181 -0.7764 0.1230
vn 0.6602 -0.7395 0.1313
vn 0.7033 -0.6970 0.1399
vn 0.7469 -0.6481 0.1486
vn 0.7533 -0.6481 0.1117
vn 0.7579 -0.6481 0.0746
vn 0.8849 -0.4576 0.0872
vn 0.8446 -0.5289 0.0832
vn 0.8477 -0.5289 0.0417
vn 0.8881 -0.4576 0.0437
vn 0.8019 -0.5923 0.0790
vn 0.8048 -0.5923 0.0396
vn 0.8796 -0.4576 0.1304
vn 0.8395 -0.5289 0.1245
vn 0.7970 -0.5923 0.1182
vn 0.9066 -0.4197 0.0446
vn 0.7903 -0.5923 0.1572
vn 0.8324 -0.5289 0.1656
vn 0.8721 -0.4576 0.1735
vn 0.8978 -0.4197 0.1331
vn 0.8902 -0.4197 0.1771
vn 0.9033 -0.4197 0.0890
vn 0.0697 -0.9975 0.0069
vn 0.0619 -0.9981 -0.0026
vn 0.0819 -0.9966 -0.0064
vn 0.0840 -0.9964 0.0083
vn 0.0602 -0.9981 0.0147
vn 0.0502 -0.9987 0.0049
vn 0.0791 -0.9966 0.0223
vn 0.1038 -0.9946 -0.0007
vn 0.1042 -0.9945 0.0103
vn 0.0392 -0.9992 0.0078
vn 0.0567 -0.9983 0.0113
vn 0.1017 -0.9946 0.0209
vn 0.1006 -0.9947 0.0200
vn 0.0776 -0.9969 0.0154
vn 0.1719 -0.9850 0.0169
vn 0.1488 -0.9888 0.0147
vn 0.1492 -0.9888 0.0062
vn 0.1725 -0.9850 0.0082
vn 0.1265 -0.9919 0.0125
vn 0.1266 -0.9920 0.0034
vn 0.1708 -0.9850 0.0256
vn 0.1476 -0.9888 0.0230
vn 0.1248 -0.9920 0.0214
vn 0.1975 -0.9803 0.0097
vn 0.1236 -0.9920 0.0246
vn 0.1462 -0.9888 0.0291
vn 0.1693 -0.9850 0.0337
vn 0.1939 -0.9803 0.0386
vn 0.1956 -0.9803 0.0290
vn 0.1968 -0.9803 0.0194
vn 0.2785 -0.9600 0.0274
vn 0.2504 -0.9678 0.0247
vn 0.2513 -0.9678 0.0124
vn 0.2795 -0.9600 0.0137
vn 0.2231 -0.9745 0.0220
vn 0.2240 -0.9745 0.0110
vn 0.2768 -0.9600 0.0411
vn 0.2489 -0.9678 0.0369
vn 0.2218 -0.9745 0.0329
vn 0.3087 -0.9510 0.0152
vn 0.2199 -0.9745 0.0437
vn 0.2468 -0.9678 0.0491
vn 0.2745 -0.9600 0.0546
vn 0.3031 -0.9510 0.0603
vn 0.3057 -0.9510 0.0453
vn 0.3076 -0.9510 0.0303
vn 0.4014 -0.9151 0.0395
vn 0.3689 -0.9288 0.0363
vn 0.3703 -0.9288 0.0182
vn 0.4029 -0.9151 0.0198
vn 0.3377 -0.9407 0.0333
vn 0.3389 -0.9407 0.0167
vn 0.3990 -0.9151 0.0592
vn 0.3667 -0.9288 0.0544
vn 0.3357 -0.9407 0.0498
vn 0.3328 -0.9407 0.0662
vn 0.3636 -0.9288 0.0723
vn 0.3956 -0.9151 0.0787
vn 0.1653 -0.9850 0.0502
vn 0.1431 -0.9888 0.0434
vn 0.1451 -0.9888 0.0352
vn 0.1676 -0.9850 0.0417
vn 0.1216 -0.9919 0.0369
vn 0.1235 -0.9920 0.0280
vn 0.1625 -0.9850 0.0584
vn 0.1402 -0.9888 0.0513
vn 0.1182 -0.9920 0.0453
vn 0.1918 -0.9803 0.0480
vn 0.1019 -0.9946 0.0195
vn 0.1002 -0.9945 0.0304
vn 0.0956 -0.9946 0.0404
vn 0.1165 -0.9920 0.0482
vn 0.0947 -0.9947 0.0392
vn 0.1378 -0.9888 0.0571
vn 0.1595 -0.9850 0.0661
vn 0.1826 -0.9803 0.0757
vn 0.1861 -0.9803 0.0666
vn 0.1892 -0.9803 0.0574
vn 0.2678 -0.9600 0.0812
vn 0.2408 -0.9678 0.0730
vn 0.2441 -0.9678 0.0611
vn 0.2715 -0.9600 0.0680
vn 0.2146 -0.9745 0.0651
vn 0.2175 -0.9745 0.0545
vn 0.2635 -0.9600 0.0943
vn 0.2369 -0.9678 0.0848
vn 0.2111 -0.9745 0.0755
vn 0.2998 -0.9510 0.0751
vn 0.2072 -0.9745 0.0858
vn 0.2325 -0.9678 0.0963
vn 0.2585 -0.9600 0.1071
vn 0.2855 -0.9510 0.1183
vn 0.2910 -0.9510 0.1041
vn 0.2958 -0.9510 0.0897
vn 0.3860 -0.9151 0.1171
vn 0.3547 -0.9288 0.1076
vn 0.3596 -0.9288 0.0901
vn 0.3912 -0.9151 0.0980
vn 0.3247 -0.9407 0.0985
vn 0.3292 -0.9407 0.0825
vn 0.3798 -0.9151 0.1359
vn 0.3490 -0.9288 0.1249
vn 0.3195 -0.9407 0.1143
vn 0.4243 -0.8993 0.1063
vn 0.3135 -0.9407 0.1299
vn 0.3425 -0.9288 0.1419
vn 0.3726 -0.9151 0.1544
vn 0.4041 -0.8993 0.1674
vn 0.4118 -0.8993 0.1473
vn 0.4186 -0.8993 0.1270
vn 0.5248 -0.8362 0.1592
vn 0.4879 -0.8603 0.1480
vn 0.4946 -0.8603 0.1239
vn 0.5320 -0.8362 0.1333
vn 0.4525 -0.8811 0.1373
vn 0.4587 -0.8811 0.1149
vn 0.5164 -0.8362 0.1847
vn 0.4801 -0.8603 0.1718
vn 0.4453 -0.8811 0.1593
vn 0.5710 -0.8084 0.1430
vn 0.4369 -0.8811 0.1810
vn 0.4711 -0.8603 0.1951
vn 0.5067 -0.8362 0.2099
vn 0.5438 -0.8084 0.2252
vn 0.5542 -0.8084 0.1983
vn 0.5633 -0.8084 0.1709
vn 0.6862 -0.6970 0.2081
vn 0.6442 -0.7395 0.1954
vn 0.6530 -0.7395 0.1636
vn 0.6956 -0.6970 0.1743
vn 0.6031 -0.7764 0.1830
vn 0.6114 -0.7764 0.1532
vn 0.6751 -0.6970 0.2415
vn 0.6338 -0.7395 0.2268
vn 0.5934 -0.7764 0.2123
vn 0.7387 -0.6481 0.1851
vn 0.5823 -0.7764 0.2412
vn 0.6219 -0.7395 0.2576
vn 0.6625 -0.6970 0.2744
vn 0.7035 -0.6481 0.2914
vn 0.7170 -0.6481 0.2565
vn 0.7287 -0.6481 0.2211
vn 0.8509 -0.4576 0.2581
vn 0.8122 -0.5289 0.2464
vn 0.8233 -0.5289 0.2062
vn 0.8625 -0.4576 0.2161
vn 0.7711 -0.5923 0.2339
vn 0.7816 -0.5923 0.1958
vn 0.8372 -0.4576 0.2995
vn 0.7991 -0.5289 0.2859
vn 0.7587 -0.5923 0.2714
vn 0.8804 -0.4198 0.2206
vn 0.7444 -0.5923 0.3083
vn 0.7841 -0.5289 0.3248
vn 0.8215 -0.4576 0.3403
vn 0.8546 -0.4198 0.3057
vn 0.8386 -0.4197 0.3473
vn 0.8685 -0.4198 0.2635
vn 0.0670 -0.9975 0.0203
vn 0.0613 -0.9981 0.0095
vn 0.0816 -0.9966 0.0097
vn 0.0808 -0.9964 0.0245
vn 0.0562 -0.9981 0.0261
vn 0.0483 -0.9987 0.0146
vn 0.0732 -0.9966 0.0373
vn 0.0369 -0.9992 0.0153
vn 0.0534 -0.9983 0.0221
vn 0.0731 -0.9969 0.0303
vn 0.6324 -0.6970 0.3380
vn 0.5937 -0.7395 0.3173
vn 0.6085 -0.7395 0.2878
vn 0.6482 -0.6970 0.3066
vn 0.5558 -0.7764 0.2971
vn 0.5697 -0.7764 0.2695
vn 0.6151 -0.6970 0.3686
vn 0.5774 -0.7395 0.3460
vn 0.5406 -0.7764 0.3240
vn 0.6884 -0.6481 0.3256
vn 0.5321 -0.8084 0.2517
vn 0.5191 -0.8084 0.2775
vn 0.5049 -0.8084 0.3026
vn 0.5240 -0.7764 0.3502
vn 0.4894 -0.8084 0.3270
vn 0.5597 -0.7395 0.3740
vn 0.5962 -0.6970 0.3984
vn 0.6332 -0.6481 0.4231
vn 0.6532 -0.6481 0.3915
vn 0.6716 -0.6481 0.3590
vn 0.7842 -0.4576 0.4192
vn 0.7485 -0.5289 0.4001
vn 0.7672 -0.5289 0.3629
vn 0.8038 -0.4576 0.3802
vn 0.7106 -0.5923 0.3798
vn 0.7284 -0.5923 0.3445
vn 0.7627 -0.4576 0.4571
vn 0.7280 -0.5289 0.4363
vn 0.6911 -0.5923 0.4142
vn 0.8205 -0.4197 0.3881
vn 0.6700 -0.5923 0.4477
vn 0.7057 -0.5289 0.4715
vn 0.7393 -0.4576 0.4940
vn 0.7785 -0.4197 0.4666
vn 0.7547 -0.4197 0.5043
vn 0.8005 -0.4197 0.4279
vn 0.0617 -0.9975 0.0330
vn 0.0582 -0.9981 0.0213
vn 0.0781 -0.9966 0.0254
vn 0.0744 -0.9964 0.0398
vn 0.0500 -0.9981 0.0366
vn 0.0445 -0.9987 0.0238
vn 0.0645 -0.9966 0.0509
vn 0.0962 -0.9946 0.0391
vn 0.0923 -0.9945 0.0494
vn 0.0332 -0.9992 0.0222
vn 0.0481 -0.9983 0.0321
vn 0.0859 -0.9946 0.0583
vn 0.0852 -0.9947 0.0570
vn 0.0658 -0.9969 0.0440
vn 0.1524 -0.9850 0.0814
vn 0.1319 -0.9888 0.0705
vn 0.1355 -0.9888 0.0629
vn 0.1562 -0.9850 0.0736
vn 0.1121 -0.9919 0.0599
vn 0.1156 -0.9920 0.0516
vn 0.1480 -0.9850 0.0890
vn 0.1275 -0.9888 0.0777
vn 0.1071 -0.9920 0.0675
vn 0.1787 -0.9803 0.0845
vn 0.1048 -0.9920 0.0700
vn 0.1240 -0.9888 0.0828
vn 0.1435 -0.9850 0.0959
vn 0.1644 -0.9803 0.1098
vn 0.1696 -0.9803 0.1017
vn 0.1744 -0.9803 0.0932
vn 0.2468 -0.9600 0.1319
vn 0.2219 -0.9678 0.1186
vn 0.2275 -0.9678 0.1076
vn 0.2530 -0.9600 0.1197
vn 0.1977 -0.9745 0.1057
vn 0.2027 -0.9745 0.0959
vn 0.2400 -0.9600 0.1439
vn 0.2158 -0.9678 0.1293
vn 0.1923 -0.9745 0.1153
vn 0.2794 -0.9510 0.1322
vn 0.1864 -0.9745 0.1246
vn 0.2092 -0.9678 0.1398
vn 0.2327 -0.9600 0.1555
vn 0.2570 -0.9510 0.1717
vn 0.2651 -0.9510 0.1589
vn 0.2726 -0.9510 0.1457
vn 0.3557 -0.9151 0.1901
vn 0.3269 -0.9288 0.1747
vn 0.3351 -0.9288 0.1585
vn 0.3646 -0.9151 0.1725
vn 0.2993 -0.9407 0.1600
vn 0.3067 -0.9407 0.1451
vn 0.3460 -0.9151 0.2073
vn 0.3180 -0.9288 0.1906
vn 0.2911 -0.9407 0.1744
vn 0.3954 -0.8993 0.1870
vn 0.2821 -0.9407 0.1885
vn 0.3082 -0.9288 0.2060
vn 0.3354 -0.9151 0.2241
vn 0.3637 -0.8993 0.2430
vn 0.3752 -0.8993 0.2248
vn 0.3857 -0.8993 0.2062
vn 0.4837 -0.8362 0.2585
vn 0.4497 -0.8603 0.2404
vn 0.4609 -0.8603 0.2180
vn 0.4958 -0.8362 0.2345
vn 0.4171 -0.8811 0.2229
vn 0.4275 -0.8811 0.2022
vn 0.4704 -0.8362 0.2819
vn 0.4373 -0.8603 0.2621
vn 0.4056 -0.8811 0.2431
vn 0.3932 -0.8811 0.2627
vn 0.4239 -0.8603 0.2833
vn 0.4560 -0.8362 0.3047
vn 0.2163 -0.9600 0.1775
vn 0.1945 -0.9678 0.1596
vn 0.2021 -0.9678 0.1499
vn 0.2248 -0.9600 0.1667
vn 0.1733 -0.9745 0.1422
vn 0.1801 -0.9745 0.1336
vn 0.2074 -0.9600 0.1879
vn 0.1864 -0.9678 0.1690
vn 0.1661 -0.9745 0.1506
vn 0.2482 -0.9510 0.1841
vn 0.1588 -0.9803 0.1178
vn 0.1528 -0.9803 0.1254
vn 0.1465 -0.9803 0.1328
vn 0.1585 -0.9745 0.1585
vn 0.1398 -0.9803 0.1398
vn 0.1779 -0.9678 0.1779
vn 0.1979 -0.9600 0.1979
vn 0.2185 -0.9510 0.2185
vn 0.2290 -0.9510 0.2075
vn 0.2389 -0.9510 0.1961
vn 0.3118 -0.9151 0.2559
vn 0.2866 -0.9288 0.2352
vn 0.2977 -0.9288 0.2208
vn 0.3240 -0.9151 0.2403
vn 0.2623 -0.9407 0.2153
vn 0.2725 -0.9407 0.2021
vn 0.2989 -0.9151 0.2709
vn 0.2747 -0.9288 0.2489
vn 0.2514 -0.9407 0.2279
vn 0.3513 -0.8993 0.2606
vn 0.2399 -0.9407 0.2399
vn 0.2621 -0.9288 0.2621
vn 0.2852 -0.9151 0.2852
vn 0.3093 -0.8993 0.3093
vn 0.3241 -0.8993 0.2937
vn 0.3381 -0.8993 0.2775
vn 0.4239 -0.8362 0.3479
vn 0.3941 -0.8602 0.3235
vn 0.4095 -0.8603 0.3037
vn 0.4405 -0.8362 0.3267
vn 0.3656 -0.8811 0.3000
vn 0.3798 -0.8811 0.2817
vn 0.4064 -0.8362 0.3683
vn 0.3778 -0.8603 0.3424
vn 0.3504 -0.8811 0.3176
vn 0.4728 -0.8084 0.3506
vn 0.3344 -0.8811 0.3344
vn 0.3605 -0.8603 0.3605
vn 0.3878 -0.8362 0.3878
vn 0.4162 -0.8084 0.4162
vn 0.4361 -0.8084 0.3953
vn 0.4550 -0.8084 0.3734
vn 0.5543 -0.6970 0.4549
vn 0.5204 -0.7395 0.4270
vn 0.5407 -0.7395 0.4010
vn 0.5759 -0.6970 0.4272
vn 0.4872 -0.7764 0.3998
vn 0.5062 -0.7764 0.3755
vn 0.5313 -0.6970 0.4815
vn 0.4988 -0.7395 0.4520
vn 0.4670 -0.7764 0.4232
vn 0.6116 -0.6481 0.4537
vn 0.4457 -0.7764 0.4457
vn 0.4760 -0.7395 0.4760
vn 0.5070 -0.6970 0.5070
vn 0.5385 -0.6481 0.5385
vn 0.5643 -0.6481 0.5114
vn 0.5887 -0.6481 0.4831
vn 0.6873 -0.4576 0.5641
vn 0.6561 -0.5289 0.5384
vn 0.6817 -0.5289 0.5056
vn 0.7142 -0.4576 0.5297
vn 0.6229 -0.5923 0.5112
vn 0.6472 -0.5923 0.4800
vn 0.6589 -0.4576 0.5971
vn 0.6289 -0.5289 0.5699
vn 0.5970 -0.5923 0.5411
vn 0.7290 -0.4197 0.5407
vn 0.5697 -0.5923 0.5698
vn 0.6001 -0.5289 0.6001
vn 0.6287 -0.4576 0.6287
vn 0.6725 -0.4197 0.6095
vn 0.6418 -0.4197 0.6418
vn 0.7016 -0.4197 0.5758
vn 0.0541 -0.9975 0.0444
vn 0.0530 -0.9981 0.0322
vn 0.0717 -0.9966 0.0402
vn 0.0652 -0.9964 0.0535
vn 0.0419 -0.9981 0.0457
vn 0.0390 -0.9987 0.0320
vn 0.0534 -0.9966 0.0625
vn 0.0867 -0.9946 0.0571
vn 0.0809 -0.9945 0.0664
vn 0.0282 -0.9992 0.0282
vn 0.0409 -0.9983 0.0409
vn 0.0729 -0.9946 0.0739
vn 0.0725 -0.9947 0.0725
vn 0.0560 -0.9969 0.0560
vn 0.1336 -0.9850 0.1096
vn 0.1156 -0.9888 0.0949
vn 0.1206 -0.9888 0.0881
vn 0.1389 -0.9850 0.1027
vn 0.0982 -0.9919 0.0806
vn 0.1034 -0.9920 0.0731
vn 0.1278 -0.9850 0.1162
vn 0.1099 -0.9888 0.1011
vn 0.0919 -0.9920 0.0871
vn 0.0891 -0.9920 0.0891
vn 0.1054 -0.9888 0.1054
vn 0.1221 -0.9850 0.1221
vn 0.5641 -0.4576 0.6873
vn 0.5384 -0.5289 0.6561
vn 0.5699 -0.5289 0.6289
vn 0.5971 -0.4576 0.6589
vn 0.5112 -0.5923 0.6229
vn 0.5411 -0.5923 0.5970
vn 0.5297 -0.4576 0.7142
vn 0.5056 -0.5289 0.6817
vn 0.4800 -0.5923 0.6472
vn 0.6095 -0.4197 0.6725
vn 0.5114 -0.6481 0.5643
vn 0.4831 -0.6481 0.5887
vn 0.4537 -0.6481 0.6116
vn 0.4476 -0.5923 0.6700
vn 0.4231 -0.6481 0.6332
vn 0.4715 -0.5289 0.7057
vn 0.4940 -0.4576 0.7393
vn 0.5407 -0.4197 0.7290
vn 0.5043 -0.4197 0.7547
vn 0.5758 -0.4197 0.7016
vn 0.0444 -0.9975 0.0541
vn 0.0457 -0.9981 0.0419
vn 0.0625 -0.9966 0.0534
vn 0.0535 -0.9964 0.0652
vn 0.0322 -0.9981 0.0530
vn 0.0320 -0.9987 0.0390
vn 0.0402 -0.9966 0.0717
vn 0.0739 -0.9946 0.0729
vn 0.0664 -0.9945 0.0809
vn 0.0222 -0.9992 0.0332
vn 0.0321 -0.9983 0.0481
vn 0.0571 -0.9946 0.0867
vn 0.0570 -0.9947 0.0852
vn 0.0440 -0.9969 0.0658
vn 0.1096 -0.9850 0.1336
vn 0.0949 -0.9888 0.1156
vn 0.1011 -0.9888 0.1099
vn 0.1162 -0.9850 0.1278
vn 0.0806 -0.9919 0.0982
vn 0.0871 -0.9920 0.0919
vn 0.1027 -0.9850 0.1389
vn 0.0881 -0.9888 0.1206
vn 0.0731 -0.9920 0.1034
vn 0.1328 -0.9803 0.1465
vn 0.0700 -0.9920 0.1048
vn 0.0828 -0.9888 0.1240
vn 0.0959 -0.9850 0.1435
vn 0.1098 -0.9803 0.1644
vn 0.1178 -0.9803 0.1588
vn 0.1254 -0.9803 0.1528
vn 0.1775 -0.9600 0.2163
vn 0.1596 -0.9678 0.1945
vn 0.1690 -0.9678 0.1864
vn 0.1879 -0.9600 0.2074
vn 0.1422 -0.9745 0.1733
vn 0.1506 -0.9745 0.1661
vn 0.1667 -0.9600 0.2248
vn 0.1499 -0.9678 0.2021
vn 0.1336 -0.9745 0.1801
vn 0.2075 -0.9510 0.2290
vn 0.1246 -0.9745 0.1864
vn 0.1398 -0.9678 0.2092
vn 0.1555 -0.9600 0.2327
vn 0.1717 -0.9510 0.2570
vn 0.1841 -0.9510 0.2482
vn 0.1961 -0.9510 0.2389
vn 0.2559 -0.9151 0.3118
vn 0.2352 -0.9288 0.2866
vn 0.2489 -0.9288 0.2747
vn 0.2709 -0.9151 0.2989
vn 0.2153 -0.9407 0.2623
vn 0.2279 -0.9407 0.2514
vn 0.2403 -0.9151 0.3240
vn 0.2208 -0.9288 0.2977
vn 0.2021 -0.9407 0.2725
vn 0.2937 -0.8993 0.3241
vn 0.1885 -0.9407 0.2821
vn 0.2060 -0.9288 0.3082
vn 0.2241 -0.9151 0.3354
vn 0.2430 -0.8993 0.3637
vn 0.2606 -0.8993 0.3513
vn 0.2775 -0.8993 0.3381
vn 0.3479 -0.8362 0.4239
vn 0.3235 -0.8603 0.3941
vn 0.3424 -0.8603 0.3778
vn 0.3683 -0.8362 0.4064
vn 0.3000 -0.8811 0.3656
vn 0.3176 -0.8811 0.3504
vn 0.3267 -0.8362 0.4405
vn 0.3037 -0.8603 0.4095
vn 0.2817 -0.8811 0.3798
vn 0.3953 -0.8084 0.4361
vn 0.2627 -0.8811 0.3932
vn 0.2833 -0.8603 0.4239
vn 0.3047 -0.8362 0.4560
vn 0.3270 -0.8084 0.4894
vn 0.3506 -0.8084 0.4728
vn 0.3734 -0.8084 0.4550
vn 0.4549 -0.6970 0.5543
vn 0.4270 -0.7395 0.5204
vn 0.4520 -0.7395 0.4988
vn 0.4815 -0.6970 0.5313
vn 0.3998 -0.7764 0.4872
vn 0.4232 -0.7764 0.4670
vn 0.4272 -0.6970 0.5759
vn 0.4010 -0.7395 0.5407
vn 0.3755 -0.7764 0.5062
vn 0.3502 -0.7764 0.5240
vn 0.3740 -0.7395 0.5597
vn 0.3984 -0.6970 0.5962
vn 0.1319 -0.9600 0.2468
vn 0.1186 -0.9678 0.2219
vn 0.1293 -0.9678 0.2158
vn 0.1439 -0.9600 0.2400
vn 0.1057 -0.9745 0.1977
vn 0.1153 -0.9745 0.1923
vn 0.1197 -0.9600 0.2530
vn 0.1076 -0.9678 0.2275
vn 0.0959 -0.9745 0.2027
vn 0.1589 -0.9510 0.2651
vn 0.1017 -0.9803 0.1696
vn 0.0932 -0.9803 0.1744
vn 0.0845 -0.9803 0.1787
vn 0.0858 -0.9745 0.2072
vn 0.0757 -0.9803 0.1826
vn 0.0963 -0.9678 0.2325
vn 0.1071 -0.9600 0.2585
vn 0.1183 -0.9510 0.2855
vn 0.1322 -0.9510 0.2794
vn 0.1457 -0.9510 0.2726
vn 0.1901 -0.9151 0.3557
vn 0.1747 -0.9288 0.3269
vn 0.1906 -0.9288 0.3180
vn 0.2073 -0.9151 0.3460
vn 0.1600 -0.9407 0.2993
vn 0.1744 -0.9407 0.2911
vn 0.1725 -0.9151 0.3646
vn 0.1585 -0.9288 0.3351
vn 0.1451 -0.9407 0.3067
vn 0.2248 -0.8993 0.3752
vn 0.1299 -0.9407 0.3135
vn 0.1419 -0.9288 0.3425
vn 0.1544 -0.9151 0.3726
vn 0.1674 -0.8993 0.4041
vn 0.1870 -0.8993 0.3954
vn 0.2062 -0.8993 0.3857
vn 0.2585 -0.8362 0.4837
vn 0.2404 -0.8603 0.4497
vn 0.2621 -0.8603 0.4373
vn 0.2819 -0.8362 0.4704
vn 0.2229 -0.8811 0.4171
vn 0.2431 -0.8811 0.4056
vn 0.2345 -0.8362 0.4958
vn 0.2180 -0.8603 0.4609
vn 0.2022 -0.8811 0.4275
vn 0.3026 -0.8084 0.5049
vn 0.1810 -0.8811 0.4369
vn 0.1951 -0.8603 0.4711
vn 0.2099 -0.8362 0.5067
vn 0.2252 -0.8084 0.5438
vn 0.2517 -0.8084 0.5321
vn 0.2775 -0.8084 0.5191
vn 0.3380 -0.6970 0.6324
vn 0.3173 -0.7395 0.5937
vn 0.3460 -0.7395 0.5774
vn 0.3686 -0.6970 0.6151
vn 0.2971 -0.7764 0.5558
vn 0.3240 -0.7764 0.5406
vn 0.3066 -0.6970 0.6482
vn 0.2878 -0.7395 0.6085
vn 0.2695 -0.7764 0.5697
vn 0.3915 -0.6481 0.6532
vn 0.2412 -0.7764 0.5823
vn 0.2576 -0.7395 0.6219
vn 0.2744 -0.6970 0.6625
vn 0.2914 -0.6481 0.7035
vn 0.3256 -0.6481 0.6884
vn 0.3590 -0.6481 0.6716
vn 0.4192 -0.4576 0.7842
vn 0.4001 -0.5289 0.7485
vn 0.4363 -0.5289 0.7280
vn 0.4571 -0.4576 0.7627
vn 0.3798 -0.5923 0.7106
vn 0.4142 -0.5923 0.6911
vn 0.3802 -0.4576 0.8038
vn 0.3629 -0.5289 0.7672
vn 0.3445 -0.5923 0.7284
vn 0.4666 -0.4197 0.7785
vn 0.3083 -0.5923 0.7444
vn 0.3248 -0.5289 0.7841
vn 0.3403 -0.4576 0.8215
vn 0.3881 -0.4197 0.8205
vn 0.3473 -0.4197 0.8386
vn 0.4081 -0.4196 0.8108
vn 0.4279 -0.4197 0.8005
vn 0.0330 -0.9975 0.0617
vn 0.0366 -0.9981 0.0500
vn 0.0509 -0.9966 0.0645
vn 0.0398 -0.9964 0.0744
vn 0.0213 -0.9981 0.0582
vn 0.0238 -0.9987 0.0445
vn 0.0254 -0.9966 0.0781
vn 0.0583 -0.9946 0.0859
vn 0.0494 -0.9945 0.0923
vn 0.0153 -0.9992 0.0369
vn 0.0221 -0.9983 0.0534
vn 0.0391 -0.9946 0.0962
vn 0.0392 -0.9947 0.0947
vn 0.0303 -0.9969 0.0731
vn 0.0814 -0.9850 0.1524
vn 0.0705 -0.9888 0.1319
vn 0.0777 -0.9888 0.1275
vn 0.0890 -0.9850 0.1480
vn 0.0599 -0.9919 0.1121
vn 0.0675 -0.9920 0.1071
vn 0.0736 -0.9850 0.1562
vn 0.0629 -0.9888 0.1355
vn 0.0516 -0.9920 0.1156
vn 0.0482 -0.9920 0.1165
vn 0.0571 -0.9888 0.1378
vn 0.0661 -0.9850 0.1595
vn 0.2581 -0.4576 0.8509
vn 0.2464 -0.5289 0.8122
vn 0.2859 -0.5289 0.7991
vn 0.2995 -0.4576 0.8372
vn 0.2339 -0.5923 0.7711
vn 0.2714 -0.5923 0.7587
vn 0.2161 -0.4576 0.8625
vn 0.2062 -0.5289 0.8233
vn 0.1958 -0.5923 0.7816
vn 0.3057 -0.4197 0.8546
vn 0.2565 -0.6481 0.7170
vn 0.2211 -0.6481 0.7287
vn 0.1851 -0.6481 0.7387
vn 0.1572 -0.5923 0.7903
vn 0.1486 -0.6481 0.7469
vn 0.1656 -0.5289 0.8324
vn 0.1735 -0.4576 0.8721
vn 0.2206 -0.4197 0.8804
vn 0.1771 -0.4197 0.8902
vn 0.2635 -0.4197 0.8686
vn 0.0203 -0.9975 0.0670
vn 0.0261 -0.9981 0.0562
vn 0.0373 -0.9966 0.0732
vn 0.0245 -0.9964 0.0808
vn 0.0095 -0.9981 0.0613
vn 0.0146 -0.9987 0.0483
vn 0.0097 -0.9966 0.0816
vn 0.0404 -0.9946 0.0956
vn 0.0304 -0.9945 0.1002
vn 0.0078 -0.9992 0.0392
vn 0.0113 -0.9983 0.0567
vn 0.0195 -0.9946 0.1019
vn 0.0200 -0.9947 0.1006
vn 0.0154 -0.9969 0.0776
vn 0.0502 -0.9850 0.1653
vn 0.0434 -0.9888 0.1431
vn 0.0513 -0.9888 0.1402
vn 0.0584 -0.9850 0.1625
vn 0.0369 -0.9919 0.1216
vn 0.0453 -0.9920 0.1182
vn 0.0417 -0.9850 0.1676
vn 0.0352 -0.9888 0.1451
vn 0.0280 -0.9920 0.1235
vn 0.0666 -0.9803 0.1861
vn 0.0246 -0.9920 0.1236
vn 0.0291 -0.9888 0.1462
vn 0.0337 -0.9850 0.1693
vn 0.0386 -0.9803 0.1939
vn 0.0480 -0.9803 0.1918
vn 0.0574 -0.9803 0.1892
vn 0.0812 -0.9600 0.2678
vn 0.0730 -0.9678 0.2408
vn 0.0848 -0.9678 0.2369
vn 0.0943 -0.9600 0.2635
vn 0.0651 -0.9745 0.2146
vn 0.0755 -0.9745 0.2111
vn 0.0680 -0.9600 0.2715
vn 0.0611 -0.9678 0.2441
vn 0.0545 -0.9745 0.2175
vn 0.1041 -0.9510 0.2910
vn 0.0437 -0.9745 0.2199
vn 0.0491 -0.9678 0.2468
vn 0.0546 -0.9600 0.2745
vn 0.0603 -0.9510 0.3031
vn 0.0751 -0.9510 0.2998
vn 0.0897 -0.9510 0.2958
vn 0.1171 -0.9151 0.3860
vn 0.1076 -0.9288 0.3547
vn 0.1249 -0.9288 0.3490
vn 0.1359 -0.9151 0.3798
vn 0.0985 -0.9407 0.3247
vn 0.1143 -0.9407 0.3195
vn 0.0980 -0.9151 0.3912
vn 0.0901 -0.9288 0.3596
vn 0.0825 -0.9407 0.3292
vn 0.1473 -0.8993 0.4118
vn 0.0662 -0.9407 0.3328
vn 0.0723 -0.9288 0.3636
vn 0.0787 -0.9151 0.3956
vn 0.0853 -0.8993 0.4290
vn 0.1063 -0.8993 0.4243
vn 0.1270 -0.8993 0.4186
vn 0.1592 -0.8362 0.5248
vn 0.1480 -0.8603 0.4879
vn 0.1718 -0.8603 0.4801
vn 0.1847 -0.8362 0.5164
vn 0.1373 -0.8811 0.4525
vn 0.1593 -0.8811 0.4453
vn 0.1333 -0.8362 0.5320
vn 0.1239 -0.8603 0.4946
vn 0.1149 -0.8811 0.4587
vn 0.1983 -0.8084 0.5542
vn 0.0923 -0.8811 0.4638
vn 0.0995 -0.8603 0.5001
vn 0.1070 -0.8362 0.5379
vn 0.1148 -0.8084 0.5773
vn 0.1430 -0.8084 0.5710
vn 0.1709 -0.8084 0.5633
vn 0.2081 -0.6970 0.6862
vn 0.1954 -0.7395 0.6442
vn 0.2268 -0.7395 0.6338
vn 0.2415 -0.6970 0.6751
vn 0.1830 -0.7764 0.6031
vn 0.2123 -0.7764 0.5934
vn 0.1743 -0.6970 0.6956
vn 0.1636 -0.7395 0.6530
vn 0.1532 -0.7764 0.6114
vn 0.1230 -0.7764 0.6181
vn 0.1313 -0.7395 0.6602
vn 0.1399 -0.6970 0.7033
vn 0.0395 -0.9151 0.4014
vn 0.0363 -0.9288 0.3689
vn 0.0544 -0.9288 0.3667
vn 0.0592 -0.9151 0.3990
vn 0.0333 -0.9407 0.3377
vn 0.0498 -0.9407 0.3357
vn 0.0198 -0.9151 0.4029
vn 0.0182 -0.9288 0.3703
vn 0.0167 -0.9407 0.3389
vn 0.0642 -0.8993 0.4327
vn 0.0453 -0.9510 0.3057
vn 0.0303 -0.9510 0.3076
vn 0.0152 -0.9510 0.3087
vn 0.0215 -0.8993 0.4369
vn 0.0429 -0.8993 0.4353
vn 0.0538 -0.8362 0.5458
vn 0.0500 -0.8603 0.5074
vn 0.0748 -0.8603 0.5044
vn 0.0804 -0.8362 0.5425
vn 0.0464 -0.8811 0.4706
vn 0.0694 -0.8811 0.4678
vn 0.0269 -0.8362 0.5478
vn 0.0250 -0.8603 0.5093
vn 0.0232 -0.8811 0.4723
vn 0.0863 -0.8084 0.5822
vn 0.0289 -0.8084 0.5879
vn 0.0577 -0.8084 0.5858
vn 0.0703 -0.6970 0.7136
vn 0.0660 -0.7395 0.6699
vn 0.0987 -0.7395 0.6659
vn 0.1052 -0.6970 0.7093
vn 0.0618 -0.7764 0.6272
vn 0.0925 -0.7764 0.6234
vn 0.0352 -0.6970 0.7162
vn 0.0331 -0.7395 0.6723
vn 0.0310 -0.7764 0.6295
vn 0.1117 -0.6481 0.7533
vn 0.0374 -0.6481 0.7606
vn 0.0746 -0.6481 0.7579
vn 0.0872 -0.4576 0.8849
vn 0.0832 -0.5289 0.8446
vn 0.1245 -0.5289 0.8395
vn 0.1304 -0.4576 0.8796
vn 0.0790 -0.5923 0.8019
vn 0.1182 -0.5923 0.7970
vn 0.0437 -0.4576 0.8881
vn 0.0417 -0.5289 0.8477
vn 0.0396 -0.5923 0.8048
vn 0.1331 -0.4197 0.8978
vn 0.0446 -0.4197 0.9065
vn 0.0890 -0.4197 0.9033
vn 0.0069 -0.9975 0.0697
vn 0.0147 -0.9981 0.0602
vn 0.0223 -0.9966 0.0791
vn 0.0083 -0.9964 0.0840
vn -0.0026 -0.9981 0.0619
vn 0.0049 -0.9987 0.0502
vn -0.0064 -0.9966 0.0819
vn 0.0209 -0.9946 0.1017
vn 0.0103 -0.9945 0.1042
vn -0.0007 -0.9946 0.1038
vn 0.0169 -0.9850 0.1719
vn 0.0147 -0.9888 0.1488
vn 0.0230 -0.9888 0.1476
vn 0.0256 -0.9850 0.1708
vn 0.0125 -0.9919 0.1265
vn 0.0214 -0.9920 0.1248
vn 0.0082 -0.9850 0.1725
vn 0.0062 -0.9888 0.1492
vn 0.0034 -0.9920 0.1266
vn 0.0290 -0.9803 0.1956
vn 0.0097 -0.9803 0.1975
vn 0.0194 -0.9803 0.1968
vn 0.0274 -0.9600 0.2785
vn 0.0247 -0.9678 0.2504
vn 0.0369 -0.9678 0.2489
vn 0.0411 -0.9600 0.2768
vn 0.0220 -0.9745 0.2231
vn 0.0329 -0.9745 0.2218
vn 0.0137 -0.9600 0.2795
vn 0.0124 -0.9678 0.2513
vn 0.0110 -0.9745 0.2239
vn 0.0000 0.9965 -0.0837
vn -0.0125 0.9965 -0.0828
vn 0.0000 0.9864 -0.1643
vn -0.0245 0.9864 -0.1625
vn 0.0000 0.9700 -0.2432
vn -0.0362 0.9700 -0.2405
vn 0.0000 0.9474 -0.3200
vn -0.0477 0.9474 -0.3164
vn 0.0000 0.9190 -0.3942
vn -0.0587 0.9190 -0.3898
vn 0.0000 0.8850 -0.4655
vn -0.0694 0.8850 -0.4603
vn 0.0000 0.8457 -0.5337
vn -0.0795 0.8457 -0.5277
vn 0.0000 0.8012 -0.5983
vn -0.0892 0.8012 -0.5917
vn 0.0000 0.7520 -0.6592
vn -0.0983 0.7520 -0.6519
vn 0.0000 0.6981 -0.7160
vn -0.1067 0.6981 -0.7080
vn 0.0000 0.6398 -0.7685
vn -0.1145 0.6398 -0.7599
vn 0.0000 0.5775 -0.8164
vn -0.1217 0.5775 -0.8072
vn 0.0000 0.5114 -0.8593
vn -0.1281 0.5114 -0.8497
vn 0.0000 0.4418 -0.8971
vn -0.1337 0.4418 -0.8871
vn 0.0000 0.3689 -0.9295
vn -0.1385 0.3689 -0.9191
vn 0.0000 0.2932 -0.9561
vn -0.1425 0.2932 -0.9454
vn 0.0000 0.2149 -0.9766
vn -0.1456 0.2149 -0.9657
vn 0.0000 0.1347 -0.9909
vn -0.1477 0.1347 -0.9798
vn 0.0125 0.9965 -0.0828
vn 0.0245 0.9864 -0.1625
vn 0.0362 0.9700 -0.2405
vn 0.0477 0.9474 -0.3164
vn 0.0587 0.9190 -0.3898
vn 0.0694 0.8850 -0.4603
vn 0.0795 0.8457 -0.5277
vn 0.0892 0.8012 -0.5917
vn 0.0983 0.7520 -0.6519
vn 0.1067 0.6981 -0.7080
vn 0.1145 0.6398 -0.7599
vn 0.1217 0.5775 -0.8072
vn 0.1281 0.5114 -0.8497
vn 0.1337 0.4418 -0.8871
vn 0.1385 0.3689 -0.9191
vn 0.1425 0.2932 -0.9454
vn 0.1456 0.2149 -0.9657
vn 0.1477 0.1347 -0.9798
vn 0.0125 0.9965 0.0828
vn 0.0247 0.9965 0.0800
vn 0.0245 0.9864 0.1625
vn 0.0484 0.9864 0.1570
vn 0.0362 0.9700 0.2405
vn 0.0717 0.9700 0.2324
vn 0.0477 0.9474 0.3164
vn 0.0943 0.9474 0.3057
vn 0.0587 0.9190 0.3898
vn 0.1162 0.9190 0.3767
vn 0.0694 0.8850 0.4603
vn 0.1372 0.8850 0.4448
vn 0.0795 0.8457 0.5277
vn 0.1573 0.8457 0.5100
vn 0.0892 0.8012 0.5917
vn 0.1764 0.8012 0.5718
vn 0.0983 0.7520 0.6519
vn 0.1943 0.7520 0.6299
vn 0.1067 0.6981 0.7080
vn 0.2111 0.6981 0.6842
vn 0.1145 0.6398 0.7599
vn 0.2265 0.6398 0.7344
vn 0.1217 0.5775 0.8072
vn 0.2406 0.5775 0.7801
vn 0.1281 0.5114 0.8497
vn 0.2533 0.5114 0.8212
vn 0.1337 0.4418 0.8871
vn 0.2644 0.4418 0.8573
vn 0.1385 0.3689 0.9191
vn 0.2740 0.3689 0.8882
vn 0.1425 0.2932 0.9454
vn 0.2818 0.2932 0.9136
vn 0.1456 0.2149 0.9657
vn 0.2879 0.2150 0.9332
vn 0.1477 0.1347 0.9798
vn 0.2921 0.1347 0.9469
vn -0.0816 0.9965 -0.0186
vn -0.0835 0.9965 -0.0063
vn -0.1602 0.9864 -0.0366
vn -0.1639 0.9864 -0.0123
vn -0.2371 0.9700 -0.0541
vn -0.2425 0.9700 -0.0182
vn -0.3119 0.9474 -0.0712
vn -0.3191 0.9474 -0.0239
vn -0.3843 0.9190 -0.0877
vn -0.3931 0.9190 -0.0295
vn -0.4539 0.8850 -0.1036
vn -0.4642 0.8850 -0.0348
vn -0.5203 0.8457 -0.1188
vn -0.5322 0.8457 -0.0399
vn -0.5833 0.8012 -0.1331
vn -0.5967 0.8012 -0.0447
vn -0.6427 0.7520 -0.1467
vn -0.6574 0.7520 -0.0493
vn -0.6981 0.6981 -0.1593
vn -0.7140 0.6981 -0.0535
vn -0.7492 0.6398 -0.1710
vn -0.7664 0.6398 -0.0574
vn -0.7959 0.5775 -0.1817
vn -0.8141 0.5775 -0.0610
vn -0.8378 0.5114 -0.1912
vn -0.8569 0.5114 -0.0642
vn -0.8746 0.4418 -0.1996
vn -0.8946 0.4418 -0.0670
vn -0.9062 0.3689 -0.2068
vn -0.9269 0.3689 -0.0695
vn -0.9321 0.2932 -0.2127
vn -0.9534 0.2932 -0.0714
vn -0.9521 0.2150 -0.2173
vn -0.9739 0.2149 -0.0730
vn -0.9660 0.1347 -0.2205
vn -0.9881 0.1347 -0.0740
vn -0.0000 0.1347 0.9909
vn -0.0000 0.2149 0.9766
vn -0.0000 0.2932 0.9561
vn -0.0000 0.3689 0.9295
vn -0.0000 0.4418 0.8971
vn -0.0000 0.5114 0.8593
vn -0.0000 0.5775 0.8164
vn -0.0000 0.6398 0.7685
vn -0.0000 0.6981 0.7160
vn -0.0000 0.7520 0.6592
vn -0.0000 0.8012 0.5983
vn -0.0000 0.8457 0.5337
vn -0.0000 0.8850 0.4655
vn -0.0000 0.9190 0.3942
vn -0.0000 0.9474 0.3200
vn -0.0000 0.9700 0.2432
vn -0.0000 0.9864 0.1643
vn -0.0000 0.9965 0.0837
vn 0.0472 0.9965 -0.0692
vn 0.0363 0.9965 -0.0754
vn 0.0926 0.9864 -0.1358
vn 0.0713 0.9864 -0.1481
vn 0.1370 0.9700 -0.2009
vn 0.1055 0.9700 -0.2191
vn 0.1802 0.9474 -0.2644
vn 0.1388 0.9474 -0.2883
vn 0.2220 0.9190 -0.3257
vn 0.1710 0.9190 -0.3551
vn 0.2622 0.8850 -0.3846
vn 0.2020 0.8850 -0.4194
vn 0.3006 0.8457 -0.4409
vn 0.2316 0.8457 -0.4808
vn 0.3371 0.8012 -0.4944
vn 0.2596 0.8012 -0.5391
vn 0.3713 0.7520 -0.5447
vn 0.2860 0.7520 -0.5939
vn 0.4034 0.6981 -0.5916
vn 0.3107 0.6981 -0.6451
vn 0.4329 0.6398 -0.6350
vn 0.3334 0.6398 -0.6924
vn 0.4599 0.5775 -0.6745
vn 0.3542 0.5775 -0.7355
vn 0.4841 0.5114 -0.7100
vn 0.3729 0.5114 -0.7742
vn 0.5054 0.4418 -0.7412
vn 0.3893 0.4418 -0.8083
vn 0.5236 0.3689 -0.7680
vn 0.4033 0.3689 -0.8374
vn 0.5386 0.2932 -0.7899
vn 0.4148 0.2932 -0.8614
vn 0.5502 0.2150 -0.8069
vn 0.4237 0.2150 -0.8799
vn 0.5582 0.1347 -0.8187
vn 0.4299 0.1347 -0.8928
vn -0.0779 0.9965 -0.0306
vn -0.1530 0.9864 -0.0600
vn -0.2264 0.9700 -0.0889
vn -0.2978 0.9474 -0.1169
vn -0.3669 0.9190 -0.1440
vn -0.4333 0.8850 -0.1701
vn -0.4968 0.8457 -0.1950
vn -0.5570 0.8012 -0.2186
vn -0.6136 0.7520 -0.2408
vn -0.6665 0.6981 -0.2616
vn -0.7154 0.6398 -0.2808
vn -0.7599 0.5775 -0.2983
vn -0.7999 0.5114 -0.3139
vn -0.8351 0.4418 -0.3278
vn -0.8652 0.3689 -0.3396
vn -0.8900 0.2932 -0.3493
vn -0.9091 0.2150 -0.3568
vn -0.9224 0.1347 -0.3620
vn -0.0725 0.9965 -0.0419
vn -0.1423 0.9864 -0.0822
vn -0.2106 0.9700 -0.1216
vn -0.2771 0.9474 -0.1600
vn -0.3414 0.9190 -0.1971
vn -0.4032 0.8850 -0.2328
vn -0.4622 0.8457 -0.2668
vn -0.5182 0.8012 -0.2992
vn -0.5709 0.7520 -0.3296
vn -0.6201 0.6981 -0.3580
vn -0.6655 0.6398 -0.3843
vn -0.7070 0.5775 -0.4082
vn -0.7442 0.5114 -0.4297
vn -0.7769 0.4418 -0.4486
vn -0.8049 0.3689 -0.4647
vn -0.8280 0.2932 -0.4780
vn -0.8458 0.2149 -0.4883
vn -0.8581 0.1347 -0.4954
vn 0.0472 0.9965 0.0692
vn 0.0569 0.9965 0.0614
vn 0.0926 0.9864 0.1358
vn 0.1118 0.9864 0.1205
vn 0.1370 0.9700 0.2009
vn 0.1654 0.9700 0.1783
vn 0.1802 0.9474 0.2644
vn 0.2176 0.9474 0.2345
vn 0.2220 0.9190 0.3257
vn 0.2681 0.9190 0.2890
vn 0.2622 0.8850 0.3846
vn 0.3166 0.8850 0.3413
vn 0.3006 0.8457 0.4409
vn 0.3630 0.8457 0.3912
vn 0.3371 0.8012 0.4944
vn 0.4070 0.8012 0.4386
vn 0.3713 0.7520 0.5447
vn 0.4484 0.7520 0.4832
vn 0.4034 0.6981 0.5916
vn 0.4870 0.6981 0.5249
vn 0.4329 0.6398 0.6350
vn 0.5227 0.6398 0.5634
vn 0.4599 0.5775 0.6745
vn 0.5553 0.5775 0.5984
vn 0.4841 0.5114 0.7100
vn 0.5845 0.5114 0.6299
vn 0.5054 0.4418 0.7412
vn 0.6102 0.4418 0.6576
vn 0.5236 0.3689 0.7680
vn 0.6322 0.3689 0.6813
vn 0.5386 0.2932 0.7899
vn 0.6503 0.2932 0.7008
vn 0.5502 0.2150 0.8069
vn 0.6643 0.2150 0.7159
vn 0.5582 0.1347 0.8187
vn 0.6740 0.1347 0.7264
vn -0.0835 0.9965 0.0063
vn -0.0816 0.9965 0.0186
vn -0.1639 0.9864 0.0123
vn -0.1602 0.9864 0.0366
vn -0.2425 0.9700 0.0182
vn -0.2371 0.9700 0.0541
vn -0.3191 0.9474 0.0239
vn -0.3119 0.9474 0.0712
vn -0.3931 0.9190 0.0295
vn -0.3843 0.9190 0.0877
vn -0.4642 0.8850 0.0348
vn -0.4539 0.8850 0.1036
vn -0.5322 0.8457 0.0399
vn -0.5203 0.8457 0.1188
vn -0.5967 0.8012 0.0447
vn -0.5833 0.8012 0.1331
vn -0.6574 0.7520 0.0493
vn -0.6427 0.7520 0.1467
vn -0.7140 0.6981 0.0535
vn -0.6981 0.6981 0.1593
vn -0.7664 0.6398 0.0574
vn -0.7492 0.6398 0.1710
vn -0.8141 0.5775 0.0610
vn -0.7959 0.5775 0.1817
vn -0.8569 0.5114 0.0642
vn -0.8378 0.5114 0.1912
vn -0.8946 0.4418 0.0670
vn -0.8746 0.4418 0.1996
vn -0.9269 0.3689 0.0695
vn -0.9062 0.3689 0.2068
vn -0.9534 0.2932 0.0714
vn -0.9321 0.2932 0.2127
vn -0.9739 0.2149 0.0730
vn -0.9521 0.2149 0.2173
vn -0.9881 0.1347 0.0740
vn -0.9660 0.1347 0.2205
vn -0.1477 0.1347 0.9798
vn -0.1456 0.2149 0.9657
vn -0.1425 0.2932 0.9454
vn -0.1385 0.3689 0.9191
vn -0.1337 0.4418 0.8871
vn -0.1281 0.5114 0.8497
vn -0.1217 0.5775 0.8072
vn -0.1145 0.6398 0.7599
vn -0.1067 0.6981 0.7080
vn -0.0983 0.7520 0.6519
vn -0.0892 0.8012 0.5917
vn -0.0795 0.8457 0.5277
vn -0.0694 0.8850 0.4603
vn -0.0587 0.9190 0.3898
vn -0.0477 0.9474 0.3164
vn -0.0362 0.9700 0.2405
vn -0.0245 0.9864 0.1625
vn -0.0125 0.9965 0.0828
vn -0.0569 0.9965 0.0614
vn -0.0472 0.9965 0.0692
vn -0.1118 0.9864 0.1205
vn -0.0926 0.9864 0.1358
vn -0.1654 0.9700 0.1783
vn -0.1370 0.9700 0.2009
vn -0.2176 0.9474 0.2345
vn -0.1802 0.9474 0.2644
vn -0.2681 0.9190 0.2890
vn -0.2220 0.9190 0.3257
vn -0.3166 0.8850 0.3413
vn -0.2622 0.8850 0.3846
vn -0.3630 0.8457 0.3912
vn -0.3006 0.8457 0.4409
vn -0.4070 0.8012 0.4386
vn -0.3371 0.8012 0.4944
vn -0.4484 0.7520 0.4832
vn -0.3714 0.7520 0.5447
vn -0.4870 0.6981 0.5249
vn -0.4034 0.6981 0.5916
vn -0.5227 0.6398 0.5634
vn -0.4329 0.6398 0.6350
vn -0.5553 0.5775 0.5984
vn -0.4599 0.5775 0.6745
vn -0.5845 0.5114 0.6299
vn -0.4841 0.5114 0.7100
vn -0.6102 0.4418 0.6576
vn -0.5054 0.4418 0.7412
vn -0.6322 0.3689 0.6813
vn -0.5236 0.3689 0.7680
vn -0.6503 0.2932 0.7008
vn -0.5386 0.2932 0.7899
vn -0.6643 0.2150 0.7159
vn -0.5502 0.2150 0.8069
vn -0.6740 0.1347 0.7264
vn -0.5582 0.1347 0.8187
vn -0.0569 0.9965 -0.0614
vn -0.0655 0.9965 -0.0522
vn -0.1118 0.9864 -0.1205
vn -0.1285 0.9864 -0.1025
vn -0.1654 0.9700 -0.1783
vn -0.1901 0.9700 -0.1516
vn -0.2176 0.9474 -0.2345
vn -0.2501 0.9474 -0.1995
vn -0.2681 0.9190 -0.2890
vn -0.3082 0.9190 -0.2458
vn -0.3166 0.8850 -0.3413
vn -0.3640 0.8850 -0.2902
vn -0.3630 0.8457 -0.3912
vn -0.4172 0.8457 -0.3327
vn -0.4070 0.8012 -0.4386
vn -0.4678 0.8012 -0.3731
vn -0.4484 0.7520 -0.4832
vn -0.5154 0.7520 -0.4110
vn -0.4870 0.6981 -0.5249
vn -0.5598 0.6981 -0.4464
vn -0.5227 0.6398 -0.5634
vn -0.6008 0.6398 -0.4792
vn -0.5553 0.5775 -0.5984
vn -0.6383 0.5775 -0.5090
vn -0.5845 0.5114 -0.6299
vn -0.6719 0.5114 -0.5358
vn -0.6102 0.4418 -0.6576
vn -0.7014 0.4418 -0.5594
vn -0.6322 0.3689 -0.6813
vn -0.7267 0.3689 -0.5795
vn -0.6503 0.2932 -0.7008
vn -0.7475 0.2932 -0.5961
vn -0.6643 0.2150 -0.7159
vn -0.7636 0.2150 -0.6089
vn -0.6740 0.1347 -0.7264
vn -0.7747 0.1347 -0.6178
vn 0.0779 0.9965 -0.0306
vn 0.0725 0.9965 -0.0419
vn 0.1530 0.9864 -0.0600
vn 0.1423 0.9864 -0.0822
vn 0.2264 0.9700 -0.0889
vn 0.2106 0.9700 -0.1216
vn 0.2978 0.9474 -0.1169
vn 0.2771 0.9474 -0.1600
vn 0.3669 0.9190 -0.1440
vn 0.3414 0.9190 -0.1971
vn 0.4333 0.8850 -0.1701
vn 0.4032 0.8850 -0.2328
vn 0.4968 0.8457 -0.1950
vn 0.4622 0.8457 -0.2668
vn 0.5570 0.8012 -0.2186
vn 0.5182 0.8012 -0.2992
vn 0.6136 0.7520 -0.2408
vn 0.5709 0.7520 -0.3296
vn 0.6665 0.6981 -0.2616
vn 0.6201 0.6981 -0.3580
vn 0.7154 0.6398 -0.2808
vn 0.6655 0.6398 -0.3843
vn 0.7599 0.5775 -0.2983
vn 0.7070 0.5775 -0.4082
vn 0.7999 0.5114 -0.3139
vn 0.7442 0.5114 -0.4297
vn 0.8351 0.4418 -0.3278
vn 0.7769 0.4418 -0.4486
vn 0.8652 0.3689 -0.3396
vn 0.8049 0.3689 -0.4647
vn 0.8900 0.2932 -0.3493
vn 0.8280 0.2932 -0.4780
vn 0.9091 0.2150 -0.3568
vn 0.8458 0.2150 -0.4883
vn 0.9224 0.1347 -0.3620
vn 0.8581 0.1347 -0.4954
vn 0.0655 0.9965 0.0522
vn 0.0725 0.9965 0.0419
vn 0.1285 0.9864 0.1025
vn 0.1423 0.9864 0.0822
vn 0.1901 0.9700 0.1516
vn 0.2106 0.9700 0.1216
vn 0.2501 0.9474 0.1995
vn 0.2771 0.9474 0.1600
vn 0.3082 0.9190 0.2458
vn 0.3414 0.9190 0.1971
vn 0.3640 0.8850 0.2902
vn 0.4032 0.8850 0.2328
vn 0.4172 0.8457 0.3327
vn 0.4622 0.8457 0.2668
vn 0.4678 0.8012 0.3731
vn 0.5182 0.8012 0.2992
vn 0.5154 0.7520 0.4110
vn 0.5709 0.7520 0.3296
vn 0.5598 0.6981 0.4464
vn 0.6201 0.6981 0.3580
vn 0.6008 0.6398 0.4792
vn 0.6655 0.6398 0.3843
vn 0.6383 0.5775 0.5090
vn 0.7070 0.5775 0.4082
vn 0.6719 0.5114 0.5358
vn 0.7442 0.5114 0.4297
vn 0.7014 0.4418 0.5594
vn 0.7769 0.4418 0.4486
vn 0.7267 0.3689 0.5795
vn 0.8049 0.3689 0.4647
vn 0.7475 0.2932 0.5961
vn 0.8280 0.2932 0.4780
vn 0.7636 0.2150 0.6089
vn 0.8458 0.2150 0.4883
vn 0.7747 0.1347 0.6178
vn 0.8581 0.1347 0.4954
vn -0.0779 0.9965 0.0306
vn -0.0725 0.9965 0.0419
vn -0.1530 0.9864 0.0600
vn -0.1423 0.9864 0.0822
vn -0.2264 0.9700 0.0889
vn -0.2106 0.9700 0.1216
vn -0.2978 0.9474 0.1169
vn -0.2771 0.9474 0.1600
vn -0.3669 0.9190 0.1440
vn -0.3414 0.9190 0.1971
vn -0.4333 0.8850 0.1701
vn -0.4032 0.8850 0.2328
vn -0.4968 0.8457 0.1950
vn -0.4622 0.8457 0.2668
vn -0.5570 0.8012 0.2186
vn -0.5182 0.8012 0.2992
vn -0.6136 0.7520 0.2408
vn -0.5709 0.7520 0.3296
vn -0.6665 0.6981 0.2616
vn -0.6201 0.6981 0.3580
vn -0.7154 0.6398 0.2808
vn -0.6655 0.6398 0.3843
vn -0.7599 0.5775 0.2983
vn -0.7070 0.5775 0.4082
vn -0.7999 0.5114 0.3139
vn -0.7442 0.5114 0.4297
vn -0.8351 0.4418 0.3278
vn -0.7769 0.4418 0.4486
vn -0.8652 0.3689 0.3396
vn -0.8049 0.3689 0.4647
vn -0.8900 0.2932 0.3493
vn -0.8280 0.2932 0.4780
vn -0.9091 0.2149 0.3568
vn -0.8458 0.2149 0.4883
vn -0.9224 0.1347 0.3620
vn -0.8581 0.1347 0.4954
vn -0.0247 0.9965 -0.0800
vn -0.0363 0.9965 -0.0754
vn -0.0484 0.9864 -0.1570
vn -0.0713 0.9864 -0.1480
vn -0.0717 0.9700 -0.2324
vn -0.1055 0.9700 -0.2191
vn -0.0943 0.9474 -0.3057
vn -0.1388 0.9474 -0.2883
vn -0.1162 0.9190 -0.3767
vn -0.1710 0.9190 -0.3551
vn -0.1372 0.8850 -0.4448
vn -0.2020 0.8850 -0.4194
vn -0.1573 0.8457 -0.5100
vn -0.2316 0.8457 -0.4808
vn -0.1764 0.8012 -0.5718
vn -0.2596 0.8012 -0.5391
vn -0.1943 0.7520 -0.6299
vn -0.2860 0.7520 -0.5939
vn -0.2111 0.6981 -0.6842
vn -0.3107 0.6981 -0.6451
vn -0.2265 0.6398 -0.7344
vn -0.3334 0.6398 -0.6924
vn -0.2406 0.5775 -0.7801
vn -0.3542 0.5775 -0.7355
vn -0.2533 0.5114 -0.8212
vn -0.3729 0.5114 -0.7742
vn -0.2644 0.4418 -0.8573
vn -0.3892 0.4418 -0.8083
vn -0.2740 0.3689 -0.8882
vn -0.4033 0.3689 -0.8374
vn -0.2818 0.2932 -0.9136
vn -0.4148 0.2932 -0.8614
vn -0.2879 0.2150 -0.9332
vn -0.4237 0.2150 -0.8799
vn -0.2921 0.1347 -0.9469
vn -0.4299 0.1347 -0.8928
vn 0.0835 0.9965 -0.0063
vn 0.0816 0.9965 -0.0186
vn 0.1639 0.9864 -0.0123
vn 0.1602 0.9864 -0.0366
vn 0.2425 0.9700 -0.0182
vn 0.2371 0.9700 -0.0541
vn 0.3191 0.9474 -0.0239
vn 0.3119 0.9474 -0.0712
vn 0.3931 0.9190 -0.0295
vn 0.3843 0.9190 -0.0877
vn 0.4642 0.8850 -0.0348
vn 0.4539 0.8850 -0.1036
vn 0.5322 0.8457 -0.0399
vn 0.5203 0.8457 -0.1188
vn 0.5967 0.8012 -0.0447
vn 0.5833 0.8012 -0.1331
vn 0.6574 0.7520 -0.0493
vn 0.6427 0.7520 -0.1467
vn 0.7140 0.6981 -0.0535
vn 0.6981 0.6981 -0.1593
vn 0.7664 0.6398 -0.0574
vn 0.7492 0.6398 -0.1710
vn 0.8141 0.5775 -0.0610
vn 0.7959 0.5775 -0.1817
vn 0.8569 0.5114 -0.0642
vn 0.8378 0.5114 -0.1912
vn 0.8946 0.4418 -0.0670
vn 0.8746 0.4418 -0.1996
vn 0.9269 0.3689 -0.0695
vn 0.9062 0.3689 -0.2068
vn 0.9534 0.2932 -0.0714
vn 0.9321 0.2932 -0.2127
vn 0.9739 0.2150 -0.0730
vn 0.9521 0.2150 -0.2173
vn 0.9881 0.1347 -0.0741
vn 0.9660 0.1347 -0.2205
vn 0.0363 0.9965 0.0754
vn 0.0713 0.9864 0.1481
vn 0.1055 0.9700 0.2191
vn 0.1388 0.9474 0.2883
vn 0.1710 0.9190 0.3551
vn 0.2020 0.8850 0.4194
vn 0.2316 0.8457 0.4808
vn 0.2596 0.8012 0.5391
vn 0.2860 0.7520 0.5939
vn 0.3107 0.6981 0.6451
vn 0.3334 0.6398 0.6924
vn 0.3542 0.5775 0.7355
vn 0.3729 0.5114 0.7742
vn 0.3893 0.4418 0.8083
vn 0.4033 0.3689 0.8374
vn 0.4148 0.2932 0.8614
vn 0.4237 0.2150 0.8799
vn 0.4299 0.1347 0.8928
vn -0.0247 0.9965 0.0800
vn -0.0484 0.9864 0.1570
vn -0.0717 0.9700 0.2324
vn -0.0943 0.9474 0.3057
vn -0.1162 0.9190 0.3767
vn -0.1372 0.8850 0.4448
vn -0.1573 0.8457 0.5100
vn -0.1764 0.8012 0.5718
vn -0.1943 0.7520 0.6299
vn -0.2111 0.6981 0.6842
vn -0.2265 0.6398 0.7344
vn -0.2406 0.5775 0.7801
vn -0.2533 0.5114 0.8212
vn -0.2644 0.4418 0.8573
vn -0.2740 0.3689 0.8882
vn -0.2818 0.2932 0.9136
vn -0.2879 0.2150 0.9332
vn -0.2921 0.1347 0.9469
vn 0.0835 0.9965 0.0063
vn 0.1639 0.9864 0.0123
vn 0.2425 0.9700 0.0182
vn 0.3191 0.9474 0.0239
vn 0.3931 0.9190 0.0295
vn 0.4642 0.8850 0.0348
vn 0.5322 0.8457 0.0399
vn 0.5967 0.8012 0.0447
vn 0.6574 0.7520 0.0493
vn 0.7140 0.6981 0.0535
vn 0.7664 0.6398 0.0574
vn 0.8141 0.5775 0.0610
vn 0.8569 0.5114 0.0642
vn 0.8946 0.4418 0.0670
vn 0.9269 0.3689 0.0695
vn 0.9534 0.2932 0.0714
vn 0.9739 0.2150 0.0730
vn 0.9881 0.1347 0.0741
vn 0.0247 0.9965 -0.0800
vn 0.0484 0.9864 -0.1570
vn 0.0717 0.9700 -0.2324
vn 0.0943 0.9474 -0.3057
vn 0.1162 0.9190 -0.3767
vn 0.1372 0.8850 -0.4448
vn 0.1573 0.8457 -0.5100
vn 0.1764 0.8012 -0.5718
vn 0.1943 0.7520 -0.6299
vn 0.2111 0.6981 -0.6842
vn 0.2265 0.6398 -0.7344
vn 0.2406 0.5775 -0.7801
vn 0.2533 0.5114 -0.8212
vn 0.2644 0.4418 -0.8573
vn 0.2740 0.3689 -0.8882
vn 0.2818 0.2932 -0.9136
vn 0.2879 0.2149 -0.9332
vn 0.2921 0.1347 -0.9469
vn 0.0816 0.9965 0.0186
vn 0.1602 0.9864 0.0366
vn 0.2371 0.9700 0.0541
vn 0.3119 0.9474 0.0712
vn 0.3843 0.9190 0.0877
vn 0.4538 0.8850 0.1036
vn 0.5203 0.8457 0.1188
vn 0.5833 0.8012 0.1331
vn 0.6427 0.7520 0.1467
vn 0.6981 0.6981 0.1593
vn 0.7492 0.6398 0.1710
vn 0.7959 0.5775 0.1817
vn 0.8378 0.5114 0.1912
vn 0.8746 0.4418 0.1996
vn 0.9062 0.3689 0.2068
vn 0.9321 0.2932 0.2127
vn 0.9521 0.2150 0.2173
vn 0.9660 0.1347 0.2205
vn -0.0655 0.9965 0.0522
vn -0.1285 0.9864 0.1025
vn -0.1901 0.9700 0.1516
vn -0.2501 0.9474 0.1995
vn -0.3082 0.9190 0.2458
vn -0.3640 0.8850 0.2902
vn -0.4172 0.8457 0.3327
vn -0.4678 0.8012 0.3731
vn -0.5154 0.7520 0.4110
vn -0.5598 0.6981 0.4464
vn -0.6008 0.6398 0.4792
vn -0.6383 0.5775 0.5090
vn -0.6719 0.5114 0.5358
vn -0.7014 0.4418 0.5594
vn -0.7267 0.3689 0.5795
vn -0.7475 0.2932 0.5961
vn -0.7636 0.2149 0.6089
vn -0.7747 0.1347 0.6178
vn 0.0655 0.9965 -0.0522
vn 0.1285 0.9864 -0.1025
vn 0.1901 0.9700 -0.1516
vn 0.2501 0.9474 -0.1995
vn 0.3082 0.9190 -0.2458
vn 0.3640 0.8850 -0.2902
vn 0.4172 0.8457 -0.3327
vn 0.4678 0.8012 -0.3731
vn 0.5154 0.7520 -0.4110
vn 0.5598 0.6981 -0.4464
vn 0.6008 0.6398 -0.4792
vn 0.6383 0.5775 -0.5090
vn 0.6719 0.5114 -0.5358
vn 0.7014 0.4418 -0.5594
vn 0.7267 0.3689 -0.5795
vn 0.7475 0.2932 -0.5961
vn 0.7636 0.2150 -0.6089
vn 0.7747 0.1347 -0.6178
vn 0.0779 0.9965 0.0306
vn 0.1530 0.9864 0.0600
vn 0.2264 0.9700 0.0889
vn 0.2978 0.9474 0.1169
vn 0.3669 0.9190 0.1440
vn 0.4333 0.8850 0.1701
vn 0.4968 0.8457 0.1950
vn 0.5570 0.8012 0.2186
vn 0.6136 0.7520 0.2408
vn 0.6665 0.6981 0.2616
vn 0.7154 0.6398 0.2808
vn 0.7599 0.5775 0.2983
vn 0.7999 0.5114 0.3139
vn 0.8351 0.4418 0.3278
vn 0.8652 0.3689 0.3396
vn 0.8900 0.2932 0.3493
vn 0.9091 0.2150 0.3568
vn 0.9224 0.1347 0.3620
vn -0.0472 0.9965 -0.0692
vn -0.0926 0.9864 -0.1358
vn -0.1370 0.9700 -0.2009
vn -0.1802 0.9474 -0.2644
vn -0.2220 0.9190 -0.3257
vn -0.2622 0.8850 -0.3846
vn -0.3006 0.8457 -0.4409
vn -0.3371 0.8012 -0.4944
vn -0.3713 0.7520 -0.5447
vn -0.4034 0.6981 -0.5916
vn -0.4329 0.6398 -0.6350
vn -0.4599 0.5775 -0.6745
vn -0.4841 0.5114 -0.7100
vn -0.5054 0.4418 -0.7412
vn -0.5236 0.3689 -0.7680
vn -0.5386 0.2932 -0.7899
vn -0.5502 0.2150 -0.8069
vn -0.5582 0.1347 -0.8187
vn -0.0363 0.9965 0.0754
vn -0.0713 0.9864 0.1481
vn -0.1055 0.9700 0.2191
vn -0.1388 0.9474 0.2883
vn -0.1710 0.9190 0.3551
vn -0.2020 0.8850 0.4194
vn -0.2316 0.8457 0.4808
vn -0.2596 0.8012 0.5391
vn -0.2860 0.7520 0.5939
vn -0.3107 0.6981 0.6451
vn -0.3334 0.6398 0.6924
vn -0.3542 0.5775 0.7355
vn -0.3729 0.5114 0.7742
vn -0.3893 0.4418 0.8083
vn -0.4033 0.3689 0.8374
vn -0.4148 0.2932 0.8614
vn -0.4237 0.2150 0.8799
vn -0.4299 0.1347 0.8928
vn 0.0569 0.9965 -0.0614
vn 0.1118 0.9864 -0.1205
vn 0.1654 0.9700 -0.1783
vn 0.2176 0.9474 -0.2345
vn 0.2681 0.9190 -0.2890
vn 0.3166 0.8850 -0.3413
vn 0.3630 0.8457 -0.3912
vn 0.4070 0.8012 -0.4386
vn 0.4484 0.7520 -0.4832
vn 0.4870 0.6981 -0.5249
vn 0.5227 0.6398 -0.5634
vn 0.5553 0.5775 -0.5984
vn 0.5845 0.5114 -0.6299
vn 0.6102 0.4418 -0.6576
vn 0.6322 0.3689 -0.6813
vn 0.6503 0.2932 -0.7008
vn 0.6643 0.2150 -0.7159
vn 0.6740 0.1347 -0.7264
# 5202 vertex normals

vt 0.7074 1.3992 0.0000
vt 0.8053 1.3992 0.0000
vt 0.7831 0.2690 0.0000
vt 0.6923 0.2690 0.0000
vt 0.6049 1.3992 0.0000
vt 0.5972 0.2690 0.0000
vt 0.8964 1.3992 0.0000
vt 0.9786 1.3992 0.0000
vt 0.9438 0.2690 0.0000
vt 0.8675 0.2690 0.0000
vt 1.0158 1.3992 0.0000
vt 0.9387 1.3992 0.0000
vt 0.9068 0.2690 0.0000
vt 0.9783 0.2690 0.0000
vt 0.8518 1.3992 0.0000
vt 0.8262 0.2690 0.0000
vt 0.7571 1.3992 0.0000
vt 0.7384 0.2690 0.0000
vt 0.6566 1.3992 0.0000
vt 0.6452 0.2690 0.0000
vt 0.5526 1.3992 0.0000
vt 0.5488 0.2690 0.0000
vt 0.4474 1.3992 0.0000
vt 0.4512 0.2690 0.0000
vt 0.3434 1.3992 0.0000
vt 0.3548 0.2690 0.0000
vt 0.2429 1.3992 0.0000
vt 0.2616 0.2690 0.0000
vt 0.1482 1.3992 0.0000
vt 0.1738 0.2690 0.0000
vt 0.0613 1.3992 0.0000
vt 0.0932 0.2690 0.0000
vt -0.0158 1.3992 0.0000
vt 0.0217 0.2690 0.0000
vt 0.5000 1.3992 0.0000
vt 0.5000 0.2690 0.0000
vt 0.3951 1.3992 0.0000
vt 0.4028 0.2690 0.0000
vt 0.2926 1.3992 0.0000
vt 0.3077 0.2690 0.0000
vt 0.1947 1.3992 0.0000
vt 0.2169 0.2690 0.0000
vt 0.1037 1.3992 0.0000
vt 0.1325 0.2690 0.0000
vt 0.0214 1.3992 0.0000
vt 0.0562 0.2690 0.0000
vt 0.7713 1.3992 0.0000
vt 0.7529 0.6000 0.0000
vt 0.6718 0.6000 0.0000
vt 0.6843 1.3992 0.0000
vt 0.8522 1.3992 0.0000
vt 0.8283 0.6000 0.0000
vt 0.8964 0.6000 0.0000
vt 0.9252 1.3992 0.0000
vt 0.9583 1.3992 0.0000
vt 0.9272 0.6000 0.0000
vt 0.8634 0.6000 0.0000
vt 0.8898 1.3992 0.0000
vt 0.8126 1.3992 0.0000
vt 0.7914 0.6000 0.0000
vt 0.7129 0.6000 0.0000
vt 0.7284 1.3992 0.0000
vt 0.6297 0.6000 0.0000
vt 0.6391 1.3992 0.0000
vt 0.5436 0.6000 0.0000
vt 0.5467 1.3992 0.0000
vt 0.4564 0.6000 0.0000
vt 0.4533 1.3992 0.0000
vt 0.1102 1.3992 0.0000
vt 0.1366 0.6000 0.0000
vt 0.0728 0.6000 0.0000
vt 0.0417 1.3992 0.0000
vt 0.5932 1.3992 0.0000
vt 0.5869 0.6000 0.0000
vt 0.5000 0.6000 0.0000
vt 0.2288 1.3992 0.0000
vt 0.2471 0.6000 0.0000
vt 0.1717 0.6000 0.0000
vt 0.1478 1.3992 0.0000
vt 0.3157 1.3992 0.0000
vt 0.3282 0.6000 0.0000
vt 0.4131 0.6000 0.0000
vt 0.4068 1.3992 0.0000
vt 0.9501 0.0149 0.0000
vt 0.9537 0.0110 0.0000
vt 1.0216 0.0841 0.0000
vt 1.0174 0.0874 0.0000
vt 0.1874 1.3992 0.0000
vt 0.2086 0.6000 0.0000
vt 0.0748 1.3992 0.0000
vt 0.1036 0.6000 0.0000
vt 0.2871 0.6000 0.0000
vt 0.2716 1.3992 0.0000
vt 0.3703 0.6000 0.0000
vt 0.3609 1.3992 0.0000
vt 0.2294 1.0619 0.0000
vt 0.3162 1.0960 0.0000
vt 0.4070 1.1168 0.0000
vt 0.5930 1.1168 0.0000
vt 0.5000 1.1237 0.0000
vt 0.6839 1.0960 0.0000
vt 0.7706 1.0619 0.0000
vt 0.9242 0.9572 0.0000
vt 0.8514 1.0153 0.0000
vt 0.5752 1.0071 0.0000
vt 0.9876 0.8889 0.0000
vt 1.0402 0.8119 0.0000
vt 1.1081 0.6388 0.0000
vt 1.0806 0.7279 0.0000
vt 1.1220 0.5466 0.0000
vt 1.1220 0.4534 0.0000
vt 1.0806 0.2721 0.0000
vt 1.1081 0.3612 0.0000
vt 1.0028 0.6000 0.0000
vt 1.0402 0.1881 0.0000
vt 0.9876 0.1111 0.0000
vt 0.8514 -0.0153 0.0000
vt 0.9242 0.0428 0.0000
vt 0.7706 -0.0619 0.0000
vt 0.6839 -0.0960 0.0000
vt 0.6727 0.0174 0.0000
vt 0.6488 0.0095 0.0000
vt 0.6962 0.0264 0.0000
vt 0.7192 0.0366 0.0000
vt 0.7416 0.0479 0.0000
vt 0.7635 0.0603 0.0000
vt 0.7848 0.0738 0.0000
vt 0.8054 0.0883 0.0000
vt 0.8252 0.1038 0.0000
vt 0.8443 0.1202 0.0000
vt 0.8625 0.1375 0.0000
vt 0.8798 0.1558 0.0000
vt 0.8963 0.1748 0.0000
vt 0.9117 0.1946 0.0000
vt 0.9262 0.2152 0.0000
vt 0.9397 0.2365 0.0000
vt 0.9521 0.2584 0.0000
vt 0.9634 0.2808 0.0000
vt 0.9736 0.3038 0.0000
vt 0.9826 0.3273 0.0000
vt 0.9905 0.3512 0.0000
vt 0.9973 0.3754 0.0000
vt 1.0028 0.4000 0.0000
vt 1.0071 0.4248 0.0000
vt 1.0101 0.4498 0.0000
vt 1.0120 0.4748 0.0000
vt 1.0126 0.5000 0.0000
vt 1.0120 0.5252 0.0000
vt 1.0101 0.5502 0.0000
vt 1.0071 0.5752 0.0000
vt 0.9973 0.6246 0.0000
vt 0.9905 0.6488 0.0000
vt 0.9826 0.6727 0.0000
vt 0.9736 0.6962 0.0000
vt 0.9634 0.7192 0.0000
vt 0.9521 0.7416 0.0000
vt 0.9397 0.7635 0.0000
vt 0.9262 0.7848 0.0000
vt 0.9117 0.8054 0.0000
vt 0.8963 0.8252 0.0000
vt 0.8798 0.8442 0.0000
vt 0.8625 0.8625 0.0000
vt 0.8443 0.8798 0.0000
vt 0.8252 0.8963 0.0000
vt 0.8054 0.9117 0.0000
vt 0.7848 0.9262 0.0000
vt 0.7635 0.9397 0.0000
vt 0.7416 0.9521 0.0000
vt 0.7192 0.9634 0.0000
vt 0.6962 0.9736 0.0000
vt 0.6727 0.9826 0.0000
vt 0.6488 0.9905 0.0000
vt 0.6246 0.9972 0.0000
vt 0.6000 1.0028 0.0000
vt 0.5503 1.0101 0.0000
vt 0.5252 1.0120 0.0000
vt 0.5000 1.0126 0.0000
vt 0.4749 1.0120 0.0000
vt 0.4498 1.0101 0.0000
vt 0.4248 1.0071 0.0000
vt 0.4000 1.0028 0.0000
vt 0.3755 0.9972 0.0000
vt 0.3512 0.9905 0.0000
vt 0.3273 0.9826 0.0000
vt 0.3038 0.9736 0.0000
vt 0.2808 0.9634 0.0000
vt 0.2787 0.9623 0.0000
vt 0.5930 -0.1167 0.0000
vt 0.5000 -0.1237 0.0000
vt 0.3162 -0.0960 0.0000
vt 0.4070 -0.1167 0.0000
vt 0.2294 -0.0619 0.0000
vt 0.1487 -0.0153 0.0000
vt 0.0124 0.1111 0.0000
vt 0.0758 0.0428 0.0000
vt 0.3512 0.0095 0.0000
vt -0.0401 0.1881 0.0000
vt -0.0806 0.2721 0.0000
vt -0.1220 0.4534 0.0000
vt -0.1081 0.3612 0.0000
vt -0.1220 0.5466 0.0000
vt -0.1081 0.6388 0.0000
vt -0.0401 0.8119 0.0000
vt -0.0806 0.7279 0.0000
vt -0.0120 0.4748 0.0000
vt 0.0124 0.8889 0.0000
vt 0.0758 0.9572 0.0000
vt 0.1487 1.0153 0.0000
vt 0.2584 0.9521 0.0000
vt 0.2365 0.9397 0.0000
vt 0.2152 0.9262 0.0000
vt 0.1946 0.9117 0.0000
vt 0.1748 0.8963 0.0000
vt 0.1558 0.8798 0.0000
vt 0.1375 0.8625 0.0000
vt 0.1202 0.8442 0.0000
vt 0.1038 0.8252 0.0000
vt 0.0883 0.8054 0.0000
vt 0.0738 0.7848 0.0000
vt 0.0603 0.7635 0.0000
vt 0.0479 0.7416 0.0000
vt 0.0366 0.7192 0.0000
vt 0.0264 0.6962 0.0000
vt 0.0174 0.6727 0.0000
vt 0.0095 0.6488 0.0000
vt 0.0028 0.6246 0.0000
vt -0.0027 0.6000 0.0000
vt -0.0071 0.5752 0.0000
vt -0.0101 0.5502 0.0000
vt -0.0120 0.5252 0.0000
vt -0.0126 0.5000 0.0000
vt -0.0101 0.4498 0.0000
vt -0.0071 0.4248 0.0000
vt -0.0027 0.4000 0.0000
vt 0.0028 0.3754 0.0000
vt 0.0095 0.3512 0.0000
vt 0.0174 0.3273 0.0000
vt 0.0264 0.3038 0.0000
vt 0.0366 0.2808 0.0000
vt 0.0479 0.2584 0.0000
vt 0.0603 0.2365 0.0000
vt 0.0738 0.2152 0.0000
vt 0.0883 0.1946 0.0000
vt 0.1038 0.1748 0.0000
vt 0.1202 0.1558 0.0000
vt 0.1375 0.1375 0.0000
vt 0.1558 0.1202 0.0000
vt 0.1748 0.1038 0.0000
vt 0.1946 0.0883 0.0000
vt 0.2152 0.0738 0.0000
vt 0.2365 0.0603 0.0000
vt 0.2584 0.0479 0.0000
vt 0.2808 0.0366 0.0000
vt 0.3038 0.0264 0.0000
vt 0.3273 0.0174 0.0000
vt 0.3755 0.0028 0.0000
vt 0.4000 -0.0028 0.0000
vt 0.4248 -0.0071 0.0000
vt 0.4498 -0.0101 0.0000
vt 0.4749 -0.0120 0.0000
vt 0.5000 -0.0126 0.0000
vt 0.5252 -0.0120 0.0000
vt 0.5503 -0.0101 0.0000
vt 0.5752 -0.0071 0.0000
vt 0.6000 -0.0028 0.0000
vt 0.6246 0.0028 0.0000
vt 0.7871 1.0962 0.0000
vt 0.7894 1.1010 0.0000
vt 0.6966 1.1374 0.0000
vt 0.6951 1.1323 0.0000
vt -0.1451 0.3528 0.0000
vt -0.1503 0.3516 0.0000
vt -0.1210 0.2563 0.0000
vt -0.1160 0.2583 0.0000
vt 0.8728 -0.0467 0.0000
vt 0.8758 -0.0512 0.0000
vt 0.8728 1.0467 0.0000
vt 0.8758 1.0512 0.0000
vt -0.1599 0.4506 0.0000
vt -0.1652 0.4502 0.0000
vt 0.7871 -0.0962 0.0000
vt 0.7894 -0.1010 0.0000
vt 0.9501 0.9851 0.0000
vt 0.9537 0.9890 0.0000
vt -0.1599 0.5495 0.0000
vt -0.1652 0.5499 0.0000
vt 0.6951 -0.1323 0.0000
vt 0.6966 -0.1374 0.0000
vt 1.0174 0.9126 0.0000
vt 1.0216 0.9159 0.0000
vt -0.1451 0.6472 0.0000
vt -0.1503 0.6484 0.0000
vt 0.5986 -0.1543 0.0000
vt 0.5994 -0.1596 0.0000
vt 1.0731 0.8309 0.0000
vt 1.0777 0.8335 0.0000
vt -0.1160 0.7418 0.0000
vt -0.1210 0.7437 0.0000
vt 0.5000 -0.1617 0.0000
vt 0.5000 -0.1671 0.0000
vt 1.1160 0.7418 0.0000
vt 1.1210 0.7437 0.0000
vt -0.0731 0.8309 0.0000
vt -0.0777 0.8335 0.0000
vt 0.4014 -0.1543 0.0000
vt 0.4006 -0.1596 0.0000
vt 1.1451 0.6472 0.0000
vt 1.1504 0.6484 0.0000
vt -0.0173 0.9126 0.0000
vt -0.0215 0.9159 0.0000
vt 0.3050 -0.1323 0.0000
vt 0.3034 -0.1374 0.0000
vt 1.1599 0.5495 0.0000
vt 1.1652 0.5499 0.0000
vt 0.0499 0.9851 0.0000
vt 0.0463 0.9890 0.0000
vt 0.2129 -0.0962 0.0000
vt 0.2106 -0.1010 0.0000
vt 1.1599 0.4506 0.0000
vt 1.1652 0.4502 0.0000
vt 0.1273 1.0467 0.0000
vt 0.1242 1.0512 0.0000
vt 0.1273 -0.0467 0.0000
vt 0.1242 -0.0512 0.0000
vt 1.1451 0.3528 0.0000
vt 1.1504 0.3516 0.0000
vt 0.2129 1.0962 0.0000
vt 0.2106 1.1010 0.0000
vt 0.0499 0.0149 0.0000
vt 0.0463 0.0110 0.0000
vt 1.1160 0.2583 0.0000
vt 1.1210 0.2563 0.0000
vt 0.3050 1.1323 0.0000
vt 0.3034 1.1374 0.0000
vt -0.0173 0.0874 0.0000
vt -0.0215 0.0841 0.0000
vt 1.0731 0.1691 0.0000
vt 1.0777 0.1665 0.0000
vt 0.4014 1.1543 0.0000
vt 0.4006 1.1596 0.0000
vt 0.5986 1.1543 0.0000
vt 0.5994 1.1596 0.0000
vt 0.5000 1.1671 0.0000
vt 0.5000 1.1617 0.0000
vt -0.0731 0.1691 0.0000
vt -0.0777 0.1665 0.0000
vt 0.5000 1.4086 0.0000
vt 0.6047 1.4086 0.0000
vt 0.5000 1.4174 0.0000
vt 0.6041 1.4174 0.0000
vt 0.5000 1.4249 0.0000
vt 0.6033 1.4249 0.0000
vt 0.5000 1.1929 0.0000
vt 0.5000 1.1853 0.0000
vt 0.6022 1.1777 0.0000
vt 0.6033 1.1852 0.0000
vt 0.5000 1.1765 0.0000
vt 0.6008 1.1690 0.0000
vt 0.7070 1.4086 0.0000
vt 0.7060 1.4174 0.0000
vt 0.7042 1.4249 0.0000
vt 0.7020 1.1549 0.0000
vt 0.7042 1.1621 0.0000
vt 0.6994 1.1465 0.0000
vt 0.8048 1.4086 0.0000
vt 0.8032 1.4174 0.0000
vt 0.8007 1.4249 0.0000
vt 0.7974 1.1175 0.0000
vt 0.8007 1.1243 0.0000
vt 0.7935 1.1095 0.0000
vt 0.8957 1.4086 0.0000
vt 0.8936 1.4174 0.0000
vt 0.8903 1.4249 0.0000
vt 0.8861 1.0663 0.0000
vt 0.8903 1.0725 0.0000
vt 0.8811 1.0590 0.0000
vt 0.9777 1.4086 0.0000
vt 0.9753 1.4174 0.0000
vt 0.9713 1.4249 0.0000
vt 0.9662 1.0024 0.0000
vt 0.9713 1.0079 0.0000
vt 0.9602 0.9959 0.0000
vt 1.0149 1.4086 0.0000
vt 0.9379 1.4086 0.0000
vt 1.0122 1.4174 0.0000
vt 0.9356 1.4174 0.0000
vt 0.9753 1.0122 0.0000
vt 1.0417 0.9320 0.0000
vt 1.0463 0.9356 0.0000
vt 1.0358 0.9273 0.0000
vt 1.0289 0.9218 0.0000
vt 0.8512 1.4086 0.0000
vt 0.8494 1.4174 0.0000
vt 0.9320 1.4249 0.0000
vt 0.8465 1.4249 0.0000
vt 1.0935 0.8427 0.0000
vt 1.1001 0.8465 0.0000
vt 1.0859 0.8383 0.0000
vt 0.7566 1.4086 0.0000
vt 0.7553 1.4174 0.0000
vt 0.7531 1.4249 0.0000
vt 1.1380 0.7504 0.0000
vt 1.1450 0.7531 0.0000
vt 1.1298 0.7472 0.0000
vt 0.6563 1.4086 0.0000
vt 0.6555 1.4174 0.0000
vt 0.6542 1.4249 0.0000
vt 1.1682 0.6525 0.0000
vt 1.1755 0.6542 0.0000
vt 1.1596 0.6505 0.0000
vt 0.5525 1.4086 0.0000
vt 0.5522 1.4174 0.0000
vt 0.5518 1.4249 0.0000
vt 1.1834 0.5512 0.0000
vt 1.1910 0.5518 0.0000
vt 1.1746 0.5506 0.0000
vt 0.4475 1.4086 0.0000
vt 0.4478 1.4174 0.0000
vt 0.4482 1.4249 0.0000
vt 1.1834 0.4488 0.0000
vt 1.1910 0.4482 0.0000
vt 1.1746 0.4494 0.0000
vt 0.3437 1.4086 0.0000
vt 0.3445 1.4174 0.0000
vt 0.3458 1.4249 0.0000
vt 1.1682 0.3475 0.0000
vt 1.1755 0.3458 0.0000
vt 1.1596 0.3495 0.0000
vt 0.2434 1.4086 0.0000
vt 0.2447 1.4174 0.0000
vt 0.2469 1.4249 0.0000
vt 1.1380 0.2496 0.0000
vt 1.1450 0.2469 0.0000
vt 1.1298 0.2528 0.0000
vt 0.1488 1.4086 0.0000
vt 0.1506 1.4174 0.0000
vt 0.1535 1.4249 0.0000
vt 1.0935 0.1573 0.0000
vt 1.1001 0.1535 0.0000
vt 1.0859 0.1617 0.0000
vt 0.0621 1.4086 0.0000
vt 0.0644 1.4174 0.0000
vt 0.0680 1.4249 0.0000
vt 1.0358 0.0727 0.0000
vt 1.0417 0.0680 0.0000
vt 1.0289 0.0782 0.0000
vt -0.0149 1.4086 0.0000
vt -0.0122 1.4174 0.0000
vt 1.0463 0.0644 0.0000
vt 0.9713 -0.0079 0.0000
vt 0.9753 -0.0122 0.0000
vt 0.9662 -0.0024 0.0000
vt 0.9602 0.0041 0.0000
vt 0.8861 -0.0663 0.0000
vt 0.8903 -0.0725 0.0000
vt 0.8811 -0.0590 0.0000
vt 0.7974 -0.1175 0.0000
vt 0.8007 -0.1243 0.0000
vt 0.7935 -0.1095 0.0000
vt 0.7020 -0.1549 0.0000
vt 0.7042 -0.1621 0.0000
vt 0.6994 -0.1465 0.0000
vt 0.6022 -0.1777 0.0000
vt 0.6033 -0.1852 0.0000
vt 0.6008 -0.1690 0.0000
vt 0.5000 -0.1853 0.0000
vt 0.5000 -0.1929 0.0000
vt 0.5000 -0.1765 0.0000
vt 0.3953 1.4086 0.0000
vt 0.3959 1.4174 0.0000
vt 0.3967 1.4249 0.0000
vt 0.3979 -0.1777 0.0000
vt 0.3967 -0.1852 0.0000
vt 0.3992 -0.1690 0.0000
vt 0.2930 1.4086 0.0000
vt 0.2941 1.4174 0.0000
vt 0.2958 1.4249 0.0000
vt 0.2980 -0.1549 0.0000
vt 0.2958 -0.1621 0.0000
vt 0.3006 -0.1465 0.0000
vt 0.1953 1.4086 0.0000
vt 0.1968 1.4174 0.0000
vt 0.1994 1.4249 0.0000
vt 0.2026 -0.1175 0.0000
vt 0.1994 -0.1243 0.0000
vt 0.2065 -0.1095 0.0000
vt 0.1044 1.4086 0.0000
vt 0.1064 1.4174 0.0000
vt 0.1097 1.4249 0.0000
vt 0.1139 -0.0663 0.0000
vt 0.1097 -0.0725 0.0000
vt 0.1189 -0.0590 0.0000
vt 0.0223 1.4086 0.0000
vt 0.0248 1.4174 0.0000
vt 0.0287 1.4249 0.0000
vt 0.0339 -0.0024 0.0000
vt 0.0287 -0.0079 0.0000
vt 0.0398 0.0041 0.0000
vt 0.0248 -0.0122 0.0000
vt -0.0417 0.0680 0.0000
vt -0.0463 0.0644 0.0000
vt -0.0358 0.0727 0.0000
vt -0.0289 0.0782 0.0000
vt -0.0935 0.1573 0.0000
vt -0.1001 0.1535 0.0000
vt -0.0859 0.1617 0.0000
vt -0.1380 0.2496 0.0000
vt -0.1450 0.2469 0.0000
vt -0.1298 0.2528 0.0000
vt -0.1682 0.3475 0.0000
vt -0.1755 0.3458 0.0000
vt -0.1596 0.3495 0.0000
vt -0.1834 0.4488 0.0000
vt -0.1910 0.4482 0.0000
vt -0.1746 0.4494 0.0000
vt -0.1834 0.5512 0.0000
vt -0.1910 0.5518 0.0000
vt -0.1746 0.5506 0.0000
vt -0.1682 0.6525 0.0000
vt -0.1755 0.6542 0.0000
vt -0.1596 0.6505 0.0000
vt -0.1380 0.7504 0.0000
vt -0.1450 0.7531 0.0000
vt -0.1298 0.7472 0.0000
vt -0.0935 0.8427 0.0000
vt -0.1001 0.8465 0.0000
vt -0.0859 0.8383 0.0000
vt -0.0358 0.9273 0.0000
vt -0.0417 0.9320 0.0000
vt -0.0289 0.9218 0.0000
vt -0.0463 0.9356 0.0000
vt 0.0287 1.0079 0.0000
vt 0.0248 1.0122 0.0000
vt 0.0339 1.0024 0.0000
vt 0.0398 0.9959 0.0000
vt 0.1139 1.0663 0.0000
vt 0.1097 1.0725 0.0000
vt 0.1189 1.0590 0.0000
vt 0.2026 1.1175 0.0000
vt 0.1994 1.1243 0.0000
vt 0.2065 1.1095 0.0000
vt 0.2980 1.1549 0.0000
vt 0.2958 1.1621 0.0000
vt 0.3006 1.1465 0.0000
vt 0.3979 1.1777 0.0000
vt 0.3967 1.1852 0.0000
vt 0.3992 1.1690 0.0000
vt 0.5000 1.1523 0.0000
vt 0.5972 1.1450 0.0000
vt 0.5000 1.1435 0.0000
vt 0.5959 1.1363 0.0000
vt 0.5000 1.1359 0.0000
vt 0.5948 1.1288 0.0000
vt 0.5939 1.4174 0.0000
vt 0.5948 1.4249 0.0000
vt 0.5934 1.4086 0.0000
vt 0.6923 1.1233 0.0000
vt 0.6897 1.1149 0.0000
vt 0.6874 1.1076 0.0000
vt 0.6857 1.4174 0.0000
vt 0.6874 1.4249 0.0000
vt 0.6847 1.4086 0.0000
vt 0.7830 1.0877 0.0000
vt 0.7792 1.0797 0.0000
vt 0.7759 1.0729 0.0000
vt 0.7734 1.4174 0.0000
vt 0.7759 1.4249 0.0000
vt 0.7718 1.4086 0.0000
vt 0.8674 1.0389 0.0000
vt 0.8625 1.0316 0.0000
vt 0.8582 1.0254 0.0000
vt 0.8549 1.4174 0.0000
vt 0.8582 1.4249 0.0000
vt 0.8529 1.4086 0.0000
vt 0.9437 0.9781 0.0000
vt 0.9377 0.9717 0.0000
vt 0.9325 0.9661 0.0000
vt 0.9286 1.4174 0.0000
vt 0.9325 1.4249 0.0000
vt 0.9261 1.4086 0.0000
vt 1.0100 0.9067 0.0000
vt 1.0031 0.9012 0.0000
vt 0.9972 0.8965 0.0000
vt 0.9286 0.9619 0.0000
vt 0.9926 0.8928 0.0000
vt 0.9619 1.4174 0.0000
vt 0.9592 1.4086 0.0000
vt 0.8906 1.4086 0.0000
vt 0.8928 1.4174 0.0000
vt 1.0649 0.8261 0.0000
vt 1.0573 0.8217 0.0000
vt 1.0507 0.8179 0.0000
vt 0.8965 1.4249 0.0000
vt 0.8150 1.4174 0.0000
vt 0.8179 1.4249 0.0000
vt 0.8132 1.4086 0.0000
vt 1.1072 0.7383 0.0000
vt 1.0990 0.7351 0.0000
vt 1.0919 0.7323 0.0000
vt 0.7302 1.4174 0.0000
vt 0.7323 1.4249 0.0000
vt 0.7289 1.4086 0.0000
vt 1.1359 0.6451 0.0000
vt 1.1273 0.6432 0.0000
vt 1.1199 0.6415 0.0000
vt 0.6402 1.4174 0.0000
vt 0.6415 1.4249 0.0000
vt 0.6394 1.4086 0.0000
vt 1.1504 0.5487 0.0000
vt 1.1417 0.5481 0.0000
vt 1.1341 0.5475 0.0000
vt 0.5471 1.4174 0.0000
vt 0.5475 1.4249 0.0000
vt 0.5468 1.4086 0.0000
vt 1.1504 0.4513 0.0000
vt 1.1417 0.4519 0.0000
vt 1.1341 0.4525 0.0000
vt 0.4529 1.4174 0.0000
vt 0.4525 1.4249 0.0000
vt 0.4532 1.4086 0.0000
vt 1.1359 0.3549 0.0000
vt 1.1273 0.3568 0.0000
vt 1.1199 0.3585 0.0000
vt 0.3598 1.4174 0.0000
vt 0.3585 1.4249 0.0000
vt 0.3606 1.4086 0.0000
vt 1.1072 0.2617 0.0000
vt 1.0990 0.2649 0.0000
vt 1.0919 0.2677 0.0000
vt 0.2698 1.4174 0.0000
vt 0.2677 1.4249 0.0000
vt 0.2711 1.4086 0.0000
vt 1.0649 0.1739 0.0000
vt 1.0573 0.1783 0.0000
vt 1.0507 0.1821 0.0000
vt 0.1850 1.4174 0.0000
vt 0.1821 1.4249 0.0000
vt 0.1868 1.4086 0.0000
vt 1.0100 0.0933 0.0000
vt 1.0031 0.0988 0.0000
vt 0.9972 0.1035 0.0000
vt 0.1072 1.4174 0.0000
vt 0.1035 1.4249 0.0000
vt 0.1094 1.4086 0.0000
vt 0.9437 0.0219 0.0000
vt 0.9377 0.0283 0.0000
vt 0.9325 0.0339 0.0000
vt 0.9926 0.1072 0.0000
vt 0.9286 0.0381 0.0000
vt 0.0408 1.4086 0.0000
vt 0.0381 1.4174 0.0000
vt 0.8674 -0.0389 0.0000
vt 0.8625 -0.0316 0.0000
vt 0.8582 -0.0254 0.0000
vt 0.7830 -0.0877 0.0000
vt 0.7792 -0.0797 0.0000
vt 0.7759 -0.0729 0.0000
vt 0.6923 -0.1233 0.0000
vt 0.6897 -0.1149 0.0000
vt 0.6874 -0.1076 0.0000
vt 0.5972 -0.1450 0.0000
vt 0.5959 -0.1363 0.0000
vt 0.5948 -0.1288 0.0000
vt 0.5000 -0.1523 0.0000
vt 0.5000 -0.1434 0.0000
vt 0.5000 -0.1359 0.0000
vt 0.4028 -0.1450 0.0000
vt 0.4041 -0.1363 0.0000
vt 0.4052 -0.1288 0.0000
vt 0.4061 1.4174 0.0000
vt 0.4052 1.4249 0.0000
vt 0.4066 1.4086 0.0000
vt 0.3078 -0.1233 0.0000
vt 0.3103 -0.1149 0.0000
vt 0.3126 -0.1076 0.0000
vt 0.3143 1.4174 0.0000
vt 0.3126 1.4249 0.0000
vt 0.3154 1.4086 0.0000
vt 0.2170 -0.0877 0.0000
vt 0.2208 -0.0797 0.0000
vt 0.2241 -0.0729 0.0000
vt 0.2266 1.4174 0.0000
vt 0.2241 1.4249 0.0000
vt 0.2282 1.4086 0.0000
vt 0.1326 -0.0389 0.0000
vt 0.1375 -0.0316 0.0000
vt 0.1418 -0.0254 0.0000
vt 0.1451 1.4174 0.0000
vt 0.1418 1.4249 0.0000
vt 0.1471 1.4086 0.0000
vt 0.0564 0.0219 0.0000
vt 0.0624 0.0283 0.0000
vt 0.0675 0.0339 0.0000
vt 0.0714 1.4174 0.0000
vt 0.0675 1.4249 0.0000
vt 0.0739 1.4086 0.0000
vt -0.0099 0.0933 0.0000
vt -0.0031 0.0988 0.0000
vt 0.0029 0.1035 0.0000
vt 0.0714 0.0381 0.0000
vt 0.0074 0.1072 0.0000
vt -0.0649 0.1739 0.0000
vt -0.0572 0.1783 0.0000
vt -0.0507 0.1821 0.0000
vt -0.1072 0.2617 0.0000
vt -0.0990 0.2649 0.0000
vt -0.0919 0.2677 0.0000
vt -0.1359 0.3549 0.0000
vt -0.1273 0.3568 0.0000
vt -0.1199 0.3585 0.0000
vt -0.1504 0.4513 0.0000
vt -0.1416 0.4519 0.0000
vt -0.1341 0.4525 0.0000
vt -0.1504 0.5487 0.0000
vt -0.1416 0.5481 0.0000
vt -0.1341 0.5475 0.0000
vt -0.1359 0.6451 0.0000
vt -0.1273 0.6432 0.0000
vt -0.1199 0.6415 0.0000
vt -0.1072 0.7383 0.0000
vt -0.0990 0.7351 0.0000
vt -0.0919 0.7323 0.0000
vt -0.0649 0.8261 0.0000
vt -0.0572 0.8217 0.0000
vt -0.0507 0.8179 0.0000
vt -0.0099 0.9067 0.0000
vt -0.0031 0.9012 0.0000
vt 0.0029 0.8965 0.0000
vt 0.0564 0.9781 0.0000
vt 0.0624 0.9717 0.0000
vt 0.0675 0.9661 0.0000
vt 0.0074 0.8928 0.0000
vt 0.0714 0.9619 0.0000
vt 0.1326 1.0389 0.0000
vt 0.1375 1.0316 0.0000
vt 0.1418 1.0254 0.0000
vt 0.2170 1.0877 0.0000
vt 0.2208 1.0797 0.0000
vt 0.2241 1.0729 0.0000
vt 0.3078 1.1233 0.0000
vt 0.3103 1.1149 0.0000
vt 0.3126 1.1076 0.0000
vt 0.4028 1.1450 0.0000
vt 0.4041 1.1363 0.0000
vt 0.4052 1.1288 0.0000
vt -0.0082 0.6160 0.0000
vt -0.0199 0.5390 0.0000
vt -0.0199 0.4610 0.0000
vt 0.0485 0.7607 0.0000
vt -0.0082 0.3840 0.0000
vt 0.0147 0.3095 0.0000
vt 0.0924 0.1750 0.0000
vt 0.0485 0.2393 0.0000
vt 0.1454 0.1178 0.0000
vt 0.2063 0.0693 0.0000
vt 0.3463 0.0018 0.0000
vt 0.2738 0.0303 0.0000
vt 0.9076 0.1750 0.0000
vt 0.4223 -0.0155 0.0000
vt 0.5000 -0.0213 0.0000
vt 0.6537 0.0018 0.0000
vt 0.5777 -0.0155 0.0000
vt 0.7262 0.0303 0.0000
vt 0.7937 0.0693 0.0000
vt 0.8546 0.1178 0.0000
vt 0.9515 0.2393 0.0000
vt 0.9853 0.3095 0.0000
vt 1.0199 0.4610 0.0000
vt 1.0083 0.3840 0.0000
vt 1.0199 0.5390 0.0000
vt 1.0083 0.6160 0.0000
vt 0.9515 0.7607 0.0000
vt 0.9853 0.6905 0.0000
vt 0.4223 1.0155 0.0000
vt 0.9076 0.8250 0.0000
vt 0.8546 0.8822 0.0000
vt 0.7262 0.9697 0.0000
vt 0.7937 0.9307 0.0000
vt 0.6537 0.9982 0.0000
vt 0.5777 1.0155 0.0000
vt 0.5000 1.0213 0.0000
vt 0.1454 0.8822 0.0000
vt 0.3463 0.9982 0.0000
vt 0.2738 0.9697 0.0000
vt 0.2063 0.9307 0.0000
vt 0.0924 0.8250 0.0000
vt 0.0147 0.6905 0.0000
vt 0.5970 0.2602 0.0000
vt 0.5000 0.2602 0.0000
vt 0.5964 0.2522 0.0000
vt 0.5000 0.2522 0.0000
vt 0.5964 1.1397 0.0000
vt 0.5955 1.1334 0.0000
vt 0.5000 1.1406 0.0000
vt 0.5000 1.1469 0.0000
vt 0.5943 1.1255 0.0000
vt 0.5000 1.1326 0.0000
vt 0.6919 0.2602 0.0000
vt 0.6907 0.2522 0.0000
vt 0.6907 1.1182 0.0000
vt 0.6888 1.1121 0.0000
vt 0.6865 1.1045 0.0000
vt 0.7825 0.2602 0.0000
vt 0.7807 0.2522 0.0000
vt 0.7807 1.0829 0.0000
vt 0.7779 1.0772 0.0000
vt 0.7745 1.0699 0.0000
vt 0.8667 0.2602 0.0000
vt 0.8644 0.2522 0.0000
vt 0.8644 1.0345 0.0000
vt 0.8609 1.0293 0.0000
vt 0.8564 1.0227 0.0000
vt 0.9428 0.2602 0.0000
vt 0.9400 0.2522 0.0000
vt 0.9400 0.9742 0.0000
vt 0.9357 0.9696 0.0000
vt 0.9303 0.9637 0.0000
vt 0.9059 0.2602 0.0000
vt 0.9772 0.2602 0.0000
vt 0.9034 0.2522 0.0000
vt 0.9742 0.2522 0.0000
vt 1.0058 0.9034 0.0000
vt 1.0008 0.8994 0.0000
vt 0.9946 0.8944 0.0000
vt 0.8255 0.2602 0.0000
vt 0.8235 0.2522 0.0000
vt 1.0603 0.8235 0.0000
vt 1.0548 0.8203 0.0000
vt 1.0478 0.8163 0.0000
vt 0.7378 0.2602 0.0000
vt 0.7364 0.2522 0.0000
vt 1.1022 0.7364 0.0000
vt 1.0963 0.7340 0.0000
vt 1.0889 0.7311 0.0000
vt 0.6449 0.2602 0.0000
vt 0.6440 0.2522 0.0000
vt 1.1307 0.6440 0.0000
vt 1.1245 0.6425 0.0000
vt 1.1167 0.6408 0.0000
vt 0.5487 0.2602 0.0000
vt 0.5483 0.2522 0.0000
vt 1.1451 0.5483 0.0000
vt 1.1388 0.5479 0.0000
vt 1.1308 0.5473 0.0000
vt 0.4514 0.2602 0.0000
vt 0.4517 0.2522 0.0000
vt 1.1451 0.4517 0.0000
vt 1.1388 0.4521 0.0000
vt 1.1308 0.4527 0.0000
vt 0.3551 0.2602 0.0000
vt 0.3560 0.2522 0.0000
vt 1.1307 0.3560 0.0000
vt 1.1245 0.3575 0.0000
vt 1.1167 0.3592 0.0000
vt 0.2622 0.2602 0.0000
vt 0.2636 0.2522 0.0000
vt 1.1022 0.2636 0.0000
vt 1.0963 0.2660 0.0000
vt 1.0889 0.2689 0.0000
vt 0.1745 0.2602 0.0000
vt 0.1765 0.2522 0.0000
vt 1.0603 0.1765 0.0000
vt 1.0548 0.1797 0.0000
vt 1.0478 0.1837 0.0000
vt 0.0941 0.2602 0.0000
vt 0.0966 0.2522 0.0000
vt 1.0058 0.0966 0.0000
vt 1.0008 0.1006 0.0000
vt 0.9946 0.1056 0.0000
vt 0.0228 0.2602 0.0000
vt 0.0258 0.2522 0.0000
vt 0.9400 0.0258 0.0000
vt 0.9357 0.0304 0.0000
vt 0.9303 0.0363 0.0000
vt 0.8644 -0.0345 0.0000
vt 0.8609 -0.0293 0.0000
vt 0.8564 -0.0227 0.0000
vt 0.7807 -0.0829 0.0000
vt 0.7779 -0.0772 0.0000
vt 0.7745 -0.0699 0.0000
vt 0.6907 -0.1182 0.0000
vt 0.6888 -0.1121 0.0000
vt 0.6865 -0.1045 0.0000
vt 0.5964 -0.1397 0.0000
vt 0.5955 -0.1334 0.0000
vt 0.5943 -0.1255 0.0000
vt 0.5000 -0.1469 0.0000
vt 0.5000 -0.1406 0.0000
vt 0.5000 -0.1326 0.0000
vt 0.4030 0.2602 0.0000
vt 0.4036 0.2522 0.0000
vt 0.4036 -0.1397 0.0000
vt 0.4045 -0.1334 0.0000
vt 0.4057 -0.1255 0.0000
vt 0.3081 0.2602 0.0000
vt 0.3093 0.2522 0.0000
vt 0.3093 -0.1182 0.0000
vt 0.3112 -0.1121 0.0000
vt 0.3135 -0.1045 0.0000
vt 0.2175 0.2602 0.0000
vt 0.2193 0.2522 0.0000
vt 0.2193 -0.0829 0.0000
vt 0.2221 -0.0772 0.0000
vt 0.2255 -0.0699 0.0000
vt 0.1333 0.2602 0.0000
vt 0.1356 0.2522 0.0000
vt 0.1356 -0.0345 0.0000
vt 0.1392 -0.0293 0.0000
vt 0.1437 -0.0227 0.0000
vt 0.0572 0.2602 0.0000
vt 0.0600 0.2522 0.0000
vt 0.0600 0.0258 0.0000
vt 0.0643 0.0304 0.0000
vt 0.0697 0.0363 0.0000
vt -0.0058 0.0966 0.0000
vt -0.0008 0.1006 0.0000
vt 0.0054 0.1056 0.0000
vt -0.0603 0.1765 0.0000
vt -0.0548 0.1797 0.0000
vt -0.0478 0.1837 0.0000
vt -0.1022 0.2636 0.0000
vt -0.0963 0.2660 0.0000
vt -0.0888 0.2689 0.0000
vt -0.1307 0.3560 0.0000
vt -0.1245 0.3575 0.0000
vt -0.1167 0.3592 0.0000
vt -0.1451 0.4517 0.0000
vt -0.1388 0.4521 0.0000
vt -0.1308 0.4527 0.0000
vt -0.1451 0.5483 0.0000
vt -0.1388 0.5479 0.0000
vt -0.1308 0.5473 0.0000
vt -0.1307 0.6440 0.0000
vt -0.1245 0.6425 0.0000
vt -0.1167 0.6408 0.0000
vt -0.1022 0.7364 0.0000
vt -0.0963 0.7340 0.0000
vt -0.0888 0.7311 0.0000
vt -0.0603 0.8235 0.0000
vt -0.0548 0.8203 0.0000
vt -0.0478 0.8163 0.0000
vt -0.0058 0.9034 0.0000
vt -0.0008 0.8994 0.0000
vt 0.0054 0.8944 0.0000
vt 0.0600 0.9742 0.0000
vt 0.0643 0.9696 0.0000
vt 0.0697 0.9637 0.0000
vt 0.1356 1.0345 0.0000
vt 0.1392 1.0293 0.0000
vt 0.1437 1.0227 0.0000
vt 0.2193 1.0829 0.0000
vt 0.2221 1.0772 0.0000
vt 0.2255 1.0699 0.0000
vt 0.3093 1.1182 0.0000
vt 0.3112 1.1121 0.0000
vt 0.3135 1.1045 0.0000
vt 0.4036 1.1397 0.0000
vt 0.4045 1.1334 0.0000
vt 0.4057 1.1255 0.0000
vt 0.5266 0.7701 0.0000
vt 0.5244 0.7476 0.0000
vt 0.5122 0.7485 0.0000
vt 0.5133 0.7711 0.0000
vt 0.5221 0.7246 0.0000
vt 0.5111 0.7254 0.0000
vt 0.5398 0.7685 0.0000
vt 0.5365 0.7462 0.0000
vt 0.5331 0.7233 0.0000
vt 0.5144 0.7929 0.0000
vt 0.5000 0.7714 0.0000
vt 0.5000 0.7933 0.0000
vt 0.5000 0.7488 0.0000
vt 0.5000 0.7257 0.0000
vt 0.5099 0.7018 0.0000
vt 0.5000 0.7020 0.0000
vt 0.5198 0.7010 0.0000
vt 0.5296 0.6998 0.0000
vt 0.5440 0.7214 0.0000
vt 0.5394 0.6981 0.0000
vt 0.5486 0.7441 0.0000
vt 0.5530 0.7662 0.0000
vt 0.5572 0.7876 0.0000
vt 0.5430 0.7901 0.0000
vt 0.5288 0.7919 0.0000
vt 0.5348 0.8528 0.0000
vt 0.5328 0.8333 0.0000
vt 0.5164 0.8345 0.0000
vt 0.5174 0.8541 0.0000
vt 0.5308 0.8129 0.0000
vt 0.5154 0.8141 0.0000
vt 0.5520 0.8507 0.0000
vt 0.5491 0.8313 0.0000
vt 0.5461 0.8111 0.0000
vt 0.5183 0.8728 0.0000
vt 0.5000 0.8545 0.0000
vt 0.5000 0.8733 0.0000
vt 0.5000 0.8349 0.0000
vt 0.5000 0.8145 0.0000
vt 0.5614 0.8084 0.0000
vt 0.5653 0.8285 0.0000
vt 0.5692 0.8477 0.0000
vt 0.5728 0.8661 0.0000
vt 0.5548 0.8692 0.0000
vt 0.5366 0.8715 0.0000
vt 0.5416 0.9220 0.0000
vt 0.5400 0.9061 0.0000
vt 0.5200 0.9076 0.0000
vt 0.5208 0.9235 0.0000
vt 0.5383 0.8893 0.0000
vt 0.5192 0.8907 0.0000
vt 0.5622 0.9194 0.0000
vt 0.5599 0.9036 0.0000
vt 0.5574 0.8869 0.0000
vt 0.5215 0.9384 0.0000
vt 0.5000 0.9240 0.0000
vt 0.5000 0.9389 0.0000
vt 0.5000 0.9081 0.0000
vt 0.5000 0.8911 0.0000
vt 0.5763 0.8836 0.0000
vt 0.5796 0.9002 0.0000
vt 0.5827 0.9159 0.0000
vt 0.5856 0.9305 0.0000
vt 0.5644 0.9342 0.0000
vt 0.5430 0.9368 0.0000
vt 0.5468 0.9749 0.0000
vt 0.5456 0.9633 0.0000
vt 0.5229 0.9650 0.0000
vt 0.5234 0.9766 0.0000
vt 0.5444 0.9506 0.0000
vt 0.5222 0.9522 0.0000
vt 0.5700 0.9720 0.0000
vt 0.5683 0.9605 0.0000
vt 0.5664 0.9479 0.0000
vt 0.5239 0.2774 0.0000
vt 0.5234 0.2889 0.0000
vt 0.5000 0.2889 0.0000
vt 0.5000 0.2774 0.0000
vt 0.5000 0.9656 0.0000
vt 0.5000 0.9772 0.0000
vt 0.5000 0.9528 0.0000
vt 0.5883 0.9441 0.0000
vt 0.5908 0.9566 0.0000
vt 0.5931 0.9680 0.0000
vt 0.5952 0.2774 0.0000
vt 0.5931 0.2889 0.0000
vt 0.5700 0.2889 0.0000
vt 0.5716 0.2774 0.0000
vt 0.5468 0.2889 0.0000
vt 0.5478 0.2774 0.0000
vt 0.5502 0.2416 0.0000
vt 0.5495 0.2537 0.0000
vt 0.5248 0.2537 0.0000
vt 0.5251 0.2416 0.0000
vt 0.5487 0.2656 0.0000
vt 0.5244 0.2656 0.0000
vt 0.5751 0.2416 0.0000
vt 0.5741 0.2537 0.0000
vt 0.5729 0.2656 0.0000
vt 0.5000 0.2416 0.0000
vt 0.5000 0.2404 0.0000
vt 0.5252 0.2404 0.0000
vt 0.5000 0.2537 0.0000
vt 0.5000 0.2656 0.0000
vt 0.5970 0.2656 0.0000
vt 0.5986 0.2537 0.0000
vt 0.5999 0.2416 0.0000
vt 0.5752 0.2404 0.0000
vt 0.6000 0.2404 0.0000
vt 0.5503 0.2404 0.0000
vt 0.5071 0.5724 0.0000
vt 0.5040 0.5664 0.0000
vt 0.5044 0.5858 0.0000
vt 0.5086 0.5869 0.0000
vt 0.5090 0.5659 0.0000
vt 0.5049 0.5494 0.0000
vt 0.5124 0.5850 0.0000
vt 0.5000 0.5847 0.0000
vt 0.5000 0.6068 0.0000
vt 0.5053 0.6072 0.0000
vt 0.5000 0.5632 0.0000
vt 0.5106 0.6073 0.0000
vt 0.5079 0.5396 0.0000
vt 0.5000 0.5000 0.0000
vt 0.5000 0.5403 0.0000
vt 0.5123 0.5620 0.0000
vt 0.5157 0.6061 0.0000
vt 0.5208 0.6048 0.0000
vt 0.5165 0.5831 0.0000
vt 0.5174 0.6771 0.0000
vt 0.5151 0.6531 0.0000
vt 0.5076 0.6536 0.0000
vt 0.5087 0.6777 0.0000
vt 0.5128 0.6297 0.0000
vt 0.5064 0.6299 0.0000
vt 0.5261 0.6760 0.0000
vt 0.5226 0.6521 0.0000
vt 0.5191 0.6287 0.0000
vt 0.5000 0.6779 0.0000
vt 0.5000 0.6537 0.0000
vt 0.5000 0.6299 0.0000
vt 0.5253 0.6274 0.0000
vt 0.5300 0.6508 0.0000
vt 0.5347 0.6745 0.0000
vt 0.5517 0.6703 0.0000
vt 0.5447 0.6472 0.0000
vt 0.5374 0.6492 0.0000
vt 0.5432 0.6726 0.0000
vt 0.5378 0.6247 0.0000
vt 0.5316 0.6262 0.0000
vt 0.5599 0.6675 0.0000
vt 0.5518 0.6448 0.0000
vt 0.5438 0.6225 0.0000
vt 0.5491 0.6960 0.0000
vt 0.5261 0.6041 0.0000
vt 0.5313 0.6031 0.0000
vt 0.5361 0.6010 0.0000
vt 0.5497 0.6200 0.0000
vt 0.5409 0.5987 0.0000
vt 0.5588 0.6420 0.0000
vt 0.5681 0.6644 0.0000
vt 0.5773 0.6866 0.0000
vt 0.5681 0.6902 0.0000
vt 0.5586 0.6933 0.0000
vt 0.5788 0.7597 0.0000
vt 0.5722 0.7381 0.0000
vt 0.5605 0.7414 0.0000
vt 0.5659 0.7633 0.0000
vt 0.5655 0.7160 0.0000
vt 0.5548 0.7189 0.0000
vt 0.5914 0.7555 0.0000
vt 0.5838 0.7343 0.0000
vt 0.5760 0.7125 0.0000
vt 0.5713 0.7845 0.0000
vt 0.5864 0.7085 0.0000
vt 0.5952 0.7299 0.0000
vt 0.6039 0.7507 0.0000
vt 0.6122 0.7710 0.0000
vt 0.5988 0.7761 0.0000
vt 0.5851 0.7807 0.0000
vt 0.6029 0.8392 0.0000
vt 0.5972 0.8205 0.0000
vt 0.5814 0.8249 0.0000
vt 0.5861 0.8439 0.0000
vt 0.5913 0.8009 0.0000
vt 0.5764 0.8050 0.0000
vt 0.6194 0.8338 0.0000
vt 0.6128 0.8153 0.0000
vt 0.6059 0.7961 0.0000
vt 0.5907 0.8621 0.0000
vt 0.6203 0.7905 0.0000
vt 0.6282 0.8094 0.0000
vt 0.6357 0.8275 0.0000
vt 0.6429 0.8449 0.0000
vt 0.6258 0.8515 0.0000
vt 0.6084 0.8572 0.0000
vt 0.6231 0.9057 0.0000
vt 0.6185 0.8905 0.0000
vt 0.5992 0.8958 0.0000
vt 0.6030 0.9113 0.0000
vt 0.6135 0.8743 0.0000
vt 0.5950 0.8794 0.0000
vt 0.6428 0.8992 0.0000
vt 0.6375 0.8842 0.0000
vt 0.6318 0.8683 0.0000
vt 0.6067 0.9258 0.0000
vt 0.6497 0.8614 0.0000
vt 0.6562 0.8770 0.0000
vt 0.6623 0.8917 0.0000
vt 0.6680 0.9055 0.0000
vt 0.6479 0.9133 0.0000
vt 0.6274 0.9200 0.0000
vt 0.6385 0.9567 0.0000
vt 0.6352 0.9455 0.0000
vt 0.6131 0.9516 0.0000
vt 0.6160 0.9629 0.0000
vt 0.6314 0.9333 0.0000
vt 0.6100 0.9392 0.0000
vt 0.6608 0.9493 0.0000
vt 0.6568 0.9383 0.0000
vt 0.6525 0.9263 0.0000
vt 0.6185 0.2774 0.0000
vt 0.6160 0.2889 0.0000
vt 0.6733 0.9183 0.0000
vt 0.6782 0.9301 0.0000
vt 0.6826 0.9409 0.0000
vt 0.6866 0.2774 0.0000
vt 0.6826 0.2889 0.0000
vt 0.6608 0.2889 0.0000
vt 0.6643 0.2774 0.0000
vt 0.6385 0.2889 0.0000
vt 0.6416 0.2774 0.0000
vt 0.6487 0.2416 0.0000
vt 0.6466 0.2537 0.0000
vt 0.6227 0.2537 0.0000
vt 0.6244 0.2416 0.0000
vt 0.6443 0.2656 0.0000
vt 0.6208 0.2656 0.0000
vt 0.6725 0.2416 0.0000
vt 0.6702 0.2537 0.0000
vt 0.6675 0.2656 0.0000
vt 0.6246 0.2404 0.0000
vt 0.6902 0.2656 0.0000
vt 0.6933 0.2537 0.0000
vt 0.6960 0.2416 0.0000
vt 0.6727 0.2404 0.0000
vt 0.6962 0.2404 0.0000
vt 0.6488 0.2404 0.0000
vt 0.5211 0.5696 0.0000
vt 0.5169 0.5644 0.0000
vt 0.5211 0.5833 0.0000
vt 0.5253 0.5835 0.0000
vt 0.5217 0.5629 0.0000
vt 0.5144 0.5475 0.0000
vt 0.5288 0.5810 0.0000
vt 0.5154 0.5373 0.0000
vt 0.5242 0.5584 0.0000
vt 0.5324 0.5783 0.0000
vt 0.7250 0.9209 0.0000
vt 0.7195 0.9106 0.0000
vt 0.6991 0.9209 0.0000
vt 0.7040 0.9314 0.0000
vt 0.7134 0.8993 0.0000
vt 0.6936 0.9093 0.0000
vt 0.7453 0.9093 0.0000
vt 0.7394 0.8993 0.0000
vt 0.7328 0.8884 0.0000
vt 0.7085 0.2774 0.0000
vt 0.7040 0.2889 0.0000
vt 0.6877 0.8968 0.0000
vt 0.7069 0.8871 0.0000
vt 0.7257 0.8765 0.0000
vt 0.7516 0.8765 0.0000
vt 0.7439 0.8650 0.0000
vt 0.7587 0.8871 0.0000
vt 0.7651 0.8968 0.0000
vt 0.7710 0.9055 0.0000
vt 0.7507 0.9183 0.0000
vt 0.7299 0.9301 0.0000
vt 0.7085 0.9409 0.0000
vt 0.7414 0.2416 0.0000
vt 0.7381 0.2537 0.0000
vt 0.7160 0.2537 0.0000
vt 0.7189 0.2416 0.0000
vt 0.7343 0.2656 0.0000
vt 0.7125 0.2656 0.0000
vt 0.7633 0.2416 0.0000
vt 0.7597 0.2537 0.0000
vt 0.7555 0.2656 0.0000
vt 0.7192 0.2404 0.0000
vt 0.7299 0.2774 0.0000
vt 0.7507 0.2774 0.0000
vt 0.7761 0.2656 0.0000
vt 0.7710 0.2774 0.0000
vt 0.7807 0.2537 0.0000
vt 0.7845 0.2416 0.0000
vt 0.7635 0.2404 0.0000
vt 0.7848 0.2404 0.0000
vt 0.7416 0.2404 0.0000
vt 0.5343 0.5641 0.0000
vt 0.5291 0.5598 0.0000
vt 0.5369 0.5776 0.0000
vt 0.5412 0.5770 0.0000
vt 0.5336 0.5575 0.0000
vt 0.5234 0.5438 0.0000
vt 0.5440 0.5738 0.0000
vt 0.5459 0.5970 0.0000
vt 0.5508 0.5951 0.0000
vt 0.5224 0.5335 0.0000
vt 0.5351 0.5525 0.0000
vt 0.5551 0.5921 0.0000
vt 0.5594 0.5888 0.0000
vt 0.5471 0.5705 0.0000
vt 0.5839 0.6569 0.0000
vt 0.5725 0.6357 0.0000
vt 0.5658 0.6390 0.0000
vt 0.5761 0.6608 0.0000
vt 0.5614 0.6149 0.0000
vt 0.5556 0.6176 0.0000
vt 0.5915 0.6526 0.0000
vt 0.5791 0.6319 0.0000
vt 0.5669 0.6116 0.0000
vt 0.5864 0.6826 0.0000
vt 0.5722 0.6080 0.0000
vt 0.5854 0.6278 0.0000
vt 0.5988 0.6479 0.0000
vt 0.6122 0.6680 0.0000
vt 0.6039 0.6733 0.0000
vt 0.5952 0.6782 0.0000
vt 0.6279 0.7393 0.0000
vt 0.6173 0.7195 0.0000
vt 0.6064 0.7250 0.0000
vt 0.6160 0.7453 0.0000
vt 0.6064 0.6991 0.0000
vt 0.5965 0.7040 0.0000
vt 0.6395 0.7328 0.0000
vt 0.6279 0.7134 0.0000
vt 0.6160 0.6936 0.0000
vt 0.6254 0.7651 0.0000
vt 0.6254 0.6877 0.0000
vt 0.6383 0.7069 0.0000
vt 0.6508 0.7257 0.0000
vt 0.6629 0.7439 0.0000
vt 0.6508 0.7516 0.0000
vt 0.6383 0.7586 0.0000
vt 0.6671 0.8126 0.0000
vt 0.6579 0.7953 0.0000
vt 0.6432 0.8027 0.0000
vt 0.6516 0.8205 0.0000
vt 0.6482 0.7773 0.0000
vt 0.6345 0.7843 0.0000
vt 0.6823 0.8041 0.0000
vt 0.6722 0.7872 0.0000
vt 0.6617 0.7697 0.0000
vt 0.6596 0.8374 0.0000
vt 0.6747 0.7615 0.0000
vt 0.6861 0.7785 0.0000
vt 0.6970 0.7948 0.0000
vt 0.7074 0.8104 0.0000
vt 0.6919 0.8202 0.0000
vt 0.6760 0.8292 0.0000
vt 0.6999 0.8739 0.0000
vt 0.6924 0.8599 0.0000
vt 0.6745 0.8689 0.0000
vt 0.6813 0.8833 0.0000
vt 0.6844 0.8450 0.0000
vt 0.6672 0.8536 0.0000
vt 0.7180 0.8637 0.0000
vt 0.7098 0.8500 0.0000
vt 0.7011 0.8355 0.0000
vt 0.7173 0.8252 0.0000
vt 0.7267 0.8393 0.0000
vt 0.7356 0.8525 0.0000
vt 0.6722 0.7098 0.0000
vt 0.6579 0.6924 0.0000
vt 0.6482 0.6999 0.0000
vt 0.6617 0.7180 0.0000
vt 0.6432 0.6745 0.0000
vt 0.6345 0.6813 0.0000
vt 0.6823 0.7011 0.0000
vt 0.6671 0.6844 0.0000
vt 0.6516 0.6672 0.0000
vt 0.6747 0.7356 0.0000
vt 0.6203 0.6623 0.0000
vt 0.6282 0.6562 0.0000
vt 0.6357 0.6497 0.0000
vt 0.6596 0.6596 0.0000
vt 0.6429 0.6428 0.0000
vt 0.6760 0.6760 0.0000
vt 0.6919 0.6919 0.0000
vt 0.7074 0.7074 0.0000
vt 0.6970 0.7173 0.0000
vt 0.6861 0.7267 0.0000
vt 0.7249 0.7740 0.0000
vt 0.7125 0.7589 0.0000
vt 0.6995 0.7690 0.0000
vt 0.7112 0.7847 0.0000
vt 0.6995 0.7431 0.0000
vt 0.6873 0.7526 0.0000
vt 0.7381 0.7627 0.0000
vt 0.7249 0.7481 0.0000
vt 0.7112 0.7330 0.0000
vt 0.7224 0.7998 0.0000
vt 0.7224 0.7224 0.0000
vt 0.7368 0.7368 0.0000
vt 0.7507 0.7507 0.0000
vt 0.7640 0.7639 0.0000
vt 0.7507 0.7766 0.0000
vt 0.7368 0.7885 0.0000
vt 0.7690 0.8278 0.0000
vt 0.7589 0.8154 0.0000
vt 0.7431 0.8278 0.0000
vt 0.7526 0.8406 0.0000
vt 0.7481 0.8024 0.0000
vt 0.7330 0.8142 0.0000
vt 0.7847 0.8142 0.0000
vt 0.7740 0.8024 0.0000
vt 0.7627 0.7898 0.0000
vt 0.7615 0.8525 0.0000
vt 0.7766 0.7766 0.0000
vt 0.7886 0.7885 0.0000
vt 0.7998 0.7998 0.0000
vt 0.8104 0.8104 0.0000
vt 0.7948 0.8252 0.0000
vt 0.7785 0.8393 0.0000
vt 0.8027 0.8689 0.0000
vt 0.7954 0.8599 0.0000
vt 0.7773 0.8739 0.0000
vt 0.7843 0.8833 0.0000
vt 0.7872 0.8500 0.0000
vt 0.7697 0.8637 0.0000
vt 0.8205 0.8536 0.0000
vt 0.8127 0.8450 0.0000
vt 0.8041 0.8355 0.0000
vt 0.7905 0.8917 0.0000
vt 0.8202 0.8202 0.0000
vt 0.8292 0.8292 0.0000
vt 0.8374 0.8374 0.0000
vt 0.8449 0.8449 0.0000
vt 0.8275 0.8614 0.0000
vt 0.8094 0.8770 0.0000
vt 0.8249 0.2416 0.0000
vt 0.8205 0.2537 0.0000
vt 0.8009 0.2537 0.0000
vt 0.8050 0.2416 0.0000
vt 0.8153 0.2656 0.0000
vt 0.7961 0.2656 0.0000
vt 0.8439 0.2416 0.0000
vt 0.8392 0.2537 0.0000
vt 0.8338 0.2656 0.0000
vt 0.8054 0.2404 0.0000
vt 0.7905 0.2774 0.0000
vt 0.8153 0.8842 0.0000
vt 0.7961 0.8992 0.0000
vt 0.8338 0.8683 0.0000
vt 0.8515 0.8515 0.0000
vt 0.8572 0.2537 0.0000
vt 0.8515 0.2656 0.0000
vt 0.8621 0.2416 0.0000
vt 0.8443 0.2404 0.0000
vt 0.8625 0.2404 0.0000
vt 0.8252 0.2404 0.0000
vt 0.5461 0.5562 0.0000
vt 0.5403 0.5530 0.0000
vt 0.5513 0.5689 0.0000
vt 0.5554 0.5675 0.0000
vt 0.5441 0.5498 0.0000
vt 0.5315 0.5384 0.0000
vt 0.5576 0.5638 0.0000
vt 0.5640 0.5861 0.0000
vt 0.5684 0.5833 0.0000
vt 0.5285 0.5285 0.0000
vt 0.5447 0.5447 0.0000
vt 0.5720 0.5795 0.0000
vt 0.5755 0.5755 0.0000
vt 0.5599 0.5599 0.0000
vt 0.6129 0.6375 0.0000
vt 0.5976 0.6189 0.0000
vt 0.5916 0.6235 0.0000
vt 0.6060 0.6429 0.0000
vt 0.5827 0.6007 0.0000
vt 0.5775 0.6045 0.0000
vt 0.6195 0.6318 0.0000
vt 0.6033 0.6139 0.0000
vt 0.5873 0.5964 0.0000
vt 0.5918 0.5918 0.0000
vt 0.6087 0.6087 0.0000
vt 0.6258 0.6258 0.0000
vt 0.8442 0.2404 0.0000
vt 0.8683 0.8338 0.0000
vt 0.8614 0.8275 0.0000
vt 0.8842 0.8153 0.0000
vt 0.8770 0.8094 0.0000
vt 0.8992 0.7961 0.0000
vt 0.8917 0.7905 0.0000
vt 0.5562 0.5461 0.0000
vt 0.5498 0.5441 0.0000
vt 0.5638 0.5576 0.0000
vt 0.5675 0.5554 0.0000
vt 0.5530 0.5403 0.0000
vt 0.5384 0.5315 0.0000
vt 0.5689 0.5513 0.0000
vt 0.5796 0.5720 0.0000
vt 0.5833 0.5684 0.0000
vt 0.5336 0.5224 0.0000
vt 0.5525 0.5351 0.0000
vt 0.5862 0.5640 0.0000
vt 0.5888 0.5593 0.0000
vt 0.5705 0.5471 0.0000
vt 0.6375 0.6129 0.0000
vt 0.6189 0.5976 0.0000
vt 0.6140 0.6033 0.0000
vt 0.6318 0.6195 0.0000
vt 0.6007 0.5827 0.0000
vt 0.5964 0.5873 0.0000
vt 0.6429 0.6060 0.0000
vt 0.6235 0.5916 0.0000
vt 0.6045 0.5775 0.0000
vt 0.6497 0.6357 0.0000
vt 0.6080 0.5722 0.0000
vt 0.6278 0.5854 0.0000
vt 0.6479 0.5988 0.0000
vt 0.6680 0.6122 0.0000
vt 0.6623 0.6203 0.0000
vt 0.6562 0.6282 0.0000
vt 0.7098 0.6722 0.0000
vt 0.6924 0.6579 0.0000
vt 0.6844 0.6671 0.0000
vt 0.7011 0.6823 0.0000
vt 0.6745 0.6432 0.0000
vt 0.6672 0.6516 0.0000
vt 0.7180 0.6617 0.0000
vt 0.6999 0.6482 0.0000
vt 0.6813 0.6345 0.0000
vt 0.7173 0.6970 0.0000
vt 0.6877 0.6254 0.0000
vt 0.7069 0.6383 0.0000
vt 0.7257 0.6508 0.0000
vt 0.7439 0.6629 0.0000
vt 0.7356 0.6747 0.0000
vt 0.7267 0.6861 0.0000
vt 0.7740 0.7249 0.0000
vt 0.7589 0.7125 0.0000
vt 0.7481 0.7249 0.0000
vt 0.7627 0.7381 0.0000
vt 0.7431 0.6995 0.0000
vt 0.7330 0.7112 0.0000
vt 0.7847 0.7112 0.0000
vt 0.7690 0.6995 0.0000
vt 0.7526 0.6873 0.0000
vt 0.7766 0.7507 0.0000
vt 0.7615 0.6747 0.0000
vt 0.7785 0.6861 0.0000
vt 0.7948 0.6970 0.0000
vt 0.8104 0.7074 0.0000
vt 0.7998 0.7224 0.0000
vt 0.7886 0.7368 0.0000
vt 0.8278 0.7690 0.0000
vt 0.8154 0.7589 0.0000
vt 0.8024 0.7740 0.0000
vt 0.8142 0.7847 0.0000
vt 0.8024 0.7481 0.0000
vt 0.7898 0.7627 0.0000
vt 0.8406 0.7526 0.0000
vt 0.8278 0.7431 0.0000
vt 0.8142 0.7330 0.0000
vt 0.8252 0.7948 0.0000
vt 0.8252 0.7173 0.0000
vt 0.8393 0.7267 0.0000
vt 0.8526 0.7356 0.0000
vt 0.8650 0.7439 0.0000
vt 0.8526 0.7615 0.0000
vt 0.8393 0.7785 0.0000
vt 0.8689 0.8027 0.0000
vt 0.8599 0.7953 0.0000
vt 0.8450 0.8126 0.0000
vt 0.8536 0.8205 0.0000
vt 0.8500 0.7872 0.0000
vt 0.8355 0.8041 0.0000
vt 0.8833 0.7843 0.0000
vt 0.8739 0.7773 0.0000
vt 0.8637 0.7697 0.0000
vt 0.8765 0.7516 0.0000
vt 0.8871 0.7586 0.0000
vt 0.8968 0.7651 0.0000
vt 0.9055 0.7710 0.0000
vt 0.7394 0.6279 0.0000
vt 0.7195 0.6173 0.0000
vt 0.7134 0.6279 0.0000
vt 0.7328 0.6395 0.0000
vt 0.6991 0.6064 0.0000
vt 0.6936 0.6160 0.0000
vt 0.7453 0.6160 0.0000
vt 0.7250 0.6064 0.0000
vt 0.7040 0.5965 0.0000
vt 0.7516 0.6508 0.0000
vt 0.6733 0.6039 0.0000
vt 0.6782 0.5952 0.0000
vt 0.6826 0.5864 0.0000
vt 0.7085 0.5864 0.0000
vt 0.6866 0.5773 0.0000
vt 0.7299 0.5952 0.0000
vt 0.7507 0.6039 0.0000
vt 0.7710 0.6122 0.0000
vt 0.7651 0.6254 0.0000
vt 0.7587 0.6383 0.0000
vt 0.8127 0.6671 0.0000
vt 0.7954 0.6579 0.0000
vt 0.7872 0.6722 0.0000
vt 0.8041 0.6823 0.0000
vt 0.7773 0.6482 0.0000
vt 0.7697 0.6617 0.0000
vt 0.8205 0.6516 0.0000
vt 0.8027 0.6432 0.0000
vt 0.7843 0.6345 0.0000
vt 0.8202 0.6919 0.0000
vt 0.7905 0.6203 0.0000
vt 0.8094 0.6282 0.0000
vt 0.8275 0.6357 0.0000
vt 0.8449 0.6428 0.0000
vt 0.8374 0.6596 0.0000
vt 0.8292 0.6760 0.0000
vt 0.8739 0.6999 0.0000
vt 0.8599 0.6924 0.0000
vt 0.8500 0.7098 0.0000
vt 0.8637 0.7180 0.0000
vt 0.8450 0.6844 0.0000
vt 0.8355 0.7011 0.0000
vt 0.8833 0.6813 0.0000
vt 0.8689 0.6745 0.0000
vt 0.8536 0.6672 0.0000
vt 0.8765 0.7257 0.0000
vt 0.8614 0.6497 0.0000
vt 0.8770 0.6562 0.0000
vt 0.8917 0.6623 0.0000
vt 0.9055 0.6680 0.0000
vt 0.8968 0.6877 0.0000
vt 0.8871 0.7069 0.0000
vt 0.9209 0.7250 0.0000
vt 0.9106 0.7195 0.0000
vt 0.8993 0.7393 0.0000
vt 0.9093 0.7453 0.0000
vt 0.8993 0.7134 0.0000
vt 0.8884 0.7328 0.0000
vt 0.9314 0.7040 0.0000
vt 0.9209 0.6991 0.0000
vt 0.9093 0.6936 0.0000
vt 0.9183 0.7507 0.0000
vt 0.9183 0.6733 0.0000
vt 0.9301 0.6782 0.0000
vt 0.9409 0.6826 0.0000
vt 0.9409 0.7085 0.0000
vt 0.9301 0.7299 0.0000
vt 0.5641 0.5343 0.0000
vt 0.5575 0.5336 0.0000
vt 0.5738 0.5440 0.0000
vt 0.5770 0.5412 0.0000
vt 0.5598 0.5291 0.0000
vt 0.5438 0.5234 0.0000
vt 0.5776 0.5369 0.0000
vt 0.5921 0.5551 0.0000
vt 0.5951 0.5508 0.0000
vt 0.5373 0.5154 0.0000
vt 0.5584 0.5242 0.0000
vt 0.5970 0.5459 0.0000
vt 0.5987 0.5409 0.0000
vt 0.5783 0.5324 0.0000
vt 0.6569 0.5839 0.0000
vt 0.6357 0.5725 0.0000
vt 0.6319 0.5791 0.0000
vt 0.6526 0.5915 0.0000
vt 0.6149 0.5614 0.0000
vt 0.6116 0.5669 0.0000
vt 0.6608 0.5761 0.0000
vt 0.6390 0.5658 0.0000
vt 0.6176 0.5556 0.0000
vt 0.6200 0.5497 0.0000
vt 0.6420 0.5588 0.0000
vt 0.6644 0.5681 0.0000
vt 0.6486 0.2416 0.0000
vt 0.6674 0.2656 0.0000
vt 0.5951 0.2774 0.0000
vt 0.5696 0.5211 0.0000
vt 0.5629 0.5217 0.0000
vt 0.5810 0.5288 0.0000
vt 0.5835 0.5253 0.0000
vt 0.5644 0.5169 0.0000
vt 0.5475 0.5144 0.0000
vt 0.5833 0.5211 0.0000
vt 0.6011 0.5361 0.0000
vt 0.6031 0.5313 0.0000
vt 0.5396 0.5079 0.0000
vt 0.5620 0.5123 0.0000
vt 0.6041 0.5261 0.0000
vt 0.6048 0.5208 0.0000
vt 0.5831 0.5165 0.0000
vt 0.6703 0.5516 0.0000
vt 0.6472 0.5447 0.0000
vt 0.6448 0.5518 0.0000
vt 0.6675 0.5599 0.0000
vt 0.6247 0.5378 0.0000
vt 0.6225 0.5438 0.0000
vt 0.6726 0.5432 0.0000
vt 0.6492 0.5374 0.0000
vt 0.6262 0.5316 0.0000
vt 0.6902 0.5681 0.0000
vt 0.6274 0.5253 0.0000
vt 0.6508 0.5300 0.0000
vt 0.6745 0.5347 0.0000
vt 0.6981 0.5394 0.0000
vt 0.6960 0.5491 0.0000
vt 0.6933 0.5586 0.0000
vt 0.7597 0.5788 0.0000
vt 0.7381 0.5722 0.0000
vt 0.7343 0.5838 0.0000
vt 0.7555 0.5914 0.0000
vt 0.7160 0.5655 0.0000
vt 0.7125 0.5760 0.0000
vt 0.7633 0.5659 0.0000
vt 0.7414 0.5605 0.0000
vt 0.7189 0.5548 0.0000
vt 0.7761 0.5988 0.0000
vt 0.7214 0.5440 0.0000
vt 0.7441 0.5485 0.0000
vt 0.7662 0.5529 0.0000
vt 0.7877 0.5572 0.0000
vt 0.7845 0.5713 0.0000
vt 0.7807 0.5851 0.0000
vt 0.8392 0.6029 0.0000
vt 0.8205 0.5972 0.0000
vt 0.8153 0.6128 0.0000
vt 0.8338 0.6194 0.0000
vt 0.8009 0.5913 0.0000
vt 0.7961 0.6059 0.0000
vt 0.8439 0.5861 0.0000
vt 0.8249 0.5814 0.0000
vt 0.8050 0.5764 0.0000
vt 0.8515 0.6258 0.0000
vt 0.8084 0.5613 0.0000
vt 0.8285 0.5653 0.0000
vt 0.8477 0.5692 0.0000
vt 0.8661 0.5728 0.0000
vt 0.8621 0.5907 0.0000
vt 0.8572 0.6084 0.0000
vt 0.9058 0.6231 0.0000
vt 0.8905 0.6185 0.0000
vt 0.8842 0.6375 0.0000
vt 0.8992 0.6428 0.0000
vt 0.8743 0.6135 0.0000
vt 0.8683 0.6318 0.0000
vt 0.9113 0.6030 0.0000
vt 0.8958 0.5992 0.0000
vt 0.8794 0.5950 0.0000
vt 0.9133 0.6479 0.0000
vt 0.8836 0.5763 0.0000
vt 0.9002 0.5796 0.0000
vt 0.9159 0.5827 0.0000
vt 0.9305 0.5856 0.0000
vt 0.9258 0.6067 0.0000
vt 0.9200 0.6274 0.0000
vt 0.9567 0.6385 0.0000
vt 0.9455 0.6351 0.0000
vt 0.9383 0.6568 0.0000
vt 0.9493 0.6608 0.0000
vt 0.9333 0.6314 0.0000
vt 0.9263 0.6525 0.0000
vt 0.9629 0.6160 0.0000
vt 0.9516 0.6131 0.0000
vt 0.9392 0.6100 0.0000
vt 0.9441 0.5883 0.0000
vt 0.9566 0.5908 0.0000
vt 0.9680 0.5931 0.0000
vt 0.8528 0.5347 0.0000
vt 0.8333 0.5328 0.0000
vt 0.8313 0.5491 0.0000
vt 0.8507 0.5520 0.0000
vt 0.8130 0.5308 0.0000
vt 0.8111 0.5461 0.0000
vt 0.8541 0.5174 0.0000
vt 0.8345 0.5164 0.0000
vt 0.8141 0.5154 0.0000
vt 0.8692 0.5548 0.0000
vt 0.7901 0.5430 0.0000
vt 0.7919 0.5287 0.0000
vt 0.7929 0.5144 0.0000
vt 0.8145 0.5000 0.0000
vt 0.7933 0.5000 0.0000
vt 0.8349 0.5000 0.0000
vt 0.8545 0.5000 0.0000
vt 0.8733 0.5000 0.0000
vt 0.8728 0.5183 0.0000
vt 0.8715 0.5366 0.0000
vt 0.9220 0.5416 0.0000
vt 0.9061 0.5400 0.0000
vt 0.9037 0.5599 0.0000
vt 0.9194 0.5622 0.0000
vt 0.8893 0.5383 0.0000
vt 0.8869 0.5574 0.0000
vt 0.9235 0.5208 0.0000
vt 0.9076 0.5200 0.0000
vt 0.8907 0.5192 0.0000
vt 0.9342 0.5644 0.0000
vt 0.8911 0.5000 0.0000
vt 0.9081 0.5000 0.0000
vt 0.9240 0.5000 0.0000
vt 0.9389 0.5000 0.0000
vt 0.9384 0.5215 0.0000
vt 0.9368 0.5430 0.0000
vt 0.9749 0.5468 0.0000
vt 0.9633 0.5456 0.0000
vt 0.9605 0.5683 0.0000
vt 0.9720 0.5700 0.0000
vt 0.9506 0.5444 0.0000
vt 0.9479 0.5664 0.0000
vt 0.9766 0.5234 0.0000
vt 0.9650 0.5228 0.0000
vt 0.9522 0.5222 0.0000
vt 0.9528 0.5000 0.0000
vt 0.9656 0.5000 0.0000
vt 0.9772 0.5000 0.0000
vt 0.5502 0.2404 0.0000
vt 0.5724 0.5071 0.0000
vt 0.5659 0.5090 0.0000
vt 0.5850 0.5124 0.0000
vt 0.5869 0.5086 0.0000
vt 0.5664 0.5040 0.0000
vt 0.5494 0.5049 0.0000
vt 0.5858 0.5044 0.0000
vt 0.6062 0.5157 0.0000
vt 0.6073 0.5106 0.0000
vt 0.5403 0.5000 0.0000
vt 0.5632 0.5000 0.0000
vt 0.6072 0.5053 0.0000
vt 0.6068 0.5000 0.0000
vt 0.5848 0.5000 0.0000
vt 0.6771 0.5174 0.0000
vt 0.6531 0.5151 0.0000
vt 0.6521 0.5226 0.0000
vt 0.6760 0.5261 0.0000
vt 0.6297 0.5128 0.0000
vt 0.6287 0.5191 0.0000
vt 0.6777 0.5087 0.0000
vt 0.6536 0.5076 0.0000
vt 0.6299 0.5064 0.0000
vt 0.6998 0.5296 0.0000
vt 0.6299 0.5000 0.0000
vt 0.6537 0.5000 0.0000
vt 0.6779 0.5000 0.0000
vt 0.7020 0.5000 0.0000
vt 0.7018 0.5099 0.0000
vt 0.7010 0.5198 0.0000
vt 0.7701 0.5266 0.0000
vt 0.7477 0.5244 0.0000
vt 0.7462 0.5365 0.0000
vt 0.7685 0.5398 0.0000
vt 0.7246 0.5221 0.0000
vt 0.7233 0.5331 0.0000
vt 0.7711 0.5133 0.0000
vt 0.7486 0.5122 0.0000
vt 0.7254 0.5111 0.0000
vt 0.7257 0.5000 0.0000
vt 0.7489 0.5000 0.0000
vt 0.7714 0.5000 0.0000
vt 0.5724 0.4929 0.0000
vt 0.5664 0.4960 0.0000
vt 0.5858 0.4956 0.0000
vt 0.5869 0.4914 0.0000
vt 0.5659 0.4910 0.0000
vt 0.5494 0.4951 0.0000
vt 0.5850 0.4876 0.0000
vt 0.6072 0.4947 0.0000
vt 0.6073 0.4894 0.0000
vt 0.5396 0.4921 0.0000
vt 0.5620 0.4877 0.0000
vt 0.6062 0.4843 0.0000
vt 0.6048 0.4792 0.0000
vt 0.5831 0.4835 0.0000
vt 0.6771 0.4826 0.0000
vt 0.6531 0.4849 0.0000
vt 0.6536 0.4924 0.0000
vt 0.6777 0.4913 0.0000
vt 0.6297 0.4872 0.0000
vt 0.6299 0.4936 0.0000
vt 0.6760 0.4739 0.0000
vt 0.6521 0.4774 0.0000
vt 0.6287 0.4809 0.0000
vt 0.7018 0.4901 0.0000
vt 0.6274 0.4747 0.0000
vt 0.6508 0.4700 0.0000
vt 0.6745 0.4653 0.0000
vt 0.6981 0.4606 0.0000
vt 0.6998 0.4704 0.0000
vt 0.7010 0.4802 0.0000
vt 0.7701 0.4734 0.0000
vt 0.7477 0.4756 0.0000
vt 0.7486 0.4878 0.0000
vt 0.7711 0.4867 0.0000
vt 0.7246 0.4779 0.0000
vt 0.7254 0.4889 0.0000
vt 0.7685 0.4602 0.0000
vt 0.7462 0.4635 0.0000
vt 0.7233 0.4669 0.0000
vt 0.7929 0.4856 0.0000
vt 0.7214 0.4560 0.0000
vt 0.7441 0.4515 0.0000
vt 0.7662 0.4471 0.0000
vt 0.7877 0.4428 0.0000
vt 0.7901 0.4570 0.0000
vt 0.7919 0.4713 0.0000
vt 0.8528 0.4653 0.0000
vt 0.8333 0.4672 0.0000
vt 0.8345 0.4836 0.0000
vt 0.8541 0.4826 0.0000
vt 0.8130 0.4692 0.0000
vt 0.8141 0.4846 0.0000
vt 0.8507 0.4480 0.0000
vt 0.8313 0.4509 0.0000
vt 0.8111 0.4539 0.0000
vt 0.8728 0.4817 0.0000
vt 0.8084 0.4387 0.0000
vt 0.8285 0.4347 0.0000
vt 0.8477 0.4308 0.0000
vt 0.8661 0.4272 0.0000
vt 0.8692 0.4452 0.0000
vt 0.8715 0.4634 0.0000
vt 0.9220 0.4584 0.0000
vt 0.9061 0.4600 0.0000
vt 0.9076 0.4800 0.0000
vt 0.9235 0.4792 0.0000
vt 0.8893 0.4617 0.0000
vt 0.8907 0.4808 0.0000
vt 0.9194 0.4378 0.0000
vt 0.9037 0.4401 0.0000
vt 0.8869 0.4426 0.0000
vt 0.9384 0.4785 0.0000
vt 0.8836 0.4237 0.0000
vt 0.9002 0.4204 0.0000
vt 0.9159 0.4173 0.0000
vt 0.9305 0.4144 0.0000
vt 0.9342 0.4356 0.0000
vt 0.9368 0.4570 0.0000
vt 0.9749 0.4532 0.0000
vt 0.9633 0.4544 0.0000
vt 0.9650 0.4772 0.0000
vt 0.9766 0.4766 0.0000
vt 0.9506 0.4556 0.0000
vt 0.9522 0.4778 0.0000
vt 0.9720 0.4300 0.0000
vt 0.9605 0.4317 0.0000
vt 0.9479 0.4336 0.0000
vt 0.4761 0.2774 0.0000
vt 0.4766 0.2889 0.0000
vt 0.9441 0.4117 0.0000
vt 0.9566 0.4092 0.0000
vt 0.9680 0.4069 0.0000
vt 0.4049 0.2774 0.0000
vt 0.4069 0.2889 0.0000
vt 0.4300 0.2889 0.0000
vt 0.4284 0.2774 0.0000
vt 0.4532 0.2889 0.0000
vt 0.4522 0.2774 0.0000
vt 0.4498 0.2416 0.0000
vt 0.4505 0.2537 0.0000
vt 0.4752 0.2537 0.0000
vt 0.4749 0.2416 0.0000
vt 0.4513 0.2656 0.0000
vt 0.4756 0.2656 0.0000
vt 0.4249 0.2416 0.0000
vt 0.4259 0.2537 0.0000
vt 0.4271 0.2656 0.0000
vt 0.4748 0.2404 0.0000
vt 0.4030 0.2656 0.0000
vt 0.4015 0.2537 0.0000
vt 0.4001 0.2416 0.0000
vt 0.4248 0.2404 0.0000
vt 0.4000 0.2404 0.0000
vt 0.4498 0.2404 0.0000
vt 0.9058 0.3769 0.0000
vt 0.8905 0.3815 0.0000
vt 0.8958 0.4009 0.0000
vt 0.9113 0.3970 0.0000
vt 0.8743 0.3865 0.0000
vt 0.8794 0.4050 0.0000
vt 0.8992 0.3572 0.0000
vt 0.8842 0.3625 0.0000
vt 0.8683 0.3682 0.0000
vt 0.9258 0.3934 0.0000
vt 0.8621 0.4093 0.0000
vt 0.8572 0.3916 0.0000
vt 0.8515 0.3742 0.0000
vt 0.8614 0.3503 0.0000
vt 0.8449 0.3572 0.0000
vt 0.8770 0.3438 0.0000
vt 0.8917 0.3377 0.0000
vt 0.9055 0.3320 0.0000
vt 0.9133 0.3521 0.0000
vt 0.9200 0.3726 0.0000
vt 0.9567 0.3615 0.0000
vt 0.9455 0.3649 0.0000
vt 0.9516 0.3869 0.0000
vt 0.9629 0.3841 0.0000
vt 0.9333 0.3686 0.0000
vt 0.9392 0.3900 0.0000
vt 0.9493 0.3392 0.0000
vt 0.9383 0.3432 0.0000
vt 0.9263 0.3475 0.0000
vt 0.3815 0.2774 0.0000
vt 0.3841 0.2889 0.0000
vt 0.9183 0.3267 0.0000
vt 0.9301 0.3218 0.0000
vt 0.9409 0.3174 0.0000
vt 0.3134 0.2774 0.0000
vt 0.3174 0.2889 0.0000
vt 0.3392 0.2889 0.0000
vt 0.3357 0.2774 0.0000
vt 0.3615 0.2889 0.0000
vt 0.3584 0.2774 0.0000
vt 0.3514 0.2416 0.0000
vt 0.3534 0.2537 0.0000
vt 0.3773 0.2537 0.0000
vt 0.3756 0.2416 0.0000
vt 0.3557 0.2656 0.0000
vt 0.3792 0.2656 0.0000
vt 0.3275 0.2416 0.0000
vt 0.3298 0.2537 0.0000
vt 0.3326 0.2656 0.0000
vt 0.3754 0.2404 0.0000
vt 0.3098 0.2656 0.0000
vt 0.3067 0.2537 0.0000
vt 0.3040 0.2416 0.0000
vt 0.3273 0.2404 0.0000
vt 0.3038 0.2404 0.0000
vt 0.3512 0.2404 0.0000
vt 0.5696 0.4789 0.0000
vt 0.5644 0.4831 0.0000
vt 0.5833 0.4790 0.0000
vt 0.5835 0.4747 0.0000
vt 0.5629 0.4783 0.0000
vt 0.5475 0.4856 0.0000
vt 0.5810 0.4712 0.0000
vt 0.6041 0.4739 0.0000
vt 0.6031 0.4687 0.0000
vt 0.5373 0.4846 0.0000
vt 0.5584 0.4758 0.0000
vt 0.6011 0.4639 0.0000
vt 0.5987 0.4591 0.0000
vt 0.5783 0.4676 0.0000
vt 0.6703 0.4484 0.0000
vt 0.6472 0.4553 0.0000
vt 0.6492 0.4626 0.0000
vt 0.6726 0.4568 0.0000
vt 0.6247 0.4622 0.0000
vt 0.6262 0.4684 0.0000
vt 0.6675 0.4401 0.0000
vt 0.6448 0.4482 0.0000
vt 0.6225 0.4562 0.0000
vt 0.6960 0.4509 0.0000
vt 0.6200 0.4503 0.0000
vt 0.6420 0.4412 0.0000
vt 0.6644 0.4319 0.0000
vt 0.6866 0.4227 0.0000
vt 0.6902 0.4319 0.0000
vt 0.6933 0.4414 0.0000
vt 0.7597 0.4212 0.0000
vt 0.7381 0.4278 0.0000
vt 0.7414 0.4395 0.0000
vt 0.7633 0.4341 0.0000
vt 0.7160 0.4345 0.0000
vt 0.7189 0.4452 0.0000
vt 0.7555 0.4086 0.0000
vt 0.7343 0.4162 0.0000
vt 0.7125 0.4240 0.0000
vt 0.7845 0.4287 0.0000
vt 0.7085 0.4136 0.0000
vt 0.7299 0.4048 0.0000
vt 0.7507 0.3961 0.0000
vt 0.7710 0.3878 0.0000
vt 0.7761 0.4012 0.0000
vt 0.7807 0.4149 0.0000
vt 0.8392 0.3971 0.0000
vt 0.8205 0.4028 0.0000
vt 0.8249 0.4186 0.0000
vt 0.8439 0.4139 0.0000
vt 0.8009 0.4087 0.0000
vt 0.8050 0.4236 0.0000
vt 0.8338 0.3806 0.0000
vt 0.8153 0.3872 0.0000
vt 0.7961 0.3941 0.0000
vt 0.7905 0.3797 0.0000
vt 0.8094 0.3718 0.0000
vt 0.8275 0.3643 0.0000
vt 0.5641 0.4657 0.0000
vt 0.5598 0.4709 0.0000
vt 0.5776 0.4631 0.0000
vt 0.5770 0.4589 0.0000
vt 0.5575 0.4664 0.0000
vt 0.5438 0.4766 0.0000
vt 0.5738 0.4560 0.0000
vt 0.5970 0.4541 0.0000
vt 0.5951 0.4492 0.0000
vt 0.5336 0.4776 0.0000
vt 0.5525 0.4649 0.0000
vt 0.5921 0.4449 0.0000
vt 0.5888 0.4407 0.0000
vt 0.5705 0.4529 0.0000
vt 0.6569 0.4161 0.0000
vt 0.6357 0.4275 0.0000
vt 0.6390 0.4342 0.0000
vt 0.6608 0.4239 0.0000
vt 0.6149 0.4386 0.0000
vt 0.6176 0.4444 0.0000
vt 0.6526 0.4085 0.0000
vt 0.6319 0.4210 0.0000
vt 0.6116 0.4331 0.0000
vt 0.6826 0.4136 0.0000
vt 0.6080 0.4278 0.0000
vt 0.6278 0.4146 0.0000
vt 0.6479 0.4012 0.0000
vt 0.6680 0.3878 0.0000
vt 0.6733 0.3961 0.0000
vt 0.6782 0.4048 0.0000
vt 0.7394 0.3721 0.0000
vt 0.7195 0.3827 0.0000
vt 0.7250 0.3936 0.0000
vt 0.7453 0.3840 0.0000
vt 0.6991 0.3936 0.0000
vt 0.7040 0.4035 0.0000
vt 0.7328 0.3605 0.0000
vt 0.7134 0.3721 0.0000
vt 0.6936 0.3840 0.0000
vt 0.7651 0.3746 0.0000
vt 0.6877 0.3746 0.0000
vt 0.7069 0.3618 0.0000
vt 0.7257 0.3492 0.0000
vt 0.7439 0.3371 0.0000
vt 0.7516 0.3492 0.0000
vt 0.7587 0.3618 0.0000
vt 0.8127 0.3329 0.0000
vt 0.7954 0.3421 0.0000
vt 0.8027 0.3568 0.0000
vt 0.8205 0.3484 0.0000
vt 0.7773 0.3518 0.0000
vt 0.7843 0.3656 0.0000
vt 0.8041 0.3177 0.0000
vt 0.7872 0.3278 0.0000
vt 0.7697 0.3383 0.0000
vt 0.8374 0.3404 0.0000
vt 0.7615 0.3253 0.0000
vt 0.7785 0.3139 0.0000
vt 0.7948 0.3030 0.0000
vt 0.8104 0.2926 0.0000
vt 0.8202 0.3081 0.0000
vt 0.8292 0.3240 0.0000
vt 0.8739 0.3001 0.0000
vt 0.8599 0.3076 0.0000
vt 0.8689 0.3255 0.0000
vt 0.8833 0.3187 0.0000
vt 0.8450 0.3156 0.0000
vt 0.8536 0.3328 0.0000
vt 0.8637 0.2820 0.0000
vt 0.8500 0.2902 0.0000
vt 0.8355 0.2989 0.0000
vt 0.8968 0.3123 0.0000
vt 0.8252 0.2827 0.0000
vt 0.8393 0.2733 0.0000
vt 0.8526 0.2644 0.0000
vt 0.8650 0.2562 0.0000
vt 0.8765 0.2744 0.0000
vt 0.8871 0.2931 0.0000
vt 0.9209 0.2751 0.0000
vt 0.9106 0.2805 0.0000
vt 0.9209 0.3010 0.0000
vt 0.9314 0.2960 0.0000
vt 0.8993 0.2866 0.0000
vt 0.9093 0.3064 0.0000
vt 0.9093 0.2547 0.0000
vt 0.8993 0.2607 0.0000
vt 0.8884 0.2672 0.0000
vt 0.2915 0.2774 0.0000
vt 0.2960 0.2889 0.0000
vt 0.8765 0.2484 0.0000
vt 0.8871 0.2414 0.0000
vt 0.8968 0.2349 0.0000
vt 0.9055 0.2290 0.0000
vt 0.9183 0.2493 0.0000
vt 0.9301 0.2701 0.0000
vt 0.9409 0.2915 0.0000
vt 0.2586 0.2416 0.0000
vt 0.2619 0.2537 0.0000
vt 0.2840 0.2537 0.0000
vt 0.2811 0.2416 0.0000
vt 0.2657 0.2656 0.0000
vt 0.2875 0.2656 0.0000
vt 0.2367 0.2416 0.0000
vt 0.2403 0.2537 0.0000
vt 0.2445 0.2656 0.0000
vt 0.2808 0.2404 0.0000
vt 0.2701 0.2774 0.0000
vt 0.2493 0.2774 0.0000
vt 0.2239 0.2656 0.0000
vt 0.2290 0.2774 0.0000
vt 0.2194 0.2537 0.0000
vt 0.2155 0.2416 0.0000
vt 0.2365 0.2404 0.0000
vt 0.2152 0.2404 0.0000
vt 0.2584 0.2404 0.0000
vt 0.8278 0.2310 0.0000
vt 0.8154 0.2411 0.0000
vt 0.8278 0.2569 0.0000
vt 0.8406 0.2474 0.0000
vt 0.8024 0.2519 0.0000
vt 0.8142 0.2670 0.0000
vt 0.8142 0.2153 0.0000
vt 0.8024 0.2260 0.0000
vt 0.7898 0.2373 0.0000
vt 0.8526 0.2385 0.0000
vt 0.7998 0.2776 0.0000
vt 0.7886 0.2632 0.0000
vt 0.7766 0.2493 0.0000
vt 0.7766 0.2234 0.0000
vt 0.7640 0.2361 0.0000
vt 0.7886 0.2115 0.0000
vt 0.7998 0.2002 0.0000
vt 0.8104 0.1896 0.0000
vt 0.8252 0.2052 0.0000
vt 0.8393 0.2216 0.0000
vt 0.8689 0.1973 0.0000
vt 0.8599 0.2047 0.0000
vt 0.8739 0.2227 0.0000
vt 0.8833 0.2157 0.0000
vt 0.8500 0.2128 0.0000
vt 0.8637 0.2303 0.0000
vt 0.8536 0.1795 0.0000
vt 0.8450 0.1874 0.0000
vt 0.8355 0.1959 0.0000
vt 0.8917 0.2095 0.0000
vt 0.8202 0.1798 0.0000
vt 0.8292 0.1708 0.0000
vt 0.8374 0.1626 0.0000
vt 0.8449 0.1551 0.0000
vt 0.8614 0.1725 0.0000
vt 0.8770 0.1906 0.0000
vt 0.1752 0.2416 0.0000
vt 0.1795 0.2537 0.0000
vt 0.1991 0.2537 0.0000
vt 0.1950 0.2416 0.0000
vt 0.1847 0.2656 0.0000
vt 0.2039 0.2656 0.0000
vt 0.1561 0.2416 0.0000
vt 0.1608 0.2537 0.0000
vt 0.1662 0.2656 0.0000
vt 0.1946 0.2404 0.0000
vt 0.2095 0.2774 0.0000
vt 0.8842 0.1847 0.0000
vt 0.8992 0.2039 0.0000
vt 0.8683 0.1662 0.0000
vt 0.8515 0.1486 0.0000
vt 0.1428 0.2537 0.0000
vt 0.1486 0.2656 0.0000
vt 0.1379 0.2416 0.0000
vt 0.1558 0.2404 0.0000
vt 0.1375 0.2404 0.0000
vt 0.1748 0.2404 0.0000
vt 0.5562 0.4539 0.0000
vt 0.5530 0.4598 0.0000
vt 0.5689 0.4487 0.0000
vt 0.5675 0.4446 0.0000
vt 0.5498 0.4559 0.0000
vt 0.5384 0.4685 0.0000
vt 0.5638 0.4424 0.0000
vt 0.5862 0.4360 0.0000
vt 0.5833 0.4316 0.0000
vt 0.5285 0.4715 0.0000
vt 0.5447 0.4553 0.0000
vt 0.5796 0.4280 0.0000
vt 0.5755 0.4245 0.0000
vt 0.5599 0.4401 0.0000
vt 0.6375 0.3871 0.0000
vt 0.6189 0.4024 0.0000
vt 0.6235 0.4084 0.0000
vt 0.6429 0.3940 0.0000
vt 0.6007 0.4173 0.0000
vt 0.6045 0.4225 0.0000
vt 0.6318 0.3805 0.0000
vt 0.6140 0.3967 0.0000
vt 0.5964 0.4127 0.0000
vt 0.6623 0.3797 0.0000
vt 0.5918 0.4082 0.0000
vt 0.6087 0.3913 0.0000
vt 0.6258 0.3742 0.0000
vt 0.6429 0.3572 0.0000
vt 0.6497 0.3643 0.0000
vt 0.6562 0.3718 0.0000
vt 0.7098 0.3278 0.0000
vt 0.6924 0.3421 0.0000
vt 0.6999 0.3518 0.0000
vt 0.7180 0.3383 0.0000
vt 0.6745 0.3568 0.0000
vt 0.6813 0.3656 0.0000
vt 0.7011 0.3177 0.0000
vt 0.6844 0.3329 0.0000
vt 0.6672 0.3484 0.0000
vt 0.7356 0.3253 0.0000
vt 0.6596 0.3404 0.0000
vt 0.6760 0.3240 0.0000
vt 0.6919 0.3081 0.0000
vt 0.7074 0.2926 0.0000
vt 0.7173 0.3030 0.0000
vt 0.7267 0.3139 0.0000
vt 0.7740 0.2751 0.0000
vt 0.7589 0.2876 0.0000
vt 0.7690 0.3005 0.0000
vt 0.7847 0.2888 0.0000
vt 0.7431 0.3005 0.0000
vt 0.7526 0.3127 0.0000
vt 0.7627 0.2619 0.0000
vt 0.7481 0.2751 0.0000
vt 0.7330 0.2888 0.0000
vt 0.7224 0.2776 0.0000
vt 0.7368 0.2632 0.0000
vt 0.7507 0.2493 0.0000
vt 0.6129 0.3625 0.0000
vt 0.5976 0.3811 0.0000
vt 0.6033 0.3861 0.0000
vt 0.6195 0.3682 0.0000
vt 0.5827 0.3993 0.0000
vt 0.5873 0.4036 0.0000
vt 0.6060 0.3571 0.0000
vt 0.5916 0.3765 0.0000
vt 0.5775 0.3955 0.0000
vt 0.6357 0.3503 0.0000
vt 0.5720 0.4205 0.0000
vt 0.5684 0.4167 0.0000
vt 0.5640 0.4139 0.0000
vt 0.5722 0.3920 0.0000
vt 0.5594 0.4112 0.0000
vt 0.5854 0.3722 0.0000
vt 0.5988 0.3521 0.0000
vt 0.6122 0.3320 0.0000
vt 0.6203 0.3377 0.0000
vt 0.6282 0.3438 0.0000
vt 0.6722 0.2902 0.0000
vt 0.6579 0.3076 0.0000
vt 0.6671 0.3156 0.0000
vt 0.6823 0.2989 0.0000
vt 0.6432 0.3255 0.0000
vt 0.6516 0.3328 0.0000
vt 0.6617 0.2820 0.0000
vt 0.6482 0.3001 0.0000
vt 0.6345 0.3187 0.0000
vt 0.6970 0.2827 0.0000
vt 0.6254 0.3123 0.0000
vt 0.6383 0.2931 0.0000
vt 0.6508 0.2744 0.0000
vt 0.6629 0.2562 0.0000
vt 0.6747 0.2644 0.0000
vt 0.6861 0.2733 0.0000
vt 0.7249 0.2260 0.0000
vt 0.7125 0.2411 0.0000
vt 0.7249 0.2519 0.0000
vt 0.7381 0.2373 0.0000
vt 0.6995 0.2569 0.0000
vt 0.7112 0.2670 0.0000
vt 0.7112 0.2153 0.0000
vt 0.6995 0.2310 0.0000
vt 0.6873 0.2474 0.0000
vt 0.7507 0.2234 0.0000
vt 0.6747 0.2385 0.0000
vt 0.6861 0.2216 0.0000
vt 0.6970 0.2052 0.0000
vt 0.7074 0.1896 0.0000
vt 0.7224 0.2002 0.0000
vt 0.7368 0.2115 0.0000
vt 0.7690 0.1722 0.0000
vt 0.7589 0.1846 0.0000
vt 0.7740 0.1976 0.0000
vt 0.7847 0.1858 0.0000
vt 0.7481 0.1976 0.0000
vt 0.7627 0.2102 0.0000
vt 0.7526 0.1594 0.0000
vt 0.7431 0.1722 0.0000
vt 0.7330 0.1858 0.0000
vt 0.7948 0.1748 0.0000
vt 0.7173 0.1748 0.0000
vt 0.7267 0.1607 0.0000
vt 0.7356 0.1475 0.0000
vt 0.7439 0.1351 0.0000
vt 0.7615 0.1475 0.0000
vt 0.7785 0.1607 0.0000
vt 0.8027 0.1311 0.0000
vt 0.7954 0.1401 0.0000
vt 0.8127 0.1551 0.0000
vt 0.8205 0.1464 0.0000
vt 0.7872 0.1500 0.0000
vt 0.8041 0.1645 0.0000
vt 0.7843 0.1167 0.0000
vt 0.7773 0.1261 0.0000
vt 0.7697 0.1363 0.0000
vt 0.8275 0.1386 0.0000
vt 0.7516 0.1235 0.0000
vt 0.7587 0.1129 0.0000
vt 0.7651 0.1032 0.0000
vt 0.7710 0.0945 0.0000
vt 0.7905 0.1083 0.0000
vt 0.8094 0.1230 0.0000
vt 0.8338 0.1317 0.0000
vt 0.8153 0.1158 0.0000
vt 0.7961 0.1008 0.0000
vt 0.5461 0.4438 0.0000
vt 0.5441 0.4502 0.0000
vt 0.5576 0.4362 0.0000
vt 0.5554 0.4325 0.0000
vt 0.5403 0.4470 0.0000
vt 0.5315 0.4616 0.0000
vt 0.5513 0.4311 0.0000
vt 0.5224 0.4665 0.0000
vt 0.5351 0.4475 0.0000
vt 0.5471 0.4295 0.0000
vt 0.7250 0.0791 0.0000
vt 0.7195 0.0894 0.0000
vt 0.7394 0.1007 0.0000
vt 0.7453 0.0907 0.0000
vt 0.7134 0.1007 0.0000
vt 0.7328 0.1116 0.0000
vt 0.7040 0.0686 0.0000
vt 0.6991 0.0791 0.0000
vt 0.6936 0.0907 0.0000
vt 0.7507 0.0817 0.0000
vt 0.7257 0.1235 0.0000
vt 0.7069 0.1129 0.0000
vt 0.6877 0.1032 0.0000
vt 0.6733 0.0817 0.0000
vt 0.6680 0.0945 0.0000
vt 0.6782 0.0699 0.0000
vt 0.6826 0.0591 0.0000
vt 0.7085 0.0591 0.0000
vt 0.7299 0.0699 0.0000
vt 0.5343 0.4359 0.0000
vt 0.5336 0.4425 0.0000
vt 0.5440 0.4262 0.0000
vt 0.5412 0.4230 0.0000
vt 0.5291 0.4402 0.0000
vt 0.5234 0.4562 0.0000
vt 0.5369 0.4224 0.0000
vt 0.5551 0.4079 0.0000
vt 0.5508 0.4049 0.0000
vt 0.5154 0.4627 0.0000
vt 0.5242 0.4416 0.0000
vt 0.5459 0.4030 0.0000
vt 0.5409 0.4013 0.0000
vt 0.5324 0.4217 0.0000
vt 0.5839 0.3431 0.0000
vt 0.5725 0.3643 0.0000
vt 0.5791 0.3681 0.0000
vt 0.5915 0.3474 0.0000
vt 0.5614 0.3851 0.0000
vt 0.5669 0.3884 0.0000
vt 0.5761 0.3392 0.0000
vt 0.5658 0.3610 0.0000
vt 0.5556 0.3824 0.0000
vt 0.6039 0.3267 0.0000
vt 0.5497 0.3800 0.0000
vt 0.5588 0.3580 0.0000
vt 0.5681 0.3356 0.0000
vt 0.5773 0.3134 0.0000
vt 0.5864 0.3174 0.0000
vt 0.5952 0.3218 0.0000
vt 0.6279 0.2607 0.0000
vt 0.6173 0.2805 0.0000
vt 0.6279 0.2866 0.0000
vt 0.6395 0.2672 0.0000
vt 0.6064 0.3010 0.0000
vt 0.6160 0.3064 0.0000
vt 0.6160 0.2547 0.0000
vt 0.6064 0.2751 0.0000
vt 0.5965 0.2960 0.0000
vt 0.6508 0.2484 0.0000
vt 0.5864 0.2915 0.0000
vt 0.5952 0.2701 0.0000
vt 0.6039 0.2493 0.0000
vt 0.6122 0.2290 0.0000
vt 0.6254 0.2349 0.0000
vt 0.6383 0.2414 0.0000
vt 0.6671 0.1874 0.0000
vt 0.6579 0.2047 0.0000
vt 0.6722 0.2128 0.0000
vt 0.6823 0.1959 0.0000
vt 0.6482 0.2227 0.0000
vt 0.6617 0.2303 0.0000
vt 0.6516 0.1795 0.0000
vt 0.6432 0.1973 0.0000
vt 0.6345 0.2157 0.0000
vt 0.6919 0.1798 0.0000
vt 0.6203 0.2095 0.0000
vt 0.6282 0.1906 0.0000
vt 0.6357 0.1725 0.0000
vt 0.6429 0.1551 0.0000
vt 0.6596 0.1626 0.0000
vt 0.6760 0.1708 0.0000
vt 0.6999 0.1261 0.0000
vt 0.6924 0.1401 0.0000
vt 0.7098 0.1500 0.0000
vt 0.7180 0.1363 0.0000
vt 0.6844 0.1551 0.0000
vt 0.7011 0.1645 0.0000
vt 0.6813 0.1167 0.0000
vt 0.6745 0.1311 0.0000
vt 0.6672 0.1464 0.0000
vt 0.6497 0.1386 0.0000
vt 0.6562 0.1230 0.0000
vt 0.6623 0.1083 0.0000
vt 0.5517 0.3297 0.0000
vt 0.5447 0.3528 0.0000
vt 0.5518 0.3552 0.0000
vt 0.5599 0.3325 0.0000
vt 0.5378 0.3753 0.0000
vt 0.5438 0.3775 0.0000
vt 0.5432 0.3274 0.0000
vt 0.5374 0.3508 0.0000
vt 0.5316 0.3738 0.0000
vt 0.5681 0.3098 0.0000
vt 0.5361 0.3990 0.0000
vt 0.5313 0.3969 0.0000
vt 0.5261 0.3959 0.0000
vt 0.5253 0.3726 0.0000
vt 0.5208 0.3952 0.0000
vt 0.5300 0.3492 0.0000
vt 0.5347 0.3255 0.0000
vt 0.5394 0.3019 0.0000
vt 0.5491 0.3040 0.0000
vt 0.5586 0.3067 0.0000
vt 0.5788 0.2403 0.0000
vt 0.5722 0.2619 0.0000
vt 0.5838 0.2657 0.0000
vt 0.5914 0.2445 0.0000
vt 0.5655 0.2840 0.0000
vt 0.5760 0.2875 0.0000
vt 0.5659 0.2367 0.0000
vt 0.5605 0.2586 0.0000
vt 0.5548 0.2811 0.0000
vt 0.5988 0.2239 0.0000
vt 0.5440 0.2786 0.0000
vt 0.5486 0.2559 0.0000
vt 0.5530 0.2338 0.0000
vt 0.5572 0.2124 0.0000
vt 0.5713 0.2155 0.0000
vt 0.5851 0.2194 0.0000
vt 0.6029 0.1608 0.0000
vt 0.5972 0.1795 0.0000
vt 0.6128 0.1847 0.0000
vt 0.6194 0.1662 0.0000
vt 0.5913 0.1991 0.0000
vt 0.6059 0.2039 0.0000
vt 0.5861 0.1561 0.0000
vt 0.5814 0.1752 0.0000
vt 0.5764 0.1950 0.0000
vt 0.6258 0.1486 0.0000
vt 0.5614 0.1916 0.0000
vt 0.5653 0.1716 0.0000
vt 0.5692 0.1523 0.0000
vt 0.5728 0.1339 0.0000
vt 0.5907 0.1379 0.0000
vt 0.6084 0.1428 0.0000
vt 0.6231 0.0943 0.0000
vt 0.6185 0.1095 0.0000
vt 0.6375 0.1158 0.0000
vt 0.6428 0.1008 0.0000
vt 0.6135 0.1257 0.0000
vt 0.6318 0.1317 0.0000
vt 0.6030 0.0887 0.0000
vt 0.5992 0.1042 0.0000
vt 0.5950 0.1206 0.0000
vt 0.6479 0.0867 0.0000
vt 0.5763 0.1164 0.0000
vt 0.5796 0.0998 0.0000
vt 0.5827 0.0841 0.0000
vt 0.5856 0.0695 0.0000
vt 0.6067 0.0742 0.0000
vt 0.6274 0.0800 0.0000
vt 0.6385 0.0433 0.0000
vt 0.6352 0.0545 0.0000
vt 0.6568 0.0617 0.0000
vt 0.6608 0.0507 0.0000
vt 0.6314 0.0667 0.0000
vt 0.6525 0.0737 0.0000
vt 0.6160 0.0371 0.0000
vt 0.6131 0.0484 0.0000
vt 0.6100 0.0608 0.0000
vt 0.5883 0.0559 0.0000
vt 0.5908 0.0434 0.0000
vt 0.5931 0.0320 0.0000
vt 0.5211 0.4304 0.0000
vt 0.5217 0.4371 0.0000
vt 0.5288 0.4190 0.0000
vt 0.5253 0.4165 0.0000
vt 0.5169 0.4356 0.0000
vt 0.5144 0.4525 0.0000
vt 0.5211 0.4167 0.0000
vt 0.5079 0.4604 0.0000
vt 0.5123 0.4380 0.0000
vt 0.5165 0.4169 0.0000
vt 0.5468 0.0251 0.0000
vt 0.5456 0.0367 0.0000
vt 0.5683 0.0395 0.0000
vt 0.5700 0.0280 0.0000
vt 0.5444 0.0494 0.0000
vt 0.5664 0.0521 0.0000
vt 0.5234 0.0234 0.0000
vt 0.5229 0.0350 0.0000
vt 0.5222 0.0478 0.0000
vt 0.5644 0.0658 0.0000
vt 0.5430 0.0632 0.0000
vt 0.5215 0.0616 0.0000
vt 0.5000 0.0472 0.0000
vt 0.5000 0.0611 0.0000
vt 0.5000 0.0344 0.0000
vt 0.5000 0.0228 0.0000
vt 0.5071 0.4276 0.0000
vt 0.5090 0.4341 0.0000
vt 0.5124 0.4150 0.0000
vt 0.5086 0.4131 0.0000
vt 0.5040 0.4336 0.0000
vt 0.5049 0.4506 0.0000
vt 0.5044 0.4142 0.0000
vt 0.5157 0.3939 0.0000
vt 0.5106 0.3927 0.0000
vt 0.5000 0.4597 0.0000
vt 0.5000 0.4368 0.0000
vt 0.5053 0.3928 0.0000
vt 0.5000 0.3932 0.0000
vt 0.5000 0.4153 0.0000
vt 0.5174 0.3229 0.0000
vt 0.5151 0.3469 0.0000
vt 0.5226 0.3479 0.0000
vt 0.5261 0.3240 0.0000
vt 0.5128 0.3703 0.0000
vt 0.5191 0.3713 0.0000
vt 0.5087 0.3223 0.0000
vt 0.5076 0.3464 0.0000
vt 0.5064 0.3701 0.0000
vt 0.5296 0.3002 0.0000
vt 0.5000 0.3701 0.0000
vt 0.5000 0.3463 0.0000
vt 0.5000 0.3221 0.0000
vt 0.5000 0.2980 0.0000
vt 0.5099 0.2982 0.0000
vt 0.5198 0.2990 0.0000
vt 0.5266 0.2299 0.0000
vt 0.5244 0.2524 0.0000
vt 0.5365 0.2539 0.0000
vt 0.5398 0.2316 0.0000
vt 0.5221 0.2754 0.0000
vt 0.5331 0.2767 0.0000
vt 0.5133 0.2289 0.0000
vt 0.5122 0.2515 0.0000
vt 0.5111 0.2746 0.0000
vt 0.5430 0.2099 0.0000
vt 0.5000 0.2743 0.0000
vt 0.5000 0.2512 0.0000
vt 0.5000 0.2286 0.0000
vt 0.5000 0.2067 0.0000
vt 0.5144 0.2071 0.0000
vt 0.5288 0.2081 0.0000
vt 0.5348 0.1472 0.0000
vt 0.5328 0.1667 0.0000
vt 0.5491 0.1687 0.0000
vt 0.5520 0.1493 0.0000
vt 0.5308 0.1871 0.0000
vt 0.5461 0.1889 0.0000
vt 0.5174 0.1459 0.0000
vt 0.5164 0.1655 0.0000
vt 0.5154 0.1859 0.0000
vt 0.5548 0.1308 0.0000
vt 0.5000 0.1855 0.0000
vt 0.5000 0.1651 0.0000
vt 0.5000 0.1455 0.0000
vt 0.5000 0.1267 0.0000
vt 0.5183 0.1272 0.0000
vt 0.5366 0.1285 0.0000
vt 0.5416 0.0780 0.0000
vt 0.5400 0.0939 0.0000
vt 0.5599 0.0964 0.0000
vt 0.5622 0.0806 0.0000
vt 0.5383 0.1107 0.0000
vt 0.5574 0.1131 0.0000
vt 0.5208 0.0765 0.0000
vt 0.5200 0.0924 0.0000
vt 0.5192 0.1093 0.0000
vt 0.5000 0.1089 0.0000
vt 0.5000 0.0919 0.0000
vt 0.5000 0.0760 0.0000
vt 0.4734 0.2299 0.0000
vt 0.4756 0.2524 0.0000
vt 0.4878 0.2515 0.0000
vt 0.4867 0.2289 0.0000
vt 0.4779 0.2754 0.0000
vt 0.4889 0.2746 0.0000
vt 0.4602 0.2316 0.0000
vt 0.4635 0.2539 0.0000
vt 0.4669 0.2767 0.0000
vt 0.4856 0.2071 0.0000
vt 0.4901 0.2982 0.0000
vt 0.4802 0.2990 0.0000
vt 0.4704 0.3002 0.0000
vt 0.4560 0.2786 0.0000
vt 0.4606 0.3019 0.0000
vt 0.4515 0.2559 0.0000
vt 0.4471 0.2338 0.0000
vt 0.4428 0.2124 0.0000
vt 0.4570 0.2099 0.0000
vt 0.4713 0.2081 0.0000
vt 0.4653 0.1472 0.0000
vt 0.4672 0.1667 0.0000
vt 0.4836 0.1655 0.0000
vt 0.4826 0.1459 0.0000
vt 0.4692 0.1871 0.0000
vt 0.4846 0.1859 0.0000
vt 0.4480 0.1493 0.0000
vt 0.4509 0.1687 0.0000
vt 0.4539 0.1889 0.0000
vt 0.4817 0.1272 0.0000
vt 0.4387 0.1916 0.0000
vt 0.4347 0.1716 0.0000
vt 0.4308 0.1523 0.0000
vt 0.4272 0.1339 0.0000
vt 0.4452 0.1308 0.0000
vt 0.4634 0.1285 0.0000
vt 0.4584 0.0780 0.0000
vt 0.4600 0.0939 0.0000
vt 0.4800 0.0924 0.0000
vt 0.4792 0.0765 0.0000
vt 0.4617 0.1107 0.0000
vt 0.4808 0.1093 0.0000
vt 0.4378 0.0806 0.0000
vt 0.4401 0.0964 0.0000
vt 0.4426 0.1131 0.0000
vt 0.4785 0.0616 0.0000
vt 0.4237 0.1164 0.0000
vt 0.4204 0.0998 0.0000
vt 0.4173 0.0841 0.0000
vt 0.4144 0.0695 0.0000
vt 0.4356 0.0658 0.0000
vt 0.4570 0.0632 0.0000
vt 0.4532 0.0251 0.0000
vt 0.4544 0.0367 0.0000
vt 0.4772 0.0350 0.0000
vt 0.4766 0.0234 0.0000
vt 0.4556 0.0494 0.0000
vt 0.4778 0.0478 0.0000
vt 0.4300 0.0280 0.0000
vt 0.4317 0.0395 0.0000
vt 0.4336 0.0521 0.0000
vt 0.4117 0.0559 0.0000
vt 0.4092 0.0434 0.0000
vt 0.4069 0.0320 0.0000
vt 0.4749 0.2404 0.0000
vt 0.4929 0.4276 0.0000
vt 0.4960 0.4336 0.0000
vt 0.4956 0.4142 0.0000
vt 0.4915 0.4131 0.0000
vt 0.4910 0.4341 0.0000
vt 0.4951 0.4506 0.0000
vt 0.4876 0.4150 0.0000
vt 0.4947 0.3928 0.0000
vt 0.4894 0.3927 0.0000
vt 0.4921 0.4604 0.0000
vt 0.4877 0.4380 0.0000
vt 0.4843 0.3939 0.0000
vt 0.4792 0.3952 0.0000
vt 0.4835 0.4169 0.0000
vt 0.4826 0.3229 0.0000
vt 0.4849 0.3469 0.0000
vt 0.4925 0.3464 0.0000
vt 0.4913 0.3223 0.0000
vt 0.4872 0.3703 0.0000
vt 0.4936 0.3701 0.0000
vt 0.4739 0.3240 0.0000
vt 0.4775 0.3479 0.0000
vt 0.4809 0.3713 0.0000
vt 0.4747 0.3726 0.0000
vt 0.4700 0.3492 0.0000
vt 0.4653 0.3255 0.0000
vt 0.3755 0.2404 0.0000
vt 0.4789 0.4304 0.0000
vt 0.4831 0.4356 0.0000
vt 0.4790 0.4167 0.0000
vt 0.4747 0.4165 0.0000
vt 0.4783 0.4371 0.0000
vt 0.4856 0.4525 0.0000
vt 0.4712 0.4190 0.0000
vt 0.4739 0.3959 0.0000
vt 0.4687 0.3969 0.0000
vt 0.4846 0.4627 0.0000
vt 0.4758 0.4416 0.0000
vt 0.4639 0.3990 0.0000
vt 0.4591 0.4013 0.0000
vt 0.4676 0.4217 0.0000
vt 0.4484 0.3297 0.0000
vt 0.4554 0.3528 0.0000
vt 0.4626 0.3508 0.0000
vt 0.4568 0.3274 0.0000
vt 0.4622 0.3753 0.0000
vt 0.4684 0.3738 0.0000
vt 0.4401 0.3325 0.0000
vt 0.4482 0.3552 0.0000
vt 0.4562 0.3775 0.0000
vt 0.4509 0.3040 0.0000
vt 0.4503 0.3800 0.0000
vt 0.4412 0.3580 0.0000
vt 0.4319 0.3356 0.0000
vt 0.4227 0.3134 0.0000
vt 0.4320 0.3098 0.0000
vt 0.4414 0.3067 0.0000
vt 0.4212 0.2403 0.0000
vt 0.4278 0.2619 0.0000
vt 0.4395 0.2586 0.0000
vt 0.4341 0.2367 0.0000
vt 0.4345 0.2840 0.0000
vt 0.4452 0.2811 0.0000
vt 0.4086 0.2445 0.0000
vt 0.4162 0.2657 0.0000
vt 0.4240 0.2875 0.0000
vt 0.4287 0.2155 0.0000
vt 0.4136 0.2915 0.0000
vt 0.4048 0.2701 0.0000
vt 0.3962 0.2493 0.0000
vt 0.3878 0.2290 0.0000
vt 0.4012 0.2239 0.0000
vt 0.4149 0.2194 0.0000
vt 0.3971 0.1608 0.0000
vt 0.4028 0.1795 0.0000
vt 0.4186 0.1752 0.0000
vt 0.4139 0.1561 0.0000
vt 0.4087 0.1991 0.0000
vt 0.4236 0.1950 0.0000
vt 0.3806 0.1662 0.0000
vt 0.3872 0.1847 0.0000
vt 0.3941 0.2039 0.0000
vt 0.4093 0.1379 0.0000
vt 0.3797 0.2095 0.0000
vt 0.3719 0.1906 0.0000
vt 0.3643 0.1725 0.0000
vt 0.3572 0.1551 0.0000
vt 0.3743 0.1486 0.0000
vt 0.3917 0.1428 0.0000
vt 0.3769 0.0943 0.0000
vt 0.3816 0.1095 0.0000
vt 0.4009 0.1042 0.0000
vt 0.3970 0.0887 0.0000
vt 0.3865 0.1257 0.0000
vt 0.4050 0.1206 0.0000
vt 0.3572 0.1008 0.0000
vt 0.3625 0.1158 0.0000
vt 0.3682 0.1317 0.0000
vt 0.3934 0.0742 0.0000
vt 0.3503 0.1386 0.0000
vt 0.3438 0.1230 0.0000
vt 0.3377 0.1083 0.0000
vt 0.3320 0.0945 0.0000
vt 0.3521 0.0867 0.0000
vt 0.3726 0.0800 0.0000
vt 0.3615 0.0433 0.0000
vt 0.3649 0.0545 0.0000
vt 0.3869 0.0484 0.0000
vt 0.3841 0.0371 0.0000
vt 0.3686 0.0667 0.0000
vt 0.3900 0.0608 0.0000
vt 0.3392 0.0507 0.0000
vt 0.3432 0.0617 0.0000
vt 0.3475 0.0737 0.0000
vt 0.3267 0.0817 0.0000
vt 0.3218 0.0699 0.0000
vt 0.3174 0.0591 0.0000
vt 0.3329 0.1874 0.0000
vt 0.3421 0.2047 0.0000
vt 0.3568 0.1973 0.0000
vt 0.3484 0.1795 0.0000
vt 0.3518 0.2227 0.0000
vt 0.3656 0.2157 0.0000
vt 0.3178 0.1959 0.0000
vt 0.3278 0.2128 0.0000
vt 0.3383 0.2303 0.0000
vt 0.3404 0.1626 0.0000
vt 0.3746 0.2349 0.0000
vt 0.3618 0.2414 0.0000
vt 0.3492 0.2484 0.0000
vt 0.3253 0.2385 0.0000
vt 0.3371 0.2562 0.0000
vt 0.3140 0.2216 0.0000
vt 0.3031 0.2052 0.0000
vt 0.2926 0.1896 0.0000
vt 0.3081 0.1798 0.0000
vt 0.3240 0.1708 0.0000
vt 0.3001 0.1261 0.0000
vt 0.3076 0.1401 0.0000
vt 0.3255 0.1311 0.0000
vt 0.3187 0.1167 0.0000
vt 0.3156 0.1551 0.0000
vt 0.3328 0.1464 0.0000
vt 0.2820 0.1363 0.0000
vt 0.2902 0.1500 0.0000
vt 0.2989 0.1645 0.0000
vt 0.3123 0.1032 0.0000
vt 0.2827 0.1748 0.0000
vt 0.2733 0.1607 0.0000
vt 0.2644 0.1475 0.0000
vt 0.2562 0.1351 0.0000
vt 0.2744 0.1235 0.0000
vt 0.2931 0.1129 0.0000
vt 0.2751 0.0791 0.0000
vt 0.2805 0.0894 0.0000
vt 0.3010 0.0791 0.0000
vt 0.2960 0.0686 0.0000
vt 0.2866 0.1007 0.0000
vt 0.3064 0.0907 0.0000
vt 0.2547 0.0907 0.0000
vt 0.2607 0.1007 0.0000
vt 0.2672 0.1116 0.0000
vt 0.2485 0.1235 0.0000
vt 0.2414 0.1129 0.0000
vt 0.2349 0.1032 0.0000
vt 0.2291 0.0945 0.0000
vt 0.2493 0.0817 0.0000
vt 0.2701 0.0699 0.0000
vt 0.2915 0.0591 0.0000
vt 0.2368 0.2416 0.0000
vt 0.2291 0.2774 0.0000
vt 0.4657 0.4359 0.0000
vt 0.4709 0.4402 0.0000
vt 0.4631 0.4224 0.0000
vt 0.4589 0.4230 0.0000
vt 0.4665 0.4425 0.0000
vt 0.4766 0.4562 0.0000
vt 0.4560 0.4262 0.0000
vt 0.4541 0.4030 0.0000
vt 0.4492 0.4049 0.0000
vt 0.4776 0.4665 0.0000
vt 0.4649 0.4475 0.0000
vt 0.4449 0.4079 0.0000
vt 0.4407 0.4112 0.0000
vt 0.4529 0.4295 0.0000
vt 0.4161 0.3431 0.0000
vt 0.4275 0.3643 0.0000
vt 0.4343 0.3610 0.0000
vt 0.4239 0.3392 0.0000
vt 0.4386 0.3851 0.0000
vt 0.4444 0.3824 0.0000
vt 0.4085 0.3474 0.0000
vt 0.4210 0.3681 0.0000
vt 0.4332 0.3884 0.0000
vt 0.4136 0.3174 0.0000
vt 0.4279 0.3920 0.0000
vt 0.4146 0.3722 0.0000
vt 0.4012 0.3521 0.0000
vt 0.3878 0.3320 0.0000
vt 0.3962 0.3267 0.0000
vt 0.4048 0.3218 0.0000
vt 0.3721 0.2607 0.0000
vt 0.3827 0.2805 0.0000
vt 0.3936 0.2751 0.0000
vt 0.3840 0.2547 0.0000
vt 0.3936 0.3010 0.0000
vt 0.4035 0.2960 0.0000
vt 0.3605 0.2672 0.0000
vt 0.3721 0.2866 0.0000
vt 0.3840 0.3064 0.0000
vt 0.3746 0.3123 0.0000
vt 0.3618 0.2931 0.0000
vt 0.3492 0.2744 0.0000
vt 0.4539 0.4438 0.0000
vt 0.4598 0.4470 0.0000
vt 0.4487 0.4311 0.0000
vt 0.4446 0.4325 0.0000
vt 0.4559 0.4502 0.0000
vt 0.4685 0.4616 0.0000
vt 0.4424 0.4362 0.0000
vt 0.4360 0.4139 0.0000
vt 0.4316 0.4167 0.0000
vt 0.4715 0.4715 0.0000
vt 0.4553 0.4553 0.0000
vt 0.4280 0.4205 0.0000
vt 0.4245 0.4245 0.0000
vt 0.4401 0.4401 0.0000
vt 0.3871 0.3625 0.0000
vt 0.4024 0.3811 0.0000
vt 0.4084 0.3765 0.0000
vt 0.3940 0.3571 0.0000
vt 0.4174 0.3993 0.0000
vt 0.4225 0.3955 0.0000
vt 0.3805 0.3682 0.0000
vt 0.3967 0.3861 0.0000
vt 0.4127 0.4036 0.0000
vt 0.3797 0.3377 0.0000
vt 0.4082 0.4082 0.0000
vt 0.3913 0.3913 0.0000
vt 0.3742 0.3742 0.0000
vt 0.3572 0.3572 0.0000
vt 0.3643 0.3503 0.0000
vt 0.3719 0.3438 0.0000
vt 0.3278 0.2902 0.0000
vt 0.3421 0.3076 0.0000
vt 0.3518 0.3001 0.0000
vt 0.3383 0.2820 0.0000
vt 0.3568 0.3255 0.0000
vt 0.3656 0.3187 0.0000
vt 0.3178 0.2989 0.0000
vt 0.3329 0.3156 0.0000
vt 0.3484 0.3328 0.0000
vt 0.3253 0.2644 0.0000
vt 0.3404 0.3404 0.0000
vt 0.3240 0.3240 0.0000
vt 0.3081 0.3081 0.0000
vt 0.2926 0.2926 0.0000
vt 0.3031 0.2827 0.0000
vt 0.3140 0.2733 0.0000
vt 0.2751 0.2260 0.0000
vt 0.2876 0.2411 0.0000
vt 0.3005 0.2310 0.0000
vt 0.2888 0.2153 0.0000
vt 0.3005 0.2569 0.0000
vt 0.3127 0.2474 0.0000
vt 0.2619 0.2373 0.0000
vt 0.2751 0.2519 0.0000
vt 0.2888 0.2670 0.0000
vt 0.2776 0.2002 0.0000
vt 0.2776 0.2776 0.0000
vt 0.2632 0.2632 0.0000
vt 0.2493 0.2493 0.0000
vt 0.2361 0.2361 0.0000
vt 0.2493 0.2234 0.0000
vt 0.2632 0.2115 0.0000
vt 0.2310 0.1722 0.0000
vt 0.2411 0.1846 0.0000
vt 0.2569 0.1722 0.0000
vt 0.2474 0.1594 0.0000
vt 0.2519 0.1976 0.0000
vt 0.2670 0.1858 0.0000
vt 0.2153 0.1858 0.0000
vt 0.2260 0.1977 0.0000
vt 0.2373 0.2102 0.0000
vt 0.2385 0.1475 0.0000
vt 0.2234 0.2234 0.0000
vt 0.2115 0.2115 0.0000
vt 0.2002 0.2002 0.0000
vt 0.1896 0.1896 0.0000
vt 0.2052 0.1748 0.0000
vt 0.2216 0.1607 0.0000
vt 0.1973 0.1311 0.0000
vt 0.2047 0.1401 0.0000
vt 0.2227 0.1261 0.0000
vt 0.2157 0.1167 0.0000
vt 0.2128 0.1500 0.0000
vt 0.2303 0.1363 0.0000
vt 0.1795 0.1464 0.0000
vt 0.1874 0.1551 0.0000
vt 0.1959 0.1645 0.0000
vt 0.2095 0.1083 0.0000
vt 0.1798 0.1798 0.0000
vt 0.1708 0.1708 0.0000
vt 0.1626 0.1626 0.0000
vt 0.1551 0.1551 0.0000
vt 0.1725 0.1386 0.0000
vt 0.1906 0.1230 0.0000
vt 0.1847 0.1158 0.0000
vt 0.2039 0.1008 0.0000
vt 0.1662 0.1317 0.0000
vt 0.1486 0.1486 0.0000
vt 0.2260 0.2751 0.0000
vt 0.2411 0.2876 0.0000
vt 0.2519 0.2751 0.0000
vt 0.2373 0.2619 0.0000
vt 0.2569 0.3005 0.0000
vt 0.2670 0.2888 0.0000
vt 0.2153 0.2888 0.0000
vt 0.2310 0.3005 0.0000
vt 0.2474 0.3127 0.0000
vt 0.2234 0.2493 0.0000
vt 0.2827 0.3030 0.0000
vt 0.2733 0.3139 0.0000
vt 0.2644 0.3253 0.0000
vt 0.2385 0.3253 0.0000
vt 0.2562 0.3371 0.0000
vt 0.2216 0.3139 0.0000
vt 0.2052 0.3030 0.0000
vt 0.1896 0.2926 0.0000
vt 0.2002 0.2776 0.0000
vt 0.2115 0.2632 0.0000
vt 0.1723 0.2310 0.0000
vt 0.1846 0.2411 0.0000
vt 0.1977 0.2260 0.0000
vt 0.1858 0.2153 0.0000
vt 0.1977 0.2519 0.0000
vt 0.2102 0.2373 0.0000
vt 0.1594 0.2474 0.0000
vt 0.1723 0.2569 0.0000
vt 0.1858 0.2670 0.0000
vt 0.1748 0.2052 0.0000
vt 0.1748 0.2827 0.0000
vt 0.1607 0.2733 0.0000
vt 0.1475 0.2644 0.0000
vt 0.1351 0.2562 0.0000
vt 0.1475 0.2385 0.0000
vt 0.1607 0.2216 0.0000
vt 0.1311 0.1973 0.0000
vt 0.1401 0.2047 0.0000
vt 0.1551 0.1874 0.0000
vt 0.1464 0.1795 0.0000
vt 0.1500 0.2128 0.0000
vt 0.1645 0.1959 0.0000
vt 0.1167 0.2157 0.0000
vt 0.1261 0.2227 0.0000
vt 0.1363 0.2303 0.0000
vt 0.1386 0.1725 0.0000
vt 0.1235 0.2484 0.0000
vt 0.1129 0.2414 0.0000
vt 0.1032 0.2349 0.0000
vt 0.0945 0.2290 0.0000
vt 0.1083 0.2095 0.0000
vt 0.1230 0.1906 0.0000
vt 0.1317 0.1662 0.0000
vt 0.1158 0.1847 0.0000
vt 0.1008 0.2039 0.0000
vt 0.4438 0.4539 0.0000
vt 0.4502 0.4559 0.0000
vt 0.4362 0.4424 0.0000
vt 0.4325 0.4446 0.0000
vt 0.4470 0.4598 0.0000
vt 0.4616 0.4685 0.0000
vt 0.4311 0.4487 0.0000
vt 0.4205 0.4280 0.0000
vt 0.4167 0.4316 0.0000
vt 0.4665 0.4776 0.0000
vt 0.4475 0.4649 0.0000
vt 0.4139 0.4360 0.0000
vt 0.4112 0.4407 0.0000
vt 0.4295 0.4529 0.0000
vt 0.3625 0.3871 0.0000
vt 0.3811 0.4024 0.0000
vt 0.3861 0.3967 0.0000
vt 0.3682 0.3805 0.0000
vt 0.3993 0.4173 0.0000
vt 0.4036 0.4127 0.0000
vt 0.3571 0.3940 0.0000
vt 0.3765 0.4084 0.0000
vt 0.3955 0.4225 0.0000
vt 0.3503 0.3643 0.0000
vt 0.3920 0.4278 0.0000
vt 0.3722 0.4146 0.0000
vt 0.3521 0.4012 0.0000
vt 0.3320 0.3878 0.0000
vt 0.3377 0.3797 0.0000
vt 0.3438 0.3718 0.0000
vt 0.2902 0.3278 0.0000
vt 0.3076 0.3421 0.0000
vt 0.3156 0.3329 0.0000
vt 0.2989 0.3177 0.0000
vt 0.3255 0.3568 0.0000
vt 0.3328 0.3484 0.0000
vt 0.2820 0.3383 0.0000
vt 0.3001 0.3518 0.0000
vt 0.3187 0.3656 0.0000
vt 0.3123 0.3746 0.0000
vt 0.2931 0.3618 0.0000
vt 0.2744 0.3492 0.0000
vt 0.4359 0.4657 0.0000
vt 0.4425 0.4664 0.0000
vt 0.4262 0.4560 0.0000
vt 0.4230 0.4589 0.0000
vt 0.4402 0.4709 0.0000
vt 0.4562 0.4766 0.0000
vt 0.4224 0.4631 0.0000
vt 0.4079 0.4449 0.0000
vt 0.4050 0.4492 0.0000
vt 0.4627 0.4846 0.0000
vt 0.4416 0.4758 0.0000
vt 0.4030 0.4541 0.0000
vt 0.4013 0.4591 0.0000
vt 0.4217 0.4676 0.0000
vt 0.3431 0.4161 0.0000
vt 0.3643 0.4275 0.0000
vt 0.3681 0.4210 0.0000
vt 0.3474 0.4085 0.0000
vt 0.3851 0.4386 0.0000
vt 0.3884 0.4331 0.0000
vt 0.3392 0.4239 0.0000
vt 0.3610 0.4342 0.0000
vt 0.3824 0.4444 0.0000
vt 0.3267 0.3961 0.0000
vt 0.3800 0.4503 0.0000
vt 0.3580 0.4412 0.0000
vt 0.3356 0.4319 0.0000
vt 0.3134 0.4227 0.0000
vt 0.3174 0.4136 0.0000
vt 0.3218 0.4048 0.0000
vt 0.2607 0.3721 0.0000
vt 0.2805 0.3827 0.0000
vt 0.2866 0.3721 0.0000
vt 0.2672 0.3605 0.0000
vt 0.3010 0.3936 0.0000
vt 0.3064 0.3840 0.0000
vt 0.2547 0.3840 0.0000
vt 0.2751 0.3936 0.0000
vt 0.2960 0.4035 0.0000
vt 0.2485 0.3492 0.0000
vt 0.2915 0.4136 0.0000
vt 0.2701 0.4048 0.0000
vt 0.2493 0.3961 0.0000
vt 0.2291 0.3878 0.0000
vt 0.2349 0.3746 0.0000
vt 0.2414 0.3618 0.0000
vt 0.1874 0.3329 0.0000
vt 0.2047 0.3421 0.0000
vt 0.2128 0.3278 0.0000
vt 0.1959 0.3177 0.0000
vt 0.2227 0.3518 0.0000
vt 0.2303 0.3383 0.0000
vt 0.1795 0.3484 0.0000
vt 0.1973 0.3568 0.0000
vt 0.2157 0.3656 0.0000
vt 0.1798 0.3081 0.0000
vt 0.2095 0.3797 0.0000
vt 0.1906 0.3718 0.0000
vt 0.1725 0.3643 0.0000
vt 0.1551 0.3572 0.0000
vt 0.1626 0.3404 0.0000
vt 0.1708 0.3240 0.0000
vt 0.1261 0.3001 0.0000
vt 0.1401 0.3076 0.0000
vt 0.1500 0.2902 0.0000
vt 0.1363 0.2820 0.0000
vt 0.1551 0.3156 0.0000
vt 0.1645 0.2989 0.0000
vt 0.1167 0.3187 0.0000
vt 0.1311 0.3255 0.0000
vt 0.1464 0.3328 0.0000
vt 0.1235 0.2744 0.0000
vt 0.1386 0.3503 0.0000
vt 0.1230 0.3438 0.0000
vt 0.1083 0.3377 0.0000
vt 0.0945 0.3320 0.0000
vt 0.1032 0.3123 0.0000
vt 0.1129 0.2931 0.0000
vt 0.0792 0.2751 0.0000
vt 0.0894 0.2805 0.0000
vt 0.1007 0.2607 0.0000
vt 0.0907 0.2547 0.0000
vt 0.1007 0.2866 0.0000
vt 0.1116 0.2672 0.0000
vt 0.0686 0.2960 0.0000
vt 0.0792 0.3010 0.0000
vt 0.0907 0.3064 0.0000
vt 0.0817 0.2493 0.0000
vt 0.0817 0.3267 0.0000
vt 0.0699 0.3218 0.0000
vt 0.0591 0.3174 0.0000
vt 0.0591 0.2915 0.0000
vt 0.0699 0.2701 0.0000
vt 0.0943 0.3769 0.0000
vt 0.1095 0.3815 0.0000
vt 0.1158 0.3625 0.0000
vt 0.1008 0.3572 0.0000
vt 0.1257 0.3865 0.0000
vt 0.1317 0.3682 0.0000
vt 0.0887 0.3970 0.0000
vt 0.1042 0.4009 0.0000
vt 0.1206 0.4050 0.0000
vt 0.0867 0.3521 0.0000
vt 0.1486 0.3742 0.0000
vt 0.1428 0.3916 0.0000
vt 0.1379 0.4093 0.0000
vt 0.1164 0.4237 0.0000
vt 0.1339 0.4272 0.0000
vt 0.0998 0.4204 0.0000
vt 0.0842 0.4173 0.0000
vt 0.0695 0.4144 0.0000
vt 0.0742 0.3934 0.0000
vt 0.0800 0.3726 0.0000
vt 0.0434 0.3615 0.0000
vt 0.0545 0.3649 0.0000
vt 0.0617 0.3432 0.0000
vt 0.0507 0.3392 0.0000
vt 0.0667 0.3686 0.0000
vt 0.0737 0.3475 0.0000
vt 0.0371 0.3841 0.0000
vt 0.0484 0.3869 0.0000
vt 0.0608 0.3900 0.0000
vt 0.0559 0.4117 0.0000
vt 0.0434 0.4092 0.0000
vt 0.0320 0.4069 0.0000
vt 0.4304 0.4789 0.0000
vt 0.4371 0.4783 0.0000
vt 0.4190 0.4712 0.0000
vt 0.4165 0.4747 0.0000
vt 0.4356 0.4831 0.0000
vt 0.4525 0.4856 0.0000
vt 0.4167 0.4790 0.0000
vt 0.3990 0.4639 0.0000
vt 0.3969 0.4687 0.0000
vt 0.4604 0.4921 0.0000
vt 0.4381 0.4877 0.0000
vt 0.3959 0.4739 0.0000
vt 0.3952 0.4792 0.0000
vt 0.4169 0.4835 0.0000
vt 0.3298 0.4484 0.0000
vt 0.3528 0.4553 0.0000
vt 0.3552 0.4482 0.0000
vt 0.3325 0.4401 0.0000
vt 0.3753 0.4622 0.0000
vt 0.3775 0.4562 0.0000
vt 0.3274 0.4568 0.0000
vt 0.3508 0.4626 0.0000
vt 0.3738 0.4684 0.0000
vt 0.3098 0.4319 0.0000
vt 0.3726 0.4747 0.0000
vt 0.3492 0.4700 0.0000
vt 0.3255 0.4653 0.0000
vt 0.3019 0.4606 0.0000
vt 0.3040 0.4509 0.0000
vt 0.3067 0.4414 0.0000
vt 0.2403 0.4212 0.0000
vt 0.2619 0.4278 0.0000
vt 0.2657 0.4162 0.0000
vt 0.2445 0.4086 0.0000
vt 0.2840 0.4345 0.0000
vt 0.2875 0.4240 0.0000
vt 0.2368 0.4341 0.0000
vt 0.2586 0.4395 0.0000
vt 0.2811 0.4452 0.0000
vt 0.2239 0.4012 0.0000
vt 0.2786 0.4560 0.0000
vt 0.2559 0.4515 0.0000
vt 0.2338 0.4471 0.0000
vt 0.2124 0.4428 0.0000
vt 0.2155 0.4287 0.0000
vt 0.2194 0.4149 0.0000
vt 0.1608 0.3971 0.0000
vt 0.1795 0.4028 0.0000
vt 0.1847 0.3872 0.0000
vt 0.1662 0.3806 0.0000
vt 0.1991 0.4087 0.0000
vt 0.2039 0.3941 0.0000
vt 0.1561 0.4139 0.0000
vt 0.1752 0.4186 0.0000
vt 0.1950 0.4236 0.0000
vt 0.1916 0.4387 0.0000
vt 0.1716 0.4347 0.0000
vt 0.1523 0.4308 0.0000
vt 0.4276 0.4929 0.0000
vt 0.4341 0.4910 0.0000
vt 0.4150 0.4876 0.0000
vt 0.4131 0.4914 0.0000
vt 0.4336 0.4960 0.0000
vt 0.4506 0.4951 0.0000
vt 0.4142 0.4956 0.0000
vt 0.3939 0.4843 0.0000
vt 0.3927 0.4894 0.0000
vt 0.4597 0.5000 0.0000
vt 0.4368 0.5000 0.0000
vt 0.3928 0.4947 0.0000
vt 0.3932 0.5000 0.0000
vt 0.4153 0.5000 0.0000
vt 0.3230 0.4826 0.0000
vt 0.3469 0.4849 0.0000
vt 0.3479 0.4774 0.0000
vt 0.3240 0.4739 0.0000
vt 0.3703 0.4872 0.0000
vt 0.3713 0.4809 0.0000
vt 0.3223 0.4913 0.0000
vt 0.3464 0.4924 0.0000
vt 0.3701 0.4936 0.0000
vt 0.3002 0.4704 0.0000
vt 0.3701 0.5000 0.0000
vt 0.3463 0.5000 0.0000
vt 0.3221 0.5000 0.0000
vt 0.2980 0.5000 0.0000
vt 0.2982 0.4901 0.0000
vt 0.2990 0.4802 0.0000
vt 0.2299 0.4734 0.0000
vt 0.2524 0.4756 0.0000
vt 0.2539 0.4635 0.0000
vt 0.2316 0.4602 0.0000
vt 0.2754 0.4779 0.0000
vt 0.2768 0.4669 0.0000
vt 0.2289 0.4867 0.0000
vt 0.2515 0.4878 0.0000
vt 0.2746 0.4889 0.0000
vt 0.2099 0.4570 0.0000
vt 0.2743 0.5000 0.0000
vt 0.2512 0.5000 0.0000
vt 0.2286 0.5000 0.0000
vt 0.2067 0.5000 0.0000
vt 0.2071 0.4856 0.0000
vt 0.2081 0.4713 0.0000
vt 0.1472 0.4653 0.0000
vt 0.1667 0.4672 0.0000
vt 0.1687 0.4509 0.0000
vt 0.1493 0.4480 0.0000
vt 0.1871 0.4692 0.0000
vt 0.1890 0.4539 0.0000
vt 0.1459 0.4826 0.0000
vt 0.1655 0.4836 0.0000
vt 0.1859 0.4846 0.0000
vt 0.1308 0.4452 0.0000
vt 0.1855 0.5000 0.0000
vt 0.1651 0.5000 0.0000
vt 0.1455 0.5000 0.0000
vt 0.1267 0.5000 0.0000
vt 0.1272 0.4817 0.0000
vt 0.1285 0.4634 0.0000
vt 0.0780 0.4584 0.0000
vt 0.0939 0.4600 0.0000
vt 0.0964 0.4401 0.0000
vt 0.0806 0.4378 0.0000
vt 0.1108 0.4617 0.0000
vt 0.1131 0.4426 0.0000
vt 0.0765 0.4792 0.0000
vt 0.0924 0.4800 0.0000
vt 0.1093 0.4808 0.0000
vt 0.0658 0.4356 0.0000
vt 0.1089 0.5000 0.0000
vt 0.0919 0.5000 0.0000
vt 0.0760 0.5000 0.0000
vt 0.0611 0.5000 0.0000
vt 0.0616 0.4785 0.0000
vt 0.0632 0.4570 0.0000
vt 0.0251 0.4532 0.0000
vt 0.0367 0.4544 0.0000
vt 0.0395 0.4317 0.0000
vt 0.0280 0.4300 0.0000
vt 0.0494 0.4556 0.0000
vt 0.0521 0.4336 0.0000
vt 0.0234 0.4766 0.0000
vt 0.0350 0.4772 0.0000
vt 0.0478 0.4778 0.0000
vt 0.0472 0.5000 0.0000
vt 0.0345 0.5000 0.0000
vt 0.0228 0.5000 0.0000
vt 0.0780 0.5416 0.0000
vt 0.0939 0.5400 0.0000
vt 0.0924 0.5200 0.0000
vt 0.0765 0.5208 0.0000
vt 0.1108 0.5383 0.0000
vt 0.1093 0.5192 0.0000
vt 0.0806 0.5622 0.0000
vt 0.0964 0.5599 0.0000
vt 0.1131 0.5574 0.0000
vt 0.0616 0.5215 0.0000
vt 0.1272 0.5183 0.0000
vt 0.1285 0.5366 0.0000
vt 0.1308 0.5548 0.0000
vt 0.1164 0.5763 0.0000
vt 0.1339 0.5728 0.0000
vt 0.0998 0.5796 0.0000
vt 0.0842 0.5827 0.0000
vt 0.0695 0.5856 0.0000
vt 0.0658 0.5644 0.0000
vt 0.0632 0.5430 0.0000
vt 0.0251 0.5468 0.0000
vt 0.0367 0.5456 0.0000
vt 0.0350 0.5228 0.0000
vt 0.0234 0.5234 0.0000
vt 0.0494 0.5444 0.0000
vt 0.0478 0.5222 0.0000
vt 0.0280 0.5700 0.0000
vt 0.0395 0.5683 0.0000
vt 0.0521 0.5664 0.0000
vt 0.0559 0.5883 0.0000
vt 0.0434 0.5908 0.0000
vt 0.0320 0.5931 0.0000
vt 0.4276 0.5071 0.0000
vt 0.4336 0.5040 0.0000
vt 0.4142 0.5044 0.0000
vt 0.4131 0.5086 0.0000
vt 0.4341 0.5090 0.0000
vt 0.4506 0.5049 0.0000
vt 0.4150 0.5124 0.0000
vt 0.3928 0.5053 0.0000
vt 0.3927 0.5106 0.0000
vt 0.4604 0.5079 0.0000
vt 0.4381 0.5123 0.0000
vt 0.3939 0.5157 0.0000
vt 0.3952 0.5208 0.0000
vt 0.4169 0.5165 0.0000
vt 0.3230 0.5174 0.0000
vt 0.3469 0.5151 0.0000
vt 0.3464 0.5076 0.0000
vt 0.3223 0.5087 0.0000
vt 0.3703 0.5128 0.0000
vt 0.3701 0.5064 0.0000
vt 0.3240 0.5261 0.0000
vt 0.3479 0.5226 0.0000
vt 0.3713 0.5191 0.0000
vt 0.2982 0.5099 0.0000
vt 0.3726 0.5253 0.0000
vt 0.3492 0.5300 0.0000
vt 0.3255 0.5347 0.0000
vt 0.3019 0.5394 0.0000
vt 0.3002 0.5296 0.0000
vt 0.2990 0.5198 0.0000
vt 0.2299 0.5266 0.0000
vt 0.2524 0.5244 0.0000
vt 0.2515 0.5122 0.0000
vt 0.2289 0.5133 0.0000
vt 0.2754 0.5221 0.0000
vt 0.2746 0.5111 0.0000
vt 0.2316 0.5398 0.0000
vt 0.2539 0.5365 0.0000
vt 0.2768 0.5331 0.0000
vt 0.2071 0.5144 0.0000
vt 0.2786 0.5440 0.0000
vt 0.2559 0.5485 0.0000
vt 0.2338 0.5529 0.0000
vt 0.2124 0.5572 0.0000
vt 0.2099 0.5430 0.0000
vt 0.2081 0.5287 0.0000
vt 0.1472 0.5347 0.0000
vt 0.1667 0.5328 0.0000
vt 0.1655 0.5164 0.0000
vt 0.1459 0.5174 0.0000
vt 0.1871 0.5308 0.0000
vt 0.1859 0.5154 0.0000
vt 0.1493 0.5520 0.0000
vt 0.1687 0.5491 0.0000
vt 0.1890 0.5461 0.0000
vt 0.1916 0.5613 0.0000
vt 0.1716 0.5653 0.0000
vt 0.1523 0.5692 0.0000
vt 0.3298 0.5516 0.0000
vt 0.3528 0.5447 0.0000
vt 0.3508 0.5374 0.0000
vt 0.3274 0.5432 0.0000
vt 0.3753 0.5378 0.0000
vt 0.3738 0.5316 0.0000
vt 0.3325 0.5599 0.0000
vt 0.3552 0.5518 0.0000
vt 0.3775 0.5438 0.0000
vt 0.3040 0.5491 0.0000
vt 0.3959 0.5261 0.0000
vt 0.3969 0.5313 0.0000
vt 0.3990 0.5361 0.0000
vt 0.3800 0.5497 0.0000
vt 0.4013 0.5409 0.0000
vt 0.3580 0.5588 0.0000
vt 0.3357 0.5681 0.0000
vt 0.3134 0.5773 0.0000
vt 0.3098 0.5681 0.0000
vt 0.3067 0.5586 0.0000
vt 0.2403 0.5788 0.0000
vt 0.2619 0.5722 0.0000
vt 0.2586 0.5605 0.0000
vt 0.2368 0.5659 0.0000
vt 0.2840 0.5655 0.0000
vt 0.2811 0.5548 0.0000
vt 0.2445 0.5914 0.0000
vt 0.2657 0.5838 0.0000
vt 0.2875 0.5760 0.0000
vt 0.2155 0.5713 0.0000
vt 0.2915 0.5864 0.0000
vt 0.2701 0.5952 0.0000
vt 0.2493 0.6039 0.0000
vt 0.2291 0.6122 0.0000
vt 0.2239 0.5988 0.0000
vt 0.2194 0.5851 0.0000
vt 0.1608 0.6029 0.0000
vt 0.1795 0.5972 0.0000
vt 0.1752 0.5814 0.0000
vt 0.1561 0.5861 0.0000
vt 0.1991 0.5913 0.0000
vt 0.1950 0.5764 0.0000
vt 0.1662 0.6194 0.0000
vt 0.1847 0.6128 0.0000
vt 0.2039 0.6059 0.0000
vt 0.1379 0.5907 0.0000
vt 0.2095 0.6203 0.0000
vt 0.1906 0.6282 0.0000
vt 0.1725 0.6357 0.0000
vt 0.1551 0.6428 0.0000
vt 0.1486 0.6258 0.0000
vt 0.1428 0.6084 0.0000
vt 0.0943 0.6231 0.0000
vt 0.1095 0.6185 0.0000
vt 0.1042 0.5992 0.0000
vt 0.0887 0.6030 0.0000
vt 0.1257 0.6135 0.0000
vt 0.1206 0.5950 0.0000
vt 0.1008 0.6428 0.0000
vt 0.1158 0.6375 0.0000
vt 0.1317 0.6318 0.0000
vt 0.0742 0.6067 0.0000
vt 0.1386 0.6497 0.0000
vt 0.1230 0.6562 0.0000
vt 0.1083 0.6623 0.0000
vt 0.0945 0.6680 0.0000
vt 0.0867 0.6479 0.0000
vt 0.0800 0.6274 0.0000
vt 0.0434 0.6385 0.0000
vt 0.0545 0.6351 0.0000
vt 0.0484 0.6131 0.0000
vt 0.0371 0.6160 0.0000
vt 0.0667 0.6314 0.0000
vt 0.0608 0.6100 0.0000
vt 0.0507 0.6608 0.0000
vt 0.0617 0.6568 0.0000
vt 0.0737 0.6525 0.0000
vt 0.0817 0.6733 0.0000
vt 0.0699 0.6782 0.0000
vt 0.0591 0.6826 0.0000
vt 0.4304 0.5211 0.0000
vt 0.4356 0.5169 0.0000
vt 0.4167 0.5211 0.0000
vt 0.4165 0.5253 0.0000
vt 0.4371 0.5217 0.0000
vt 0.4525 0.5144 0.0000
vt 0.4190 0.5288 0.0000
vt 0.4627 0.5154 0.0000
vt 0.4416 0.5242 0.0000
vt 0.4217 0.5324 0.0000
vt 0.0792 0.7250 0.0000
vt 0.0894 0.7195 0.0000
vt 0.0792 0.6991 0.0000
vt 0.0686 0.7040 0.0000
vt 0.1007 0.7134 0.0000
vt 0.0907 0.6936 0.0000
vt 0.0907 0.7453 0.0000
vt 0.1007 0.7393 0.0000
vt 0.1116 0.7328 0.0000
vt 0.1032 0.6877 0.0000
vt 0.1129 0.7069 0.0000
vt 0.1235 0.7257 0.0000
vt 0.1235 0.7516 0.0000
vt 0.1351 0.7439 0.0000
vt 0.1129 0.7586 0.0000
vt 0.1032 0.7651 0.0000
vt 0.0945 0.7710 0.0000
vt 0.0817 0.7507 0.0000
vt 0.0699 0.7299 0.0000
vt 0.0591 0.7085 0.0000
vt 0.4359 0.5343 0.0000
vt 0.4402 0.5291 0.0000
vt 0.4224 0.5369 0.0000
vt 0.4230 0.5412 0.0000
vt 0.4425 0.5336 0.0000
vt 0.4562 0.5234 0.0000
vt 0.4262 0.5440 0.0000
vt 0.4030 0.5459 0.0000
vt 0.4050 0.5508 0.0000
vt 0.4665 0.5224 0.0000
vt 0.4475 0.5351 0.0000
vt 0.4079 0.5551 0.0000
vt 0.4112 0.5593 0.0000
vt 0.4295 0.5471 0.0000
vt 0.3431 0.5839 0.0000
vt 0.3643 0.5725 0.0000
vt 0.3610 0.5658 0.0000
vt 0.3392 0.5761 0.0000
vt 0.3851 0.5614 0.0000
vt 0.3824 0.5556 0.0000
vt 0.3474 0.5915 0.0000
vt 0.3681 0.5791 0.0000
vt 0.3884 0.5669 0.0000
vt 0.3174 0.5864 0.0000
vt 0.3920 0.5722 0.0000
vt 0.3722 0.5854 0.0000
vt 0.3521 0.5988 0.0000
vt 0.3320 0.6122 0.0000
vt 0.3267 0.6039 0.0000
vt 0.3218 0.5952 0.0000
vt 0.2607 0.6279 0.0000
vt 0.2805 0.6173 0.0000
vt 0.2751 0.6064 0.0000
vt 0.2547 0.6160 0.0000
vt 0.3010 0.6064 0.0000
vt 0.2960 0.5965 0.0000
vt 0.2672 0.6395 0.0000
vt 0.2866 0.6279 0.0000
vt 0.3064 0.6160 0.0000
vt 0.2349 0.6254 0.0000
vt 0.3123 0.6254 0.0000
vt 0.2931 0.6383 0.0000
vt 0.2744 0.6508 0.0000
vt 0.2562 0.6629 0.0000
vt 0.2485 0.6508 0.0000
vt 0.2414 0.6383 0.0000
vt 0.1874 0.6671 0.0000
vt 0.2047 0.6579 0.0000
vt 0.1973 0.6432 0.0000
vt 0.1795 0.6516 0.0000
vt 0.2227 0.6482 0.0000
vt 0.2157 0.6345 0.0000
vt 0.1959 0.6823 0.0000
vt 0.2128 0.6722 0.0000
vt 0.2303 0.6617 0.0000
vt 0.1626 0.6596 0.0000
vt 0.2385 0.6747 0.0000
vt 0.2216 0.6861 0.0000
vt 0.2052 0.6970 0.0000
vt 0.1896 0.7074 0.0000
vt 0.1798 0.6919 0.0000
vt 0.1708 0.6760 0.0000
vt 0.1261 0.6999 0.0000
vt 0.1401 0.6924 0.0000
vt 0.1311 0.6745 0.0000
vt 0.1167 0.6813 0.0000
vt 0.1551 0.6844 0.0000
vt 0.1464 0.6672 0.0000
vt 0.1363 0.7180 0.0000
vt 0.1500 0.7098 0.0000
vt 0.1645 0.7011 0.0000
vt 0.1748 0.7173 0.0000
vt 0.1607 0.7267 0.0000
vt 0.1475 0.7356 0.0000
vt 0.2902 0.6722 0.0000
vt 0.3076 0.6579 0.0000
vt 0.3001 0.6482 0.0000
vt 0.2820 0.6617 0.0000
vt 0.3255 0.6432 0.0000
vt 0.3187 0.6345 0.0000
vt 0.2989 0.6823 0.0000
vt 0.3156 0.6671 0.0000
vt 0.3328 0.6516 0.0000
vt 0.2644 0.6747 0.0000
vt 0.3377 0.6203 0.0000
vt 0.3438 0.6282 0.0000
vt 0.3503 0.6357 0.0000
vt 0.3404 0.6596 0.0000
vt 0.3572 0.6428 0.0000
vt 0.3240 0.6760 0.0000
vt 0.3081 0.6919 0.0000
vt 0.2926 0.7074 0.0000
vt 0.2827 0.6970 0.0000
vt 0.2733 0.6861 0.0000
vt 0.2260 0.7249 0.0000
vt 0.2411 0.7125 0.0000
vt 0.2310 0.6995 0.0000
vt 0.2153 0.7112 0.0000
vt 0.2569 0.6995 0.0000
vt 0.2474 0.6873 0.0000
vt 0.2373 0.7381 0.0000
vt 0.2519 0.7249 0.0000
vt 0.2670 0.7112 0.0000
vt 0.2002 0.7224 0.0000
vt 0.2777 0.7224 0.0000
vt 0.2632 0.7368 0.0000
vt 0.2493 0.7507 0.0000
vt 0.2361 0.7639 0.0000
vt 0.2234 0.7507 0.0000
vt 0.2115 0.7368 0.0000
vt 0.1723 0.7690 0.0000
vt 0.1846 0.7589 0.0000
vt 0.1723 0.7431 0.0000
vt 0.1594 0.7526 0.0000
vt 0.1977 0.7481 0.0000
vt 0.1858 0.7330 0.0000
vt 0.1858 0.7847 0.0000
vt 0.1977 0.7740 0.0000
vt 0.2102 0.7627 0.0000
vt 0.1475 0.7615 0.0000
vt 0.2234 0.7766 0.0000
vt 0.2115 0.7885 0.0000
vt 0.2002 0.7998 0.0000
vt 0.1896 0.8104 0.0000
vt 0.1748 0.7948 0.0000
vt 0.1607 0.7785 0.0000
vt 0.1311 0.8027 0.0000
vt 0.1401 0.7953 0.0000
vt 0.1261 0.7773 0.0000
vt 0.1167 0.7843 0.0000
vt 0.1500 0.7872 0.0000
vt 0.1363 0.7697 0.0000
vt 0.1464 0.8205 0.0000
vt 0.1551 0.8126 0.0000
vt 0.1645 0.8041 0.0000
vt 0.1083 0.7905 0.0000
vt 0.1798 0.8202 0.0000
vt 0.1708 0.8292 0.0000
vt 0.1626 0.8374 0.0000
vt 0.1551 0.8449 0.0000
vt 0.1386 0.8275 0.0000
vt 0.1230 0.8094 0.0000
vt 0.1158 0.8153 0.0000
vt 0.1008 0.7961 0.0000
vt 0.1317 0.8338 0.0000
vt 0.1486 0.8515 0.0000
vt 0.4438 0.5461 0.0000
vt 0.4470 0.5403 0.0000
vt 0.4311 0.5513 0.0000
vt 0.4325 0.5554 0.0000
vt 0.4502 0.5441 0.0000
vt 0.4616 0.5315 0.0000
vt 0.4362 0.5576 0.0000
vt 0.4139 0.5640 0.0000
vt 0.4167 0.5684 0.0000
vt 0.4715 0.5285 0.0000
vt 0.4553 0.5447 0.0000
vt 0.4205 0.5720 0.0000
vt 0.4245 0.5755 0.0000
vt 0.4401 0.5599 0.0000
vt 0.3625 0.6129 0.0000
vt 0.3811 0.5976 0.0000
vt 0.3765 0.5916 0.0000
vt 0.3571 0.6060 0.0000
vt 0.3993 0.5827 0.0000
vt 0.3955 0.5775 0.0000
vt 0.3682 0.6195 0.0000
vt 0.3861 0.6033 0.0000
vt 0.4036 0.5873 0.0000
vt 0.4082 0.5918 0.0000
vt 0.3913 0.6087 0.0000
vt 0.3742 0.6258 0.0000
vt 0.1662 0.8683 0.0000
vt 0.1725 0.8614 0.0000
vt 0.1847 0.8842 0.0000
vt 0.1906 0.8770 0.0000
vt 0.2039 0.8992 0.0000
vt 0.2095 0.8917 0.0000
vt 0.4539 0.5562 0.0000
vt 0.4559 0.5498 0.0000
vt 0.4424 0.5638 0.0000
vt 0.4446 0.5675 0.0000
vt 0.4598 0.5530 0.0000
vt 0.4685 0.5384 0.0000
vt 0.4487 0.5689 0.0000
vt 0.4280 0.5795 0.0000
vt 0.4316 0.5833 0.0000
vt 0.4776 0.5335 0.0000
vt 0.4649 0.5525 0.0000
vt 0.4360 0.5861 0.0000
vt 0.4407 0.5888 0.0000
vt 0.4529 0.5705 0.0000
vt 0.3871 0.6375 0.0000
vt 0.4024 0.6189 0.0000
vt 0.3967 0.6139 0.0000
vt 0.3805 0.6318 0.0000
vt 0.4174 0.6007 0.0000
vt 0.4127 0.5964 0.0000
vt 0.3940 0.6429 0.0000
vt 0.4084 0.6235 0.0000
vt 0.4225 0.6045 0.0000
vt 0.3643 0.6497 0.0000
vt 0.4279 0.6080 0.0000
vt 0.4146 0.6278 0.0000
vt 0.4012 0.6479 0.0000
vt 0.3878 0.6680 0.0000
vt 0.3797 0.6623 0.0000
vt 0.3719 0.6562 0.0000
vt 0.3278 0.7098 0.0000
vt 0.3421 0.6924 0.0000
vt 0.3329 0.6844 0.0000
vt 0.3178 0.7011 0.0000
vt 0.3568 0.6745 0.0000
vt 0.3484 0.6672 0.0000
vt 0.3383 0.7180 0.0000
vt 0.3518 0.6999 0.0000
vt 0.3656 0.6813 0.0000
vt 0.3031 0.7173 0.0000
vt 0.3746 0.6877 0.0000
vt 0.3618 0.7069 0.0000
vt 0.3492 0.7257 0.0000
vt 0.3371 0.7439 0.0000
vt 0.3253 0.7356 0.0000
vt 0.3140 0.7267 0.0000
vt 0.2751 0.7740 0.0000
vt 0.2876 0.7589 0.0000
vt 0.2751 0.7481 0.0000
vt 0.2619 0.7627 0.0000
vt 0.3005 0.7431 0.0000
vt 0.2888 0.7330 0.0000
vt 0.2888 0.7847 0.0000
vt 0.3005 0.7690 0.0000
vt 0.3127 0.7526 0.0000
vt 0.2493 0.7766 0.0000
vt 0.3253 0.7615 0.0000
vt 0.3140 0.7785 0.0000
vt 0.3031 0.7948 0.0000
vt 0.2926 0.8104 0.0000
vt 0.2776 0.7998 0.0000
vt 0.2632 0.7885 0.0000
vt 0.2310 0.8278 0.0000
vt 0.2411 0.8154 0.0000
vt 0.2260 0.8024 0.0000
vt 0.2153 0.8142 0.0000
vt 0.2519 0.8024 0.0000
vt 0.2373 0.7898 0.0000
vt 0.2474 0.8406 0.0000
vt 0.2569 0.8278 0.0000
vt 0.2670 0.8142 0.0000
vt 0.2052 0.8252 0.0000
vt 0.2827 0.8252 0.0000
vt 0.2733 0.8393 0.0000
vt 0.2644 0.8525 0.0000
vt 0.2562 0.8650 0.0000
vt 0.2385 0.8525 0.0000
vt 0.2216 0.8393 0.0000
vt 0.1973 0.8689 0.0000
vt 0.2047 0.8599 0.0000
vt 0.1874 0.8450 0.0000
vt 0.1795 0.8536 0.0000
vt 0.2128 0.8500 0.0000
vt 0.1959 0.8355 0.0000
vt 0.2157 0.8833 0.0000
vt 0.2227 0.8739 0.0000
vt 0.2303 0.8637 0.0000
vt 0.2485 0.8765 0.0000
vt 0.2414 0.8871 0.0000
vt 0.2349 0.8968 0.0000
vt 0.2291 0.9055 0.0000
vt 0.3721 0.7393 0.0000
vt 0.3827 0.7195 0.0000
vt 0.3721 0.7134 0.0000
vt 0.3605 0.7328 0.0000
vt 0.3936 0.6991 0.0000
vt 0.3840 0.6936 0.0000
vt 0.3840 0.7453 0.0000
vt 0.3936 0.7250 0.0000
vt 0.4035 0.7040 0.0000
vt 0.3492 0.7516 0.0000
vt 0.3962 0.6733 0.0000
vt 0.4048 0.6782 0.0000
vt 0.4136 0.6826 0.0000
vt 0.4136 0.7085 0.0000
vt 0.4227 0.6866 0.0000
vt 0.4048 0.7299 0.0000
vt 0.3962 0.7507 0.0000
vt 0.3878 0.7710 0.0000
vt 0.3746 0.7651 0.0000
vt 0.3618 0.7586 0.0000
vt 0.3329 0.8126 0.0000
vt 0.3421 0.7953 0.0000
vt 0.3278 0.7872 0.0000
vt 0.3178 0.8041 0.0000
vt 0.3518 0.7773 0.0000
vt 0.3383 0.7697 0.0000
vt 0.3484 0.8205 0.0000
vt 0.3568 0.8027 0.0000
vt 0.3656 0.7843 0.0000
vt 0.3081 0.8202 0.0000
vt 0.3797 0.7905 0.0000
vt 0.3719 0.8094 0.0000
vt 0.3643 0.8275 0.0000
vt 0.3572 0.8449 0.0000
vt 0.3404 0.8374 0.0000
vt 0.3240 0.8292 0.0000
vt 0.3001 0.8739 0.0000
vt 0.3076 0.8599 0.0000
vt 0.2902 0.8500 0.0000
vt 0.2820 0.8637 0.0000
vt 0.3156 0.8450 0.0000
vt 0.2989 0.8355 0.0000
vt 0.3187 0.8833 0.0000
vt 0.3255 0.8689 0.0000
vt 0.3328 0.8536 0.0000
vt 0.2744 0.8765 0.0000
vt 0.3503 0.8614 0.0000
vt 0.3438 0.8770 0.0000
vt 0.3377 0.8917 0.0000
vt 0.3320 0.9055 0.0000
vt 0.3123 0.8968 0.0000
vt 0.2931 0.8871 0.0000
vt 0.2751 0.9209 0.0000
vt 0.2805 0.9106 0.0000
vt 0.2607 0.8993 0.0000
vt 0.2547 0.9093 0.0000
vt 0.2866 0.8993 0.0000
vt 0.2672 0.8884 0.0000
vt 0.2960 0.9314 0.0000
vt 0.3010 0.9209 0.0000
vt 0.3064 0.9093 0.0000
vt 0.2493 0.9183 0.0000
vt 0.3267 0.9183 0.0000
vt 0.3218 0.9301 0.0000
vt 0.3174 0.9409 0.0000
vt 0.2915 0.9409 0.0000
vt 0.2701 0.9301 0.0000
vt 0.2787 0.2404 0.0000
vt 0.4657 0.5641 0.0000
vt 0.4665 0.5575 0.0000
vt 0.4560 0.5738 0.0000
vt 0.4589 0.5770 0.0000
vt 0.4709 0.5598 0.0000
vt 0.4766 0.5438 0.0000
vt 0.4631 0.5776 0.0000
vt 0.4449 0.5921 0.0000
vt 0.4492 0.5951 0.0000
vt 0.4846 0.5373 0.0000
vt 0.4758 0.5584 0.0000
vt 0.4541 0.5970 0.0000
vt 0.4591 0.5987 0.0000
vt 0.4676 0.5783 0.0000
vt 0.4161 0.6569 0.0000
vt 0.4275 0.6357 0.0000
vt 0.4210 0.6319 0.0000
vt 0.4085 0.6526 0.0000
vt 0.4386 0.6149 0.0000
vt 0.4332 0.6116 0.0000
vt 0.4239 0.6608 0.0000
vt 0.4343 0.6390 0.0000
vt 0.4444 0.6176 0.0000
vt 0.4503 0.6200 0.0000
vt 0.4412 0.6420 0.0000
vt 0.4319 0.6644 0.0000
vt 0.4789 0.5696 0.0000
vt 0.4783 0.5629 0.0000
vt 0.4712 0.5810 0.0000
vt 0.4747 0.5835 0.0000
vt 0.4831 0.5644 0.0000
vt 0.4856 0.5475 0.0000
vt 0.4790 0.5833 0.0000
vt 0.4639 0.6010 0.0000
vt 0.4687 0.6031 0.0000
vt 0.4921 0.5396 0.0000
vt 0.4877 0.5620 0.0000
vt 0.4739 0.6041 0.0000
vt 0.4792 0.6048 0.0000
vt 0.4835 0.5831 0.0000
vt 0.4484 0.6703 0.0000
vt 0.4554 0.6472 0.0000
vt 0.4482 0.6448 0.0000
vt 0.4401 0.6675 0.0000
vt 0.4622 0.6247 0.0000
vt 0.4562 0.6225 0.0000
vt 0.4568 0.6726 0.0000
vt 0.4626 0.6492 0.0000
vt 0.4684 0.6262 0.0000
vt 0.4320 0.6902 0.0000
vt 0.4747 0.6274 0.0000
vt 0.4700 0.6508 0.0000
vt 0.4653 0.6745 0.0000
vt 0.4606 0.6981 0.0000
vt 0.4509 0.6960 0.0000
vt 0.4414 0.6933 0.0000
vt 0.4212 0.7597 0.0000
vt 0.4278 0.7381 0.0000
vt 0.4162 0.7343 0.0000
vt 0.4086 0.7555 0.0000
vt 0.4345 0.7160 0.0000
vt 0.4240 0.7125 0.0000
vt 0.4341 0.7633 0.0000
vt 0.4395 0.7414 0.0000
vt 0.4452 0.7189 0.0000
vt 0.4012 0.7761 0.0000
vt 0.4560 0.7214 0.0000
vt 0.4515 0.7441 0.0000
vt 0.4471 0.7662 0.0000
vt 0.4428 0.7876 0.0000
vt 0.4287 0.7845 0.0000
vt 0.4149 0.7807 0.0000
vt 0.3971 0.8392 0.0000
vt 0.4028 0.8205 0.0000
vt 0.3872 0.8153 0.0000
vt 0.3806 0.8338 0.0000
vt 0.4087 0.8009 0.0000
vt 0.3941 0.7961 0.0000
vt 0.4139 0.8439 0.0000
vt 0.4186 0.8249 0.0000
vt 0.4236 0.8050 0.0000
vt 0.3743 0.8515 0.0000
vt 0.4387 0.8084 0.0000
vt 0.4347 0.8285 0.0000
vt 0.4308 0.8477 0.0000
vt 0.4272 0.8661 0.0000
vt 0.4093 0.8621 0.0000
vt 0.3917 0.8572 0.0000
vt 0.3769 0.9057 0.0000
vt 0.3816 0.8905 0.0000
vt 0.3625 0.8842 0.0000
vt 0.3572 0.8992 0.0000
vt 0.3865 0.8743 0.0000
vt 0.3682 0.8683 0.0000
vt 0.3970 0.9113 0.0000
vt 0.4009 0.8958 0.0000
vt 0.4050 0.8794 0.0000
vt 0.3521 0.9133 0.0000
vt 0.4237 0.8836 0.0000
vt 0.4204 0.9002 0.0000
vt 0.4173 0.9159 0.0000
vt 0.4144 0.9305 0.0000
vt 0.3934 0.9258 0.0000
vt 0.3726 0.9200 0.0000
vt 0.3615 0.9567 0.0000
vt 0.3649 0.9455 0.0000
vt 0.3432 0.9383 0.0000
vt 0.3392 0.9493 0.0000
vt 0.3686 0.9333 0.0000
vt 0.3475 0.9263 0.0000
vt 0.3841 0.9629 0.0000
vt 0.3869 0.9516 0.0000
vt 0.3900 0.9392 0.0000
vt 0.4117 0.9441 0.0000
vt 0.4092 0.9566 0.0000
vt 0.4069 0.9680 0.0000
vt 0.4653 0.8528 0.0000
vt 0.4672 0.8333 0.0000
vt 0.4509 0.8313 0.0000
vt 0.4480 0.8507 0.0000
vt 0.4692 0.8129 0.0000
vt 0.4539 0.8111 0.0000
vt 0.4826 0.8541 0.0000
vt 0.4836 0.8345 0.0000
vt 0.4846 0.8141 0.0000
vt 0.4452 0.8692 0.0000
vt 0.4570 0.7901 0.0000
vt 0.4713 0.7919 0.0000
vt 0.4856 0.7929 0.0000
vt 0.4817 0.8728 0.0000
vt 0.4634 0.8715 0.0000
vt 0.4584 0.9220 0.0000
vt 0.4600 0.9061 0.0000
vt 0.4401 0.9036 0.0000
vt 0.4378 0.9194 0.0000
vt 0.4617 0.8893 0.0000
vt 0.4426 0.8869 0.0000
vt 0.4792 0.9235 0.0000
vt 0.4800 0.9076 0.0000
vt 0.4808 0.8907 0.0000
vt 0.4356 0.9342 0.0000
vt 0.4785 0.9384 0.0000
vt 0.4570 0.9368 0.0000
vt 0.4532 0.9749 0.0000
vt 0.4544 0.9633 0.0000
vt 0.4317 0.9605 0.0000
vt 0.4300 0.9720 0.0000
vt 0.4556 0.9506 0.0000
vt 0.4336 0.9479 0.0000
vt 0.4766 0.9766 0.0000
vt 0.4772 0.9650 0.0000
vt 0.4778 0.9522 0.0000
vt 0.4929 0.5724 0.0000
vt 0.4910 0.5659 0.0000
vt 0.4876 0.5850 0.0000
vt 0.4915 0.5869 0.0000
vt 0.4960 0.5664 0.0000
vt 0.4951 0.5494 0.0000
vt 0.4956 0.5858 0.0000
vt 0.4843 0.6061 0.0000
vt 0.4894 0.6073 0.0000
vt 0.4947 0.6072 0.0000
vt 0.4826 0.6771 0.0000
vt 0.4849 0.6531 0.0000
vt 0.4775 0.6521 0.0000
vt 0.4739 0.6760 0.0000
vt 0.4872 0.6297 0.0000
vt 0.4809 0.6287 0.0000
vt 0.4913 0.6777 0.0000
vt 0.4925 0.6536 0.0000
vt 0.4936 0.6299 0.0000
vt 0.4704 0.6998 0.0000
vt 0.4901 0.7018 0.0000
vt 0.4802 0.7010 0.0000
vt 0.4734 0.7701 0.0000
vt 0.4756 0.7476 0.0000
vt 0.4635 0.7462 0.0000
vt 0.4602 0.7685 0.0000
vt 0.4779 0.7246 0.0000
vt 0.4669 0.7233 0.0000
vt 0.4867 0.7711 0.0000
vt 0.4878 0.7485 0.0000
vt 0.4889 0.7254 0.0000
vt 0.5000 -0.0262 0.0000
vt 0.5784 -0.0203 0.0000
vt 0.5000 -0.0310 0.0000
vt 0.5791 -0.0250 0.0000
vt 0.5000 -0.0358 0.0000
vt 0.5799 -0.0298 0.0000
vt 0.5000 -0.0404 0.0000
vt 0.5806 -0.0344 0.0000
vt 0.5000 -0.0450 0.0000
vt 0.5812 -0.0389 0.0000
vt 0.5000 -0.0495 0.0000
vt 0.5819 -0.0433 0.0000
vt 0.5000 -0.0538 0.0000
vt 0.5825 -0.0476 0.0000
vt 0.5000 -0.0578 0.0000
vt 0.5831 -0.0516 0.0000
vt 0.5014 -0.0796 0.0000
vt 0.5851 -0.0733 0.0000
vt 0.5014 0.5419 0.0000
vt 0.5012 0.5598 0.0000
vt 0.5854 0.5598 0.0000
vt 0.5851 0.5419 0.0000
vt 0.5009 0.5636 0.0000
vt 0.5857 0.5636 0.0000
vt 0.5007 0.5677 0.0000
vt 0.5859 0.5677 0.0000
vt 0.5005 0.5720 0.0000
vt 0.5861 0.5720 0.0000
vt 0.5004 0.5764 0.0000
vt 0.5863 0.5764 0.0000
vt 0.5002 0.5810 0.0000
vt 0.5865 0.5810 0.0000
vt 0.5001 0.5856 0.0000
vt 0.5866 0.5856 0.0000
vt 0.5001 0.5904 0.0000
vt 0.5867 0.5904 0.0000
vt 0.5000 0.5952 0.0000
vt 0.5868 0.5952 0.0000
vt 0.4216 -0.0203 0.0000
vt 0.4209 -0.0250 0.0000
vt 0.4202 -0.0298 0.0000
vt 0.4195 -0.0344 0.0000
vt 0.4188 -0.0389 0.0000
vt 0.4181 -0.0433 0.0000
vt 0.4175 -0.0476 0.0000
vt 0.4169 -0.0516 0.0000
vt 0.4150 -0.0733 0.0000
vt 0.4987 -0.0796 0.0000
vt 0.4150 0.5419 0.0000
vt 0.4146 0.5598 0.0000
vt 0.4989 0.5598 0.0000
vt 0.4987 0.5419 0.0000
vt 0.4144 0.5636 0.0000
vt 0.4991 0.5636 0.0000
vt 0.4141 0.5677 0.0000
vt 0.4993 0.5677 0.0000
vt 0.4139 0.5720 0.0000
vt 0.4995 0.5720 0.0000
vt 0.4137 0.5764 0.0000
vt 0.4996 0.5764 0.0000
vt 0.4135 0.5810 0.0000
vt 0.4998 0.5810 0.0000
vt 0.4134 0.5856 0.0000
vt 0.4999 0.5856 0.0000
vt 0.4133 0.5904 0.0000
vt 0.4999 0.5904 0.0000
vt 0.4132 0.5952 0.0000
vt 0.4216 1.0203 0.0000
vt 0.3449 1.0028 0.0000
vt 0.4209 1.0250 0.0000
vt 0.3435 1.0074 0.0000
vt 0.4202 1.0298 0.0000
vt 0.3421 1.0120 0.0000
vt 0.4195 1.0344 0.0000
vt 0.3407 1.0164 0.0000
vt 0.4188 1.0390 0.0000
vt 0.3394 1.0208 0.0000
vt 0.4181 1.0433 0.0000
vt 0.3380 1.0251 0.0000
vt 0.4175 1.0476 0.0000
vt 0.3368 1.0292 0.0000
vt 0.4169 1.0516 0.0000
vt 0.3356 1.0331 0.0000
vt 0.4123 1.0729 0.0000
vt 0.3304 1.0543 0.0000
vt 0.4123 0.5419 0.0000
vt 0.4123 0.5598 0.0000
vt 0.3300 0.5598 0.0000
vt 0.3304 0.5419 0.0000
vt 0.4125 0.5636 0.0000
vt 0.3297 0.5636 0.0000
vt 0.4127 0.5677 0.0000
vt 0.3294 0.5677 0.0000
vt 0.4129 0.5720 0.0000
vt 0.3292 0.5720 0.0000
vt 0.4130 0.5764 0.0000
vt 0.3290 0.5764 0.0000
vt 0.4131 0.5810 0.0000
vt 0.3288 0.5810 0.0000
vt 0.4131 0.5856 0.0000
vt 0.3286 0.5856 0.0000
vt 0.4132 0.5904 0.0000
vt 0.3284 0.5904 0.0000
vt 0.3283 0.5952 0.0000
vt 1.0130 0.3829 0.0000
vt 1.0247 0.4607 0.0000
vt 1.0177 0.3818 0.0000
vt 1.0295 0.4603 0.0000
vt 1.0223 0.3808 0.0000
vt 1.0343 0.4600 0.0000
vt 1.0269 0.3797 0.0000
vt 1.0389 0.4596 0.0000
vt 1.0314 0.3787 0.0000
vt 1.0435 0.4593 0.0000
vt 1.0357 0.3777 0.0000
vt 1.0480 0.4589 0.0000
vt 1.0399 0.3768 0.0000
vt 1.0522 0.4586 0.0000
vt 1.0439 0.3759 0.0000
vt 1.0563 0.4583 0.0000
vt 1.0654 0.3723 0.0000
vt 1.0779 0.4553 0.0000
vt 0.3723 0.5419 0.0000
vt 0.3719 0.5598 0.0000
vt 0.4555 0.5598 0.0000
vt 0.4553 0.5419 0.0000
vt 0.3717 0.5636 0.0000
vt 0.4557 0.5636 0.0000
vt 0.3714 0.5677 0.0000
vt 0.4559 0.5677 0.0000
vt 0.3712 0.5720 0.0000
vt 0.4560 0.5720 0.0000
vt 0.3710 0.5764 0.0000
vt 0.4562 0.5764 0.0000
vt 0.3708 0.5810 0.0000
vt 0.4563 0.5810 0.0000
vt 0.3706 0.5856 0.0000
vt 0.4564 0.5856 0.0000
vt 0.3705 0.5904 0.0000
vt 0.4564 0.5904 0.0000
vt 0.3704 0.5952 0.0000
vt 0.4565 0.5952 0.0000
vt 0.4150 1.0733 0.0000
vt 0.5000 1.0578 0.0000
vt 0.4987 1.0796 0.0000
vt 0.5000 1.0538 0.0000
vt 0.5000 1.0495 0.0000
vt 0.5000 1.0450 0.0000
vt 0.5000 1.0405 0.0000
vt 0.5000 1.0358 0.0000
vt 0.5000 1.0310 0.0000
vt 0.5000 1.0262 0.0000
vt 0.2036 0.0653 0.0000
vt 0.2717 0.0259 0.0000
vt 0.2009 0.0613 0.0000
vt 0.2696 0.0216 0.0000
vt 0.1982 0.0573 0.0000
vt 0.2676 0.0173 0.0000
vt 0.1956 0.0535 0.0000
vt 0.2655 0.0131 0.0000
vt 0.1930 0.0497 0.0000
vt 0.2635 0.0089 0.0000
vt 0.1905 0.0460 0.0000
vt 0.2616 0.0049 0.0000
vt 0.1881 0.0425 0.0000
vt 0.2597 0.0011 0.0000
vt 0.1858 0.0391 0.0000
vt 0.2580 -0.0026 0.0000
vt 0.1746 0.0204 0.0000
vt 0.2473 -0.0216 0.0000
vt 0.1746 0.5419 0.0000
vt 0.1739 0.5598 0.0000
vt 0.2471 0.5598 0.0000
vt 0.2473 0.5419 0.0000
vt 0.1736 0.5636 0.0000
vt 0.2472 0.5636 0.0000
vt 0.1733 0.5677 0.0000
vt 0.2473 0.5677 0.0000
vt 0.1730 0.5720 0.0000
vt 0.2473 0.5720 0.0000
vt 0.1727 0.5764 0.0000
vt 0.2474 0.5764 0.0000
vt 0.1725 0.5810 0.0000
vt 0.2474 0.5810 0.0000
vt 0.1723 0.5856 0.0000
vt 0.2474 0.5856 0.0000
vt 0.1720 0.5904 0.0000
vt 0.2473 0.5904 0.0000
vt 0.1719 0.5952 0.0000
vt 0.2472 0.5952 0.0000
vt 0.9898 0.3078 0.0000
vt 0.9943 0.3060 0.0000
vt 0.9987 0.3043 0.0000
vt 1.0031 0.3026 0.0000
vt 1.0074 0.3009 0.0000
vt 1.0115 0.2993 0.0000
vt 1.0155 0.2977 0.0000
vt 1.0193 0.2962 0.0000
vt 1.0400 0.2895 0.0000
vt 1.0648 0.3697 0.0000
vt 0.2895 0.5419 0.0000
vt 0.2890 0.5598 0.0000
vt 0.3697 0.5598 0.0000
vt 0.3697 0.5419 0.0000
vt 0.2887 0.5636 0.0000
vt 0.3699 0.5636 0.0000
vt 0.2884 0.5677 0.0000
vt 0.3700 0.5677 0.0000
vt 0.2881 0.5720 0.0000
vt 0.3701 0.5720 0.0000
vt 0.2879 0.5764 0.0000
vt 0.3702 0.5764 0.0000
vt 0.2877 0.5810 0.0000
vt 0.3703 0.5810 0.0000
vt 0.2875 0.5856 0.0000
vt 0.3704 0.5856 0.0000
vt 0.2873 0.5904 0.0000
vt 0.3704 0.5904 0.0000
vt 0.2872 0.5952 0.0000
vt 0.9557 0.2369 0.0000
vt 0.9598 0.2345 0.0000
vt 0.9640 0.2321 0.0000
vt 0.9681 0.2298 0.0000
vt 0.9720 0.2275 0.0000
vt 0.9759 0.2253 0.0000
vt 0.9796 0.2231 0.0000
vt 0.9831 0.2211 0.0000
vt 1.0026 0.2114 0.0000
vt 1.0391 0.2870 0.0000
vt 0.2114 0.5419 0.0000
vt 0.2107 0.5598 0.0000
vt 0.2868 0.5598 0.0000
vt 0.2870 0.5419 0.0000
vt 0.2104 0.5636 0.0000
vt 0.2870 0.5636 0.0000
vt 0.2101 0.5677 0.0000
vt 0.2871 0.5677 0.0000
vt 0.2098 0.5720 0.0000
vt 0.2872 0.5720 0.0000
vt 0.2096 0.5764 0.0000
vt 0.2872 0.5764 0.0000
vt 0.2093 0.5810 0.0000
vt 0.2872 0.5810 0.0000
vt 0.2091 0.5856 0.0000
vt 0.2872 0.5856 0.0000
vt 0.2089 0.5904 0.0000
vt 0.2872 0.5904 0.0000
vt 0.2087 0.5952 0.0000
vt 0.2036 0.9347 0.0000
vt 0.1421 0.8857 0.0000
vt 0.2009 0.9387 0.0000
vt 0.1389 0.8892 0.0000
vt 0.1982 0.9427 0.0000
vt 0.1356 0.8927 0.0000
vt 0.1956 0.9465 0.0000
vt 0.1324 0.8962 0.0000
vt 0.1930 0.9503 0.0000
vt 0.1293 0.8995 0.0000
vt 0.1905 0.9540 0.0000
vt 0.1263 0.9028 0.0000
vt 0.1881 0.9575 0.0000
vt 0.1234 0.9059 0.0000
vt 0.1858 0.9609 0.0000
vt 0.1206 0.9089 0.0000
vt 0.1724 0.9781 0.0000
vt 0.1068 0.9258 0.0000
vt 0.1724 0.5419 0.0000
vt 0.1720 0.5598 0.0000
vt 0.1060 0.5598 0.0000
vt 0.1068 0.5419 0.0000
vt 0.1721 0.5636 0.0000
vt 0.1056 0.5636 0.0000
vt 0.1721 0.5677 0.0000
vt 0.1053 0.5677 0.0000
vt 0.1721 0.5720 0.0000
vt 0.1050 0.5720 0.0000
vt 0.1721 0.5764 0.0000
vt 0.1047 0.5764 0.0000
vt 0.1721 0.5810 0.0000
vt 0.1045 0.5810 0.0000
vt 0.1720 0.5856 0.0000
vt 0.1042 0.5856 0.0000
vt 0.1040 0.5904 0.0000
vt 0.1718 0.5952 0.0000
vt 0.1038 0.5952 0.0000
vt 1.0247 0.5393 0.0000
vt 1.0130 0.6171 0.0000
vt 1.0295 0.5397 0.0000
vt 1.0177 0.6182 0.0000
vt 1.0343 0.5400 0.0000
vt 1.0223 0.6192 0.0000
vt 1.0389 0.5404 0.0000
vt 1.0269 0.6203 0.0000
vt 1.0435 0.5407 0.0000
vt 1.0314 0.6213 0.0000
vt 1.0480 0.5411 0.0000
vt 1.0357 0.6223 0.0000
vt 1.0522 0.5414 0.0000
vt 1.0399 0.6232 0.0000
vt 1.0563 0.5417 0.0000
vt 1.0439 0.6241 0.0000
vt 1.0779 0.5447 0.0000
vt 1.0654 0.6277 0.0000
vt 0.5447 0.5419 0.0000
vt 0.5445 0.5598 0.0000
vt 0.6281 0.5598 0.0000
vt 0.6277 0.5419 0.0000
vt 0.5443 0.5636 0.0000
vt 0.6283 0.5636 0.0000
vt 0.5441 0.5677 0.0000
vt 0.6286 0.5677 0.0000
vt 0.5440 0.5720 0.0000
vt 0.6288 0.5720 0.0000
vt 0.5438 0.5764 0.0000
vt 0.6290 0.5764 0.0000
vt 0.5437 0.5810 0.0000
vt 0.6292 0.5810 0.0000
vt 0.5436 0.5856 0.0000
vt 0.6294 0.5856 0.0000
vt 0.5436 0.5904 0.0000
vt 0.6295 0.5904 0.0000
vt 0.5435 0.5952 0.0000
vt 0.6296 0.5952 0.0000
vt 0.5014 1.0796 0.0000
vt 0.5831 1.0516 0.0000
vt 0.5851 1.0733 0.0000
vt 0.5825 1.0476 0.0000
vt 0.5819 1.0433 0.0000
vt 0.5812 1.0390 0.0000
vt 0.5806 1.0344 0.0000
vt 0.5799 1.0298 0.0000
vt 0.5791 1.0250 0.0000
vt 0.5784 1.0203 0.0000
vt 0.8579 0.8857 0.0000
vt 0.7964 0.9347 0.0000
vt 0.8612 0.8892 0.0000
vt 0.7991 0.9387 0.0000
vt 0.8644 0.8927 0.0000
vt 0.8018 0.9427 0.0000
vt 0.8676 0.8962 0.0000
vt 0.8045 0.9465 0.0000
vt 0.8707 0.8995 0.0000
vt 0.8070 0.9503 0.0000
vt 0.8738 0.9028 0.0000
vt 0.8095 0.9540 0.0000
vt 0.8767 0.9059 0.0000
vt 0.8120 0.9575 0.0000
vt 0.8794 0.9089 0.0000
vt 0.8142 0.9609 0.0000
vt 0.8933 0.9258 0.0000
vt 0.8276 0.9781 0.0000
vt 0.8933 0.5419 0.0000
vt 0.8941 0.5598 0.0000
vt 0.8280 0.5598 0.0000
vt 0.8276 0.5419 0.0000
vt 0.8944 0.5636 0.0000
vt 0.8279 0.5636 0.0000
vt 0.8947 0.5677 0.0000
vt 0.8279 0.5677 0.0000
vt 0.8950 0.5720 0.0000
vt 0.8279 0.5720 0.0000
vt 0.8953 0.5764 0.0000
vt 0.8279 0.5764 0.0000
vt 0.8955 0.5810 0.0000
vt 0.8279 0.5810 0.0000
vt 0.8958 0.5856 0.0000
vt 0.8280 0.5856 0.0000
vt 0.8960 0.5904 0.0000
vt 0.8281 0.5904 0.0000
vt 0.8962 0.5952 0.0000
vt 0.8282 0.5952 0.0000
vt 0.8579 0.1143 0.0000
vt 0.9114 0.1719 0.0000
vt 0.8612 0.1108 0.0000
vt 0.9151 0.1689 0.0000
vt 0.8644 0.1073 0.0000
vt 0.9189 0.1660 0.0000
vt 0.8676 0.1038 0.0000
vt 0.9225 0.1630 0.0000
vt 0.8707 0.1005 0.0000
vt 0.9261 0.1602 0.0000
vt 0.8738 0.0972 0.0000
vt 0.9296 0.1574 0.0000
vt 0.8767 0.0941 0.0000
vt 0.9330 0.1547 0.0000
vt 0.8794 0.0911 0.0000
vt 0.9361 0.1522 0.0000
vt 0.8952 0.0760 0.0000
vt 0.9523 0.1376 0.0000
vt 0.0760 0.5419 0.0000
vt 0.0752 0.5598 0.0000
vt 0.1371 0.5598 0.0000
vt 0.1376 0.5419 0.0000
vt 0.0749 0.5636 0.0000
vt 0.1372 0.5636 0.0000
vt 0.0746 0.5677 0.0000
vt 0.1372 0.5677 0.0000
vt 0.0743 0.5720 0.0000
vt 0.1372 0.5720 0.0000
vt 0.0740 0.5764 0.0000
vt 0.1372 0.5764 0.0000
vt 0.0737 0.5810 0.0000
vt 0.1371 0.5810 0.0000
vt 0.0734 0.5856 0.0000
vt 0.1370 0.5856 0.0000
vt 0.0732 0.5904 0.0000
vt 0.1369 0.5904 0.0000
vt 0.0730 0.5952 0.0000
vt 0.1368 0.5952 0.0000
vt 0.0102 0.3078 0.0000
vt 0.0443 0.2369 0.0000
vt 0.0057 0.3060 0.0000
vt 0.0402 0.2345 0.0000
vt 0.0013 0.3043 0.0000
vt 0.0360 0.2321 0.0000
vt -0.0031 0.3026 0.0000
vt 0.0320 0.2298 0.0000
vt -0.0074 0.3009 0.0000
vt 0.0280 0.2275 0.0000
vt -0.0115 0.2993 0.0000
vt 0.0241 0.2253 0.0000
vt -0.0155 0.2977 0.0000
vt 0.0204 0.2231 0.0000
vt -0.0193 0.2962 0.0000
vt 0.0169 0.2211 0.0000
vt -0.0390 0.2870 0.0000
vt -0.0026 0.2114 0.0000
vt 0.0886 0.8281 0.0000
vt 0.0443 0.7631 0.0000
vt 0.0849 0.8311 0.0000
vt 0.0402 0.7655 0.0000
vt 0.0811 0.8340 0.0000
vt 0.0360 0.7679 0.0000
vt 0.0775 0.8370 0.0000
vt 0.0320 0.7702 0.0000
vt 0.0739 0.8398 0.0000
vt 0.0280 0.7725 0.0000
vt 0.0704 0.8426 0.0000
vt 0.0241 0.7747 0.0000
vt 0.0671 0.8453 0.0000
vt 0.0204 0.7769 0.0000
vt 0.0639 0.8478 0.0000
vt 0.0169 0.7789 0.0000
vt 0.0460 0.8603 0.0000
vt -0.0013 0.7910 0.0000
vt 0.8603 0.5419 0.0000
vt 0.8611 0.5598 0.0000
vt 0.7913 0.5598 0.0000
vt 0.7910 0.5419 0.0000
vt 0.8614 0.5636 0.0000
vt 0.7912 0.5636 0.0000
vt 0.8617 0.5677 0.0000
vt 0.7911 0.5677 0.0000
vt 0.8620 0.5720 0.0000
vt 0.7911 0.5720 0.0000
vt 0.8623 0.5764 0.0000
vt 0.7911 0.5764 0.0000
vt 0.8625 0.5810 0.0000
vt 0.7911 0.5810 0.0000
vt 0.8628 0.5856 0.0000
vt 0.7911 0.5856 0.0000
vt 0.8630 0.5904 0.0000
vt 0.7912 0.5904 0.0000
vt 0.8632 0.5952 0.0000
vt 0.7913 0.5952 0.0000
vt 0.9898 0.6922 0.0000
vt 0.9557 0.7631 0.0000
vt 0.9943 0.6940 0.0000
vt 0.9598 0.7655 0.0000
vt 0.9987 0.6957 0.0000
vt 0.9640 0.7679 0.0000
vt 1.0031 0.6974 0.0000
vt 0.9681 0.7702 0.0000
vt 1.0074 0.6991 0.0000
vt 0.9720 0.7725 0.0000
vt 1.0115 0.7008 0.0000
vt 0.9759 0.7747 0.0000
vt 1.0155 0.7023 0.0000
vt 0.9796 0.7769 0.0000
vt 1.0193 0.7038 0.0000
vt 0.9831 0.7789 0.0000
vt 1.0391 0.7130 0.0000
vt 1.0026 0.7886 0.0000
vt 0.7130 0.5419 0.0000
vt 0.7132 0.5598 0.0000
vt 0.7893 0.5598 0.0000
vt 0.7886 0.5419 0.0000
vt 0.7130 0.5636 0.0000
vt 0.7896 0.5636 0.0000
vt 0.7129 0.5677 0.0000
vt 0.7899 0.5677 0.0000
vt 0.7128 0.5720 0.0000
vt 0.7902 0.5720 0.0000
vt 0.7128 0.5764 0.0000
vt 0.7904 0.5764 0.0000
vt 0.7128 0.5810 0.0000
vt 0.7907 0.5810 0.0000
vt 0.7128 0.5856 0.0000
vt 0.7909 0.5856 0.0000
vt 0.7128 0.5904 0.0000
vt 0.7911 0.5904 0.0000
vt 0.7128 0.5952 0.0000
vt 1.0648 0.6303 0.0000
vt 1.0400 0.7105 0.0000
vt 0.6303 0.5419 0.0000
vt 0.6303 0.5598 0.0000
vt 0.7110 0.5598 0.0000
vt 0.7105 0.5419 0.0000
vt 0.6301 0.5636 0.0000
vt 0.7113 0.5636 0.0000
vt 0.6300 0.5677 0.0000
vt 0.7116 0.5677 0.0000
vt 0.6299 0.5720 0.0000
vt 0.7119 0.5720 0.0000
vt 0.6298 0.5764 0.0000
vt 0.7121 0.5764 0.0000
vt 0.6297 0.5810 0.0000
vt 0.7123 0.5810 0.0000
vt 0.6296 0.5856 0.0000
vt 0.7125 0.5856 0.0000
vt 0.6296 0.5904 0.0000
vt 0.7127 0.5904 0.0000
vt 0.6551 -0.0028 0.0000
vt 0.7283 0.0259 0.0000
vt 0.6565 -0.0074 0.0000
vt 0.7304 0.0216 0.0000
vt 0.6579 -0.0119 0.0000
vt 0.7325 0.0173 0.0000
vt 0.6593 -0.0164 0.0000
vt 0.7345 0.0131 0.0000
vt 0.6607 -0.0208 0.0000
vt 0.7365 0.0089 0.0000
vt 0.6620 -0.0251 0.0000
vt 0.7384 0.0049 0.0000
vt 0.6632 -0.0292 0.0000
vt 0.7403 0.0011 0.0000
vt 0.6644 -0.0331 0.0000
vt 0.7420 -0.0026 0.0000
vt 0.6721 -0.0535 0.0000
vt 0.7503 -0.0228 0.0000
vt 0.6721 0.5419 0.0000
vt 0.6722 0.5598 0.0000
vt 0.7509 0.5598 0.0000
vt 0.7503 0.5419 0.0000
vt 0.6721 0.5636 0.0000
vt 0.7512 0.5636 0.0000
vt 0.6719 0.5677 0.0000
vt 0.7515 0.5677 0.0000
vt 0.6718 0.5720 0.0000
vt 0.7517 0.5720 0.0000
vt 0.6718 0.5764 0.0000
vt 0.7520 0.5764 0.0000
vt 0.6717 0.5810 0.0000
vt 0.7522 0.5810 0.0000
vt 0.6717 0.5856 0.0000
vt 0.7524 0.5856 0.0000
vt 0.6717 0.5904 0.0000
vt 0.7526 0.5904 0.0000
vt 0.6717 0.5952 0.0000
vt 0.7527 0.5952 0.0000
vt 1.0781 0.4580 0.0000
vt 1.0781 0.5420 0.0000
vt 0.4580 0.5419 0.0000
vt 0.4578 0.5598 0.0000
vt 0.5422 0.5598 0.0000
vt 0.5420 0.5419 0.0000
vt 0.4575 0.5636 0.0000
vt 0.5425 0.5636 0.0000
vt 0.4573 0.5677 0.0000
vt 0.5427 0.5677 0.0000
vt 0.4571 0.5720 0.0000
vt 0.5429 0.5720 0.0000
vt 0.4569 0.5764 0.0000
vt 0.5431 0.5764 0.0000
vt 0.4568 0.5810 0.0000
vt 0.5432 0.5810 0.0000
vt 0.4566 0.5856 0.0000
vt 0.5434 0.5856 0.0000
vt 0.4565 0.5904 0.0000
vt 0.5435 0.5904 0.0000
vt -0.0247 0.4607 0.0000
vt -0.0130 0.3829 0.0000
vt -0.0295 0.4603 0.0000
vt -0.0177 0.3818 0.0000
vt -0.0342 0.4600 0.0000
vt -0.0223 0.3808 0.0000
vt -0.0389 0.4596 0.0000
vt -0.0269 0.3797 0.0000
vt -0.0435 0.4593 0.0000
vt -0.0314 0.3787 0.0000
vt -0.0479 0.4589 0.0000
vt -0.0357 0.3777 0.0000
vt -0.0522 0.4586 0.0000
vt -0.0399 0.3768 0.0000
vt -0.0563 0.4583 0.0000
vt -0.0438 0.3759 0.0000
vt -0.0779 0.4553 0.0000
vt -0.0654 0.3723 0.0000
vt 0.2717 0.9741 0.0000
vt 0.2696 0.9784 0.0000
vt 0.2676 0.9827 0.0000
vt 0.2655 0.9869 0.0000
vt 0.2635 0.9911 0.0000
vt 0.2616 0.9951 0.0000
vt 0.2597 0.9989 0.0000
vt 0.2580 1.0026 0.0000
vt 0.2473 1.0216 0.0000
vt 0.1746 0.9797 0.0000
vt 0.6551 1.0028 0.0000
vt 0.6565 1.0074 0.0000
vt 0.6579 1.0120 0.0000
vt 0.6593 1.0164 0.0000
vt 0.6607 1.0208 0.0000
vt 0.6620 1.0251 0.0000
vt 0.6632 1.0292 0.0000
vt 0.6644 1.0331 0.0000
vt 0.6696 1.0543 0.0000
vt 0.5877 1.0729 0.0000
vt 0.6696 0.5419 0.0000
vt 0.6700 0.5598 0.0000
vt 0.5877 0.5598 0.0000
vt 0.5877 0.5419 0.0000
vt 0.6703 0.5636 0.0000
vt 0.5875 0.5636 0.0000
vt 0.6706 0.5677 0.0000
vt 0.5873 0.5677 0.0000
vt 0.6708 0.5720 0.0000
vt 0.5872 0.5720 0.0000
vt 0.6711 0.5764 0.0000
vt 0.5870 0.5764 0.0000
vt 0.6713 0.5810 0.0000
vt 0.5869 0.5810 0.0000
vt 0.6714 0.5856 0.0000
vt 0.5869 0.5856 0.0000
vt 0.6716 0.5904 0.0000
vt 0.5868 0.5904 0.0000
vt -0.0247 0.5393 0.0000
vt -0.0295 0.5397 0.0000
vt -0.0342 0.5400 0.0000
vt -0.0389 0.5404 0.0000
vt -0.0435 0.5407 0.0000
vt -0.0479 0.5411 0.0000
vt -0.0522 0.5414 0.0000
vt -0.0563 0.5417 0.0000
vt -0.0781 0.5420 0.0000
vt -0.0781 0.4580 0.0000
vt 0.9540 0.1397 0.0000
vt 1.0013 0.2090 0.0000
vt 0.1397 0.5419 0.0000
vt 0.1389 0.5598 0.0000
vt 0.2087 0.5598 0.0000
vt 0.2090 0.5419 0.0000
vt 0.1386 0.5636 0.0000
vt 0.2088 0.5636 0.0000
vt 0.1383 0.5677 0.0000
vt 0.2089 0.5677 0.0000
vt 0.1380 0.5720 0.0000
vt 0.2089 0.5720 0.0000
vt 0.1377 0.5764 0.0000
vt 0.2089 0.5764 0.0000
vt 0.1375 0.5810 0.0000
vt 0.2089 0.5810 0.0000
vt 0.1372 0.5856 0.0000
vt 0.2089 0.5856 0.0000
vt 0.1370 0.5904 0.0000
vt 0.2088 0.5904 0.0000
vt 0.3279 1.0535 0.0000
vt 0.2497 1.0228 0.0000
vt 0.3279 0.5419 0.0000
vt 0.3278 0.5598 0.0000
vt 0.2491 0.5598 0.0000
vt 0.2497 0.5419 0.0000
vt 0.3279 0.5636 0.0000
vt 0.2488 0.5636 0.0000
vt 0.3281 0.5677 0.0000
vt 0.2485 0.5677 0.0000
vt 0.3282 0.5720 0.0000
vt 0.2483 0.5720 0.0000
vt 0.3283 0.5764 0.0000
vt 0.2480 0.5764 0.0000
vt 0.3283 0.5810 0.0000
vt 0.2478 0.5810 0.0000
vt 0.3283 0.5856 0.0000
vt 0.2476 0.5856 0.0000
vt 0.3283 0.5904 0.0000
vt 0.2474 0.5904 0.0000
vt 0.2473 0.5952 0.0000
vt 0.3449 -0.0028 0.0000
vt 0.3435 -0.0074 0.0000
vt 0.3421 -0.0119 0.0000
vt 0.3407 -0.0164 0.0000
vt 0.3394 -0.0208 0.0000
vt 0.3380 -0.0251 0.0000
vt 0.3368 -0.0292 0.0000
vt 0.3356 -0.0331 0.0000
vt 0.3304 -0.0542 0.0000
vt 0.4123 -0.0729 0.0000
vt -0.0130 0.6171 0.0000
vt -0.0177 0.6182 0.0000
vt -0.0223 0.6192 0.0000
vt -0.0269 0.6203 0.0000
vt -0.0314 0.6213 0.0000
vt -0.0357 0.6223 0.0000
vt -0.0399 0.6232 0.0000
vt -0.0438 0.6241 0.0000
vt -0.0654 0.6277 0.0000
vt -0.0779 0.5447 0.0000
vt 0.9114 0.8281 0.0000
vt 0.9151 0.8311 0.0000
vt 0.9189 0.8340 0.0000
vt 0.9225 0.8370 0.0000
vt 0.9261 0.8398 0.0000
vt 0.9296 0.8426 0.0000
vt 0.9330 0.8453 0.0000
vt 0.9361 0.8478 0.0000
vt 0.9523 0.8624 0.0000
vt 0.8952 0.9240 0.0000
vt 0.8624 0.5419 0.0000
vt 0.8629 0.5598 0.0000
vt 0.9248 0.5598 0.0000
vt 0.9240 0.5419 0.0000
vt 0.8628 0.5636 0.0000
vt 0.9251 0.5636 0.0000
vt 0.8628 0.5677 0.0000
vt 0.9254 0.5677 0.0000
vt 0.8628 0.5720 0.0000
vt 0.9257 0.5720 0.0000
vt 0.8629 0.5764 0.0000
vt 0.9260 0.5764 0.0000
vt 0.8629 0.5810 0.0000
vt 0.9263 0.5810 0.0000
vt 0.8630 0.5856 0.0000
vt 0.9266 0.5856 0.0000
vt 0.8631 0.5904 0.0000
vt 0.9268 0.5904 0.0000
vt 0.9270 0.5952 0.0000
vt 0.0886 0.1719 0.0000
vt 0.0849 0.1689 0.0000
vt 0.0811 0.1660 0.0000
vt 0.0775 0.1630 0.0000
vt 0.0739 0.1602 0.0000
vt 0.0704 0.1574 0.0000
vt 0.0671 0.1547 0.0000
vt 0.0639 0.1522 0.0000
vt -0.0013 0.2090 0.0000
vt 0.0460 0.1397 0.0000
vt 0.2497 -0.0228 0.0000
vt 0.3279 -0.0535 0.0000
vt 0.0102 0.6922 0.0000
vt 0.0057 0.6940 0.0000
vt 0.0013 0.6957 0.0000
vt -0.0031 0.6974 0.0000
vt -0.0074 0.6991 0.0000
vt -0.0115 0.7008 0.0000
vt -0.0155 0.7023 0.0000
vt -0.0193 0.7038 0.0000
vt -0.0400 0.7105 0.0000
vt -0.0648 0.6303 0.0000
vt -0.0026 0.7886 0.0000
vt -0.0390 0.7130 0.0000
vt 1.0013 0.7910 0.0000
vt 0.9540 0.8603 0.0000
vt 0.7964 0.0653 0.0000
vt 0.7991 0.0613 0.0000
vt 0.8018 0.0573 0.0000
vt 0.8045 0.0535 0.0000
vt 0.8070 0.0497 0.0000
vt 0.8095 0.0460 0.0000
vt 0.8120 0.0425 0.0000
vt 0.8142 0.0391 0.0000
vt 0.8276 0.0219 0.0000
vt 0.8933 0.0742 0.0000
vt 0.7283 0.9741 0.0000
vt 0.7304 0.9784 0.0000
vt 0.7325 0.9827 0.0000
vt 0.7345 0.9869 0.0000
vt 0.7365 0.9911 0.0000
vt 0.7384 0.9951 0.0000
vt 0.7403 0.9989 0.0000
vt 0.7420 1.0026 0.0000
vt 0.7503 1.0228 0.0000
vt 0.6721 1.0535 0.0000
vt 0.1421 0.1143 0.0000
vt 0.1389 0.1108 0.0000
vt 0.1356 0.1073 0.0000
vt 0.1324 0.1038 0.0000
vt 0.1293 0.1005 0.0000
vt 0.1263 0.0972 0.0000
vt 0.1234 0.0941 0.0000
vt 0.1206 0.0911 0.0000
vt 0.1068 0.0742 0.0000
vt 0.1724 0.0219 0.0000
vt 0.7527 -0.0216 0.0000
vt 0.8254 0.0204 0.0000
vt 0.7527 0.5419 0.0000
vt 0.7529 0.5598 0.0000
vt 0.8261 0.5598 0.0000
vt 0.8254 0.5419 0.0000
vt 0.7528 0.5636 0.0000
vt 0.8264 0.5636 0.0000
vt 0.7527 0.5677 0.0000
vt 0.8267 0.5677 0.0000
vt 0.7527 0.5720 0.0000
vt 0.8270 0.5720 0.0000
vt 0.7526 0.5764 0.0000
vt 0.8273 0.5764 0.0000
vt 0.7526 0.5810 0.0000
vt 0.8275 0.5810 0.0000
vt 0.7527 0.5856 0.0000
vt 0.8278 0.5856 0.0000
vt 0.7527 0.5904 0.0000
vt 0.8280 0.5904 0.0000
vt 0.7528 0.5952 0.0000
vt 0.8281 0.5952 0.0000
vt 0.8254 0.9797 0.0000
vt 0.7527 1.0216 0.0000
vt 0.1048 0.9240 0.0000
vt 0.0477 0.8624 0.0000
vt -0.0648 0.3697 0.0000
vt -0.0400 0.2895 0.0000
vt 0.0477 0.1376 0.0000
vt 0.1048 0.0760 0.0000
vt 0.5877 -0.0729 0.0000
vt 0.6696 -0.0542 0.0000
# 4940 texture coords

o Cylinder_Cylinder_001
g Cylinder_Cylinder_001
usemtl Material__25
s 1
f 1/1/1 2/2/2 3/3/3 4/4/4 
f 5/5/5 1/1/1 4/4/4 6/6/6 
f 7/7/7 8/8/8 9/9/9 10/10/10 
f 8/11/8 11/12/11 12/13/12 9/14/9 
f 11/12/11 13/15/13 14/16/14 12/13/12 
f 13/15/13 15/17/15 16/18/16 14/16/14 
f 15/17/15 17/19/17 18/20/18 16/18/16 
f 17/19/17 19/21/19 20/22/20 18/20/18 
f 19/21/19 21/23/21 22/24/22 20/22/20 
f 21/23/21 23/25/23 24/26/24 22/24/22 
f 23/25/23 25/27/25 26/28/26 24/26/24 
f 25/27/25 27/29/27 28/30/28 26/28/26 
f 27/29/27 29/31/29 30/32/30 28/30/28 
f 29/31/29 31/33/31 32/34/32 30/32/30 
f 31/8/31 33/7/33 34/10/34 32/9/32 
f 33/7/33 35/2/35 36/3/36 34/10/34 
f 35/2/35 37/1/37 38/4/38 36/3/36 
f 37/1/37 39/5/39 40/6/40 38/4/38 
f 39/5/39 41/35/41 42/36/42 40/6/40 
f 41/35/41 43/37/43 44/38/44 42/36/42 
f 43/37/43 45/39/45 46/40/46 44/38/44 
f 45/39/45 47/41/47 48/42/48 46/40/46 
f 47/41/47 49/43/49 50/44/50 48/42/48 
f 49/43/49 51/45/51 52/46/52 50/44/50 
f 51/33/51 53/31/53 54/32/54 52/34/52 
f 53/31/53 55/29/55 56/30/56 54/32/54 
f 55/29/55 57/27/57 58/28/58 56/30/56 
f 57/27/57 59/25/59 60/26/60 58/28/58 
f 59/25/59 61/23/61 62/24/62 60/26/60 
f 61/23/61 63/21/63 64/22/64 62/24/62 
f 63/21/63 65/19/65 66/20/66 64/22/64 
f 65/19/65 67/17/67 68/18/68 66/20/66 
f 67/17/67 69/15/69 70/16/70 68/18/68 
f 69/15/69 71/12/71 72/13/72 70/16/70 
f 71/12/71 73/11/73 74/14/74 72/13/72 
f 73/45/73 75/43/75 76/44/76 74/46/74 
f 75/43/75 77/41/77 78/42/78 76/44/76 
f 77/41/77 79/39/79 80/40/80 78/42/78 
f 79/39/79 81/37/81 82/38/82 80/40/80 
f 83/47/83 84/48/84 85/49/85 86/50/86 
f 2/2/2 7/7/7 10/10/10 3/3/3 
f 81/37/81 87/35/87 88/36/88 82/38/82 
f 89/50/89 90/49/90 91/48/91 92/47/92 
f 93/51/93 94/52/94 95/53/95 96/54/96 
f 96/55/96 95/56/95 97/57/97 98/58/98 
f 92/47/92 91/48/91 94/52/94 93/51/93 
f 99/59/99 100/60/100 101/61/101 102/62/102 
f 102/62/102 101/61/101 103/63/103 104/64/104 
f 98/58/98 97/57/97 100/60/100 99/59/99 
f 104/64/104 103/63/103 105/65/105 106/66/106 
f 106/66/106 105/65/105 107/67/107 108/68/108 
f 109/69/109 110/70/110 111/71/111 112/72/112 
f 113/73/113 114/74/114 115/75/115 116/35/116 
f 117/76/117 118/77/118 119/78/119 120/79/120 
f 121/80/121 122/81/122 123/82/123 124/83/124 
f 112/54/112 111/53/111 125/52/125 126/51/126 
f 127/84/127 128/85/128 129/86/129 130/87/130 
f 131/88/131 132/89/132 110/70/110 109/69/109 
f 86/50/86 85/49/85 114/74/114 113/73/113 
f 126/51/126 125/52/125 84/48/84 83/47/83 
f 133/83/133 134/82/134 135/81/135 136/80/136 
f 116/35/116 115/75/115 134/82/134 133/83/133 
f 137/90/137 138/91/138 139/78/139 140/79/140 
f 136/80/136 135/81/135 118/77/118 117/76/117 
f 120/79/120 119/78/119 141/91/141 142/90/142 
f 142/72/142 141/71/141 143/70/143 144/69/144 
f 145/88/145 146/89/146 147/92/147 148/93/148 
f 148/93/148 147/92/147 149/94/149 150/95/150 
f 144/69/144 143/70/143 146/89/146 145/88/145 
f 150/95/150 149/94/149 151/67/151 152/68/152 
f 152/68/152 151/67/151 153/65/153 154/66/154 
f 154/66/154 153/65/153 155/63/155 156/64/156 
f 156/64/156 155/63/155 157/61/157 158/62/158 
f 159/59/159 160/60/160 161/57/161 162/58/162 
f 162/58/162 161/57/161 138/56/138 137/55/137 
f 158/62/158 157/61/157 160/60/160 159/59/159 
f 140/79/140 139/78/139 163/77/163 164/76/164 
f 165/93/165 166/92/166 132/89/132 131/88/131 
f 164/76/164 163/77/163 122/81/122 121/80/121 
f 108/68/108 107/67/107 167/94/167 168/95/168 
f 168/95/168 167/94/167 166/92/166 165/93/165 
f 169/96/169 170/97/170 171/98/171 172/99/172 
f 171/98/171 173/100/173 172/99/172 
f 172/99/172 174/101/174 175/102/175 176/103/176 
f 175/102/175 177/104/177 176/103/176 
f 169/96/169 172/99/172 176/103/176 178/105/178 
f 176/103/176 179/106/179 180/107/180 181/108/181 
f 180/107/180 182/109/182 181/108/181 
f 181/108/181 183/110/183 184/111/184 185/112/185 
f 184/111/184 186/113/186 185/112/185 
f 176/103/176 181/108/181 185/112/185 187/114/178 
f 185/112/185 188/115/187 189/116/188 190/117/189 
f 189/116/188 191/118/190 190/117/189 
f 190/117/189 192/119/191 193/120/192 194/121/178 
f 193/120/192 195/122/178 194/121/178 
f 190/117/189 194/121/178 196/123/178 197/124/178 
f 190/117/189 197/124/178 198/125/178 199/126/178 
f 190/117/189 199/126/178 200/127/178 185/112/185 
f 185/112/185 200/127/178 201/128/178 202/129/178 
f 185/112/185 202/129/178 203/130/178 204/131/178 
f 185/112/185 204/131/178 205/132/178 206/133/178 
f 185/112/185 206/133/178 207/134/178 208/135/178 
f 185/112/185 208/135/178 209/136/178 210/137/178 
f 185/112/185 210/137/178 211/138/178 212/139/178 
f 185/112/185 212/139/178 213/140/178 214/141/178 
f 185/112/185 214/141/178 215/142/178 216/143/178 
f 185/112/185 216/143/178 217/144/178 218/145/178 
f 185/112/185 218/145/178 219/146/178 220/147/178 
f 185/112/185 220/147/178 221/148/178 222/149/178 
f 185/112/185 222/149/178 223/150/178 187/114/178 
f 176/103/176 187/114/178 224/151/178 225/152/178 
f 176/103/176 225/152/178 226/153/178 227/154/178 
f 176/103/176 227/154/178 228/155/178 229/156/178 
f 176/103/176 229/156/178 230/157/178 231/158/178 
f 176/103/176 231/158/178 232/159/178 233/160/178 
f 176/103/176 233/160/178 234/161/178 235/162/178 
f 176/103/176 235/162/178 236/163/178 237/164/178 
f 176/103/176 237/164/178 238/165/178 239/166/178 
f 176/103/176 239/166/178 240/167/178 241/168/178 
f 176/103/176 241/168/178 242/169/178 243/170/178 
f 176/103/176 243/170/178 244/171/178 245/172/178 
f 176/103/176 245/172/178 246/173/178 247/174/178 
f 176/103/176 247/174/178 178/105/178 
f 169/96/169 178/105/178 248/175/178 249/176/178 
f 169/96/169 249/176/178 250/177/178 251/178/178 
f 169/96/169 251/178/178 252/179/178 253/180/178 
f 169/96/169 253/180/178 254/181/178 255/182/178 
f 169/96/169 255/182/178 256/183/178 257/184/178 
f 169/96/169 257/184/178 258/185/178 259/186/178 
f 260/187/178 169/96/169 259/186/178 
f 193/120/192 261/188/193 262/189/194 263/190/195 
f 262/189/194 264/191/196 263/190/195 
f 263/190/195 265/192/197 266/193/198 267/194/199 
f 266/193/198 268/195/200 267/194/199 
f 193/120/192 263/190/195 267/194/199 269/196/178 
f 267/194/199 270/197/201 271/198/202 272/199/203 
f 271/198/202 273/200/204 272/199/203 
f 272/199/203 274/201/205 275/202/206 276/203/207 
f 275/202/206 277/204/208 276/203/207 
f 267/194/199 272/199/203 276/203/207 278/205/178 
f 276/203/207 279/206/209 280/207/210 169/96/169 
f 280/207/210 281/208/211 169/96/169 
f 169/96/169 260/187/178 282/209/178 283/210/178 
f 276/203/207 169/96/169 283/210/178 284/211/178 
f 276/203/207 284/211/178 285/212/178 286/213/178 
f 276/203/207 286/213/178 287/214/178 288/215/178 
f 276/203/207 288/215/178 289/216/178 290/217/178 
f 276/203/207 290/217/178 291/218/178 292/219/178 
f 276/203/207 292/219/178 293/220/178 294/221/178 
f 276/203/207 294/221/178 295/222/178 296/223/178 
f 276/203/207 296/223/178 297/224/178 298/225/178 
f 276/203/207 298/225/178 299/226/178 300/227/178 
f 276/203/207 300/227/178 301/228/178 302/229/178 
f 276/203/207 302/229/178 303/230/178 304/231/178 
f 276/203/207 304/231/178 278/205/178 
f 267/194/199 278/205/178 305/232/178 306/233/178 
f 267/194/199 306/233/178 307/234/178 308/235/178 
f 267/194/199 308/235/178 309/236/178 310/237/178 
f 267/194/199 310/237/178 311/238/178 312/239/178 
f 267/194/199 312/239/178 313/240/178 314/241/178 
f 267/194/199 314/241/178 315/242/178 316/243/178 
f 267/194/199 316/243/178 317/244/178 318/245/178 
f 267/194/199 318/245/178 319/246/178 320/247/178 
f 267/194/199 320/247/178 321/248/178 322/249/178 
f 267/194/199 322/249/178 323/250/178 324/251/178 
f 267/194/199 324/251/178 325/252/178 326/253/178 
f 267/194/199 326/253/178 327/254/178 328/255/178 
f 267/194/199 328/255/178 269/196/178 
f 193/120/192 269/196/178 329/256/178 330/257/178 
f 193/120/192 330/257/178 331/258/178 332/259/178 
f 193/120/192 332/259/178 333/260/178 334/261/178 
f 193/120/192 334/261/178 335/262/178 336/263/178 
f 193/120/192 336/263/178 337/264/178 338/265/178 
f 193/120/192 338/265/178 339/266/178 195/122/178 
f 124/83/124 123/82/123 340/75/212 341/35/213 
f 342/73/214 343/74/215 90/49/90 89/50/89 
f 344/267/216 345/268/217 346/269/218 347/270/219 
f 348/271/220 349/272/221 350/273/222 351/274/223 
f 352/275/224 353/276/225 128/85/128 127/84/127 
f 354/277/226 355/278/227 345/268/217 344/267/216 
f 356/279/228 357/280/229 349/272/221 348/271/220 
f 358/281/230 359/282/231 353/276/225 352/275/224 
f 360/283/232 361/284/233 355/278/227 354/277/226 
f 362/285/234 363/286/235 357/280/229 356/279/228 
f 364/287/236 365/288/237 359/282/231 358/281/230 
f 366/289/238 367/290/239 361/284/233 360/283/232 
f 368/291/240 369/292/241 363/286/235 362/285/234 
f 370/293/242 371/294/243 365/288/237 364/287/236 
f 372/295/244 373/296/245 367/290/239 366/289/238 
f 374/297/246 375/298/247 369/292/241 368/291/240 
f 376/299/248 377/300/249 371/294/243 370/293/242 
f 378/301/250 379/302/251 373/296/245 372/295/244 
f 380/303/252 381/304/253 375/298/247 374/297/246 
f 382/305/254 383/306/255 377/300/249 376/299/248 
f 384/307/256 385/308/257 379/302/251 378/301/250 
f 386/309/258 387/310/259 381/304/253 380/303/252 
f 388/311/260 389/312/261 383/306/255 382/305/254 
f 390/313/262 391/314/263 385/308/257 384/307/256 
f 392/315/264 393/316/265 387/310/259 386/309/258 
f 394/317/266 395/318/267 389/312/261 388/311/260 
f 396/319/268 397/320/269 391/314/263 390/313/262 
f 398/321/270 399/322/271 393/316/265 392/315/264 
f 400/323/272 401/324/273 395/318/267 394/317/266 
f 402/325/274 403/326/275 397/320/269 396/319/268 
f 404/327/276 405/328/277 399/322/271 398/321/270 
f 406/329/278 407/330/279 401/324/273 400/323/272 
f 408/331/280 409/332/281 403/326/275 402/325/274 
f 410/333/282 411/334/283 405/328/277 404/327/276 
f 412/335/284 413/336/285 407/330/279 406/329/278 
f 414/337/286 415/338/287 409/332/281 408/331/280 
f 416/339/288 417/340/289 411/334/283 410/333/282 
f 418/341/290 419/342/291 420/343/292 421/344/293 
f 422/345/294 423/346/295 413/336/285 412/335/284 
f 130/87/130 129/86/129 415/338/287 414/337/286 
f 421/344/293 420/343/292 417/340/289 416/339/288 
f 347/270/219 346/269/218 419/342/291 418/341/290 
f 351/274/223 350/273/222 423/346/295 422/345/294 
f 87/35/87 424/347/296 425/348/297 5/5/5 
f 424/347/296 426/349/298 427/350/299 425/348/297 
f 426/349/298 428/351/300 429/352/301 427/350/299 
f 428/353/300 430/354/302 431/355/303 429/356/301 
f 430/354/302 432/357/304 433/358/305 431/355/303 
f 432/357/304 420/343/292 419/342/291 433/358/305 
f 5/5/5 425/348/297 434/359/306 1/1/1 
f 425/348/297 427/350/299 435/360/307 434/359/306 
f 427/350/299 429/352/301 436/361/308 435/360/307 
f 429/356/301 431/355/303 437/362/309 436/363/308 
f 431/355/303 433/358/305 438/364/310 437/362/309 
f 433/358/305 419/342/291 346/269/218 438/364/310 
f 1/1/1 434/359/306 439/365/311 2/2/2 
f 434/359/306 435/360/307 440/366/312 439/365/311 
f 435/360/307 436/361/308 441/367/313 440/366/312 
f 436/363/308 437/362/309 442/368/314 441/369/313 
f 437/362/309 438/364/310 443/370/315 442/368/314 
f 438/364/310 346/269/218 345/268/217 443/370/315 
f 2/2/2 439/365/311 444/371/316 7/7/7 
f 439/365/311 440/366/312 445/372/317 444/371/316 
f 440/366/312 441/367/313 446/373/318 445/372/317 
f 441/369/313 442/368/314 447/374/319 446/375/318 
f 442/368/314 443/370/315 448/376/320 447/374/319 
f 443/370/315 345/268/217 355/278/227 448/376/320 
f 7/7/7 444/371/316 449/377/321 8/8/8 
f 444/371/316 445/372/317 450/378/322 449/377/321 
f 445/372/317 446/373/318 451/379/323 450/378/322 
f 446/375/318 447/374/319 452/380/324 451/381/323 
f 447/374/319 448/376/320 453/382/325 452/380/324 
f 448/376/320 355/278/227 361/284/233 453/382/325 
f 8/11/8 449/383/321 454/384/326 11/12/11 
f 449/383/321 450/385/322 455/386/327 454/384/326 
f 450/387/322 451/381/323 456/388/328 455/389/327 
f 451/381/323 452/380/324 457/390/329 456/388/328 
f 452/380/324 453/382/325 458/391/330 457/390/329 
f 453/382/325 361/284/233 367/290/239 458/391/330 
f 11/12/11 454/384/326 459/392/331 13/15/13 
f 454/384/326 455/386/327 460/393/332 459/392/331 
f 455/386/327 456/394/328 461/395/333 460/393/332 
f 456/388/328 457/390/329 462/396/334 461/397/333 
f 457/390/329 458/391/330 463/398/335 462/396/334 
f 458/391/330 367/290/239 373/296/245 463/398/335 
f 13/15/13 459/392/331 464/399/336 15/17/15 
f 459/392/331 460/393/332 465/400/337 464/399/336 
f 460/393/332 461/395/333 466/401/338 465/400/337 
f 461/397/333 462/396/334 467/402/339 466/403/338 
f 462/396/334 463/398/335 468/404/340 467/402/339 
f 463/398/335 373/296/245 379/302/251 468/404/340 
f 15/17/15 464/399/336 469/405/341 17/19/17 
f 464/399/336 465/400/337 470/406/342 469/405/341 
f 465/400/337 466/401/338 471/407/343 470/406/342 
f 466/403/338 467/402/339 472/408/344 471/409/343 
f 467/402/339 468/404/340 473/410/345 472/408/344 
f 468/404/340 379/302/251 385/308/257 473/410/345 
f 17/19/17 469/405/341 474/411/346 19/21/19 
f 469/405/341 470/406/342 475/412/347 474/411/346 
f 470/406/342 471/407/343 476/413/348 475/412/347 
f 471/409/343 472/408/344 477/414/349 476/415/348 
f 472/408/344 473/410/345 478/416/350 477/414/349 
f 473/410/345 385/308/257 391/314/263 478/416/350 
f 19/21/19 474/411/346 479/417/351 21/23/21 
f 474/411/346 475/412/347 480/418/352 479/417/351 
f 475/412/347 476/413/348 481/419/353 480/418/352 
f 476/415/348 477/414/349 482/420/354 481/421/353 
f 477/414/349 478/416/350 483/422/355 482/420/354 
f 478/416/350 391/314/263 397/320/269 483/422/355 
f 21/23/21 479/417/351 484/423/356 23/25/23 
f 479/417/351 480/418/352 485/424/357 484/423/356 
f 480/418/352 481/419/353 486/425/358 485/424/357 
f 481/421/353 482/420/354 487/426/359 486/427/358 
f 482/420/354 483/422/355 488/428/360 487/426/359 
f 483/422/355 397/320/269 403/326/275 488/428/360 
f 23/25/23 484/423/356 489/429/361 25/27/25 
f 484/423/356 485/424/357 490/430/362 489/429/361 
f 485/424/357 486/425/358 491/431/363 490/430/362 
f 486/427/358 487/426/359 492/432/364 491/433/363 
f 487/426/359 488/428/360 493/434/365 492/432/364 
f 488/428/360 403/326/275 409/332/281 493/434/365 
f 25/27/25 489/429/361 494/435/366 27/29/27 
f 489/429/361 490/430/362 495/436/367 494/435/366 
f 490/430/362 491/431/363 496/437/368 495/436/367 
f 491/433/363 492/432/364 497/438/369 496/439/368 
f 492/432/364 493/434/365 498/440/370 497/438/369 
f 493/434/365 409/332/281 415/338/287 498/440/370 
f 27/29/27 494/435/366 499/441/371 29/31/29 
f 494/435/366 495/436/367 500/442/372 499/441/371 
f 495/436/367 496/437/368 501/443/373 500/442/372 
f 496/439/368 497/438/369 502/444/374 501/445/373 
f 497/438/369 498/440/370 503/446/375 502/444/374 
f 498/440/370 415/338/287 129/86/129 503/446/375 
f 29/31/29 499/441/371 504/447/376 31/33/31 
f 499/441/371 500/442/372 505/448/377 504/447/376 
f 500/449/372 501/445/373 506/450/378 505/451/377 
f 501/445/373 502/444/374 507/452/379 506/450/378 
f 502/444/374 503/446/375 508/453/380 507/452/379 
f 503/446/375 129/86/129 128/85/128 508/453/380 
f 31/8/31 504/377/376 509/371/381 33/7/33 
f 504/377/376 505/378/377 510/372/382 509/371/381 
f 505/378/377 506/379/378 511/373/383 510/372/382 
f 506/450/378 507/452/379 512/454/384 511/455/383 
f 507/452/379 508/453/380 513/456/385 512/454/384 
f 508/453/380 128/85/128 353/276/225 513/456/385 
f 33/7/33 509/371/381 514/365/386 35/2/35 
f 509/371/381 510/372/382 515/366/387 514/365/386 
f 510/372/382 511/373/383 516/367/388 515/366/387 
f 511/455/383 512/454/384 517/457/389 516/458/388 
f 512/454/384 513/456/385 518/459/390 517/457/389 
f 513/456/385 353/276/225 359/282/231 518/459/390 
f 35/2/35 514/365/386 519/359/391 37/1/37 
f 514/365/386 515/366/387 520/360/392 519/359/391 
f 515/366/387 516/367/388 521/361/393 520/360/392 
f 516/458/388 517/457/389 522/460/394 521/461/393 
f 517/457/389 518/459/390 523/462/395 522/460/394 
f 518/459/390 359/282/231 365/288/237 523/462/395 
f 37/1/37 519/359/391 524/348/396 39/5/39 
f 519/359/391 520/360/392 525/350/397 524/348/396 
f 520/360/392 521/361/393 526/352/398 525/350/397 
f 521/461/393 522/460/394 527/463/399 526/464/398 
f 522/460/394 523/462/395 528/465/400 527/463/399 
f 523/462/395 365/288/237 371/294/243 528/465/400 
f 39/5/39 524/348/396 529/347/401 41/35/41 
f 524/348/396 525/350/397 530/349/402 529/347/401 
f 525/350/397 526/352/398 531/351/403 530/349/402 
f 526/464/398 527/463/399 532/466/404 531/467/403 
f 527/463/399 528/465/400 533/468/405 532/466/404 
f 528/465/400 371/294/243 377/300/249 533/468/405 
f 41/35/41 529/347/401 534/469/406 43/37/43 
f 529/347/401 530/349/402 535/470/407 534/469/406 
f 530/349/402 531/351/403 536/471/408 535/470/407 
f 531/467/403 532/466/404 537/472/409 536/473/408 
f 532/466/404 533/468/405 538/474/410 537/472/409 
f 533/468/405 377/300/249 383/306/255 538/474/410 
f 43/37/43 534/469/406 539/475/411 45/39/45 
f 534/469/406 535/470/407 540/476/412 539/475/411 
f 535/470/407 536/471/408 541/477/413 540/476/412 
f 536/473/408 537/472/409 542/478/414 541/479/413 
f 537/472/409 538/474/410 543/480/415 542/478/414 
f 538/474/410 383/306/255 389/312/261 543/480/415 
f 45/39/45 539/475/411 544/481/416 47/41/47 
f 539/475/411 540/476/412 545/482/417 544/481/416 
f 540/476/412 541/477/413 546/483/418 545/482/417 
f 541/479/413 542/478/414 547/484/419 546/485/418 
f 542/478/414 543/480/415 548/486/420 547/484/419 
f 543/480/415 389/312/261 395/318/267 548/486/420 
f 47/41/47 544/481/416 549/487/421 49/43/49 
f 544/481/416 545/482/417 550/488/422 549/487/421 
f 545/482/417 546/483/418 551/489/423 550/488/422 
f 546/485/418 547/484/419 552/490/424 551/491/423 
f 547/484/419 548/486/420 553/492/425 552/490/424 
f 548/486/420 395/318/267 401/324/273 553/492/425 
f 49/43/49 549/487/421 554/493/426 51/45/51 
f 549/487/421 550/488/422 555/494/427 554/493/426 
f 550/488/422 551/489/423 556/495/428 555/494/427 
f 551/491/423 552/490/424 557/496/429 556/497/428 
f 552/490/424 553/492/425 558/498/430 557/496/429 
f 553/492/425 401/324/273 407/330/279 558/498/430 
f 51/33/51 554/447/426 559/441/431 53/31/53 
f 554/447/426 555/448/427 560/442/432 559/441/431 
f 555/499/427 556/497/428 561/500/433 560/501/432 
f 556/497/428 557/496/429 562/502/434 561/500/433 
f 557/496/429 558/498/430 563/503/435 562/502/434 
f 558/498/430 407/330/279 413/336/285 563/503/435 
f 53/31/53 559/441/431 564/435/436 55/29/55 
f 559/441/431 560/442/432 565/436/437 564/435/436 
f 560/442/432 561/443/433 566/437/438 565/436/437 
f 561/500/433 562/502/434 567/504/439 566/505/438 
f 562/502/434 563/503/435 568/506/440 567/504/439 
f 563/503/435 413/336/285 423/346/295 568/506/440 
f 55/29/55 564/435/436 569/429/441 57/27/57 
f 564/435/436 565/436/437 570/430/442 569/429/441 
f 565/436/437 566/437/438 571/431/443 570/430/442 
f 566/505/438 567/504/439 572/507/444 571/508/443 
f 567/504/439 568/506/440 573/509/445 572/507/444 
f 568/506/440 423/346/295 350/273/222 573/509/445 
f 57/27/57 569/429/441 574/423/446 59/25/59 
f 569/429/441 570/430/442 575/424/447 574/423/446 
f 570/430/442 571/431/443 576/425/448 575/424/447 
f 571/508/443 572/507/444 577/510/449 576/511/448 
f 572/507/444 573/509/445 578/512/450 577/510/449 
f 573/509/445 350/273/222 349/272/221 578/512/450 
f 59/25/59 574/423/446 579/417/451 61/23/61 
f 574/423/446 575/424/447 580/418/452 579/417/451 
f 575/424/447 576/425/448 581/419/453 580/418/452 
f 576/511/448 577/510/449 582/513/454 581/514/453 
f 577/510/449 578/512/450 583/515/455 582/513/454 
f 578/512/450 349/272/221 357/280/229 583/515/455 
f 61/23/61 579/417/451 584/411/456 63/21/63 
f 579/417/451 580/418/452 585/412/457 584/411/456 
f 580/418/452 581/419/453 586/413/458 585/412/457 
f 581/514/453 582/513/454 587/516/459 586/517/458 
f 582/513/454 583/515/455 588/518/460 587/516/459 
f 583/515/455 357/280/229 363/286/235 588/518/460 
f 63/21/63 584/411/456 589/405/461 65/19/65 
f 584/411/456 585/412/457 590/406/462 589/405/461 
f 585/412/457 586/413/458 591/407/463 590/406/462 
f 586/517/458 587/516/459 592/519/464 591/520/463 
f 587/516/459 588/518/460 593/521/465 592/519/464 
f 588/518/460 363/286/235 369/292/241 593/521/465 
f 65/19/65 589/405/461 594/399/466 67/17/67 
f 589/405/461 590/406/462 595/400/467 594/399/466 
f 590/406/462 591/407/463 596/401/468 595/400/467 
f 591/520/463 592/519/464 597/522/469 596/523/468 
f 592/519/464 593/521/465 598/524/470 597/522/469 
f 593/521/465 369/292/241 375/298/247 598/524/470 
f 67/17/67 594/399/466 599/392/471 69/15/69 
f 594/399/466 595/400/467 600/393/472 599/392/471 
f 595/400/467 596/401/468 601/395/473 600/393/472 
f 596/523/468 597/522/469 602/525/474 601/526/473 
f 597/522/469 598/524/470 603/527/475 602/525/474 
f 598/524/470 375/298/247 381/304/253 603/527/475 
f 69/15/69 599/392/471 604/384/476 71/12/71 
f 599/392/471 600/393/472 605/386/477 604/384/476 
f 600/393/472 601/395/473 606/394/478 605/386/477 
f 601/526/473 602/525/474 607/528/479 606/529/478 
f 602/525/474 603/527/475 608/530/480 607/528/479 
f 603/527/475 381/304/253 387/310/259 608/530/480 
f 71/12/71 604/384/476 609/383/481 73/11/73 
f 604/384/476 605/386/477 610/385/482 609/383/481 
f 605/531/477 606/529/478 611/532/483 610/533/482 
f 606/529/478 607/528/479 612/534/484 611/532/483 
f 607/528/479 608/530/480 613/535/485 612/534/484 
f 608/530/480 387/310/259 393/316/265 613/535/485 
f 73/45/73 609/493/481 614/487/486 75/43/75 
f 609/493/481 610/494/482 615/488/487 614/487/486 
f 610/494/482 611/495/483 616/489/488 615/488/487 
f 611/532/483 612/534/484 617/536/489 616/537/488 
f 612/534/484 613/535/485 618/538/490 617/536/489 
f 613/535/485 393/316/265 399/322/271 618/538/490 
f 75/43/75 614/487/486 619/481/491 77/41/77 
f 614/487/486 615/488/487 620/482/492 619/481/491 
f 615/488/487 616/489/488 621/483/493 620/482/492 
f 616/537/488 617/536/489 622/539/494 621/540/493 
f 617/536/489 618/538/490 623/541/495 622/539/494 
f 618/538/490 399/322/271 405/328/277 623/541/495 
f 77/41/77 619/481/491 624/475/496 79/39/79 
f 619/481/491 620/482/492 625/476/497 624/475/496 
f 620/482/492 621/483/493 626/477/498 625/476/497 
f 621/540/493 622/539/494 627/542/499 626/543/498 
f 622/539/494 623/541/495 628/544/500 627/542/499 
f 623/541/495 405/328/277 411/334/283 628/544/500 
f 79/39/79 624/475/496 629/469/501 81/37/81 
f 624/475/496 625/476/497 630/470/502 629/469/501 
f 625/476/497 626/477/498 631/471/503 630/470/502 
f 626/543/498 627/542/499 632/545/504 631/546/503 
f 627/542/499 628/544/500 633/547/505 632/545/504 
f 628/544/500 411/334/283 417/340/289 633/547/505 
f 81/37/81 629/469/501 424/347/296 87/35/87 
f 629/469/501 630/470/502 426/349/298 424/347/296 
f 630/470/502 631/471/503 428/351/300 426/349/298 
f 631/546/503 632/545/504 430/354/302 428/353/300 
f 632/545/504 633/547/505 432/357/304 430/354/302 
f 633/547/505 417/340/289 420/343/292 432/357/304 
f 421/344/293 634/548/506 635/549/507 418/341/290 
f 634/548/506 636/550/508 637/551/509 635/549/507 
f 636/550/508 638/552/510 639/553/511 637/551/509 
f 638/351/510 640/349/512 641/554/513 639/555/511 
f 640/349/512 642/347/514 643/556/515 641/554/513 
f 642/347/514 341/35/213 342/73/214 643/556/515 
f 418/341/290 635/549/507 644/557/516 347/270/219 
f 635/549/507 637/551/509 645/558/517 644/557/516 
f 637/551/509 639/553/511 646/559/518 645/558/517 
f 639/555/511 641/554/513 647/560/519 646/561/518 
f 641/554/513 643/556/515 648/562/520 647/560/519 
f 643/556/515 342/73/214 89/50/89 648/562/520 
f 347/270/219 644/557/516 649/563/521 344/267/216 
f 644/557/516 645/558/517 650/564/522 649/563/521 
f 645/558/517 646/559/518 651/565/523 650/564/522 
f 646/561/518 647/560/519 652/566/524 651/567/523 
f 647/560/519 648/562/520 653/568/525 652/566/524 
f 648/562/520 89/50/89 92/47/92 653/568/525 
f 344/267/216 649/563/521 654/569/526 354/277/226 
f 649/563/521 650/564/522 655/570/527 654/569/526 
f 650/564/522 651/565/523 656/571/528 655/570/527 
f 651/567/523 652/566/524 657/572/529 656/573/528 
f 652/566/524 653/568/525 658/574/530 657/572/529 
f 653/568/525 92/47/92 93/51/93 658/574/530 
f 354/277/226 654/569/526 659/575/531 360/283/232 
f 654/569/526 655/570/527 660/576/532 659/575/531 
f 655/570/527 656/571/528 661/577/533 660/576/532 
f 656/573/528 657/572/529 662/578/534 661/579/533 
f 657/572/529 658/574/530 663/580/535 662/578/534 
f 658/574/530 93/51/93 96/54/96 663/580/535 
f 360/283/232 659/575/531 664/581/536 366/289/238 
f 659/575/531 660/576/532 665/582/537 664/581/536 
f 660/576/532 661/577/533 666/583/538 665/582/537 
f 661/577/533 662/584/534 667/585/539 666/583/538 
f 662/586/534 663/587/535 668/588/540 667/589/539 
f 663/587/535 96/55/96 98/58/98 668/588/540 
f 366/289/238 664/581/536 669/590/541 372/295/244 
f 664/581/536 665/582/537 670/591/542 669/590/541 
f 665/582/537 666/583/538 671/592/543 670/591/542 
f 666/593/538 667/589/539 672/594/544 671/595/543 
f 667/589/539 668/588/540 673/596/545 672/594/544 
f 668/588/540 98/58/98 99/59/99 673/596/545 
f 372/295/244 669/590/541 674/597/546 378/301/250 
f 669/590/541 670/591/542 675/598/547 674/597/546 
f 670/591/542 671/592/543 676/599/548 675/598/547 
f 671/595/543 672/594/544 677/600/549 676/601/548 
f 672/594/544 673/596/545 678/602/550 677/600/549 
f 673/596/545 99/59/99 102/62/102 678/602/550 
f 378/301/250 674/597/546 679/603/551 384/307/256 
f 674/597/546 675/598/547 680/604/552 679/603/551 
f 675/598/547 676/599/548 681/605/553 680/604/552 
f 676/601/548 677/600/549 682/606/554 681/607/553 
f 677/600/549 678/602/550 683/608/555 682/606/554 
f 678/602/550 102/62/102 104/64/104 683/608/555 
f 384/307/256 679/603/551 684/609/556 390/313/262 
f 679/603/551 680/604/552 685/610/557 684/609/556 
f 680/604/552 681/605/553 686/611/558 685/610/557 
f 681/607/553 682/606/554 687/612/559 686/613/558 
f 682/606/554 683/608/555 688/614/560 687/612/559 
f 683/608/555 104/64/104 106/66/106 688/614/560 
f 390/313/262 684/609/556 689/615/561 396/319/268 
f 684/609/556 685/610/557 690/616/562 689/615/561 
f 685/610/557 686/611/558 691/617/563 690/616/562 
f 686/613/558 687/612/559 692/618/564 691/619/563 
f 687/612/559 688/614/560 693/620/565 692/618/564 
f 688/614/560 106/66/106 108/68/108 693/620/565 
f 396/319/268 689/615/561 694/621/566 402/325/274 
f 689/615/561 690/616/562 695/622/567 694/621/566 
f 690/616/562 691/617/563 696/623/568 695/622/567 
f 691/619/563 692/618/564 697/624/569 696/625/568 
f 692/618/564 693/620/565 698/626/570 697/624/569 
f 693/620/565 108/68/108 168/95/168 698/626/570 
f 402/325/274 694/621/566 699/627/571 408/331/280 
f 694/621/566 695/622/567 700/628/572 699/627/571 
f 695/622/567 696/623/568 701/629/573 700/628/572 
f 696/625/568 697/624/569 702/630/574 701/631/573 
f 697/624/569 698/626/570 703/632/575 702/630/574 
f 698/626/570 168/95/168 165/93/165 703/632/575 
f 408/331/280 699/627/571 704/633/576 414/337/286 
f 699/627/571 700/628/572 705/634/577 704/633/576 
f 700/628/572 701/629/573 706/635/578 705/634/577 
f 701/631/573 702/630/574 707/636/579 706/637/578 
f 702/630/574 703/632/575 708/638/580 707/636/579 
f 703/632/575 165/93/165 131/88/131 708/638/580 
f 414/337/286 704/633/576 709/639/581 130/87/130 
f 704/633/576 705/634/577 710/640/582 709/639/581 
f 705/634/577 706/635/578 711/641/583 710/640/582 
f 706/637/578 707/636/579 712/642/584 711/643/583 
f 707/636/579 708/638/580 713/644/585 712/642/584 
f 708/638/580 131/88/131 109/69/109 713/644/585 
f 130/87/130 709/639/581 714/645/586 127/84/127 
f 709/639/581 710/640/582 715/646/587 714/645/586 
f 710/640/582 711/641/583 716/647/588 715/646/587 
f 711/641/583 712/648/584 717/649/589 716/647/588 
f 712/642/584 713/644/585 718/650/590 717/651/589 
f 713/644/585 109/69/109 112/72/112 718/650/590 
f 127/84/127 714/645/586 719/652/591 352/275/224 
f 714/645/586 715/646/587 720/653/592 719/652/591 
f 715/646/587 716/647/588 721/654/593 720/653/592 
f 716/579/588 717/578/589 722/572/594 721/573/593 
f 717/578/589 718/580/590 723/574/595 722/572/594 
f 718/580/590 112/54/112 126/51/126 723/574/595 
f 352/275/224 719/652/591 724/655/596 358/281/230 
f 719/652/591 720/653/592 725/656/597 724/655/596 
f 720/653/592 721/654/593 726/657/598 725/656/597 
f 721/573/593 722/572/594 727/566/599 726/567/598 
f 722/572/594 723/574/595 728/568/600 727/566/599 
f 723/574/595 126/51/126 83/47/83 728/568/600 
f 358/281/230 724/655/596 729/658/601 364/287/236 
f 724/655/596 725/656/597 730/659/602 729/658/601 
f 725/656/597 726/657/598 731/660/603 730/659/602 
f 726/567/598 727/566/599 732/560/604 731/561/603 
f 727/566/599 728/568/600 733/562/605 732/560/604 
f 728/568/600 83/47/83 86/50/86 733/562/605 
f 364/287/236 729/658/601 734/661/606 370/293/242 
f 729/658/601 730/659/602 735/662/607 734/661/606 
f 730/659/602 731/660/603 736/663/608 735/662/607 
f 731/561/603 732/560/604 737/554/609 736/555/608 
f 732/560/604 733/562/605 738/556/610 737/554/609 
f 733/562/605 86/50/86 113/73/113 738/556/610 
f 370/293/242 734/661/606 739/664/611 376/299/248 
f 734/661/606 735/662/607 740/665/612 739/664/611 
f 735/662/607 736/663/608 741/666/613 740/665/612 
f 736/555/608 737/554/609 742/349/614 741/351/613 
f 737/554/609 738/556/610 743/347/615 742/349/614 
f 738/556/610 113/73/113 116/35/116 743/347/615 
f 376/299/248 739/664/611 744/667/616 382/305/254 
f 739/664/611 740/665/612 745/668/617 744/667/616 
f 740/665/612 741/666/613 746/669/618 745/668/617 
f 741/351/613 742/349/614 747/670/619 746/671/618 
f 742/349/614 743/347/615 748/672/620 747/670/619 
f 743/347/615 116/35/116 133/83/133 748/672/620 
f 382/305/254 744/667/616 749/673/621 388/311/260 
f 744/667/616 745/668/617 750/674/622 749/673/621 
f 745/668/617 746/669/618 751/675/623 750/674/622 
f 746/671/618 747/670/619 752/676/624 751/677/623 
f 747/670/619 748/672/620 753/678/625 752/676/624 
f 748/672/620 133/83/133 136/80/136 753/678/625 
f 388/311/260 749/673/621 754/679/626 394/317/266 
f 749/673/621 750/674/622 755/680/627 754/679/626 
f 750/674/622 751/675/623 756/681/628 755/680/627 
f 751/677/623 752/676/624 757/682/629 756/683/628 
f 752/676/624 753/678/625 758/684/630 757/682/629 
f 753/678/625 136/80/136 117/76/117 758/684/630 
f 394/317/266 754/679/626 759/685/631 400/323/272 
f 754/679/626 755/680/627 760/686/632 759/685/631 
f 755/680/627 756/681/628 761/687/633 760/686/632 
f 756/683/628 757/682/629 762/688/634 761/689/633 
f 757/682/629 758/684/630 763/690/635 762/688/634 
f 758/684/630 117/76/117 120/79/120 763/690/635 
f 400/323/272 759/685/631 764/691/636 406/329/278 
f 759/685/631 760/686/632 765/692/637 764/691/636 
f 760/686/632 761/687/633 766/693/638 765/692/637 
f 761/689/633 762/688/634 767/694/639 766/695/638 
f 762/688/634 763/690/635 768/696/640 767/694/639 
f 763/690/635 120/79/120 142/90/142 768/696/640 
f 406/329/278 764/691/636 769/697/641 412/335/284 
f 764/691/636 765/692/637 770/698/642 769/697/641 
f 765/692/637 766/693/638 771/699/643 770/698/642 
f 766/693/638 767/700/639 772/701/644 771/699/643 
f 767/651/639 768/650/640 773/644/645 772/642/644 
f 768/650/640 142/72/142 144/69/144 773/644/645 
f 412/335/284 769/697/641 774/702/646 422/345/294 
f 769/697/641 770/698/642 775/703/647 774/702/646 
f 770/698/642 771/699/643 776/704/648 775/703/647 
f 771/643/643 772/642/644 777/636/649 776/637/648 
f 772/642/644 773/644/645 778/638/650 777/636/649 
f 773/644/645 144/69/144 145/88/145 778/638/650 
f 422/345/294 774/702/646 779/705/651 351/274/223 
f 774/702/646 775/703/647 780/706/652 779/705/651 
f 775/703/647 776/704/648 781/707/653 780/706/652 
f 776/637/648 777/636/649 782/630/654 781/631/653 
f 777/636/649 778/638/650 783/632/655 782/630/654 
f 778/638/650 145/88/145 148/93/148 783/632/655 
f 351/274/223 779/705/651 784/708/656 348/271/220 
f 779/705/651 780/706/652 785/709/657 784/708/656 
f 780/706/652 781/707/653 786/710/658 785/709/657 
f 781/631/653 782/630/654 787/624/659 786/625/658 
f 782/630/654 783/632/655 788/626/660 787/624/659 
f 783/632/655 148/93/148 150/95/150 788/626/660 
f 348/271/220 784/708/656 789/711/661 356/279/228 
f 784/708/656 785/709/657 790/712/662 789/711/661 
f 785/709/657 786/710/658 791/713/663 790/712/662 
f 786/625/658 787/624/659 792/618/664 791/619/663 
f 787/624/659 788/626/660 793/620/665 792/618/664 
f 788/626/660 150/95/150 152/68/152 793/620/665 
f 356/279/228 789/711/661 794/714/666 362/285/234 
f 789/711/661 790/712/662 795/715/667 794/714/666 
f 790/712/662 791/713/663 796/716/668 795/715/667 
f 791/619/663 792/618/664 797/612/669 796/613/668 
f 792/618/664 793/620/665 798/614/670 797/612/669 
f 793/620/665 152/68/152 154/66/154 798/614/670 
f 362/285/234 794/714/666 799/717/671 368/291/240 
f 794/714/666 795/715/667 800/718/672 799/717/671 
f 795/715/667 796/716/668 801/719/673 800/718/672 
f 796/613/668 797/612/669 802/606/674 801/607/673 
f 797/612/669 798/614/670 803/608/675 802/606/674 
f 798/614/670 154/66/154 156/64/156 803/608/675 
f 368/291/240 799/717/671 804/720/676 374/297/246 
f 799/717/671 800/718/672 805/721/677 804/720/676 
f 800/718/672 801/719/673 806/722/678 805/721/677 
f 801/607/673 802/606/674 807/600/679 806/601/678 
f 802/606/674 803/608/675 808/602/680 807/600/679 
f 803/608/675 156/64/156 158/62/158 808/602/680 
f 374/297/246 804/720/676 809/723/681 380/303/252 
f 804/720/676 805/721/677 810/724/682 809/723/681 
f 805/721/677 806/722/678 811/725/683 810/724/682 
f 806/601/678 807/600/679 812/594/684 811/595/683 
f 807/600/679 808/602/680 813/596/685 812/594/684 
f 808/602/680 158/62/158 159/59/159 813/596/685 
f 380/303/252 809/723/681 814/726/686 386/309/258 
f 809/723/681 810/724/682 815/727/687 814/726/686 
f 810/724/682 811/725/683 816/728/688 815/727/687 
f 811/595/683 812/594/684 817/589/689 816/593/688 
f 812/594/684 813/596/685 818/588/690 817/589/689 
f 813/596/685 159/59/159 162/58/162 818/588/690 
f 386/309/258 814/726/686 819/729/691 392/315/264 
f 814/726/686 815/727/687 820/730/692 819/729/691 
f 815/727/687 816/728/688 821/731/693 820/730/692 
f 816/728/688 817/732/689 822/733/694 821/731/693 
f 817/589/689 818/588/690 823/587/695 822/586/694 
f 818/588/690 162/58/162 137/55/137 823/587/695 
f 392/315/264 819/729/691 824/734/696 398/321/270 
f 819/729/691 820/730/692 825/735/697 824/734/696 
f 820/730/692 821/731/693 826/736/698 825/735/697 
f 821/695/693 822/694/694 827/688/699 826/689/698 
f 822/694/694 823/696/695 828/690/700 827/688/699 
f 823/696/695 137/90/137 140/79/140 828/690/700 
f 398/321/270 824/734/696 829/737/701 404/327/276 
f 824/734/696 825/735/697 830/738/702 829/737/701 
f 825/735/697 826/736/698 831/739/703 830/738/702 
f 826/689/698 827/688/699 832/682/704 831/683/703 
f 827/688/699 828/690/700 833/684/705 832/682/704 
f 828/690/700 140/79/140 164/76/164 833/684/705 
f 404/327/276 829/737/701 834/740/706 410/333/282 
f 829/737/701 830/738/702 835/741/707 834/740/706 
f 830/738/702 831/739/703 836/742/708 835/741/707 
f 831/683/703 832/682/704 837/676/709 836/677/708 
f 832/682/704 833/684/705 838/678/710 837/676/709 
f 833/684/705 164/76/164 121/80/121 838/678/710 
f 410/333/282 834/740/706 839/743/711 416/339/288 
f 834/740/706 835/741/707 840/744/712 839/743/711 
f 835/741/707 836/742/708 841/745/713 840/744/712 
f 836/677/708 837/676/709 842/670/714 841/671/713 
f 837/676/709 838/678/710 843/672/715 842/670/714 
f 838/678/710 121/80/121 124/83/124 843/672/715 
f 416/339/288 839/743/711 634/548/506 421/344/293 
f 839/743/711 840/744/712 636/550/508 634/548/506 
f 840/744/712 841/745/713 638/552/510 636/550/508 
f 841/671/713 842/670/714 640/349/512 638/351/510 
f 842/670/714 843/672/715 642/347/514 640/349/512 
f 843/672/715 124/83/124 341/35/213 642/347/514 
f 844/746/716 845/747/717 846/748/718 847/749/719 
f 846/748/718 848/750/720 849/751/721 850/752/722 
f 849/751/721 851/753/723 850/752/722 
f 850/752/722 852/754/724 853/755/725 854/756/726 
f 853/755/725 855/757/727 854/756/726 
f 846/748/718 850/752/722 854/756/726 856/758/728 
f 854/756/726 857/759/729 858/760/730 859/761/731 
f 858/760/730 860/762/732 859/761/731 
f 859/761/731 861/763/733 862/764/734 856/758/728 
f 862/764/734 863/765/735 856/758/728 
f 854/756/726 859/761/731 856/758/728 
f 856/758/728 864/766/736 865/767/737 866/768/738 
f 865/767/737 867/769/739 866/768/738 
f 866/768/738 868/770/740 869/771/741 870/772/742 
f 869/771/741 871/773/743 870/772/742 
f 856/758/728 866/768/738 870/772/742 872/774/744 
f 870/772/742 873/775/745 874/776/746 875/777/747 
f 874/776/746 876/778/748 875/777/747 
f 875/777/747 877/779/749 878/780/750 872/774/744 
f 878/780/750 879/781/751 872/774/744 
f 870/772/742 875/777/747 872/774/744 
f 846/748/718 856/758/728 872/774/744 880/782/752 
f 872/774/744 881/783/753 882/784/754 880/782/752 
f 882/784/754 883/785/755 880/782/752 
f 880/782/752 884/786/756 847/749/719 846/748/718 
f 885/787/757 844/746/716 847/749/719 
f 6/6/6 886/788/758 887/789/759 88/36/88 
f 886/788/758 888/790/760 889/791/761 887/789/759 
f 888/792/760 890/793/762 891/794/763 889/795/761 
f 890/793/762 892/796/764 893/797/765 891/794/763 
f 892/796/764 172/99/172 173/100/173 893/797/765 
f 4/4/4 894/798/766 886/788/758 6/6/6 
f 894/798/766 895/799/767 888/790/760 886/788/758 
f 895/800/767 896/801/768 890/793/762 888/792/760 
f 896/801/768 897/802/769 892/796/764 890/793/762 
f 897/802/769 174/101/174 172/99/172 892/796/764 
f 3/3/3 898/803/770 894/798/766 4/4/4 
f 898/803/770 899/804/771 895/799/767 894/798/766 
f 899/805/771 900/806/772 896/801/768 895/800/767 
f 900/806/772 901/807/773 897/802/769 896/801/768 
f 901/807/773 175/102/175 174/101/174 897/802/769 
f 10/10/10 902/808/774 898/803/770 3/3/3 
f 902/808/774 903/809/775 899/804/771 898/803/770 
f 903/810/775 904/811/776 900/806/772 899/805/771 
f 904/811/776 905/812/777 901/807/773 900/806/772 
f 905/812/777 177/104/177 175/102/175 901/807/773 
f 9/9/9 906/813/778 902/808/774 10/10/10 
f 906/813/778 907/814/779 903/809/775 902/808/774 
f 907/815/779 908/816/780 904/811/776 903/810/775 
f 908/816/780 909/817/781 905/812/777 904/811/776 
f 909/817/781 176/103/176 177/104/177 905/812/777 
f 12/13/12 910/818/782 906/819/778 9/14/9 
f 910/818/782 911/820/783 907/821/779 906/819/778 
f 911/822/783 912/823/784 908/816/780 907/815/779 
f 912/823/784 913/824/785 909/817/781 908/816/780 
f 913/824/785 179/106/179 176/103/176 909/817/781 
f 14/16/14 914/825/786 910/818/782 12/13/12 
f 914/825/786 915/826/787 911/820/783 910/818/782 
f 915/827/787 916/828/788 912/823/784 911/822/783 
f 916/828/788 917/829/789 913/824/785 912/823/784 
f 917/829/789 180/107/180 179/106/179 913/824/785 
f 16/18/16 918/830/790 914/825/786 14/16/14 
f 918/830/790 919/831/791 915/826/787 914/825/786 
f 919/832/791 920/833/792 916/828/788 915/827/787 
f 920/833/792 921/834/793 917/829/789 916/828/788 
f 921/834/793 182/109/182 180/107/180 917/829/789 
f 18/20/18 922/835/794 918/830/790 16/18/16 
f 922/835/794 923/836/795 919/831/791 918/830/790 
f 923/837/795 924/838/796 920/833/792 919/832/791 
f 924/838/796 925/839/797 921/834/793 920/833/792 
f 925/839/797 181/108/181 182/109/182 921/834/793 
f 20/22/20 926/840/798 922/835/794 18/20/18 
f 926/840/798 927/841/799 923/836/795 922/835/794 
f 927/842/799 928/843/800 924/838/796 923/837/795 
f 928/843/800 929/844/801 925/839/797 924/838/796 
f 929/844/801 183/110/183 181/108/181 925/839/797 
f 22/24/22 930/845/802 926/840/798 20/22/20 
f 930/845/802 931/846/803 927/841/799 926/840/798 
f 931/847/803 932/848/804 928/843/800 927/842/799 
f 932/848/804 933/849/805 929/844/801 928/843/800 
f 933/849/805 184/111/184 183/110/183 929/844/801 
f 24/26/24 934/850/806 930/845/802 22/24/22 
f 934/850/806 935/851/807 931/846/803 930/845/802 
f 935/852/807 936/853/808 932/848/804 931/847/803 
f 936/853/808 937/854/809 933/849/805 932/848/804 
f 937/854/809 186/113/186 184/111/184 933/849/805 
f 26/28/26 938/855/810 934/850/806 24/26/24 
f 938/855/810 939/856/811 935/851/807 934/850/806 
f 939/857/811 940/858/812 936/853/808 935/852/807 
f 940/858/812 941/859/813 937/854/809 936/853/808 
f 941/859/813 185/112/185 186/113/186 937/854/809 
f 28/30/28 942/860/814 938/855/810 26/28/26 
f 942/860/814 943/861/815 939/856/811 938/855/810 
f 943/862/815 944/863/816 940/858/812 939/857/811 
f 944/863/816 945/864/817 941/859/813 940/858/812 
f 945/864/817 188/115/187 185/112/185 941/859/813 
f 30/32/30 946/865/818 942/860/814 28/30/28 
f 946/865/818 947/866/819 943/861/815 942/860/814 
f 947/867/819 948/868/820 944/863/816 943/862/815 
f 948/868/820 949/869/821 945/864/817 944/863/816 
f 949/869/821 189/116/188 188/115/187 945/864/817 
f 32/34/32 950/870/822 946/865/818 30/32/30 
f 950/870/822 951/871/823 947/866/819 946/865/818 
f 951/872/823 952/873/824 948/868/820 947/867/819 
f 952/873/824 953/874/825 949/869/821 948/868/820 
f 953/874/825 191/118/190 189/116/188 949/869/821 
f 34/10/34 954/808/826 950/813/822 32/9/32 
f 954/808/826 955/809/827 951/814/823 950/813/822 
f 955/875/827 956/876/828 952/873/824 951/872/823 
f 956/876/828 957/877/829 953/874/825 952/873/824 
f 957/877/829 190/117/189 191/118/190 953/874/825 
f 36/3/36 958/803/830 954/808/826 34/10/34 
f 958/803/830 959/804/831 955/809/827 954/808/826 
f 959/878/831 960/879/832 956/876/828 955/875/827 
f 960/879/832 961/880/833 957/877/829 956/876/828 
f 961/880/833 192/119/191 190/117/189 957/877/829 
f 38/4/38 962/798/834 958/803/830 36/3/36 
f 962/798/834 963/799/835 959/804/831 958/803/830 
f 963/881/835 964/882/836 960/879/832 959/878/831 
f 964/882/836 965/883/837 961/880/833 960/879/832 
f 965/883/837 193/120/192 192/119/191 961/880/833 
f 40/6/40 966/788/838 962/798/834 38/4/38 
f 966/788/838 967/790/839 963/799/835 962/798/834 
f 967/884/839 968/885/840 964/882/836 963/881/835 
f 968/885/840 969/886/841 965/883/837 964/882/836 
f 969/886/841 261/188/193 193/120/192 965/883/837 
f 42/36/42 970/789/842 966/788/838 40/6/40 
f 970/789/842 971/791/843 967/790/839 966/788/838 
f 971/887/843 972/888/844 968/885/840 967/884/839 
f 972/888/844 973/889/845 969/886/841 968/885/840 
f 973/889/845 262/189/194 261/188/193 969/886/841 
f 44/38/44 974/890/846 970/789/842 42/36/42 
f 974/890/846 975/891/847 971/791/843 970/789/842 
f 975/892/847 976/893/848 972/888/844 971/887/843 
f 976/893/848 977/894/849 973/889/845 972/888/844 
f 977/894/849 264/191/196 262/189/194 973/889/845 
f 46/40/46 978/895/850 974/890/846 44/38/44 
f 978/895/850 979/896/851 975/891/847 974/890/846 
f 979/897/851 980/898/852 976/893/848 975/892/847 
f 980/898/852 981/899/853 977/894/849 976/893/848 
f 981/899/853 263/190/195 264/191/196 977/894/849 
f 48/42/48 982/900/854 978/895/850 46/40/46 
f 982/900/854 983/901/855 979/896/851 978/895/850 
f 983/902/855 984/903/856 980/898/852 979/897/851 
f 984/903/856 985/904/857 981/899/853 980/898/852 
f 985/904/857 265/192/197 263/190/195 981/899/853 
f 50/44/50 986/905/858 982/900/854 48/42/48 
f 986/905/858 987/906/859 983/901/855 982/900/854 
f 987/907/859 988/908/860 984/903/856 983/902/855 
f 988/908/860 989/909/861 985/904/857 984/903/856 
f 989/909/861 266/193/198 265/192/197 985/904/857 
f 52/46/52 990/910/862 986/905/858 50/44/50 
f 990/910/862 991/911/863 987/906/859 986/905/858 
f 991/912/863 992/913/864 988/908/860 987/907/859 
f 992/913/864 993/914/865 989/909/861 988/908/860 
f 993/914/865 268/195/200 266/193/198 989/909/861 
f 54/32/54 994/865/866 990/870/862 52/34/52 
f 994/865/866 995/866/867 991/871/863 990/870/862 
f 995/915/867 996/916/868 992/913/864 991/912/863 
f 996/916/868 997/917/869 993/914/865 992/913/864 
f 997/917/869 267/194/199 268/195/200 993/914/865 
f 56/30/56 998/860/870 994/865/866 54/32/54 
f 998/860/870 999/861/871 995/866/867 994/865/866 
f 999/918/871 1000/919/872 996/916/868 995/915/867 
f 1000/919/872 1001/920/873 997/917/869 996/916/868 
f 1001/920/873 270/197/201 267/194/199 997/917/869 
f 58/28/58 1002/855/874 998/860/870 56/30/56 
f 1002/855/874 1003/856/875 999/861/871 998/860/870 
f 1003/921/875 1004/922/876 1000/919/872 999/918/871 
f 1004/922/876 1005/923/877 1001/920/873 1000/919/872 
f 1005/923/877 271/198/202 270/197/201 1001/920/873 
f 60/26/60 1006/850/878 1002/855/874 58/28/58 
f 1006/850/878 1007/851/879 1003/856/875 1002/855/874 
f 1007/924/879 1008/925/880 1004/922/876 1003/921/875 
f 1008/925/880 1009/926/881 1005/923/877 1004/922/876 
f 1009/926/881 273/200/204 271/198/202 1005/923/877 
f 62/24/62 1010/845/882 1006/850/878 60/26/60 
f 1010/845/882 1011/846/883 1007/851/879 1006/850/878 
f 1011/927/883 1012/928/884 1008/925/880 1007/924/879 
f 1012/928/884 1013/929/885 1009/926/881 1008/925/880 
f 1013/929/885 272/199/203 273/200/204 1009/926/881 
f 64/22/64 1014/840/886 1010/845/882 62/24/62 
f 1014/840/886 1015/841/887 1011/846/883 1010/845/882 
f 1015/930/887 1016/931/888 1012/928/884 1011/927/883 
f 1016/931/888 1017/932/889 1013/929/885 1012/928/884 
f 1017/932/889 274/201/205 272/199/203 1013/929/885 
f 66/20/66 1018/835/890 1014/840/886 64/22/64 
f 1018/835/890 1019/836/891 1015/841/887 1014/840/886 
f 1019/933/891 1020/934/892 1016/931/888 1015/930/887 
f 1020/934/892 1021/935/893 1017/932/889 1016/931/888 
f 1021/935/893 275/202/206 274/201/205 1017/932/889 
f 68/18/68 1022/830/894 1018/835/890 66/20/66 
f 1022/830/894 1023/831/895 1019/836/891 1018/835/890 
f 1023/936/895 1024/937/896 1020/934/892 1019/933/891 
f 1024/937/896 1025/938/897 1021/935/893 1020/934/892 
f 1025/938/897 277/204/208 275/202/206 1021/935/893 
f 70/16/70 1026/825/898 1022/830/894 68/18/68 
f 1026/825/898 1027/826/899 1023/831/895 1022/830/894 
f 1027/939/899 1028/940/900 1024/937/896 1023/936/895 
f 1028/940/900 1029/941/901 1025/938/897 1024/937/896 
f 1029/941/901 276/203/207 277/204/208 1025/938/897 
f 72/13/72 1030/818/902 1026/825/898 70/16/70 
f 1030/818/902 1031/820/903 1027/826/899 1026/825/898 
f 1031/942/903 1032/943/904 1028/940/900 1027/939/899 
f 1032/943/904 1033/944/905 1029/941/901 1028/940/900 
f 1033/944/905 279/206/209 276/203/207 1029/941/901 
f 74/14/74 1034/819/906 1030/818/902 72/13/72 
f 1034/819/906 1035/821/907 1031/820/903 1030/818/902 
f 1035/945/907 1036/946/908 1032/943/904 1031/942/903 
f 1036/946/908 1037/947/909 1033/944/905 1032/943/904 
f 1037/947/909 280/207/210 279/206/209 1033/944/905 
f 76/44/76 1038/905/910 1034/910/906 74/46/74 
f 1038/905/910 1039/906/911 1035/911/907 1034/910/906 
f 1039/948/911 1040/949/912 1036/946/908 1035/945/907 
f 1040/949/912 1041/950/913 1037/947/909 1036/946/908 
f 1041/950/913 281/208/211 280/207/210 1037/947/909 
f 78/42/78 1042/900/914 1038/905/910 76/44/76 
f 1042/900/914 1043/901/915 1039/906/911 1038/905/910 
f 1043/951/915 1044/952/916 1040/949/912 1039/948/911 
f 1044/952/916 1045/953/917 1041/950/913 1040/949/912 
f 1045/953/917 169/96/169 281/208/211 1041/950/913 
f 80/40/80 1046/895/918 1042/900/914 78/42/78 
f 1046/895/918 1047/896/919 1043/901/915 1042/900/914 
f 1047/954/919 1048/955/920 1044/952/916 1043/951/915 
f 1048/955/920 1049/956/921 1045/953/917 1044/952/916 
f 1049/956/921 170/97/170 169/96/169 1045/953/917 
f 82/38/82 1050/890/922 1046/895/918 80/40/80 
f 1050/890/922 1051/891/923 1047/896/919 1046/895/918 
f 1051/957/923 1052/958/924 1048/955/920 1047/954/919 
f 1052/958/924 1053/959/925 1049/956/921 1048/955/920 
f 1053/959/925 171/98/171 170/97/170 1049/956/921 
f 88/36/88 887/789/759 1050/890/922 82/38/82 
f 887/789/759 889/791/761 1051/891/923 1050/890/922 
f 889/795/761 891/794/763 1052/958/924 1051/957/923 
f 891/794/763 893/797/765 1053/959/925 1052/958/924 
f 893/797/765 173/100/173 171/98/171 1053/959/925 
f 87/35/87 5/5/5 6/6/6 88/36/88 
f 1054/960/926 1055/961/927 1056/962/928 1057/963/929 
f 1055/961/927 1058/964/930 1059/965/931 1056/962/928 
f 1060/966/932 1061/967/933 1055/961/927 1054/960/926 
f 1061/967/933 1062/968/934 1058/964/930 1055/961/927 
f 1063/969/935 1057/963/929 1064/970/936 1065/971/937 
f 1057/963/929 1056/962/928 1066/972/938 1064/970/936 
f 1056/962/928 1059/965/931 1067/973/939 1066/972/938 
f 1059/965/931 1068/974/940 1069/975/941 1067/973/939 
f 1058/964/930 1070/976/942 1068/974/940 1059/965/931 
f 1062/968/934 1071/977/943 1070/976/942 1058/964/930 
f 1072/978/944 1073/979/945 1071/977/943 1062/968/934 
f 1074/980/946 1072/978/944 1062/968/934 1061/967/933 
f 1075/981/947 1074/980/946 1061/967/933 1060/966/932 
f 1076/982/948 1075/981/947 1060/966/932 1077/983/949 
f 1077/983/949 1060/966/932 1054/960/926 1078/984/950 
f 1078/984/950 1054/960/926 1057/963/929 1063/969/935 
f 1079/985/951 1080/986/952 1081/987/953 1082/988/954 
f 1080/986/952 1083/989/955 1084/990/956 1081/987/953 
f 1085/991/957 1086/992/958 1080/986/952 1079/985/951 
f 1086/992/958 1087/993/959 1083/989/955 1080/986/952 
f 1088/994/960 1082/988/954 1089/995/961 1090/996/962 
f 1082/988/954 1081/987/953 1091/997/963 1089/995/961 
f 1081/987/953 1084/990/956 1092/998/964 1091/997/963 
f 1084/990/956 1063/969/935 1065/971/937 1092/998/964 
f 1083/989/955 1078/984/950 1063/969/935 1084/990/956 
f 1087/993/959 1077/983/949 1078/984/950 1083/989/955 
f 1093/999/965 1076/982/948 1077/983/949 1087/993/959 
f 1094/1000/966 1093/999/965 1087/993/959 1086/992/958 
f 1095/1001/967 1094/1000/966 1086/992/958 1085/991/957 
f 1096/1002/968 1095/1001/967 1085/991/957 1097/1003/969 
f 1097/1003/969 1085/991/957 1079/985/951 1098/1004/970 
f 1098/1004/970 1079/985/951 1082/988/954 1088/994/960 
f 1099/1005/971 1100/1006/972 1101/1007/973 1102/1008/974 
f 1100/1006/972 1103/1009/975 1104/1010/976 1101/1007/973 
f 1105/1011/977 1106/1012/978 1100/1006/972 1099/1005/971 
f 1106/1012/978 1107/1013/979 1103/1009/975 1100/1006/972 
f 1108/1014/980 1102/1008/974 1109/1015/981 1110/1016/982 
f 1102/1008/974 1101/1007/973 1111/1017/983 1109/1015/981 
f 1101/1007/973 1104/1010/976 1112/1018/984 1111/1017/983 
f 1104/1010/976 1088/994/960 1090/996/962 1112/1018/984 
f 1103/1009/975 1098/1004/970 1088/994/960 1104/1010/976 
f 1107/1013/979 1097/1003/969 1098/1004/970 1103/1009/975 
f 1113/1019/985 1096/1002/968 1097/1003/969 1107/1013/979 
f 1114/1020/986 1113/1019/985 1107/1013/979 1106/1012/978 
f 1115/1021/987 1114/1020/986 1106/1012/978 1105/1011/977 
f 1116/1022/988 1115/1021/987 1105/1011/977 1117/1023/989 
f 1117/1023/989 1105/1011/977 1099/1005/971 1118/1024/990 
f 1118/1024/990 1099/1005/971 1102/1008/974 1108/1014/980 
f 1119/1025/991 1120/1026/992 1121/1027/993 1122/1028/994 
f 1120/1026/992 1123/1029/995 1124/1030/996 1121/1027/993 
f 1125/1031/997 1126/1032/998 1120/1026/992 1119/1025/991 
f 1126/1032/998 1127/1033/999 1123/1029/995 1120/1026/992 
f 1128/1034/1000 1122/1035/994 1129/1036/1001 1130/1037/1002 
f 1122/1028/994 1121/1027/993 1131/1038/1003 1129/1039/1001 
f 1121/1027/993 1124/1030/996 1132/1040/1004 1131/1038/1003 
f 1124/1030/996 1108/1014/980 1110/1016/982 1132/1040/1004 
f 1123/1029/995 1118/1024/990 1108/1014/980 1124/1030/996 
f 1127/1033/999 1117/1023/989 1118/1024/990 1123/1029/995 
f 1133/1041/1005 1116/1022/988 1117/1023/989 1127/1033/999 
f 1134/1042/1006 1133/1041/1005 1127/1033/999 1126/1032/998 
f 1135/1043/1007 1134/1042/1006 1126/1032/998 1125/1031/997 
f 1136/1044/1008 1135/1045/1007 1125/1046/997 1137/1047/1009 
f 1137/1047/1009 1125/1046/997 1119/1048/991 1138/1049/1010 
f 1138/1049/1010 1119/1048/991 1122/1035/994 1128/1034/1000 
f 1139/1050/1011 1140/1051/1012 1141/1052/1013 1142/1053/1014 
f 1140/1051/1012 1143/1054/1015 1144/1055/1016 1141/1052/1013 
f 1145/1056/1017 1146/1057/1018 1140/1051/1012 1139/1050/1011 
f 1146/1057/1018 1147/1058/1019 1143/1054/1015 1140/1051/1012 
f 1148/1059/1020 250/1060/1021 249/1061/1022 1142/1053/1014 
f 1142/1053/1014 1141/1052/1013 1149/1062/1023 1148/1059/1020 
f 1141/1052/1013 1144/1055/1016 1150/1063/1024 1149/1062/1023 
f 1144/1055/1016 1128/1034/1000 1130/1037/1002 1150/1063/1024 
f 1143/1054/1015 1138/1049/1010 1128/1034/1000 1144/1055/1016 
f 1147/1058/1019 1137/1047/1009 1138/1049/1010 1143/1054/1015 
f 1151/1064/1025 1136/1044/1008 1137/1047/1009 1147/1058/1019 
f 1152/1065/1026 1151/1064/1025 1147/1058/1019 1146/1057/1018 
f 1153/1066/1027 1152/1065/1026 1146/1057/1018 1145/1056/1017 
f 1145/1056/1017 178/1067/1028 247/1068/1029 1153/1066/1027 
f 1139/1050/1011 248/1069/1030 178/1067/1028 1145/1056/1017 
f 1142/1053/1014 249/1061/1022 248/1069/1030 1139/1050/1011 
f 1154/1070/1031 1155/1071/1032 1156/1072/1033 1157/1073/1034 
f 1154/1070/1031 1158/1074/1035 1159/1075/1036 1155/1071/1032 
f 1154/1070/1031 1157/1073/1034 1160/1076/1037 1158/1074/1035 
f 1161/1077/1038 1162/1078/1039 1163/1079/1040 1156/1072/1033 
f 1155/1071/1032 1164/1080/1041 1161/1077/1038 1156/1072/1033 
f 1156/1072/1033 1163/1079/1040 1165/1081/1042 1157/1073/1034 
f 1159/1075/1036 1166/1082/1043 1167/1083/178 1168/1084/1044 
f 1169/1085/1045 1166/1082/1043 1159/1075/1036 1158/1074/1035 
f 1159/1075/1036 1168/1084/1044 1164/1080/1041 1155/1071/1032 
f 1160/1076/1037 1170/1086/1046 1171/1087/1047 1172/1088/1048 
f 1157/1073/1034 1165/1081/1042 1170/1086/1046 1160/1076/1037 
f 1158/1074/1035 1160/1076/1037 1172/1088/1048 1169/1085/1045 
f 1173/1089/1049 1174/1090/1050 1175/1091/1051 1176/1092/1052 
f 1175/1091/1051 1174/1090/1050 1177/1093/1053 1178/1094/1054 
f 1179/1095/1055 1180/1096/1056 1174/1090/1050 1173/1089/1049 
f 1180/1096/1056 1181/1097/1057 1177/1093/1053 1174/1090/1050 
f 1068/974/940 1176/1092/1052 1182/1098/1058 1069/975/941 
f 1176/1092/1052 1175/1091/1051 1183/1099/1059 1182/1098/1058 
f 1183/1099/1059 1175/1091/1051 1178/1094/1054 1184/1100/1060 
f 1184/1100/1060 1178/1094/1054 1163/1079/1040 1162/1078/1039 
f 1178/1094/1054 1177/1093/1053 1165/1081/1042 1163/1079/1040 
f 1181/1097/1057 1170/1086/1046 1165/1081/1042 1177/1093/1053 
f 1185/1101/1061 1171/1087/1047 1170/1086/1046 1181/1097/1057 
f 1186/1102/1062 1185/1101/1061 1181/1097/1057 1180/1096/1056 
f 1187/1103/1063 1186/1102/1062 1180/1096/1056 1179/1095/1055 
f 1073/979/945 1187/1103/1063 1179/1095/1055 1071/977/943 
f 1071/977/943 1179/1095/1055 1173/1089/1049 1070/976/942 
f 1070/976/942 1173/1089/1049 1176/1092/1052 1068/974/940 
f 1188/1104/1064 1189/1105/1065 1190/1106/1066 1191/1107/1067 
f 1190/1106/1066 1189/1105/1065 1192/1108/1068 1193/1109/1069 
f 1194/1110/1070 1195/1111/1071 1189/1105/1065 1188/1104/1064 
f 1195/1111/1071 1196/1112/1072 1192/1108/1068 1189/1105/1065 
f 1197/1113/1073 1191/1107/1067 1187/1103/1063 1073/979/945 
f 1191/1107/1067 1190/1106/1066 1186/1102/1062 1187/1103/1063 
f 1186/1102/1062 1190/1106/1066 1193/1109/1069 1185/1101/1061 
f 1185/1101/1061 1193/1109/1069 1198/1114/1074 1171/1087/1047 
f 1193/1109/1069 1192/1108/1068 1199/1115/1075 1198/1114/1074 
f 1196/1112/1072 1200/1116/1076 1199/1115/1075 1192/1108/1068 
f 1201/1117/1077 1202/1118/1078 1200/1116/1076 1196/1112/1072 
f 1203/1119/1079 1201/1117/1077 1196/1112/1072 1195/1111/1071 
f 1204/1120/1080 1203/1119/1079 1195/1111/1071 1194/1110/1070 
f 1205/1121/1081 1204/1120/1080 1194/1110/1070 1206/1122/1082 
f 1206/1122/1082 1194/1110/1070 1188/1104/1064 1207/1123/1083 
f 1207/1123/1083 1188/1104/1064 1191/1107/1067 1197/1113/1073 
f 1208/1124/1084 1209/1125/1085 1210/1126/1086 1211/1127/1087 
f 1209/1125/1085 1212/1128/1088 1213/1129/1089 1210/1126/1086 
f 1214/1130/1090 1215/1131/1091 1209/1125/1085 1208/1124/1084 
f 1215/1131/1091 1216/1132/1092 1212/1128/1088 1209/1125/1085 
f 1217/1133/1093 1211/1127/1087 1075/981/947 1076/982/948 
f 1211/1127/1087 1210/1126/1086 1074/980/946 1075/981/947 
f 1210/1126/1086 1213/1129/1089 1072/978/944 1074/980/946 
f 1213/1129/1089 1197/1113/1073 1073/979/945 1072/978/944 
f 1212/1128/1088 1207/1123/1083 1197/1113/1073 1213/1129/1089 
f 1216/1132/1092 1206/1122/1082 1207/1123/1083 1212/1128/1088 
f 1218/1134/1094 1205/1121/1081 1206/1122/1082 1216/1132/1092 
f 1219/1135/1095 1218/1134/1094 1216/1132/1092 1215/1131/1091 
f 1220/1136/1096 1219/1135/1095 1215/1131/1091 1214/1130/1090 
f 1221/1137/1097 1220/1136/1096 1214/1130/1090 1222/1138/1098 
f 1222/1138/1098 1214/1130/1090 1208/1124/1084 1223/1139/1099 
f 1223/1139/1099 1208/1124/1084 1211/1127/1087 1217/1133/1093 
f 1224/1140/1100 1225/1141/1101 1226/1142/1102 1227/1143/1103 
f 1225/1141/1101 1228/1144/1104 1229/1145/1105 1226/1142/1102 
f 1230/1146/1106 1231/1147/1107 1225/1141/1101 1224/1140/1100 
f 1231/1147/1107 1232/1148/1108 1228/1144/1104 1225/1141/1101 
f 1233/1149/1109 1227/1143/1103 1095/1001/967 1096/1002/968 
f 1227/1143/1103 1226/1142/1102 1094/1000/966 1095/1001/967 
f 1226/1142/1102 1229/1145/1105 1093/999/965 1094/1000/966 
f 1229/1145/1105 1217/1133/1093 1076/982/948 1093/999/965 
f 1228/1144/1104 1223/1139/1099 1217/1133/1093 1229/1145/1105 
f 1232/1148/1108 1222/1138/1098 1223/1139/1099 1228/1144/1104 
f 1234/1150/1110 1221/1137/1097 1222/1138/1098 1232/1148/1108 
f 1235/1151/1111 1234/1150/1110 1232/1148/1108 1231/1147/1107 
f 1236/1152/1112 1235/1151/1111 1231/1147/1107 1230/1146/1106 
f 1237/1153/1113 1236/1152/1112 1230/1146/1106 1238/1154/1114 
f 1238/1154/1114 1230/1146/1106 1224/1140/1100 1239/1155/1115 
f 1239/1155/1115 1224/1140/1100 1227/1143/1103 1233/1149/1109 
f 1240/1156/1116 1241/1157/1117 1242/1158/1118 1243/1159/1119 
f 1241/1157/1117 1244/1160/1120 1245/1161/1121 1242/1158/1118 
f 1246/1162/1122 1247/1163/1123 1241/1157/1117 1240/1156/1116 
f 1247/1163/1123 1248/1164/1124 1244/1160/1120 1241/1157/1117 
f 1249/1165/1125 1243/1159/1119 1115/1021/987 1116/1022/988 
f 1243/1159/1119 1242/1158/1118 1114/1020/986 1115/1021/987 
f 1242/1158/1118 1245/1161/1121 1113/1019/985 1114/1020/986 
f 1245/1161/1121 1233/1149/1109 1096/1002/968 1113/1019/985 
f 1244/1160/1120 1239/1155/1115 1233/1149/1109 1245/1161/1121 
f 1248/1164/1124 1238/1154/1114 1239/1155/1115 1244/1160/1120 
f 1250/1166/1126 1237/1153/1113 1238/1154/1114 1248/1164/1124 
f 1251/1167/1127 1250/1166/1126 1248/1164/1124 1247/1163/1123 
f 1252/1168/1128 1251/1167/1127 1247/1163/1123 1246/1162/1122 
f 1253/1169/1129 1252/1168/1128 1246/1162/1122 1254/1170/1130 
f 1254/1170/1130 1246/1162/1122 1240/1156/1116 1255/1171/1131 
f 1255/1171/1131 1240/1156/1116 1243/1159/1119 1249/1165/1125 
f 1256/1172/1132 1257/1173/1133 1258/1174/1134 1259/1175/1135 
f 1257/1173/1133 1260/1176/1136 1261/1177/1137 1258/1174/1134 
f 1262/1178/1138 1263/1179/1139 1257/1173/1133 1256/1172/1132 
f 1263/1179/1139 1264/1180/1140 1260/1176/1136 1257/1173/1133 
f 1265/1181/1141 1259/1182/1135 1135/1045/1007 1136/1044/1008 
f 1259/1175/1135 1258/1174/1134 1134/1042/1006 1135/1043/1007 
f 1258/1174/1134 1261/1177/1137 1133/1041/1005 1134/1042/1006 
f 1261/1177/1137 1249/1165/1125 1116/1022/988 1133/1041/1005 
f 1260/1176/1136 1255/1171/1131 1249/1165/1125 1261/1177/1137 
f 1264/1180/1140 1254/1170/1130 1255/1171/1131 1260/1176/1136 
f 1266/1183/1142 1253/1169/1129 1254/1170/1130 1264/1180/1140 
f 1267/1184/1143 1266/1183/1142 1264/1180/1140 1263/1179/1139 
f 1268/1185/1144 1267/1184/1143 1263/1179/1139 1262/1178/1138 
f 1269/1186/1145 1268/1187/1144 1262/1188/1138 1270/1189/1146 
f 1270/1189/1146 1262/1188/1138 1256/1190/1132 1271/1191/1147 
f 1271/1191/1147 1256/1190/1132 1259/1182/1135 1265/1181/1141 
f 1272/1192/1148 1273/1193/1149 1274/1194/1150 1275/1195/1151 
f 1273/1193/1149 1276/1196/1152 1277/1197/1153 1274/1194/1150 
f 1278/1198/1154 1279/1199/1155 1273/1193/1149 1272/1192/1148 
f 1279/1199/1155 1280/1200/1156 1276/1196/1152 1273/1193/1149 
f 1153/1066/1027 247/1068/1029 246/1201/1157 1275/1195/1151 
f 1275/1195/1151 1274/1194/1150 1152/1065/1026 1153/1066/1027 
f 1274/1194/1150 1277/1197/1153 1151/1064/1025 1152/1065/1026 
f 1277/1197/1153 1265/1181/1141 1136/1044/1008 1151/1064/1025 
f 1276/1196/1152 1271/1191/1147 1265/1181/1141 1277/1197/1153 
f 1280/1200/1156 1270/1189/1146 1271/1191/1147 1276/1196/1152 
f 1281/1202/1158 1269/1186/1145 1270/1189/1146 1280/1200/1156 
f 1282/1203/1159 1281/1202/1158 1280/1200/1156 1279/1199/1155 
f 1283/1204/1160 1282/1203/1159 1279/1199/1155 1278/1198/1154 
f 1278/1198/1154 244/1205/1161 243/1206/1162 1283/1204/1160 
f 1272/1192/1148 245/1207/1163 244/1205/1161 1278/1198/1154 
f 1275/1195/1151 246/1201/1157 245/1207/1163 1272/1192/1148 
f 1284/1208/1164 1285/1209/1165 1286/1210/1166 1287/1211/1167 
f 1284/1208/1164 1288/1212/1168 1289/1213/1169 1285/1209/1165 
f 1284/1208/1164 1287/1211/1167 1290/1214/1170 1288/1212/1168 
f 1172/1088/1048 1171/1087/1047 1198/1114/1074 1286/1210/1166 
f 1285/1209/1165 1169/1085/1045 1172/1088/1048 1286/1210/1166 
f 1286/1210/1166 1198/1114/1074 1199/1115/1075 1287/1211/1167 
f 1289/1213/1169 1291/1215/1171 1167/1083/178 1166/1082/1043 
f 1292/1216/1172 1291/1215/1171 1289/1213/1169 1288/1212/1168 
f 1289/1213/1169 1166/1082/1043 1169/1085/1045 1285/1209/1165 
f 1290/1214/1170 1200/1116/1076 1202/1118/1078 1293/1217/1173 
f 1287/1211/1167 1199/1115/1075 1200/1116/1076 1290/1214/1170 
f 1288/1212/1168 1290/1214/1170 1293/1217/1173 1292/1216/1172 
f 1294/1218/1174 1295/1219/1175 1296/1220/1176 1297/1221/1177 
f 1295/1219/1175 1298/1222/1178 1299/1223/1179 1296/1220/1176 
f 1300/1224/1180 1301/1225/1181 1295/1219/1175 1294/1218/1174 
f 1301/1225/1181 1302/1226/1182 1298/1222/1178 1295/1219/1175 
f 1303/1227/1183 1297/1228/1177 1268/1187/1144 1269/1186/1145 
f 1297/1221/1177 1296/1220/1176 1267/1184/1143 1268/1185/1144 
f 1296/1220/1176 1299/1223/1179 1266/1183/1142 1267/1184/1143 
f 1299/1223/1179 1304/1229/1184 1253/1169/1129 1266/1183/1142 
f 1298/1222/1178 1305/1230/1185 1304/1229/1184 1299/1223/1179 
f 1302/1226/1182 1306/1231/1186 1305/1230/1185 1298/1222/1178 
f 1307/1232/1187 1308/1233/1188 1306/1231/1186 1302/1226/1182 
f 1309/1234/1189 1307/1232/1187 1302/1226/1182 1301/1225/1181 
f 1310/1235/1190 1309/1234/1189 1301/1225/1181 1300/1224/1180 
f 1311/1236/1191 1310/1235/1190 1300/1224/1180 1312/1237/1192 
f 1312/1237/1192 1300/1224/1180 1294/1218/1174 1313/1238/1193 
f 1313/1238/1193 1294/1218/1174 1297/1221/1177 1303/1239/1183 
f 1314/1240/1194 1315/1241/1195 1316/1242/1196 1317/1243/1197 
f 1315/1241/1195 1318/1244/1198 1319/1245/1199 1316/1242/1196 
f 1320/1246/1200 1321/1247/1201 1315/1241/1195 1314/1240/1194 
f 1321/1247/1201 1322/1248/1202 1318/1244/1198 1315/1241/1195 
f 1283/1204/1160 243/1206/1162 242/1249/1203 1317/1243/1197 
f 1317/1243/1197 1316/1242/1196 1282/1203/1159 1283/1204/1160 
f 1316/1242/1196 1319/1245/1199 1281/1202/1158 1282/1203/1159 
f 1319/1245/1199 1303/1227/1183 1269/1186/1145 1281/1202/1158 
f 1318/1244/1198 1313/1250/1193 1303/1227/1183 1319/1245/1199 
f 1322/1248/1202 1312/1251/1192 1313/1250/1193 1318/1244/1198 
f 1323/1252/1204 1311/1253/1191 1312/1251/1192 1322/1248/1202 
f 1324/1254/1205 1323/1252/1204 1322/1248/1202 1321/1247/1201 
f 1325/1255/1206 1324/1254/1205 1321/1247/1201 1320/1246/1200 
f 1320/1246/1200 240/1256/1207 239/1257/1208 1325/1255/1206 
f 1314/1240/1194 241/1258/1209 240/1256/1207 1320/1246/1200 
f 1317/1243/1197 242/1249/1203 241/1258/1209 1314/1240/1194 
f 1326/1259/1210 1327/1260/1211 1328/1261/1212 1329/1262/1213 
f 1326/1259/1210 1330/1263/1214 1331/1264/1215 1327/1260/1211 
f 1326/1259/1210 1329/1262/1213 1332/1265/1216 1330/1263/1214 
f 1293/1217/1173 1202/1118/1078 1333/1266/1217 1328/1261/1212 
f 1327/1260/1211 1292/1216/1172 1293/1217/1173 1328/1261/1212 
f 1328/1261/1212 1333/1266/1217 1334/1267/1218 1329/1262/1213 
f 1331/1264/1215 1335/1268/1219 1167/1083/178 1291/1215/1171 
f 1336/1269/1220 1335/1268/1219 1331/1264/1215 1330/1263/1214 
f 1331/1264/1215 1291/1215/1171 1292/1216/1172 1327/1260/1211 
f 1332/1265/1216 1337/1270/1221 1338/1271/1222 1339/1272/1223 
f 1329/1262/1213 1334/1267/1218 1337/1270/1221 1332/1265/1216 
f 1330/1263/1214 1332/1265/1216 1339/1272/1223 1336/1269/1220 
f 1340/1273/1224 1341/1274/1225 1342/1275/1226 1343/1276/1227 
f 1342/1275/1226 1341/1274/1225 1344/1277/1228 1345/1278/1229 
f 1346/1279/1230 1347/1280/1231 1341/1274/1225 1340/1273/1224 
f 1347/1280/1231 1348/1281/1232 1344/1277/1228 1341/1274/1225 
f 1349/1282/1233 1343/1276/1227 1204/1120/1080 1205/1121/1081 
f 1343/1276/1227 1342/1275/1226 1203/1119/1079 1204/1120/1080 
f 1203/1119/1079 1342/1275/1226 1345/1278/1229 1201/1117/1077 
f 1201/1117/1077 1345/1278/1229 1333/1266/1217 1202/1118/1078 
f 1345/1278/1229 1344/1277/1228 1334/1267/1218 1333/1266/1217 
f 1348/1281/1232 1337/1270/1221 1334/1267/1218 1344/1277/1228 
f 1350/1283/1234 1338/1271/1222 1337/1270/1221 1348/1281/1232 
f 1351/1284/1235 1350/1283/1234 1348/1281/1232 1347/1280/1231 
f 1352/1285/1236 1351/1284/1235 1347/1280/1231 1346/1279/1230 
f 1353/1286/1237 1352/1285/1236 1346/1279/1230 1354/1287/1238 
f 1354/1287/1238 1346/1279/1230 1340/1273/1224 1355/1288/1239 
f 1355/1288/1239 1340/1273/1224 1343/1276/1227 1349/1282/1233 
f 1356/1289/1240 1357/1290/1241 1358/1291/1242 1359/1292/1243 
f 1357/1290/1241 1360/1293/1244 1361/1294/1245 1358/1291/1242 
f 1362/1295/1246 1363/1296/1247 1357/1290/1241 1356/1289/1240 
f 1363/1296/1247 1364/1297/1248 1360/1293/1244 1357/1290/1241 
f 1365/1298/1249 1359/1292/1243 1220/1136/1096 1221/1137/1097 
f 1359/1292/1243 1358/1291/1242 1219/1135/1095 1220/1136/1096 
f 1358/1291/1242 1361/1294/1245 1218/1134/1094 1219/1135/1095 
f 1361/1294/1245 1349/1282/1233 1205/1121/1081 1218/1134/1094 
f 1360/1293/1244 1355/1288/1239 1349/1282/1233 1361/1294/1245 
f 1364/1297/1248 1354/1287/1238 1355/1288/1239 1360/1293/1244 
f 1366/1299/1250 1353/1286/1237 1354/1287/1238 1364/1297/1248 
f 1367/1300/1251 1366/1299/1250 1364/1297/1248 1363/1296/1247 
f 1368/1301/1252 1367/1300/1251 1363/1296/1247 1362/1295/1246 
f 1369/1302/1253 1368/1301/1252 1362/1295/1246 1370/1303/1254 
f 1370/1303/1254 1362/1295/1246 1356/1289/1240 1371/1304/1255 
f 1371/1304/1255 1356/1289/1240 1359/1292/1243 1365/1298/1249 
f 1372/1305/1256 1373/1306/1257 1374/1307/1258 1375/1308/1259 
f 1373/1306/1257 1376/1309/1260 1377/1310/1261 1374/1307/1258 
f 1378/1311/1262 1379/1312/1263 1373/1306/1257 1372/1305/1256 
f 1379/1312/1263 1380/1313/1264 1376/1309/1260 1373/1306/1257 
f 1381/1314/1265 1375/1308/1259 1236/1152/1112 1237/1153/1113 
f 1375/1308/1259 1374/1307/1258 1235/1151/1111 1236/1152/1112 
f 1374/1307/1258 1377/1310/1261 1234/1150/1110 1235/1151/1111 
f 1377/1310/1261 1365/1298/1249 1221/1137/1097 1234/1150/1110 
f 1376/1309/1260 1371/1304/1255 1365/1298/1249 1377/1310/1261 
f 1380/1313/1264 1370/1303/1254 1371/1304/1255 1376/1309/1260 
f 1382/1315/1266 1369/1302/1253 1370/1303/1254 1380/1313/1264 
f 1383/1316/1267 1382/1315/1266 1380/1313/1264 1379/1312/1263 
f 1384/1317/1268 1383/1316/1267 1379/1312/1263 1378/1311/1262 
f 1385/1318/1269 1384/1317/1268 1378/1311/1262 1386/1319/1270 
f 1386/1319/1270 1378/1311/1262 1372/1305/1256 1387/1320/1271 
f 1387/1320/1271 1372/1305/1256 1375/1308/1259 1381/1314/1265 
f 1388/1321/1272 1389/1322/1273 1390/1323/1274 1391/1324/1275 
f 1389/1322/1273 1392/1325/1276 1393/1326/1277 1390/1323/1274 
f 1394/1327/1278 1395/1328/1279 1389/1322/1273 1388/1321/1272 
f 1395/1328/1279 1396/1329/1280 1392/1325/1276 1389/1322/1273 
f 1304/1229/1184 1391/1324/1275 1252/1168/1128 1253/1169/1129 
f 1391/1324/1275 1390/1323/1274 1251/1167/1127 1252/1168/1128 
f 1390/1323/1274 1393/1326/1277 1250/1166/1126 1251/1167/1127 
f 1393/1326/1277 1381/1314/1265 1237/1153/1113 1250/1166/1126 
f 1392/1325/1276 1387/1320/1271 1381/1314/1265 1393/1326/1277 
f 1396/1329/1280 1386/1319/1270 1387/1320/1271 1392/1325/1276 
f 1397/1330/1281 1385/1318/1269 1386/1319/1270 1396/1329/1280 
f 1398/1331/1282 1397/1330/1281 1396/1329/1280 1395/1328/1279 
f 1399/1332/1283 1398/1331/1282 1395/1328/1279 1394/1327/1278 
f 1308/1233/1188 1399/1332/1283 1394/1327/1278 1306/1231/1186 
f 1306/1231/1186 1394/1327/1278 1388/1321/1272 1305/1230/1185 
f 1305/1230/1185 1388/1321/1272 1391/1324/1275 1304/1229/1184 
f 1400/1333/1284 1401/1334/1285 1402/1335/1286 1403/1336/1287 
f 1401/1334/1285 1404/1337/1288 1405/1338/1289 1402/1335/1286 
f 1406/1339/1290 1407/1340/1291 1401/1334/1285 1400/1333/1284 
f 1407/1340/1291 1408/1341/1292 1404/1337/1288 1401/1334/1285 
f 1409/1342/1293 1403/1336/1287 1368/1301/1252 1369/1302/1253 
f 1403/1336/1287 1402/1335/1286 1367/1300/1251 1368/1301/1252 
f 1402/1335/1286 1405/1338/1289 1366/1299/1250 1367/1300/1251 
f 1405/1338/1289 1410/1343/1294 1353/1286/1237 1366/1299/1250 
f 1404/1337/1288 1411/1344/1295 1410/1343/1294 1405/1338/1289 
f 1408/1341/1292 1412/1345/1296 1411/1344/1295 1404/1337/1288 
f 1413/1346/1297 1414/1347/1298 1412/1345/1296 1408/1341/1292 
f 1415/1348/1299 1413/1346/1297 1408/1341/1292 1407/1340/1291 
f 1416/1349/1300 1415/1348/1299 1407/1340/1291 1406/1339/1290 
f 1417/1350/1301 1416/1349/1300 1406/1339/1290 1418/1351/1302 
f 1418/1351/1302 1406/1339/1290 1400/1333/1284 1419/1352/1303 
f 1419/1352/1303 1400/1333/1284 1403/1336/1287 1409/1342/1293 
f 1420/1353/1304 1421/1354/1305 1422/1355/1306 1423/1356/1307 
f 1421/1354/1305 1424/1357/1308 1425/1358/1309 1422/1355/1306 
f 1426/1359/1310 1427/1360/1311 1421/1354/1305 1420/1353/1304 
f 1427/1360/1311 1428/1361/1312 1424/1357/1308 1421/1354/1305 
f 1429/1362/1313 1423/1356/1307 1384/1317/1268 1385/1318/1269 
f 1423/1356/1307 1422/1355/1306 1383/1316/1267 1384/1317/1268 
f 1422/1355/1306 1425/1358/1309 1382/1315/1266 1383/1316/1267 
f 1425/1358/1309 1409/1342/1293 1369/1302/1253 1382/1315/1266 
f 1424/1357/1308 1419/1352/1303 1409/1342/1293 1425/1358/1309 
f 1428/1361/1312 1418/1351/1302 1419/1352/1303 1424/1357/1308 
f 1430/1363/1314 1417/1350/1301 1418/1351/1302 1428/1361/1312 
f 1431/1364/1315 1430/1363/1314 1428/1361/1312 1427/1360/1311 
f 1432/1365/1316 1431/1364/1315 1427/1360/1311 1426/1359/1310 
f 1433/1366/1317 1432/1365/1316 1426/1359/1310 1434/1367/1318 
f 1434/1367/1318 1426/1359/1310 1420/1353/1304 1435/1368/1319 
f 1435/1368/1319 1420/1353/1304 1423/1356/1307 1429/1362/1313 
f 1436/1369/1320 1437/1370/1321 1438/1371/1322 1439/1372/1323 
f 1437/1370/1321 1440/1373/1324 1441/1374/1325 1438/1371/1322 
f 1442/1375/1326 1443/1376/1327 1437/1370/1321 1436/1369/1320 
f 1443/1376/1327 1444/1377/1328 1440/1373/1324 1437/1370/1321 
f 1445/1378/1329 1439/1372/1323 1399/1332/1283 1308/1233/1188 
f 1439/1372/1323 1438/1371/1322 1398/1331/1282 1399/1332/1283 
f 1438/1371/1322 1441/1374/1325 1397/1330/1281 1398/1331/1282 
f 1441/1374/1325 1429/1362/1313 1385/1318/1269 1397/1330/1281 
f 1440/1373/1324 1435/1368/1319 1429/1362/1313 1441/1374/1325 
f 1444/1377/1328 1434/1367/1318 1435/1368/1319 1440/1373/1324 
f 1446/1379/1330 1433/1366/1317 1434/1367/1318 1444/1377/1328 
f 1447/1380/1331 1446/1379/1330 1444/1377/1328 1443/1376/1327 
f 1448/1381/1332 1447/1380/1331 1443/1376/1327 1442/1375/1326 
f 1449/1382/1333 1448/1381/1332 1442/1375/1326 1450/1383/1334 
f 1450/1383/1334 1442/1375/1326 1436/1369/1320 1451/1384/1335 
f 1451/1384/1335 1436/1369/1320 1439/1372/1323 1445/1378/1329 
f 1452/1385/1336 1453/1386/1337 1454/1387/1338 1455/1388/1339 
f 1453/1386/1337 1456/1389/1340 1457/1390/1341 1454/1387/1338 
f 1458/1391/1342 1459/1392/1343 1453/1386/1337 1452/1385/1336 
f 1459/1392/1343 1460/1393/1344 1456/1389/1340 1453/1386/1337 
f 1461/1394/1345 1455/1388/1339 1310/1235/1190 1311/1236/1191 
f 1455/1388/1339 1454/1387/1338 1309/1234/1189 1310/1235/1190 
f 1454/1387/1338 1457/1390/1341 1307/1232/1187 1309/1234/1189 
f 1457/1390/1341 1445/1378/1329 1308/1233/1188 1307/1232/1187 
f 1456/1389/1340 1451/1384/1335 1445/1378/1329 1457/1390/1341 
f 1460/1393/1344 1450/1383/1334 1451/1384/1335 1456/1389/1340 
f 1462/1395/1346 1449/1382/1333 1450/1383/1334 1460/1393/1344 
f 1463/1396/1347 1462/1395/1346 1460/1393/1344 1459/1392/1343 
f 1464/1397/1348 1463/1396/1347 1459/1392/1343 1458/1391/1342 
f 1465/1398/1349 1464/1397/1348 1458/1391/1342 1466/1399/1350 
f 1466/1399/1350 1458/1391/1342 1452/1385/1336 1467/1400/1351 
f 1467/1400/1351 1452/1385/1336 1455/1388/1339 1461/1394/1345 
f 1468/1401/1352 1469/1402/1353 1470/1403/1354 1471/1404/1355 
f 1469/1402/1353 1472/1405/1356 1473/1406/1357 1470/1403/1354 
f 1474/1407/1358 1475/1408/1359 1469/1402/1353 1468/1401/1352 
f 1475/1408/1359 1476/1409/1360 1472/1405/1356 1469/1402/1353 
f 1325/1255/1206 239/1257/1208 238/1410/1361 1471/1404/1355 
f 1471/1404/1355 1470/1403/1354 1324/1254/1205 1325/1255/1206 
f 1470/1403/1354 1473/1406/1357 1323/1252/1204 1324/1254/1205 
f 1473/1406/1357 1461/1411/1345 1311/1253/1191 1323/1252/1204 
f 1472/1412/1356 1467/1400/1351 1461/1394/1345 1473/1413/1357 
f 1476/1414/1360 1466/1399/1350 1467/1400/1351 1472/1412/1356 
f 1477/1415/1362 1465/1398/1349 1466/1399/1350 1476/1414/1360 
f 1478/1416/1363 1477/1417/1362 1476/1409/1360 1475/1408/1359 
f 1479/1418/1364 1478/1416/1363 1475/1408/1359 1474/1407/1358 
f 1474/1407/1358 236/1419/1365 235/1420/1366 1479/1418/1364 
f 1468/1401/1352 237/1421/1367 236/1419/1365 1474/1407/1358 
f 1471/1404/1355 238/1410/1361 237/1421/1367 1468/1401/1352 
f 1480/1422/1368 1481/1423/1369 1482/1424/1370 1483/1425/1371 
f 1480/1422/1368 1484/1426/1372 1485/1427/1373 1481/1423/1369 
f 1480/1422/1368 1483/1425/1371 1486/1428/1374 1484/1426/1372 
f 1339/1272/1223 1338/1271/1222 1487/1429/1375 1482/1424/1370 
f 1481/1423/1369 1336/1269/1220 1339/1272/1223 1482/1424/1370 
f 1482/1424/1370 1487/1429/1375 1488/1430/1376 1483/1425/1371 
f 1485/1427/1373 1489/1431/1377 1167/1083/178 1335/1268/1219 
f 1490/1432/1378 1489/1431/1377 1485/1427/1373 1484/1426/1372 
f 1485/1427/1373 1335/1268/1219 1336/1269/1220 1481/1423/1369 
f 1486/1428/1374 1491/1433/1379 1492/1434/1380 1493/1435/1381 
f 1483/1425/1371 1488/1430/1376 1491/1433/1379 1486/1428/1374 
f 1484/1426/1372 1486/1428/1374 1493/1435/1381 1490/1432/1378 
f 1494/1436/1382 1495/1437/1383 1496/1438/1384 1497/1439/1385 
f 1496/1438/1384 1495/1437/1383 1498/1440/1386 1499/1441/1387 
f 1500/1442/1388 1501/1443/1389 1495/1437/1383 1494/1436/1382 
f 1501/1443/1389 1502/1444/1390 1498/1440/1386 1495/1437/1383 
f 1410/1343/1294 1497/1439/1385 1352/1285/1236 1353/1286/1237 
f 1497/1439/1385 1496/1438/1384 1351/1284/1235 1352/1285/1236 
f 1351/1284/1235 1496/1438/1384 1499/1441/1387 1350/1283/1234 
f 1350/1283/1234 1499/1441/1387 1487/1429/1375 1338/1271/1222 
f 1499/1441/1387 1498/1440/1386 1488/1430/1376 1487/1429/1375 
f 1502/1444/1390 1491/1433/1379 1488/1430/1376 1498/1440/1386 
f 1503/1445/1391 1492/1434/1380 1491/1433/1379 1502/1444/1390 
f 1504/1446/1392 1503/1445/1391 1502/1444/1390 1501/1443/1389 
f 1505/1447/1393 1504/1446/1392 1501/1443/1389 1500/1442/1388 
f 1414/1347/1298 1505/1447/1393 1500/1442/1388 1412/1345/1296 
f 1412/1345/1296 1500/1442/1388 1494/1436/1382 1411/1344/1295 
f 1411/1344/1295 1494/1436/1382 1497/1439/1385 1410/1343/1294 
f 1506/1401/1394 1507/1402/1395 1508/1408/1396 1509/1407/1397 
f 1507/1402/1395 1510/1405/1398 1511/1409/1399 1508/1408/1396 
f 1512/1404/1400 1513/1403/1401 1507/1402/1395 1506/1401/1394 
f 1513/1403/1401 1514/1406/1402 1510/1405/1398 1507/1402/1395 
f 235/1420/1366 234/1448/1403 1509/1407/1397 1479/1418/1364 
f 1509/1407/1397 1508/1408/1396 1478/1416/1363 1479/1418/1364 
f 1508/1408/1396 1511/1409/1399 1477/1417/1362 1478/1416/1363 
f 1511/1449/1399 1515/1450/1404 1465/1398/1349 1477/1415/1362 
f 1510/1451/1398 1516/1452/1405 1515/1450/1404 1511/1449/1399 
f 1514/1453/1402 1517/1454/1406 1516/1452/1405 1510/1451/1398 
f 1518/1252/1407 1519/1253/1408 1517/1411/1406 1514/1406/1402 
f 1520/1254/1409 1518/1252/1407 1514/1406/1402 1513/1403/1401 
f 1521/1255/1410 1520/1254/1409 1513/1403/1401 1512/1404/1400 
f 232/1410/1411 231/1257/1412 1521/1255/1410 1512/1404/1400 
f 233/1421/1413 232/1410/1411 1512/1404/1400 1506/1401/1394 
f 234/1448/1403 233/1421/1413 1506/1401/1394 1509/1407/1397 
f 1522/1455/1414 1523/1456/1415 1524/1457/1416 1525/1458/1417 
f 1522/1455/1414 1526/1459/1418 1527/1460/1419 1523/1456/1415 
f 1522/1455/1414 1525/1458/1417 1528/1461/1420 1526/1459/1418 
f 1493/1435/1381 1492/1434/1380 1529/1462/1421 1524/1457/1416 
f 1523/1456/1415 1490/1432/1378 1493/1435/1381 1524/1457/1416 
f 1524/1457/1416 1529/1462/1421 1530/1463/1422 1525/1458/1417 
f 1527/1460/1419 1531/1464/1423 1167/1083/178 1489/1431/1377 
f 1532/1465/1424 1531/1464/1423 1527/1460/1419 1526/1459/1418 
f 1527/1460/1419 1489/1431/1377 1490/1432/1378 1523/1456/1415 
f 1528/1461/1420 1533/1466/1425 1534/1467/1426 1535/1468/1427 
f 1525/1458/1417 1530/1463/1422 1533/1466/1425 1528/1461/1420 
f 1526/1459/1418 1528/1461/1420 1535/1468/1427 1532/1465/1424 
f 1536/1469/1428 1537/1470/1429 1538/1471/1430 1539/1472/1431 
f 1538/1471/1430 1537/1470/1429 1540/1473/1432 1541/1474/1433 
f 1542/1475/1434 1543/1476/1435 1537/1470/1429 1536/1469/1428 
f 1543/1476/1435 1544/1477/1436 1540/1473/1432 1537/1470/1429 
f 1545/1478/1437 1539/1472/1431 1505/1447/1393 1414/1347/1298 
f 1539/1472/1431 1538/1471/1430 1504/1446/1392 1505/1447/1393 
f 1504/1446/1392 1538/1471/1430 1541/1474/1433 1503/1445/1391 
f 1503/1445/1391 1541/1474/1433 1529/1462/1421 1492/1434/1380 
f 1541/1474/1433 1540/1473/1432 1530/1463/1422 1529/1462/1421 
f 1544/1477/1436 1533/1466/1425 1530/1463/1422 1540/1473/1432 
f 1546/1479/1438 1534/1467/1426 1533/1466/1425 1544/1477/1436 
f 1547/1480/1439 1546/1479/1438 1544/1477/1436 1543/1476/1435 
f 1548/1481/1440 1547/1480/1439 1543/1476/1435 1542/1475/1434 
f 1549/1482/1441 1548/1481/1440 1542/1475/1434 1550/1483/1442 
f 1550/1483/1442 1542/1475/1434 1536/1469/1428 1551/1484/1443 
f 1551/1484/1443 1536/1469/1428 1539/1472/1431 1545/1478/1437 
f 1552/1485/1444 1553/1486/1445 1554/1487/1446 1555/1488/1447 
f 1553/1486/1445 1556/1489/1448 1557/1490/1449 1554/1487/1446 
f 1558/1491/1450 1559/1492/1451 1553/1486/1445 1552/1485/1444 
f 1559/1492/1451 1560/1493/1452 1556/1489/1448 1553/1486/1445 
f 1561/1494/1453 1555/1488/1447 1416/1349/1300 1417/1350/1301 
f 1555/1488/1447 1554/1487/1446 1415/1348/1299 1416/1349/1300 
f 1554/1487/1446 1557/1490/1449 1413/1346/1297 1415/1348/1299 
f 1557/1490/1449 1545/1478/1437 1414/1347/1298 1413/1346/1297 
f 1556/1489/1448 1551/1484/1443 1545/1478/1437 1557/1490/1449 
f 1560/1493/1452 1550/1483/1442 1551/1484/1443 1556/1489/1448 
f 1562/1495/1454 1549/1482/1441 1550/1483/1442 1560/1493/1452 
f 1563/1496/1455 1562/1495/1454 1560/1493/1452 1559/1492/1451 
f 1564/1497/1456 1563/1496/1455 1559/1492/1451 1558/1491/1450 
f 1565/1498/1457 1564/1497/1456 1558/1491/1450 1566/1499/1458 
f 1566/1499/1458 1558/1491/1450 1552/1485/1444 1567/1500/1459 
f 1567/1500/1459 1552/1485/1444 1555/1488/1447 1561/1494/1453 
f 1568/1501/1460 1569/1502/1461 1570/1503/1462 1571/1504/1463 
f 1569/1502/1461 1572/1505/1464 1573/1506/1465 1570/1503/1462 
f 1574/1507/1466 1575/1508/1467 1569/1502/1461 1568/1501/1460 
f 1575/1508/1467 1576/1509/1468 1572/1505/1464 1569/1502/1461 
f 1577/1510/1469 1571/1504/1463 1432/1365/1316 1433/1366/1317 
f 1571/1504/1463 1570/1503/1462 1431/1364/1315 1432/1365/1316 
f 1570/1503/1462 1573/1506/1465 1430/1363/1314 1431/1364/1315 
f 1573/1506/1465 1561/1494/1453 1417/1350/1301 1430/1363/1314 
f 1572/1505/1464 1567/1500/1459 1561/1494/1453 1573/1506/1465 
f 1576/1509/1468 1566/1499/1458 1567/1500/1459 1572/1505/1464 
f 1578/1511/1470 1565/1498/1457 1566/1499/1458 1576/1509/1468 
f 1579/1512/1471 1578/1511/1470 1576/1509/1468 1575/1508/1467 
f 1580/1513/1472 1579/1512/1471 1575/1508/1467 1574/1507/1466 
f 1581/1514/1473 1580/1513/1472 1574/1507/1466 1582/1515/1474 
f 1582/1515/1474 1574/1507/1466 1568/1501/1460 1583/1516/1475 
f 1583/1516/1475 1568/1501/1460 1571/1504/1463 1577/1510/1469 
f 1584/1517/1476 1585/1518/1477 1586/1519/1478 1587/1520/1479 
f 1585/1518/1477 1588/1521/1480 1589/1522/1481 1586/1519/1478 
f 1590/1523/1482 1591/1524/1483 1585/1518/1477 1584/1517/1476 
f 1591/1524/1483 1592/1525/1484 1588/1521/1480 1585/1518/1477 
f 1593/1526/1485 1587/1520/1479 1448/1381/1332 1449/1382/1333 
f 1587/1520/1479 1586/1519/1478 1447/1380/1331 1448/1381/1332 
f 1586/1519/1478 1589/1522/1481 1446/1379/1330 1447/1380/1331 
f 1589/1522/1481 1577/1510/1469 1433/1366/1317 1446/1379/1330 
f 1588/1521/1480 1583/1516/1475 1577/1510/1469 1589/1522/1481 
f 1592/1525/1484 1582/1515/1474 1583/1516/1475 1588/1521/1480 
f 1594/1527/1486 1581/1514/1473 1582/1515/1474 1592/1525/1484 
f 1595/1528/1487 1594/1527/1486 1592/1525/1484 1591/1524/1483 
f 1596/1529/1488 1595/1528/1487 1591/1524/1483 1590/1523/1482 
f 1597/1530/1489 1596/1529/1488 1590/1523/1482 1598/1531/1490 
f 1598/1531/1490 1590/1523/1482 1584/1517/1476 1599/1532/1491 
f 1599/1532/1491 1584/1517/1476 1587/1520/1479 1593/1526/1485 
f 1600/1533/1492 1601/1534/1493 1602/1535/1494 1603/1536/1495 
f 1601/1534/1493 1604/1537/1496 1605/1538/1497 1602/1535/1494 
f 1606/1539/1498 1607/1540/1499 1601/1534/1493 1600/1533/1492 
f 1607/1540/1499 1608/1541/1500 1604/1537/1496 1601/1534/1493 
f 1515/1450/1404 1603/1536/1495 1464/1397/1348 1465/1398/1349 
f 1603/1536/1495 1602/1535/1494 1463/1396/1347 1464/1397/1348 
f 1602/1535/1494 1605/1538/1497 1462/1395/1346 1463/1396/1347 
f 1605/1538/1497 1593/1526/1485 1449/1382/1333 1462/1395/1346 
f 1604/1537/1496 1599/1532/1491 1593/1526/1485 1605/1538/1497 
f 1608/1541/1500 1598/1531/1490 1599/1532/1491 1604/1537/1496 
f 1609/1542/1501 1597/1530/1489 1598/1531/1490 1608/1541/1500 
f 1610/1543/1502 1609/1542/1501 1608/1541/1500 1607/1540/1499 
f 1611/1544/1503 1610/1543/1502 1607/1540/1499 1606/1539/1498 
f 1519/1545/1408 1611/1544/1503 1606/1539/1498 1517/1454/1406 
f 1517/1454/1406 1606/1539/1498 1600/1533/1492 1516/1452/1405 
f 1516/1452/1405 1600/1533/1492 1603/1536/1495 1515/1450/1404 
f 1612/1546/1504 1613/1547/1505 1614/1548/1506 1615/1549/1507 
f 1613/1547/1505 1616/1550/1508 1617/1551/1509 1614/1548/1506 
f 1618/1552/1510 1619/1553/1511 1613/1547/1505 1612/1546/1504 
f 1619/1553/1511 1620/1554/1512 1616/1550/1508 1613/1547/1505 
f 1621/1555/1513 1615/1549/1507 1564/1497/1456 1565/1498/1457 
f 1615/1549/1507 1614/1548/1506 1563/1496/1455 1564/1497/1456 
f 1614/1548/1506 1617/1551/1509 1562/1495/1454 1563/1496/1455 
f 1617/1551/1509 1622/1556/1514 1549/1482/1441 1562/1495/1454 
f 1616/1550/1508 1623/1557/1515 1622/1556/1514 1617/1551/1509 
f 1620/1554/1512 1624/1558/1516 1623/1557/1515 1616/1550/1508 
f 1625/1559/1517 1626/1560/1518 1624/1558/1516 1620/1554/1512 
f 1627/1561/1519 1625/1559/1517 1620/1554/1512 1619/1553/1511 
f 1628/1562/1520 1627/1561/1519 1619/1553/1511 1618/1552/1510 
f 1629/1563/1521 1628/1562/1520 1618/1552/1510 1630/1564/1522 
f 1630/1564/1522 1618/1552/1510 1612/1546/1504 1631/1565/1523 
f 1631/1565/1523 1612/1546/1504 1615/1549/1507 1621/1555/1513 
f 1632/1566/1524 1633/1567/1525 1634/1568/1526 1635/1569/1527 
f 1633/1567/1525 1636/1570/1528 1637/1571/1529 1634/1568/1526 
f 1638/1572/1530 1639/1573/1531 1633/1567/1525 1632/1566/1524 
f 1639/1573/1531 1640/1574/1532 1636/1570/1528 1633/1567/1525 
f 1641/1575/1533 1635/1569/1527 1580/1513/1472 1581/1514/1473 
f 1635/1569/1527 1634/1568/1526 1579/1512/1471 1580/1513/1472 
f 1634/1568/1526 1637/1571/1529 1578/1511/1470 1579/1512/1471 
f 1637/1571/1529 1621/1555/1513 1565/1498/1457 1578/1511/1470 
f 1636/1570/1528 1631/1565/1523 1621/1555/1513 1637/1571/1529 
f 1640/1574/1532 1630/1564/1522 1631/1565/1523 1636/1570/1528 
f 1642/1576/1534 1629/1563/1521 1630/1564/1522 1640/1574/1532 
f 1643/1577/1535 1642/1576/1534 1640/1574/1532 1639/1573/1531 
f 1644/1578/1536 1643/1577/1535 1639/1573/1531 1638/1572/1530 
f 1645/1579/1537 1644/1578/1536 1638/1572/1530 1646/1580/1538 
f 1646/1580/1538 1638/1572/1530 1632/1566/1524 1647/1581/1539 
f 1647/1581/1539 1632/1566/1524 1635/1569/1527 1641/1575/1533 
f 1648/1582/1540 1649/1583/1541 1650/1584/1542 1651/1585/1543 
f 1649/1583/1541 1652/1586/1544 1653/1587/1545 1650/1584/1542 
f 1654/1588/1546 1655/1589/1547 1649/1583/1541 1648/1582/1540 
f 1655/1589/1547 1656/1590/1548 1652/1586/1544 1649/1583/1541 
f 1657/1591/1549 1651/1585/1543 1596/1529/1488 1597/1530/1489 
f 1651/1585/1543 1650/1584/1542 1595/1528/1487 1596/1529/1488 
f 1650/1584/1542 1653/1587/1545 1594/1527/1486 1595/1528/1487 
f 1653/1587/1545 1641/1575/1533 1581/1514/1473 1594/1527/1486 
f 1652/1586/1544 1647/1581/1539 1641/1575/1533 1653/1587/1545 
f 1656/1590/1548 1646/1580/1538 1647/1581/1539 1652/1586/1544 
f 1658/1592/1550 1645/1579/1537 1646/1580/1538 1656/1590/1548 
f 1659/1593/1551 1658/1592/1550 1656/1590/1548 1655/1589/1547 
f 1660/1594/1552 1659/1593/1551 1655/1589/1547 1654/1588/1546 
f 1661/1595/1553 1660/1594/1552 1654/1588/1546 1662/1596/1554 
f 1662/1596/1554 1654/1588/1546 1648/1582/1540 1663/1597/1555 
f 1663/1597/1555 1648/1582/1540 1651/1585/1543 1657/1591/1549 
f 1664/1598/1556 1665/1599/1557 1666/1600/1558 1667/1601/1559 
f 1665/1599/1557 1668/1602/1560 1669/1603/1561 1666/1600/1558 
f 1670/1604/1562 1671/1605/1563 1665/1599/1557 1664/1598/1556 
f 1671/1605/1563 1672/1606/1564 1668/1602/1560 1665/1599/1557 
f 1673/1607/1565 1667/1601/1559 1611/1544/1503 1519/1545/1408 
f 1667/1601/1559 1666/1600/1558 1610/1543/1502 1611/1544/1503 
f 1666/1600/1558 1669/1603/1561 1609/1542/1501 1610/1543/1502 
f 1669/1603/1561 1657/1591/1549 1597/1530/1489 1609/1542/1501 
f 1668/1602/1560 1663/1597/1555 1657/1591/1549 1669/1603/1561 
f 1672/1606/1564 1662/1596/1554 1663/1597/1555 1668/1602/1560 
f 1674/1608/1566 1661/1595/1553 1662/1596/1554 1672/1606/1564 
f 1675/1609/1567 1674/1608/1566 1672/1606/1564 1671/1605/1563 
f 1676/1610/1568 1675/1609/1567 1671/1605/1563 1670/1604/1562 
f 1677/1186/1569 1676/1187/1568 1670/1228/1562 1678/1227/1570 
f 1678/1611/1570 1670/1604/1562 1664/1598/1556 1679/1612/1571 
f 1679/1612/1571 1664/1598/1556 1667/1601/1559 1673/1607/1565 
f 1680/1240/1572 1681/1241/1573 1682/1247/1574 1683/1246/1575 
f 1681/1241/1573 1684/1244/1576 1685/1248/1577 1682/1247/1574 
f 1686/1243/1578 1687/1242/1579 1681/1241/1573 1680/1240/1572 
f 1687/1242/1579 1688/1245/1580 1684/1244/1576 1681/1241/1573 
f 231/1257/1412 230/1256/1581 1683/1246/1575 1521/1255/1410 
f 1683/1246/1575 1682/1247/1574 1520/1254/1409 1521/1255/1410 
f 1682/1247/1574 1685/1248/1577 1518/1252/1407 1520/1254/1409 
f 1685/1248/1577 1673/1251/1565 1519/1253/1408 1518/1252/1407 
f 1684/1244/1576 1679/1250/1571 1673/1251/1565 1685/1248/1577 
f 1688/1245/1580 1678/1227/1570 1679/1250/1571 1684/1244/1576 
f 1689/1202/1582 1677/1186/1569 1678/1227/1570 1688/1245/1580 
f 1690/1203/1583 1689/1202/1582 1688/1245/1580 1687/1242/1579 
f 1691/1204/1584 1690/1203/1583 1687/1242/1579 1686/1243/1578 
f 228/1249/1585 227/1206/1586 1691/1204/1584 1686/1243/1578 
f 229/1258/1587 228/1249/1585 1686/1243/1578 1680/1240/1572 
f 230/1256/1581 229/1258/1587 1680/1240/1572 1683/1246/1575 
f 1692/1613/1588 1693/1614/1589 1694/1615/1590 1695/1616/1591 
f 1692/1613/1588 1696/1617/1592 1697/1618/1593 1693/1614/1589 
f 1692/1613/1588 1695/1616/1591 1698/1619/1594 1696/1617/1592 
f 1535/1468/1427 1534/1467/1426 1699/1620/1595 1694/1615/1590 
f 1693/1614/1589 1532/1465/1424 1535/1468/1427 1694/1615/1590 
f 1694/1615/1590 1699/1620/1595 1700/1621/1596 1695/1616/1591 
f 1697/1618/1593 1701/1622/1597 1167/1083/178 1531/1464/1423 
f 1702/1623/1598 1701/1622/1597 1697/1618/1593 1696/1617/1592 
f 1697/1618/1593 1531/1464/1423 1532/1465/1424 1693/1614/1589 
f 1698/1619/1594 1703/1624/1599 1704/1625/1600 1705/1626/1601 
f 1695/1616/1591 1700/1621/1596 1703/1624/1599 1698/1619/1594 
f 1696/1617/1592 1698/1619/1594 1705/1626/1601 1702/1623/1598 
f 1706/1627/1602 1707/1628/1603 1708/1629/1604 1709/1630/1605 
f 1708/1629/1604 1707/1628/1603 1710/1631/1606 1711/1632/1607 
f 1712/1633/1608 1713/1634/1609 1707/1628/1603 1706/1627/1602 
f 1713/1634/1609 1714/1635/1610 1710/1631/1606 1707/1628/1603 
f 1622/1556/1514 1709/1630/1605 1548/1481/1440 1549/1482/1441 
f 1709/1630/1605 1708/1629/1604 1547/1480/1439 1548/1481/1440 
f 1547/1480/1439 1708/1629/1604 1711/1632/1607 1546/1479/1438 
f 1546/1479/1438 1711/1632/1607 1699/1620/1595 1534/1467/1426 
f 1711/1632/1607 1710/1631/1606 1700/1621/1596 1699/1620/1595 
f 1714/1635/1610 1703/1624/1599 1700/1621/1596 1710/1631/1606 
f 1715/1636/1611 1704/1625/1600 1703/1624/1599 1714/1635/1610 
f 1716/1637/1612 1715/1636/1611 1714/1635/1610 1713/1634/1609 
f 1717/1638/1613 1716/1637/1612 1713/1634/1609 1712/1633/1608 
f 1626/1560/1518 1717/1638/1613 1712/1633/1608 1624/1558/1516 
f 1624/1558/1516 1712/1633/1608 1706/1627/1602 1623/1557/1515 
f 1623/1557/1515 1706/1627/1602 1709/1630/1605 1622/1556/1514 
f 1718/1639/1614 1719/1193/1615 1720/1199/1616 1721/1198/1617 
f 1719/1193/1615 1722/1196/1618 1723/1640/1619 1720/1199/1616 
f 1724/1195/1620 1725/1194/1621 1719/1193/1615 1718/1639/1614 
f 1725/1194/1621 1726/1197/1622 1722/1196/1618 1719/1193/1615 
f 227/1206/1586 226/1205/1623 1721/1198/1617 1691/1204/1584 
f 1721/1198/1617 1720/1199/1616 1690/1203/1583 1691/1204/1584 
f 1720/1199/1616 1723/1640/1619 1689/1202/1582 1690/1203/1583 
f 1723/1640/1619 1727/1189/1624 1677/1186/1569 1689/1202/1582 
f 1722/1196/1618 1728/1191/1625 1727/1189/1624 1723/1640/1619 
f 1726/1197/1622 1729/1181/1626 1728/1191/1625 1722/1196/1618 
f 1730/1064/1627 1731/1641/1628 1729/1181/1626 1726/1197/1622 
f 1732/1065/1629 1730/1064/1627 1726/1197/1622 1725/1194/1621 
f 1733/1066/1630 1732/1065/1629 1725/1194/1621 1724/1195/1620 
f 224/1201/1631 187/1068/1632 1733/1066/1630 1724/1195/1620 
f 225/1207/1633 224/1201/1631 1724/1195/1620 1718/1639/1614 
f 226/1205/1623 225/1207/1633 1718/1639/1614 1721/1198/1617 
f 1734/1642/1634 1735/1643/1635 1736/1644/1636 1737/1645/1637 
f 1734/1642/1634 1738/1646/1638 1739/1647/1639 1735/1643/1635 
f 1734/1642/1634 1737/1645/1637 1740/1648/1640 1738/1646/1638 
f 1705/1626/1601 1704/1625/1600 1741/1649/1641 1736/1644/1636 
f 1735/1643/1635 1702/1623/1598 1705/1626/1601 1736/1644/1636 
f 1736/1644/1636 1741/1649/1641 1742/1650/1642 1737/1645/1637 
f 1739/1647/1639 1743/1651/1643 1167/1083/178 1701/1622/1597 
f 1744/1652/1644 1743/1651/1643 1739/1647/1639 1738/1646/1638 
f 1739/1647/1639 1701/1622/1597 1702/1623/1598 1735/1643/1635 
f 1740/1648/1640 1745/1653/1645 1746/1654/1646 1747/1655/1647 
f 1737/1645/1637 1742/1650/1642 1745/1653/1645 1740/1648/1640 
f 1738/1646/1638 1740/1648/1640 1747/1655/1647 1744/1652/1644 
f 1748/1656/1648 1749/1657/1649 1750/1658/1650 1751/1659/1651 
f 1750/1658/1650 1749/1657/1649 1752/1660/1652 1753/1661/1653 
f 1754/1662/1654 1755/1663/1655 1749/1657/1649 1748/1656/1648 
f 1755/1663/1655 1756/1664/1656 1752/1660/1652 1749/1657/1649 
f 1757/1665/1657 1751/1659/1651 1717/1638/1613 1626/1560/1518 
f 1751/1659/1651 1750/1658/1650 1716/1637/1612 1717/1638/1613 
f 1716/1637/1612 1750/1658/1650 1753/1661/1653 1715/1636/1611 
f 1715/1636/1611 1753/1661/1653 1741/1649/1641 1704/1625/1600 
f 1753/1661/1653 1752/1660/1652 1742/1650/1642 1741/1649/1641 
f 1756/1664/1656 1745/1653/1645 1742/1650/1642 1752/1660/1652 
f 1758/1666/1658 1746/1654/1646 1745/1653/1645 1756/1664/1656 
f 1759/1667/1659 1758/1666/1658 1756/1664/1656 1755/1663/1655 
f 1760/1668/1660 1759/1667/1659 1755/1663/1655 1754/1662/1654 
f 1761/1669/1661 1760/1668/1660 1754/1662/1654 1762/1670/1662 
f 1762/1670/1662 1754/1662/1654 1748/1656/1648 1763/1671/1663 
f 1763/1671/1663 1748/1656/1648 1751/1659/1651 1757/1665/1657 
f 1764/1672/1664 1765/1673/1665 1766/1674/1666 1767/1675/1667 
f 1765/1673/1665 1768/1676/1668 1769/1677/1669 1766/1674/1666 
f 1770/1678/1670 1771/1679/1671 1765/1673/1665 1764/1672/1664 
f 1771/1679/1671 1772/1680/1672 1768/1676/1668 1765/1673/1665 
f 1773/1681/1673 1767/1675/1667 1628/1562/1520 1629/1563/1521 
f 1767/1675/1667 1766/1674/1666 1627/1561/1519 1628/1562/1520 
f 1766/1674/1666 1769/1677/1669 1625/1559/1517 1627/1561/1519 
f 1769/1677/1669 1757/1665/1657 1626/1560/1518 1625/1559/1517 
f 1768/1676/1668 1763/1671/1663 1757/1665/1657 1769/1677/1669 
f 1772/1680/1672 1762/1670/1662 1763/1671/1663 1768/1676/1668 
f 1774/1682/1674 1761/1669/1661 1762/1670/1662 1772/1680/1672 
f 1775/1683/1675 1774/1682/1674 1772/1680/1672 1771/1679/1671 
f 1776/1684/1676 1775/1683/1675 1771/1679/1671 1770/1678/1670 
f 1777/1685/1677 1776/1684/1676 1770/1678/1670 1778/1686/1678 
f 1778/1686/1678 1770/1678/1670 1764/1672/1664 1779/1687/1679 
f 1779/1687/1679 1764/1672/1664 1767/1675/1667 1773/1681/1673 
f 1780/1688/1680 1781/1689/1681 1782/1690/1682 1783/1691/1683 
f 1781/1689/1681 1784/1692/1684 1785/1693/1685 1782/1690/1682 
f 1786/1694/1686 1787/1695/1687 1781/1689/1681 1780/1688/1680 
f 1787/1695/1687 1788/1696/1688 1784/1692/1684 1781/1689/1681 
f 1789/1697/1689 1783/1691/1683 1644/1578/1536 1645/1579/1537 
f 1783/1691/1683 1782/1690/1682 1643/1577/1535 1644/1578/1536 
f 1782/1690/1682 1785/1693/1685 1642/1576/1534 1643/1577/1535 
f 1785/1693/1685 1773/1681/1673 1629/1563/1521 1642/1576/1534 
f 1784/1692/1684 1779/1687/1679 1773/1681/1673 1785/1693/1685 
f 1788/1696/1688 1778/1686/1678 1779/1687/1679 1784/1692/1684 
f 1790/1698/1690 1777/1685/1677 1778/1686/1678 1788/1696/1688 
f 1791/1699/1691 1790/1698/1690 1788/1696/1688 1787/1695/1687 
f 1792/1700/1692 1791/1699/1691 1787/1695/1687 1786/1694/1686 
f 1793/1701/1693 1792/1700/1692 1786/1694/1686 1794/1702/1694 
f 1794/1702/1694 1786/1694/1686 1780/1688/1680 1795/1703/1695 
f 1795/1703/1695 1780/1688/1680 1783/1691/1683 1789/1697/1689 
f 1796/1704/1696 1797/1705/1697 1798/1706/1698 1799/1707/1699 
f 1797/1705/1697 1800/1708/1700 1801/1709/1701 1798/1706/1698 
f 1802/1710/1702 1803/1711/1703 1797/1705/1697 1796/1704/1696 
f 1803/1711/1703 1804/1712/1704 1800/1708/1700 1797/1705/1697 
f 1805/1713/1705 1799/1707/1699 1660/1594/1552 1661/1595/1553 
f 1799/1707/1699 1798/1706/1698 1659/1593/1551 1660/1594/1552 
f 1798/1706/1698 1801/1709/1701 1658/1592/1550 1659/1593/1551 
f 1801/1709/1701 1789/1697/1689 1645/1579/1537 1658/1592/1550 
f 1800/1708/1700 1795/1703/1695 1789/1697/1689 1801/1709/1701 
f 1804/1712/1704 1794/1702/1694 1795/1703/1695 1800/1708/1700 
f 1806/1714/1706 1793/1701/1693 1794/1702/1694 1804/1712/1704 
f 1807/1715/1707 1806/1714/1706 1804/1712/1704 1803/1711/1703 
f 1808/1716/1708 1807/1715/1707 1803/1711/1703 1802/1710/1702 
f 1809/1717/1709 1808/1716/1708 1802/1710/1702 1810/1718/1710 
f 1810/1718/1710 1802/1710/1702 1796/1704/1696 1811/1719/1711 
f 1811/1719/1711 1796/1704/1696 1799/1707/1699 1805/1713/1705 
f 1812/1720/1712 1813/1721/1713 1814/1722/1714 1815/1723/1715 
f 1813/1721/1713 1816/1724/1716 1817/1725/1717 1814/1722/1714 
f 1818/1726/1718 1819/1727/1719 1813/1721/1713 1812/1720/1712 
f 1819/1727/1719 1820/1728/1720 1816/1724/1716 1813/1721/1713 
f 1727/1189/1624 1815/1188/1715 1676/1187/1568 1677/1186/1569 
f 1815/1723/1715 1814/1722/1714 1675/1609/1567 1676/1610/1568 
f 1814/1722/1714 1817/1725/1717 1674/1608/1566 1675/1609/1567 
f 1817/1725/1717 1805/1713/1705 1661/1595/1553 1674/1608/1566 
f 1816/1724/1716 1811/1719/1711 1805/1713/1705 1817/1725/1717 
f 1820/1728/1720 1810/1718/1710 1811/1719/1711 1816/1724/1716 
f 1821/1729/1721 1809/1717/1709 1810/1718/1710 1820/1728/1720 
f 1822/1730/1722 1821/1729/1721 1820/1728/1720 1819/1727/1719 
f 1823/1731/1723 1822/1730/1722 1819/1727/1719 1818/1726/1718 
f 1731/1641/1628 1823/1045/1723 1818/1182/1718 1729/1181/1626 
f 1729/1181/1626 1818/1182/1718 1812/1190/1712 1728/1191/1625 
f 1728/1191/1625 1812/1190/1712 1815/1188/1715 1727/1189/1624 
f 1824/1732/1724 1825/1733/1725 1826/1734/1726 1827/1735/1727 
f 1825/1733/1725 1828/1736/1728 1829/1737/1729 1826/1734/1726 
f 1830/1738/1730 1831/1739/1731 1825/1733/1725 1824/1732/1724 
f 1831/1739/1731 1832/1740/1732 1828/1736/1728 1825/1733/1725 
f 1833/1741/1733 1827/1735/1727 1792/1700/1692 1793/1701/1693 
f 1827/1735/1727 1826/1734/1726 1791/1699/1691 1792/1700/1692 
f 1826/1734/1726 1829/1737/1729 1790/1698/1690 1791/1699/1691 
f 1829/1737/1729 1834/1742/1734 1777/1685/1677 1790/1698/1690 
f 1828/1736/1728 1835/1743/1735 1834/1742/1734 1829/1737/1729 
f 1832/1740/1732 1836/1744/1736 1835/1743/1735 1828/1736/1728 
f 1837/1745/1737 1838/1746/1738 1836/1744/1736 1832/1740/1732 
f 1839/1747/1739 1837/1745/1737 1832/1740/1732 1831/1739/1731 
f 1840/1748/1740 1839/1747/1739 1831/1739/1731 1830/1738/1730 
f 1841/1749/1741 1840/1748/1740 1830/1738/1730 1842/1750/1742 
f 1842/1750/1742 1830/1738/1730 1824/1732/1724 1843/1751/1743 
f 1843/1751/1743 1824/1732/1724 1827/1735/1727 1833/1741/1733 
f 1844/1752/1744 1845/1753/1745 1846/1754/1746 1847/1755/1747 
f 1845/1753/1745 1848/1756/1748 1849/1757/1749 1846/1754/1746 
f 1850/1758/1750 1851/1759/1751 1845/1753/1745 1844/1752/1744 
f 1851/1759/1751 1852/1760/1752 1848/1756/1748 1845/1753/1745 
f 1853/1761/1753 1847/1755/1747 1808/1716/1708 1809/1717/1709 
f 1847/1755/1747 1846/1754/1746 1807/1715/1707 1808/1716/1708 
f 1846/1754/1746 1849/1757/1749 1806/1714/1706 1807/1715/1707 
f 1849/1757/1749 1833/1741/1733 1793/1701/1693 1806/1714/1706 
f 1848/1756/1748 1843/1751/1743 1833/1741/1733 1849/1757/1749 
f 1852/1760/1752 1842/1750/1742 1843/1751/1743 1848/1756/1748 
f 1854/1762/1754 1841/1749/1741 1842/1750/1742 1852/1760/1752 
f 1855/1763/1755 1854/1762/1754 1852/1760/1752 1851/1759/1751 
f 1856/1764/1756 1855/1763/1755 1851/1759/1751 1850/1758/1750 
f 1857/1765/1757 1856/1764/1756 1850/1758/1750 1858/1766/1758 
f 1858/1766/1758 1850/1758/1750 1844/1752/1744 1859/1767/1759 
f 1859/1767/1759 1844/1752/1744 1847/1755/1747 1853/1761/1753 
f 1860/1768/1760 1861/1769/1761 1862/1770/1762 1863/1771/1763 
f 1861/1769/1761 1864/1772/1764 1865/1773/1765 1862/1770/1762 
f 1866/1774/1766 1867/1775/1767 1861/1769/1761 1860/1768/1760 
f 1867/1775/1767 1868/1776/1768 1864/1772/1764 1861/1769/1761 
f 1869/1047/1769 1863/1046/1763 1823/1045/1723 1731/1641/1628 
f 1863/1771/1763 1862/1770/1762 1822/1730/1722 1823/1731/1723 
f 1862/1770/1762 1865/1773/1765 1821/1729/1721 1822/1730/1722 
f 1865/1773/1765 1853/1761/1753 1809/1717/1709 1821/1729/1721 
f 1864/1772/1764 1859/1767/1759 1853/1761/1753 1865/1773/1765 
f 1868/1776/1768 1858/1766/1758 1859/1767/1759 1864/1772/1764 
f 1870/1777/1770 1857/1765/1757 1858/1766/1758 1868/1776/1768 
f 1871/1778/1771 1870/1777/1770 1868/1776/1768 1867/1775/1767 
f 1872/1779/1772 1871/1778/1771 1867/1775/1767 1866/1774/1766 
f 1873/1037/1773 1872/1036/1772 1866/1035/1766 1874/1034/1774 
f 1874/1034/1774 1866/1035/1766 1860/1048/1760 1875/1049/1775 
f 1875/1049/1775 1860/1048/1760 1863/1046/1763 1869/1047/1769 
f 1876/1050/1776 1877/1051/1777 1878/1057/1778 1879/1056/1779 
f 1877/1051/1777 1880/1054/1780 1881/1058/1781 1878/1057/1778 
f 1882/1053/1782 1883/1052/1783 1877/1051/1777 1876/1050/1776 
f 1883/1052/1783 1884/1055/1784 1880/1054/1780 1877/1051/1777 
f 187/1068/1632 223/1067/1785 1879/1056/1779 1733/1066/1630 
f 1879/1056/1779 1878/1057/1778 1732/1065/1629 1733/1066/1630 
f 1878/1057/1778 1881/1058/1781 1730/1064/1627 1732/1065/1629 
f 1881/1058/1781 1869/1047/1769 1731/1641/1628 1730/1064/1627 
f 1880/1054/1780 1875/1049/1775 1869/1047/1769 1881/1058/1781 
f 1884/1055/1784 1874/1034/1774 1875/1049/1775 1880/1054/1780 
f 1885/1063/1786 1873/1037/1773 1874/1034/1774 1884/1055/1784 
f 1886/1062/1787 1885/1063/1786 1884/1055/1784 1883/1052/1783 
f 1887/1059/1788 1886/1062/1787 1883/1052/1783 1882/1053/1782 
f 1882/1053/1782 221/1061/1789 220/1060/1790 1887/1059/1788 
f 222/1780/1791 221/1061/1789 1882/1053/1782 1876/1050/1776 
f 223/1067/1785 222/1780/1791 1876/1050/1776 1879/1056/1779 
f 1888/1781/1792 1889/1782/1793 1890/1783/1794 1891/1784/1795 
f 1888/1781/1792 1892/1785/1796 1893/1786/1797 1889/1782/1793 
f 1888/1781/1792 1891/1784/1795 1894/1787/1798 1892/1785/1796 
f 1747/1655/1647 1746/1654/1646 1895/1788/1799 1890/1783/1794 
f 1889/1782/1793 1744/1652/1644 1747/1655/1647 1890/1783/1794 
f 1890/1783/1794 1895/1788/1799 1896/1789/1800 1891/1784/1795 
f 1893/1786/1797 1897/1790/1801 1167/1083/178 1743/1651/1643 
f 1898/1791/1802 1897/1790/1801 1893/1786/1797 1892/1785/1796 
f 1893/1786/1797 1743/1651/1643 1744/1652/1644 1889/1782/1793 
f 1894/1787/1798 1899/1792/1803 1900/1793/1804 1901/1794/1805 
f 1891/1784/1795 1896/1789/1800 1899/1792/1803 1894/1787/1798 
f 1892/1785/1796 1894/1787/1798 1901/1794/1805 1898/1791/1802 
f 1902/1795/1806 1903/1796/1807 1904/1797/1808 1905/1798/1809 
f 1904/1797/1808 1903/1796/1807 1906/1799/1810 1907/1800/1811 
f 1908/1801/1812 1909/1802/1813 1903/1796/1807 1902/1795/1806 
f 1909/1802/1813 1910/1803/1814 1906/1799/1810 1903/1796/1807 
f 1911/1804/1815 1905/1798/1809 1760/1668/1660 1761/1669/1661 
f 1905/1798/1809 1904/1797/1808 1759/1667/1659 1760/1668/1660 
f 1759/1667/1659 1904/1797/1808 1907/1800/1811 1758/1666/1658 
f 1758/1666/1658 1907/1800/1811 1895/1788/1799 1746/1654/1646 
f 1907/1800/1811 1906/1799/1810 1896/1789/1800 1895/1788/1799 
f 1910/1803/1814 1899/1792/1803 1896/1789/1800 1906/1799/1810 
f 1912/1805/1816 1900/1793/1804 1899/1792/1803 1910/1803/1814 
f 1913/1806/1817 1912/1805/1816 1910/1803/1814 1909/1802/1813 
f 1914/1807/1818 1913/1806/1817 1909/1802/1813 1908/1801/1812 
f 1915/1808/1819 1914/1807/1818 1908/1801/1812 1916/1809/1820 
f 1916/1809/1820 1908/1801/1812 1902/1795/1806 1917/1810/1821 
f 1917/1810/1821 1902/1795/1806 1905/1798/1809 1911/1804/1815 
f 1918/1811/1822 1919/1812/1823 1920/1813/1824 1921/1814/1825 
f 1919/1812/1823 1922/1815/1826 1923/1816/1827 1920/1813/1824 
f 1924/1817/1828 1925/1818/1829 1919/1812/1823 1918/1811/1822 
f 1925/1818/1829 1926/1819/1830 1922/1815/1826 1919/1812/1823 
f 1834/1742/1734 1921/1814/1825 1776/1684/1676 1777/1685/1677 
f 1921/1814/1825 1920/1813/1824 1775/1683/1675 1776/1684/1676 
f 1920/1813/1824 1923/1816/1827 1774/1682/1674 1775/1683/1675 
f 1923/1816/1827 1911/1804/1815 1761/1669/1661 1774/1682/1674 
f 1922/1815/1826 1917/1810/1821 1911/1804/1815 1923/1816/1827 
f 1926/1819/1830 1916/1809/1820 1917/1810/1821 1922/1815/1826 
f 1927/1820/1831 1915/1808/1819 1916/1809/1820 1926/1819/1830 
f 1928/1821/1832 1927/1820/1831 1926/1819/1830 1925/1818/1829 
f 1929/1822/1833 1928/1821/1832 1925/1818/1829 1924/1817/1828 
f 1838/1746/1738 1929/1822/1833 1924/1817/1828 1836/1744/1736 
f 1836/1744/1736 1924/1817/1828 1918/1811/1822 1835/1743/1735 
f 1835/1743/1735 1918/1811/1822 1921/1814/1825 1834/1742/1734 
f 1930/1823/1834 1931/1824/1835 1932/1825/1836 1933/1826/1837 
f 1930/1823/1834 1934/1827/1838 1935/1828/1839 1931/1824/1835 
f 1930/1823/1834 1933/1826/1837 1936/1829/1840 1934/1827/1838 
f 1901/1794/1805 1900/1793/1804 1937/1830/1841 1932/1825/1836 
f 1931/1824/1835 1898/1791/1802 1901/1794/1805 1932/1825/1836 
f 1932/1825/1836 1937/1830/1841 1938/1831/1842 1933/1826/1837 
f 1935/1828/1839 1939/1832/1843 1167/1083/178 1897/1790/1801 
f 1940/1833/1844 1939/1832/1843 1935/1828/1839 1934/1827/1838 
f 1935/1828/1839 1897/1790/1801 1898/1791/1802 1931/1824/1835 
f 1936/1829/1840 1941/1834/1845 1942/1835/1846 1943/1836/1847 
f 1933/1826/1837 1938/1831/1842 1941/1834/1845 1936/1829/1840 
f 1934/1827/1838 1936/1829/1840 1943/1836/1847 1940/1833/1844 
f 1944/1837/1848 1945/1838/1849 1946/1839/1850 1947/1840/1851 
f 1946/1839/1850 1945/1838/1849 1948/1841/1852 1949/1842/1853 
f 1950/1843/1854 1951/1844/1855 1945/1838/1849 1944/1837/1848 
f 1951/1844/1855 1952/1845/1856 1948/1841/1852 1945/1838/1849 
f 1953/1846/1857 1947/1840/1851 1914/1807/1818 1915/1808/1819 
f 1947/1840/1851 1946/1839/1850 1913/1806/1817 1914/1807/1818 
f 1913/1806/1817 1946/1839/1850 1949/1842/1853 1912/1805/1816 
f 1912/1805/1816 1949/1842/1853 1937/1830/1841 1900/1793/1804 
f 1949/1842/1853 1948/1841/1852 1938/1831/1842 1937/1830/1841 
f 1952/1845/1856 1941/1834/1845 1938/1831/1842 1948/1841/1852 
f 1954/1847/1858 1942/1835/1846 1941/1834/1845 1952/1845/1856 
f 1955/1848/1859 1954/1847/1858 1952/1845/1856 1951/1844/1855 
f 1956/1849/1860 1955/1848/1859 1951/1844/1855 1950/1843/1854 
f 1957/1850/1861 1956/1849/1860 1950/1843/1854 1958/1851/1862 
f 1958/1851/1862 1950/1843/1854 1944/1837/1848 1959/1852/1863 
f 1959/1852/1863 1944/1837/1848 1947/1840/1851 1953/1846/1857 
f 1960/1853/1864 1961/1854/1865 1962/1855/1866 1963/1856/1867 
f 1961/1854/1865 1964/1857/1868 1965/1858/1869 1962/1855/1866 
f 1966/1859/1870 1967/1860/1871 1961/1854/1865 1960/1853/1864 
f 1967/1860/1871 1968/1861/1872 1964/1857/1868 1961/1854/1865 
f 1969/1862/1873 1963/1856/1867 1929/1822/1833 1838/1746/1738 
f 1963/1856/1867 1962/1855/1866 1928/1821/1832 1929/1822/1833 
f 1962/1855/1866 1965/1858/1869 1927/1820/1831 1928/1821/1832 
f 1965/1858/1869 1953/1846/1857 1915/1808/1819 1927/1820/1831 
f 1964/1857/1868 1959/1852/1863 1953/1846/1857 1965/1858/1869 
f 1968/1861/1872 1958/1851/1862 1959/1852/1863 1964/1857/1868 
f 1970/1863/1874 1957/1850/1861 1958/1851/1862 1968/1861/1872 
f 1971/1864/1875 1970/1863/1874 1968/1861/1872 1967/1860/1871 
f 1972/1865/1876 1971/1864/1875 1967/1860/1871 1966/1859/1870 
f 1973/1866/1877 1972/1865/1876 1966/1859/1870 1974/1867/1878 
f 1974/1867/1878 1966/1859/1870 1960/1853/1864 1975/1868/1879 
f 1975/1868/1879 1960/1853/1864 1963/1856/1867 1969/1862/1873 
f 1976/1869/1880 1977/1870/1881 1978/1871/1882 1979/1872/1883 
f 1977/1870/1881 1980/1873/1884 1981/1874/1885 1978/1871/1882 
f 1982/1875/1886 1983/1876/1887 1977/1870/1881 1976/1869/1880 
f 1983/1876/1887 1984/1877/1888 1980/1873/1884 1977/1870/1881 
f 1985/1878/1889 1979/1872/1883 1840/1748/1740 1841/1749/1741 
f 1979/1872/1883 1978/1871/1882 1839/1747/1739 1840/1748/1740 
f 1978/1871/1882 1981/1874/1885 1837/1745/1737 1839/1747/1739 
f 1981/1874/1885 1969/1862/1873 1838/1746/1738 1837/1745/1737 
f 1980/1873/1884 1975/1868/1879 1969/1862/1873 1981/1874/1885 
f 1984/1877/1888 1974/1867/1878 1975/1868/1879 1980/1873/1884 
f 1986/1879/1890 1973/1866/1877 1974/1867/1878 1984/1877/1888 
f 1987/1880/1891 1986/1879/1890 1984/1877/1888 1983/1876/1887 
f 1988/1881/1892 1987/1880/1891 1983/1876/1887 1982/1875/1886 
f 1989/1882/1893 1988/1881/1892 1982/1875/1886 1990/1883/1894 
f 1990/1883/1894 1982/1875/1886 1976/1869/1880 1991/1884/1895 
f 1991/1884/1895 1976/1869/1880 1979/1872/1883 1985/1878/1889 
f 1992/1885/1896 1993/1886/1897 1994/1887/1898 1995/1888/1899 
f 1993/1886/1897 1996/1889/1900 1997/1890/1901 1994/1887/1898 
f 1998/1891/1902 1999/1892/1903 1993/1886/1897 1992/1885/1896 
f 1999/1892/1903 2000/1893/1904 1996/1889/1900 1993/1886/1897 
f 2001/1894/1905 1995/1888/1899 1856/1764/1756 1857/1765/1757 
f 1995/1888/1899 1994/1887/1898 1855/1763/1755 1856/1764/1756 
f 1994/1887/1898 1997/1890/1901 1854/1762/1754 1855/1763/1755 
f 1997/1890/1901 1985/1878/1889 1841/1749/1741 1854/1762/1754 
f 1996/1889/1900 1991/1884/1895 1985/1878/1889 1997/1890/1901 
f 2000/1893/1904 1990/1883/1894 1991/1884/1895 1996/1889/1900 
f 2002/1895/1906 1989/1882/1893 1990/1883/1894 2000/1893/1904 
f 2003/1896/1907 2002/1895/1906 2000/1893/1904 1999/1892/1903 
f 2004/1897/1908 2003/1896/1907 1999/1892/1903 1998/1891/1902 
f 2005/1898/1909 2004/1897/1908 1998/1891/1902 2006/1899/1910 
f 2006/1899/1910 1998/1891/1902 1992/1885/1896 2007/1900/1911 
f 2007/1900/1911 1992/1885/1896 1995/1888/1899 2001/1894/1905 
f 2008/1901/1912 2009/1902/1913 2010/1903/1914 2011/1904/1915 
f 2009/1902/1913 2012/1905/1916 2013/1906/1917 2010/1903/1914 
f 2014/1907/1918 2015/1908/1919 2009/1902/1913 2008/1901/1912 
f 2015/1908/1919 2016/1909/1920 2012/1905/1916 2009/1902/1913 
f 2017/1910/1921 2011/1911/1915 1872/1036/1772 1873/1037/1773 
f 2011/1904/1915 2010/1903/1914 1871/1778/1771 1872/1779/1772 
f 2010/1903/1914 2013/1906/1917 1870/1777/1770 1871/1778/1771 
f 2013/1906/1917 2001/1894/1905 1857/1765/1757 1870/1777/1770 
f 2012/1905/1916 2007/1900/1911 2001/1894/1905 2013/1906/1917 
f 2016/1909/1920 2006/1899/1910 2007/1900/1911 2012/1905/1916 
f 2018/1912/1922 2005/1898/1909 2006/1899/1910 2016/1909/1920 
f 2019/1913/1923 2018/1912/1922 2016/1909/1920 2015/1908/1919 
f 2020/1914/1924 2019/1913/1923 2015/1908/1919 2014/1907/1918 
f 2021/1915/1925 2020/1916/1924 2014/1917/1918 2022/1918/1926 
f 2022/1918/1926 2014/1917/1918 2008/1919/1912 2023/1920/1927 
f 2023/1920/1927 2008/1919/1912 2011/1911/1915 2017/1910/1921 
f 2024/1921/1928 2025/1922/1929 2026/1923/1930 2027/1924/1931 
f 2025/1922/1929 2028/1925/1932 2029/1926/1933 2026/1923/1930 
f 2030/1927/1934 2031/1928/1935 2025/1922/1929 2024/1921/1928 
f 2031/1928/1935 2032/1929/1936 2028/1925/1932 2025/1922/1929 
f 1887/1059/1788 220/1060/1790 219/1930/1937 2027/1924/1931 
f 2027/1924/1931 2026/1923/1930 1886/1062/1787 1887/1059/1788 
f 2026/1923/1930 2029/1926/1933 1885/1063/1786 1886/1062/1787 
f 2029/1926/1933 2017/1910/1921 1873/1037/1773 1885/1063/1786 
f 2028/1925/1932 2023/1920/1927 2017/1910/1921 2029/1926/1933 
f 2032/1929/1936 2022/1918/1926 2023/1920/1927 2028/1925/1932 
f 2033/1931/1938 2021/1915/1925 2022/1918/1926 2032/1929/1936 
f 2034/1932/1939 2033/1931/1938 2032/1929/1936 2031/1928/1935 
f 2035/1933/1940 2034/1932/1939 2031/1928/1935 2030/1927/1934 
f 2030/1927/1934 217/1934/1941 216/1935/1942 2035/1933/1940 
f 2024/1921/1928 218/1936/1943 217/1934/1941 2030/1927/1934 
f 2027/1924/1931 219/1930/1937 218/1936/1943 2024/1921/1928 
f 2036/1937/1944 2037/1938/1945 2038/1939/1946 2039/1940/1947 
f 2037/1938/1945 2040/1941/1948 2041/1942/1949 2038/1939/1946 
f 2042/1943/1950 2043/1944/1951 2037/1938/1945 2036/1937/1944 
f 2043/1944/1951 2044/1945/1952 2040/1941/1948 2037/1938/1945 
f 2045/1946/1953 2039/1940/1947 2004/1897/1908 2005/1898/1909 
f 2039/1940/1947 2038/1939/1946 2003/1896/1907 2004/1897/1908 
f 2038/1939/1946 2041/1942/1949 2002/1895/1906 2003/1896/1907 
f 2041/1942/1949 2046/1947/1954 1989/1882/1893 2002/1895/1906 
f 2040/1941/1948 2047/1948/1955 2046/1947/1954 2041/1942/1949 
f 2044/1945/1952 2048/1949/1956 2047/1948/1955 2040/1941/1948 
f 2049/1950/1957 2050/1951/1958 2048/1949/1956 2044/1945/1952 
f 2051/1952/1959 2049/1950/1957 2044/1945/1952 2043/1944/1951 
f 2052/1953/1960 2051/1952/1959 2043/1944/1951 2042/1943/1950 
f 2053/1954/1961 2052/1953/1960 2042/1943/1950 2054/1955/1962 
f 2054/1955/1962 2042/1943/1950 2036/1937/1944 2055/1956/1963 
f 2055/1956/1963 2036/1937/1944 2039/1940/1947 2045/1946/1953 
f 2056/1957/1964 2057/1958/1965 2058/1959/1966 2059/1960/1967 
f 2057/1958/1965 2060/1961/1968 2061/1962/1969 2058/1959/1966 
f 2062/1963/1970 2063/1964/1971 2057/1958/1965 2056/1957/1964 
f 2063/1964/1971 2064/1965/1972 2060/1961/1968 2057/1958/1965 
f 2065/1966/1973 2059/1967/1967 2020/1916/1924 2021/1915/1925 
f 2059/1960/1967 2058/1959/1966 2019/1913/1923 2020/1914/1924 
f 2058/1959/1966 2061/1962/1969 2018/1912/1922 2019/1913/1923 
f 2061/1962/1969 2045/1946/1953 2005/1898/1909 2018/1912/1922 
f 2060/1961/1968 2055/1956/1963 2045/1946/1953 2061/1962/1969 
f 2064/1965/1972 2054/1955/1962 2055/1956/1963 2060/1961/1968 
f 2066/1968/1974 2053/1954/1961 2054/1955/1962 2064/1965/1972 
f 2067/1969/1975 2066/1968/1974 2064/1965/1972 2063/1964/1971 
f 2068/1970/1976 2067/1969/1975 2063/1964/1971 2062/1963/1970 
f 2069/1971/1977 2068/1972/1976 2062/1973/1970 2070/1974/1978 
f 2070/1974/1978 2062/1973/1970 2056/1975/1964 2071/1976/1979 
f 2071/1976/1979 2056/1975/1964 2059/1967/1967 2065/1966/1973 
f 2072/1977/1980 2073/1978/1981 2074/1979/1982 2075/1980/1983 
f 2073/1978/1981 2076/1981/1984 2077/1982/1985 2074/1979/1982 
f 2078/1983/1986 2079/1984/1987 2073/1978/1981 2072/1977/1980 
f 2079/1984/1987 2080/1985/1988 2076/1981/1984 2073/1978/1981 
f 2035/1933/1940 216/1935/1942 215/1986/1989 2075/1980/1983 
f 2075/1980/1983 2074/1979/1982 2034/1932/1939 2035/1933/1940 
f 2074/1979/1982 2077/1982/1985 2033/1931/1938 2034/1932/1939 
f 2077/1982/1985 2065/1966/1973 2021/1915/1925 2033/1931/1938 
f 2076/1981/1984 2071/1976/1979 2065/1966/1973 2077/1982/1985 
f 2080/1985/1988 2070/1974/1978 2071/1976/1979 2076/1981/1984 
f 2081/1987/1990 2069/1971/1977 2070/1974/1978 2080/1985/1988 
f 2082/1988/1991 2081/1987/1990 2080/1985/1988 2079/1984/1987 
f 2083/1989/1992 2082/1988/1991 2079/1984/1987 2078/1983/1986 
f 2078/1983/1986 213/1990/1993 212/1991/1994 2083/1989/1992 
f 2072/1977/1980 214/1992/1995 213/1990/1993 2078/1983/1986 
f 2075/1980/1983 215/1986/1989 214/1992/1995 2072/1977/1980 
f 2084/1993/1996 2085/1994/1997 2086/1995/1998 2087/1996/1999 
f 2084/1993/1996 2088/1997/2000 2089/1998/2001 2085/1994/1997 
f 2084/1993/1996 2087/1996/1999 2090/1999/2002 2088/1997/2000 
f 1943/1836/1847 1942/1835/1846 2091/2000/2003 2086/1995/1998 
f 2085/1994/1997 1940/1833/1844 1943/1836/1847 2086/1995/1998 
f 2086/1995/1998 2091/2000/2003 2092/2001/2004 2087/1996/1999 
f 2089/1998/2001 2093/2002/2005 1167/1083/178 1939/1832/1843 
f 2094/2003/2006 2093/2002/2005 2089/1998/2001 2088/1997/2000 
f 2089/1998/2001 1939/1832/1843 1940/1833/1844 2085/1994/1997 
f 2090/1999/2002 2095/2004/2007 2096/2005/2008 2097/2006/2009 
f 2087/1996/1999 2092/2001/2004 2095/2004/2007 2090/1999/2002 
f 2088/1997/2000 2090/1999/2002 2097/2006/2009 2094/2003/2006 
f 2098/2007/2010 2099/2008/2011 2100/2009/2012 2101/2010/2013 
f 2100/2009/2012 2099/2008/2011 2102/2011/2014 2103/2012/2015 
f 2104/2013/2016 2105/2014/2017 2099/2008/2011 2098/2007/2010 
f 2105/2014/2017 2106/2015/2018 2102/2011/2014 2099/2008/2011 
f 2107/2016/2019 2101/2010/2013 1956/1849/1860 1957/1850/1861 
f 2101/2010/2013 2100/2009/2012 1955/1848/1859 1956/1849/1860 
f 1955/1848/1859 2100/2009/2012 2103/2012/2015 1954/1847/1858 
f 1954/1847/1858 2103/2012/2015 2091/2000/2003 1942/1835/1846 
f 2103/2012/2015 2102/2011/2014 2092/2001/2004 2091/2000/2003 
f 2106/2015/2018 2095/2004/2007 2092/2001/2004 2102/2011/2014 
f 2108/2017/2020 2096/2005/2008 2095/2004/2007 2106/2015/2018 
f 2109/2018/2021 2108/2017/2020 2106/2015/2018 2105/2014/2017 
f 2110/2019/2022 2109/2018/2021 2105/2014/2017 2104/2013/2016 
f 2111/2020/2023 2110/2019/2022 2104/2013/2016 2112/2021/2024 
f 2112/2021/2024 2104/2013/2016 2098/2007/2010 2113/2022/2025 
f 2113/2022/2025 2098/2007/2010 2101/2010/2013 2107/2016/2019 
f 2114/2023/2026 2115/2024/2027 2116/2025/2028 2117/2026/2029 
f 2115/2024/2027 2118/2027/2030 2119/2028/2031 2116/2025/2028 
f 2120/2029/2032 2121/2030/2033 2115/2024/2027 2114/2023/2026 
f 2121/2030/2033 2122/2031/2034 2118/2027/2030 2115/2024/2027 
f 2123/2032/2035 2117/2026/2029 1972/1865/1876 1973/1866/1877 
f 2117/2026/2029 2116/2025/2028 1971/1864/1875 1972/1865/1876 
f 2116/2025/2028 2119/2028/2031 1970/1863/1874 1971/1864/1875 
f 2119/2028/2031 2107/2016/2019 1957/1850/1861 1970/1863/1874 
f 2118/2027/2030 2113/2022/2025 2107/2016/2019 2119/2028/2031 
f 2122/2031/2034 2112/2021/2024 2113/2022/2025 2118/2027/2030 
f 2124/2033/2036 2111/2020/2023 2112/2021/2024 2122/2031/2034 
f 2125/2034/2037 2124/2033/2036 2122/2031/2034 2121/2030/2033 
f 2126/2035/2038 2125/2034/2037 2121/2030/2033 2120/2029/2032 
f 2127/2036/2039 2126/2035/2038 2120/2029/2032 2128/2037/2040 
f 2128/2037/2040 2120/2029/2032 2114/2023/2026 2129/2038/2041 
f 2129/2038/2041 2114/2023/2026 2117/2026/2029 2123/2032/2035 
f 2130/2039/2042 2131/2040/2043 2132/2041/2044 2133/2042/2045 
f 2131/2040/2043 2134/2043/2046 2135/2044/2047 2132/2041/2044 
f 2136/2045/2048 2137/2046/2049 2131/2040/2043 2130/2039/2042 
f 2137/2046/2049 2138/2047/2050 2134/2043/2046 2131/2040/2043 
f 2046/1947/1954 2133/2042/2045 1988/1881/1892 1989/1882/1893 
f 2133/2042/2045 2132/2041/2044 1987/1880/1891 1988/1881/1892 
f 2132/2041/2044 2135/2044/2047 1986/1879/1890 1987/1880/1891 
f 2135/2044/2047 2123/2032/2035 1973/1866/1877 1986/1879/1890 
f 2134/2043/2046 2129/2038/2041 2123/2032/2035 2135/2044/2047 
f 2138/2047/2050 2128/2037/2040 2129/2038/2041 2134/2043/2046 
f 2139/2048/2051 2127/2036/2039 2128/2037/2040 2138/2047/2050 
f 2140/2049/2052 2139/2048/2051 2138/2047/2050 2137/2046/2049 
f 2141/2050/2053 2140/2049/2052 2137/2046/2049 2136/2045/2048 
f 2050/1951/1958 2141/2050/2053 2136/2045/2048 2048/1949/1956 
f 2048/1949/1956 2136/2045/2048 2130/2039/2042 2047/1948/1955 
f 2047/1948/1955 2130/2039/2042 2133/2042/2045 2046/1947/1954 
f 2142/2051/2054 2143/2052/2055 2144/2053/2056 2145/2054/2057 
f 2142/2051/2054 2146/2055/2058 2147/2056/2059 2143/2052/2055 
f 2142/2051/2054 2145/2054/2057 2148/2057/2060 2146/2055/2058 
f 2097/2006/2009 2096/2005/2008 2149/2058/2061 2144/2053/2056 
f 2143/2052/2055 2094/2003/2006 2097/2006/2009 2144/2053/2056 
f 2144/2053/2056 2149/2058/2061 2150/2059/2062 2145/2054/2057 
f 2147/2056/2059 2151/2060/2063 1167/1083/178 2093/2002/2005 
f 2152/2061/2064 2151/2060/2063 2147/2056/2059 2146/2055/2058 
f 2147/2056/2059 2093/2002/2005 2094/2003/2006 2143/2052/2055 
f 2148/2057/2060 2153/2062/2065 2154/2063/2066 2155/2064/2067 
f 2145/2054/2057 2150/2059/2062 2153/2062/2065 2148/2057/2060 
f 2146/2055/2058 2148/2057/2060 2155/2064/2067 2152/2061/2064 
f 2156/2065/2068 2157/2066/2069 2158/2067/2070 2159/2068/2071 
f 2158/2067/2070 2157/2066/2069 2160/2069/2072 2161/2070/2073 
f 2162/2071/2074 2163/2072/2075 2157/2066/2069 2156/2065/2068 
f 2163/2072/2075 2164/2073/2076 2160/2069/2072 2157/2066/2069 
f 2165/2074/2077 2159/2068/2071 2110/2019/2022 2111/2020/2023 
f 2159/2068/2071 2158/2067/2070 2109/2018/2021 2110/2019/2022 
f 2109/2018/2021 2158/2067/2070 2161/2070/2073 2108/2017/2020 
f 2108/2017/2020 2161/2070/2073 2149/2058/2061 2096/2005/2008 
f 2161/2070/2073 2160/2069/2072 2150/2059/2062 2149/2058/2061 
f 2164/2073/2076 2153/2062/2065 2150/2059/2062 2160/2069/2072 
f 2166/2075/2078 2154/2063/2066 2153/2062/2065 2164/2073/2076 
f 2167/2076/2079 2166/2075/2078 2164/2073/2076 2163/2072/2075 
f 2168/2077/2080 2167/2076/2079 2163/2072/2075 2162/2071/2074 
f 2169/2078/2081 2168/2077/2080 2162/2071/2074 2170/2079/2082 
f 2170/2079/2082 2162/2071/2074 2156/2065/2068 2171/2080/2083 
f 2171/2080/2083 2156/2065/2068 2159/2068/2071 2165/2074/2077 
f 2172/2081/2084 2173/2082/2085 2174/2083/2086 2175/2084/2087 
f 2173/2082/2085 2176/2085/2088 2177/2086/2089 2174/2083/2086 
f 2178/2087/2090 2179/2088/2091 2173/2082/2085 2172/2081/2084 
f 2179/2088/2091 2180/2089/2092 2176/2085/2088 2173/2082/2085 
f 2181/2090/2093 2175/2084/2087 2126/2035/2038 2127/2036/2039 
f 2175/2084/2087 2174/2083/2086 2125/2034/2037 2126/2035/2038 
f 2174/2083/2086 2177/2086/2089 2124/2033/2036 2125/2034/2037 
f 2177/2086/2089 2165/2074/2077 2111/2020/2023 2124/2033/2036 
f 2176/2085/2088 2171/2080/2083 2165/2074/2077 2177/2086/2089 
f 2180/2089/2092 2170/2079/2082 2171/2080/2083 2176/2085/2088 
f 2182/2091/2094 2169/2078/2081 2170/2079/2082 2180/2089/2092 
f 2183/2092/2095 2182/2091/2094 2180/2089/2092 2179/2088/2091 
f 2184/2093/2096 2183/2092/2095 2179/2088/2091 2178/2087/2090 
f 2185/2094/2097 2184/2093/2096 2178/2087/2090 2186/2095/2098 
f 2186/2095/2098 2178/2087/2090 2172/2081/2084 2187/2096/2099 
f 2187/2096/2099 2172/2081/2084 2175/2084/2087 2181/2090/2093 
f 2188/2097/2100 2189/2098/2101 2190/2099/2102 2191/2100/2103 
f 2189/2098/2101 2192/2101/2104 2193/2102/2105 2190/2099/2102 
f 2194/2103/2106 2195/2104/2107 2189/2098/2101 2188/2097/2100 
f 2195/2104/2107 2196/2105/2108 2192/2101/2104 2189/2098/2101 
f 2197/2106/2109 2191/2100/2103 2141/2050/2053 2050/1951/1958 
f 2191/2100/2103 2190/2099/2102 2140/2049/2052 2141/2050/2053 
f 2190/2099/2102 2193/2102/2105 2139/2048/2051 2140/2049/2052 
f 2193/2102/2105 2181/2090/2093 2127/2036/2039 2139/2048/2051 
f 2192/2101/2104 2187/2096/2099 2181/2090/2093 2193/2102/2105 
f 2196/2105/2108 2186/2095/2098 2187/2096/2099 2192/2101/2104 
f 2198/2107/2110 2185/2094/2097 2186/2095/2098 2196/2105/2108 
f 2199/2108/2111 2198/2107/2110 2196/2105/2108 2195/2104/2107 
f 2200/2109/2112 2199/2108/2111 2195/2104/2107 2194/2103/2106 
f 2201/2110/2113 2200/2109/2112 2194/2103/2106 2202/2111/2114 
f 2202/2111/2114 2194/2103/2106 2188/2097/2100 2203/2112/2115 
f 2203/2112/2115 2188/2097/2100 2191/2100/2103 2197/2106/2109 
f 2204/2113/2116 2205/2114/2117 2206/2115/2118 2207/2116/2119 
f 2205/2114/2117 2208/2117/2120 2209/2118/2121 2206/2115/2118 
f 2210/2119/2122 2211/2120/2123 2205/2114/2117 2204/2113/2116 
f 2211/2120/2123 2212/2121/2124 2208/2117/2120 2205/2114/2117 
f 2213/2122/2125 2207/2116/2119 2052/1953/1960 2053/1954/1961 
f 2207/2116/2119 2206/2115/2118 2051/1952/1959 2052/1953/1960 
f 2206/2115/2118 2209/2118/2121 2049/1950/1957 2051/1952/1959 
f 2209/2118/2121 2197/2106/2109 2050/1951/1958 2049/1950/1957 
f 2208/2117/2120 2203/2112/2115 2197/2106/2109 2209/2118/2121 
f 2212/2121/2124 2202/2111/2114 2203/2112/2115 2208/2117/2120 
f 2214/2123/2126 2201/2110/2113 2202/2111/2114 2212/2121/2124 
f 2215/2124/2127 2214/2123/2126 2212/2121/2124 2211/2120/2123 
f 2216/2125/2128 2215/2124/2127 2211/2120/2123 2210/2119/2122 
f 2217/2126/2129 2216/2125/2128 2210/2119/2122 2218/2127/2130 
f 2218/2127/2130 2210/2119/2122 2204/2113/2116 2219/2128/2131 
f 2219/2128/2131 2204/2113/2116 2207/2116/2119 2213/2122/2125 
f 2220/2129/2132 2221/2130/2133 2222/2131/2134 2223/2132/2135 
f 2221/2130/2133 2224/2133/2136 2225/2134/2137 2222/2131/2134 
f 2226/2135/2138 2227/2136/2139 2221/2130/2133 2220/2129/2132 
f 2227/2136/2139 2228/2137/2140 2224/2133/2136 2221/2130/2133 
f 2229/2138/2141 2223/2139/2135 2068/1972/1976 2069/1971/1977 
f 2223/2132/2135 2222/2131/2134 2067/1969/1975 2068/1970/1976 
f 2222/2131/2134 2225/2134/2137 2066/1968/1974 2067/1969/1975 
f 2225/2134/2137 2213/2122/2125 2053/1954/1961 2066/1968/1974 
f 2224/2133/2136 2219/2128/2131 2213/2122/2125 2225/2134/2137 
f 2228/2137/2140 2218/2127/2130 2219/2128/2131 2224/2133/2136 
f 2230/2140/2142 2217/2126/2129 2218/2127/2130 2228/2137/2140 
f 2231/2141/2143 2230/2140/2142 2228/2137/2140 2227/2136/2139 
f 2232/2142/2144 2231/2141/2143 2227/2136/2139 2226/2135/2138 
f 2233/2143/2145 2232/2142/2144 2226/2135/2138 2234/2144/2146 
f 2234/2144/2146 2226/2135/2138 2220/2129/2132 2235/2145/2147 
f 2235/2145/2147 2220/2129/2132 2223/2132/2135 2229/2146/2141 
f 2236/2147/2148 2237/2148/2149 2238/2149/2150 2239/2150/2151 
f 2237/2148/2149 2240/2151/2152 2241/2152/2153 2238/2149/2150 
f 2242/2153/2154 2243/2154/2155 2237/2148/2149 2236/2147/2148 
f 2243/2154/2155 2244/2155/2156 2240/2151/2152 2237/2148/2149 
f 2083/1989/1992 212/1991/1994 211/2156/2157 2239/2150/2151 
f 2239/2150/2151 2238/2149/2150 2082/1988/1991 2083/1989/1992 
f 2238/2149/2150 2241/2152/2153 2081/1987/1990 2082/1988/1991 
f 2241/2152/2153 2229/2138/2141 2069/1971/1977 2081/1987/1990 
f 2240/2151/2152 2235/2157/2147 2229/2138/2141 2241/2152/2153 
f 2244/2155/2156 2234/2158/2146 2235/2157/2147 2240/2151/2152 
f 2245/2159/2158 2233/2160/2145 2234/2158/2146 2244/2155/2156 
f 2246/2161/2159 2245/2159/2158 2244/2155/2156 2243/2154/2155 
f 2247/2162/2160 2246/2161/2159 2243/2154/2155 2242/2153/2154 
f 2242/2153/2154 209/2163/2161 208/2164/2162 2247/2162/2160 
f 2236/2147/2148 210/2165/2163 209/2163/2161 2242/2153/2154 
f 2239/2150/2151 211/2156/2157 210/2165/2163 2236/2147/2148 
f 2248/2166/2164 2249/2167/2165 2250/2168/2166 2251/2169/2167 
f 2249/2167/2165 2252/2170/2168 2253/2171/2169 2250/2168/2166 
f 2254/2172/2170 2255/2173/2171 2249/2167/2165 2248/2166/2164 
f 2255/2173/2171 2256/2174/2172 2252/2170/2168 2249/2167/2165 
f 2257/2175/2173 2251/2169/2167 2216/2125/2128 2217/2126/2129 
f 2251/2169/2167 2250/2168/2166 2215/2124/2127 2216/2125/2128 
f 2250/2168/2166 2253/2171/2169 2214/2123/2126 2215/2124/2127 
f 2253/2171/2169 2258/2176/2174 2201/2110/2113 2214/2123/2126 
f 2252/2170/2168 2259/2177/2175 2258/2176/2174 2253/2171/2169 
f 2256/2174/2172 2260/2178/2176 2259/2177/2175 2252/2170/2168 
f 2261/2179/2177 2262/2180/2178 2260/2178/2176 2256/2174/2172 
f 2263/2181/2179 2261/2179/2177 2256/2174/2172 2255/2173/2171 
f 2264/2182/2180 2263/2181/2179 2255/2173/2171 2254/2172/2170 
f 2265/2183/2181 2264/2182/2180 2254/2172/2170 2266/2184/2182 
f 2266/2184/2182 2254/2172/2170 2248/2166/2164 2267/2185/2183 
f 2267/2185/2183 2248/2166/2164 2251/2169/2167 2257/2175/2173 
f 2268/2186/2184 2269/2187/2185 2270/2188/2186 2271/2189/2187 
f 2269/2187/2185 2272/2190/2188 2273/2191/2189 2270/2188/2186 
f 2274/2192/2190 2275/2193/2191 2269/2187/2185 2268/2186/2184 
f 2275/2193/2191 2276/2194/2192 2272/2190/2188 2269/2187/2185 
f 2277/2195/2193 2271/2189/2187 2232/2142/2144 2233/2143/2145 
f 2271/2189/2187 2270/2188/2186 2231/2141/2143 2232/2142/2144 
f 2270/2188/2186 2273/2191/2189 2230/2140/2142 2231/2141/2143 
f 2273/2191/2189 2257/2175/2173 2217/2126/2129 2230/2140/2142 
f 2272/2190/2188 2267/2185/2183 2257/2175/2173 2273/2191/2189 
f 2276/2194/2192 2266/2184/2182 2267/2185/2183 2272/2190/2188 
f 2278/2196/2194 2265/2183/2181 2266/2184/2182 2276/2194/2192 
f 2279/2197/2195 2278/2196/2194 2276/2194/2192 2275/2193/2191 
f 2280/2198/2196 2279/2197/2195 2275/2193/2191 2274/2192/2190 
f 2281/2199/2197 2280/2198/2196 2274/2192/2190 2282/2200/2198 
f 2282/2200/2198 2274/2192/2190 2268/2186/2184 2283/2201/2199 
f 2283/2201/2199 2268/2186/2184 2271/2189/2187 2277/2195/2193 
f 2284/2202/2200 2285/2203/2201 2286/2204/2202 2287/2205/2203 
f 2285/2203/2201 2288/2206/2204 2289/2207/2205 2286/2204/2202 
f 2290/2208/2206 2291/2209/2207 2285/2203/2201 2284/2202/2200 
f 2291/2209/2207 2292/2210/2208 2288/2206/2204 2285/2203/2201 
f 2247/2162/2160 208/2164/2162 207/2211/2209 2287/2205/2203 
f 2287/2205/2203 2286/2204/2202 2246/2161/2159 2247/2162/2160 
f 2286/2204/2202 2289/2207/2205 2245/2159/2158 2246/2161/2159 
f 2289/2207/2205 2277/2212/2193 2233/2160/2145 2245/2159/2158 
f 2288/2213/2204 2283/2201/2199 2277/2195/2193 2289/2214/2205 
f 2292/2215/2208 2282/2200/2198 2283/2201/2199 2288/2213/2204 
f 2293/2216/2210 2281/2199/2197 2282/2200/2198 2292/2215/2208 
f 2294/2217/2211 2293/2218/2210 2292/2210/2208 2291/2209/2207 
f 2295/2219/2212 2294/2217/2211 2291/2209/2207 2290/2208/2206 
f 2290/2208/2206 205/2220/2213 204/2221/2214 2295/2219/2212 
f 2284/2202/2200 206/2222/2215 205/2220/2213 2290/2208/2206 
f 2287/2205/2203 207/2211/2209 206/2222/2215 2284/2202/2200 
f 2296/2223/2216 2297/2224/2217 2298/2225/2218 2299/2226/2219 
f 2296/2223/2216 2300/2227/2220 2301/2228/2221 2297/2224/2217 
f 2296/2223/2216 2299/2226/2219 2302/2229/2222 2300/2227/2220 
f 2155/2064/2067 2154/2063/2066 2303/2230/2223 2298/2225/2218 
f 2297/2224/2217 2152/2061/2064 2155/2064/2067 2298/2225/2218 
f 2298/2225/2218 2303/2230/2223 2304/2231/2224 2299/2226/2219 
f 2301/2228/2221 2305/2232/2225 1167/1083/178 2151/2060/2063 
f 2306/2233/2226 2305/2232/2225 2301/2228/2221 2300/2227/2220 
f 2301/2228/2221 2151/2060/2063 2152/2061/2064 2297/2224/2217 
f 2302/2229/2222 2307/2234/2227 2308/2235/2228 2309/2236/2229 
f 2299/2226/2219 2304/2231/2224 2307/2234/2227 2302/2229/2222 
f 2300/2227/2220 2302/2229/2222 2309/2236/2229 2306/2233/2226 
f 2310/2237/2230 2311/2238/2231 2312/2239/2232 2313/2240/2233 
f 2312/2239/2232 2311/2238/2231 2314/2241/2234 2315/2242/2235 
f 2316/2243/2236 2317/2244/2237 2311/2238/2231 2310/2237/2230 
f 2317/2244/2237 2318/2245/2238 2314/2241/2234 2311/2238/2231 
f 2319/2246/2239 2313/2240/2233 2168/2077/2080 2169/2078/2081 
f 2313/2240/2233 2312/2239/2232 2167/2076/2079 2168/2077/2080 
f 2167/2076/2079 2312/2239/2232 2315/2242/2235 2166/2075/2078 
f 2166/2075/2078 2315/2242/2235 2303/2230/2223 2154/2063/2066 
f 2315/2242/2235 2314/2241/2234 2304/2231/2224 2303/2230/2223 
f 2318/2245/2238 2307/2234/2227 2304/2231/2224 2314/2241/2234 
f 2320/2247/2240 2308/2235/2228 2307/2234/2227 2318/2245/2238 
f 2321/2248/2241 2320/2247/2240 2318/2245/2238 2317/2244/2237 
f 2322/2249/2242 2321/2248/2241 2317/2244/2237 2316/2243/2236 
f 2323/2250/2243 2322/2249/2242 2316/2243/2236 2324/2251/2244 
f 2324/2251/2244 2316/2243/2236 2310/2237/2230 2325/2252/2245 
f 2325/2252/2245 2310/2237/2230 2313/2240/2233 2319/2246/2239 
f 2326/2253/2246 2327/2254/2247 2328/2255/2248 2329/2256/2249 
f 2327/2254/2247 2330/2257/2250 2331/2258/2251 2328/2255/2248 
f 2332/2259/2252 2333/2260/2253 2327/2254/2247 2326/2253/2246 
f 2333/2260/2253 2334/2261/2254 2330/2257/2250 2327/2254/2247 
f 2335/2262/2255 2329/2256/2249 2184/2093/2096 2185/2094/2097 
f 2329/2256/2249 2328/2255/2248 2183/2092/2095 2184/2093/2096 
f 2328/2255/2248 2331/2258/2251 2182/2091/2094 2183/2092/2095 
f 2331/2258/2251 2319/2246/2239 2169/2078/2081 2182/2091/2094 
f 2330/2257/2250 2325/2252/2245 2319/2246/2239 2331/2258/2251 
f 2334/2261/2254 2324/2251/2244 2325/2252/2245 2330/2257/2250 
f 2336/2263/2256 2323/2250/2243 2324/2251/2244 2334/2261/2254 
f 2337/2264/2257 2336/2263/2256 2334/2261/2254 2333/2260/2253 
f 2338/2265/2258 2337/2264/2257 2333/2260/2253 2332/2259/2252 
f 2339/2266/2259 2338/2265/2258 2332/2259/2252 2340/2267/2260 
f 2340/2267/2260 2332/2259/2252 2326/2253/2246 2341/2268/2261 
f 2341/2268/2261 2326/2253/2246 2329/2256/2249 2335/2262/2255 
f 2342/2269/2262 2343/2270/2263 2344/2271/2264 2345/2272/2265 
f 2343/2270/2263 2346/2273/2266 2347/2274/2267 2344/2271/2264 
f 2348/2275/2268 2349/2276/2269 2343/2270/2263 2342/2269/2262 
f 2349/2276/2269 2350/2277/2270 2346/2273/2266 2343/2270/2263 
f 2258/2176/2174 2345/2272/2265 2200/2109/2112 2201/2110/2113 
f 2345/2272/2265 2344/2271/2264 2199/2108/2111 2200/2109/2112 
f 2344/2271/2264 2347/2274/2267 2198/2107/2110 2199/2108/2111 
f 2347/2274/2267 2335/2262/2255 2185/2094/2097 2198/2107/2110 
f 2346/2273/2266 2341/2268/2261 2335/2262/2255 2347/2274/2267 
f 2350/2277/2270 2340/2267/2260 2341/2268/2261 2346/2273/2266 
f 2351/2278/2271 2339/2266/2259 2340/2267/2260 2350/2277/2270 
f 2352/2279/2272 2351/2278/2271 2350/2277/2270 2349/2276/2269 
f 2353/2280/2273 2352/2279/2272 2349/2276/2269 2348/2275/2268 
f 2262/2180/2178 2353/2280/2273 2348/2275/2268 2260/2178/2176 
f 2260/2178/2176 2348/2275/2268 2342/2269/2262 2259/2177/2175 
f 2259/2177/2175 2342/2269/2262 2345/2272/2265 2258/2176/2174 
f 2354/2281/2274 2355/2282/2275 2356/2283/2276 2357/2284/2277 
f 2356/2283/2276 2355/2282/2275 2358/2285/2278 2359/2286/2279 
f 2360/2287/2280 2361/2288/2281 2355/2282/2275 2354/2281/2274 
f 2361/2288/2281 2362/2289/2282 2358/2285/2278 2355/2282/2275 
f 2363/2290/2283 2357/2284/2277 2322/2249/2242 2323/2250/2243 
f 2357/2284/2277 2356/2283/2276 2321/2248/2241 2322/2249/2242 
f 2321/2248/2241 2356/2283/2276 2359/2286/2279 2320/2247/2240 
f 2320/2247/2240 2359/2286/2279 2364/2291/2284 2308/2235/2228 
f 2359/2286/2279 2358/2285/2278 2365/2292/2285 2364/2291/2284 
f 2362/2289/2282 2366/2293/2286 2365/2292/2285 2358/2285/2278 
f 2367/2294/2287 2368/2295/2288 2366/2293/2286 2362/2289/2282 
f 2369/2296/2289 2367/2294/2287 2362/2289/2282 2361/2288/2281 
f 2370/2297/2290 2369/2296/2289 2361/2288/2281 2360/2287/2280 
f 2371/2298/2291 2370/2297/2290 2360/2287/2280 2372/2299/2292 
f 2372/2299/2292 2360/2287/2280 2354/2281/2274 2373/2300/2293 
f 2373/2300/2293 2354/2281/2274 2357/2284/2277 2363/2290/2283 
f 2374/2301/2294 2375/2302/2295 2376/2303/2296 2377/2304/2297 
f 2375/2302/2295 2378/2305/2298 2379/2306/2299 2376/2303/2296 
f 2380/2307/2300 2381/2308/2301 2375/2302/2295 2374/2301/2294 
f 2381/2308/2301 2382/2309/2302 2378/2305/2298 2375/2302/2295 
f 2383/2310/2303 2377/2304/2297 2338/2265/2258 2339/2266/2259 
f 2377/2304/2297 2376/2303/2296 2337/2264/2257 2338/2265/2258 
f 2376/2303/2296 2379/2306/2299 2336/2263/2256 2337/2264/2257 
f 2379/2306/2299 2363/2290/2283 2323/2250/2243 2336/2263/2256 
f 2378/2305/2298 2373/2300/2293 2363/2290/2283 2379/2306/2299 
f 2382/2309/2302 2372/2299/2292 2373/2300/2293 2378/2305/2298 
f 2384/2311/2304 2371/2298/2291 2372/2299/2292 2382/2309/2302 
f 2385/2312/2305 2384/2311/2304 2382/2309/2302 2381/2308/2301 
f 2386/2313/2306 2385/2312/2305 2381/2308/2301 2380/2307/2300 
f 2387/2314/2307 2386/2313/2306 2380/2307/2300 2388/2315/2308 
f 2388/2315/2308 2380/2307/2300 2374/2301/2294 2389/2316/2309 
f 2389/2316/2309 2374/2301/2294 2377/2304/2297 2383/2310/2303 
f 2390/2317/2310 2391/2318/2311 2392/2319/2312 2393/2320/2313 
f 2391/2318/2311 2394/2321/2314 2395/2322/2315 2392/2319/2312 
f 2396/2323/2316 2397/2324/2317 2391/2318/2311 2390/2317/2310 
f 2397/2324/2317 2398/2325/2318 2394/2321/2314 2391/2318/2311 
f 2399/2326/2319 2393/2320/2313 2353/2280/2273 2262/2180/2178 
f 2393/2320/2313 2392/2319/2312 2352/2279/2272 2353/2280/2273 
f 2392/2319/2312 2395/2322/2315 2351/2278/2271 2352/2279/2272 
f 2395/2322/2315 2383/2310/2303 2339/2266/2259 2351/2278/2271 
f 2394/2321/2314 2389/2316/2309 2383/2310/2303 2395/2322/2315 
f 2398/2325/2318 2388/2315/2308 2389/2316/2309 2394/2321/2314 
f 2400/2327/2320 2387/2314/2307 2388/2315/2308 2398/2325/2318 
f 2401/2328/2321 2400/2327/2320 2398/2325/2318 2397/2324/2317 
f 2402/2329/2322 2401/2328/2321 2397/2324/2317 2396/2323/2316 
f 2403/2330/2323 2402/2329/2322 2396/2323/2316 2404/2331/2324 
f 2404/2331/2324 2396/2323/2316 2390/2317/2310 2405/2332/2325 
f 2405/2332/2325 2390/2317/2310 2393/2320/2313 2399/2326/2319 
f 2406/2333/2326 2407/2334/2327 2408/2335/2328 2409/2336/2329 
f 2407/2334/2327 2410/2337/2330 2411/2338/2331 2408/2335/2328 
f 2412/2339/2332 2413/2340/2333 2407/2334/2327 2406/2333/2326 
f 2413/2340/2333 2414/2341/2334 2410/2337/2330 2407/2334/2327 
f 2415/2342/2335 2409/2336/2329 2264/2182/2180 2265/2183/2181 
f 2409/2336/2329 2408/2335/2328 2263/2181/2179 2264/2182/2180 
f 2408/2335/2328 2411/2338/2331 2261/2179/2177 2263/2181/2179 
f 2411/2338/2331 2399/2326/2319 2262/2180/2178 2261/2179/2177 
f 2410/2337/2330 2405/2332/2325 2399/2326/2319 2411/2338/2331 
f 2414/2341/2334 2404/2331/2324 2405/2332/2325 2410/2337/2330 
f 2416/2343/2336 2403/2330/2323 2404/2331/2324 2414/2341/2334 
f 2417/2344/2337 2416/2343/2336 2414/2341/2334 2413/2340/2333 
f 2418/2345/2338 2417/2344/2337 2413/2340/2333 2412/2339/2332 
f 2419/2346/2339 2418/2345/2338 2412/2339/2332 2420/2347/2340 
f 2420/2347/2340 2412/2339/2332 2406/2333/2326 2421/2348/2341 
f 2421/2348/2341 2406/2333/2326 2409/2336/2329 2415/2342/2335 
f 2422/2349/2342 2423/2350/2343 2424/2351/2344 2425/2352/2345 
f 2423/2350/2343 2426/2353/2346 2427/2354/2347 2424/2351/2344 
f 2428/2355/2348 2429/2356/2349 2423/2350/2343 2422/2349/2342 
f 2429/2356/2349 2430/2357/2350 2426/2353/2346 2423/2350/2343 
f 2431/2358/2351 2425/2352/2345 2280/2198/2196 2281/2199/2197 
f 2425/2352/2345 2424/2351/2344 2279/2197/2195 2280/2198/2196 
f 2424/2351/2344 2427/2354/2347 2278/2196/2194 2279/2197/2195 
f 2427/2354/2347 2415/2342/2335 2265/2183/2181 2278/2196/2194 
f 2426/2353/2346 2421/2348/2341 2415/2342/2335 2427/2354/2347 
f 2430/2357/2350 2420/2347/2340 2421/2348/2341 2426/2353/2346 
f 2432/2359/2352 2419/2346/2339 2420/2347/2340 2430/2357/2350 
f 2433/2360/2353 2432/2359/2352 2430/2357/2350 2429/2356/2349 
f 2434/2361/2354 2433/2360/2353 2429/2356/2349 2428/2355/2348 
f 2435/2362/2355 2434/2361/2354 2428/2355/2348 2436/2363/2356 
f 2436/2363/2356 2428/2355/2348 2422/2349/2342 2437/2364/2357 
f 2437/2364/2357 2422/2349/2342 2425/2352/2345 2431/2358/2351 
f 2438/1401/2358 2439/1402/2359 2440/1408/2360 2441/1407/2361 
f 2439/1402/2359 2442/1405/2362 2443/1409/2363 2440/1408/2360 
f 2444/1404/2364 2445/1403/2365 2439/1402/2359 2438/1401/2358 
f 2445/1403/2365 2446/1406/2366 2442/1405/2362 2439/1402/2359 
f 204/1420/2214 203/1419/2367 2441/1407/2361 2295/1418/2212 
f 2441/1407/2361 2440/1408/2360 2294/1416/2211 2295/1418/2212 
f 2440/1408/2360 2443/1409/2363 2293/1417/2210 2294/1416/2211 
f 2443/2365/2363 2431/2358/2351 2281/2199/2197 2293/2216/2210 
f 2442/2366/2362 2437/2364/2357 2431/2358/2351 2443/2365/2363 
f 2446/2367/2366 2436/2363/2356 2437/2364/2357 2442/2366/2362 
f 2447/1252/2368 2435/1253/2355 2436/1411/2356 2446/1406/2366 
f 2448/1254/2369 2447/1252/2368 2446/1406/2366 2445/1403/2365 
f 2449/1255/2370 2448/1254/2369 2445/1403/2365 2444/1404/2364 
f 201/1410/2371 200/1257/2372 2449/1255/2370 2444/1404/2364 
f 202/1421/2373 201/1410/2371 2444/1404/2364 2438/1401/2358 
f 203/1419/2367 202/1421/2373 2438/1401/2358 2441/1407/2361 
f 2450/2368/2374 2451/2369/2375 2452/2370/2376 2453/2371/2377 
f 2450/2368/2374 2454/2372/2378 2455/2373/2379 2451/2369/2375 
f 2450/2368/2374 2453/2371/2377 2456/2374/2380 2454/2372/2378 
f 2309/2236/2229 2308/2235/2228 2364/2291/2284 2452/2370/2376 
f 2451/2369/2375 2306/2233/2226 2309/2236/2229 2452/2370/2376 
f 2452/2370/2376 2364/2291/2284 2365/2292/2285 2453/2371/2377 
f 2455/2373/2379 2457/2375/2381 1167/1083/178 2305/2232/2225 
f 2458/2376/2382 2457/2375/2381 2455/2373/2379 2454/2372/2378 
f 2455/2373/2379 2305/2232/2225 2306/2233/2226 2451/2369/2375 
f 2456/2374/2380 2366/2293/2286 2368/2295/2288 2459/2377/2383 
f 2453/2371/2377 2365/2292/2285 2366/2293/2286 2456/2374/2380 
f 2454/2372/2378 2456/2374/2380 2459/2377/2383 2458/2376/2382 
f 2460/2378/2384 2461/2379/2385 2462/2380/2386 2463/2381/2387 
f 2461/2379/2385 2464/2382/2388 2465/2383/2389 2462/2380/2386 
f 2466/2384/2390 2467/2385/2391 2461/2379/2385 2460/2378/2384 
f 2467/2385/2391 2468/2386/2392 2464/2382/2388 2461/2379/2385 
f 2469/2387/2393 2463/2381/2387 2434/2361/2354 2435/2362/2355 
f 2463/2381/2387 2462/2380/2386 2433/2360/2353 2434/2361/2354 
f 2462/2380/2386 2465/2383/2389 2432/2359/2352 2433/2360/2353 
f 2465/2383/2389 2470/2388/2394 2419/2346/2339 2432/2359/2352 
f 2464/2382/2388 2471/2389/2395 2470/2388/2394 2465/2383/2389 
f 2468/2386/2392 2472/2390/2396 2471/2389/2395 2464/2382/2388 
f 2473/2391/2397 2474/2392/2398 2472/2390/2396 2468/2386/2392 
f 2475/2393/2399 2473/2391/2397 2468/2386/2392 2467/2385/2391 
f 2476/2394/2400 2475/2393/2399 2467/2385/2391 2466/2384/2390 
f 2477/1186/2401 2476/1187/2400 2466/1228/2390 2478/1227/2402 
f 2478/2395/2402 2466/2384/2390 2460/2378/2384 2479/2396/2403 
f 2479/2396/2403 2460/2378/2384 2463/2381/2387 2469/2387/2393 
f 2480/1240/2404 2481/1241/2405 2482/1247/2406 2483/1246/2407 
f 2481/1241/2405 2484/1244/2408 2485/1248/2409 2482/1247/2406 
f 2486/1243/2410 2487/1242/2411 2481/1241/2405 2480/1240/2404 
f 2487/1242/2411 2488/1245/2412 2484/1244/2408 2481/1241/2405 
f 200/1257/2372 199/1256/2413 2483/1246/2407 2449/1255/2370 
f 2483/1246/2407 2482/1247/2406 2448/1254/2369 2449/1255/2370 
f 2482/1247/2406 2485/1248/2409 2447/1252/2368 2448/1254/2369 
f 2485/1248/2409 2469/1251/2393 2435/1253/2355 2447/1252/2368 
f 2484/1244/2408 2479/1250/2403 2469/1251/2393 2485/1248/2409 
f 2488/1245/2412 2478/1227/2402 2479/1250/2403 2484/1244/2408 
f 2489/1202/2414 2477/1186/2401 2478/1227/2402 2488/1245/2412 
f 2490/1203/2415 2489/1202/2414 2488/1245/2412 2487/1242/2411 
f 2491/1204/2416 2490/1203/2415 2487/1242/2411 2486/1243/2410 
f 197/1249/2417 196/1206/2418 2491/1204/2416 2486/1243/2410 
f 198/1258/2419 197/1249/2417 2486/1243/2410 2480/1240/2404 
f 199/1256/2413 198/1258/2419 2480/1240/2404 2483/1246/2407 
f 2492/2397/2420 2493/2398/2421 2494/2399/2422 2495/2400/2423 
f 2492/2397/2420 2496/2401/2424 2497/2402/2425 2493/2398/2421 
f 2492/2397/2420 2495/2400/2423 2498/2403/2426 2496/2401/2424 
f 2459/2377/2383 2368/2295/2288 2499/2404/2427 2494/2399/2422 
f 2493/2398/2421 2458/2376/2382 2459/2377/2383 2494/2399/2422 
f 2494/2399/2422 2499/2404/2427 2500/2405/2428 2495/2400/2423 
f 2497/2402/2425 2501/2406/2429 1167/1083/178 2457/2375/2381 
f 2502/2407/2430 2501/2406/2429 2497/2402/2425 2496/2401/2424 
f 2497/2402/2425 2457/2375/2381 2458/2376/2382 2493/2398/2421 
f 2498/2403/2426 2503/2408/2431 2504/2409/2432 2505/2410/2433 
f 2495/2400/2423 2500/2405/2428 2503/2408/2431 2498/2403/2426 
f 2496/2401/2424 2498/2403/2426 2505/2410/2433 2502/2407/2430 
f 2506/2411/2434 2507/2412/2435 2508/2413/2436 2509/2414/2437 
f 2508/2413/2436 2507/2412/2435 2510/2415/2438 2511/2416/2439 
f 2512/2417/2440 2513/2418/2441 2507/2412/2435 2506/2411/2434 
f 2513/2418/2441 2514/2419/2442 2510/2415/2438 2507/2412/2435 
f 2515/2420/2443 2509/2414/2437 2370/2297/2290 2371/2298/2291 
f 2509/2414/2437 2508/2413/2436 2369/2296/2289 2370/2297/2290 
f 2369/2296/2289 2508/2413/2436 2511/2416/2439 2367/2294/2287 
f 2367/2294/2287 2511/2416/2439 2499/2404/2427 2368/2295/2288 
f 2511/2416/2439 2510/2415/2438 2500/2405/2428 2499/2404/2427 
f 2514/2419/2442 2503/2408/2431 2500/2405/2428 2510/2415/2438 
f 2516/2421/2444 2504/2409/2432 2503/2408/2431 2514/2419/2442 
f 2517/2422/2445 2516/2421/2444 2514/2419/2442 2513/2418/2441 
f 2518/2423/2446 2517/2422/2445 2513/2418/2441 2512/2417/2440 
f 2519/2424/2447 2518/2423/2446 2512/2417/2440 2520/2425/2448 
f 2520/2425/2448 2512/2417/2440 2506/2411/2434 2521/2426/2449 
f 2521/2426/2449 2506/2411/2434 2509/2414/2437 2515/2420/2443 
f 2522/2427/2450 2523/2428/2451 2524/2429/2452 2525/2430/2453 
f 2523/2428/2451 2526/2431/2454 2527/2432/2455 2524/2429/2452 
f 2528/2433/2456 2529/2434/2457 2523/2428/2451 2522/2427/2450 
f 2529/2434/2457 2530/2435/2458 2526/2431/2454 2523/2428/2451 
f 2531/2436/2459 2525/2430/2453 2386/2313/2306 2387/2314/2307 
f 2525/2430/2453 2524/2429/2452 2385/2312/2305 2386/2313/2306 
f 2524/2429/2452 2527/2432/2455 2384/2311/2304 2385/2312/2305 
f 2527/2432/2455 2515/2420/2443 2371/2298/2291 2384/2311/2304 
f 2526/2431/2454 2521/2426/2449 2515/2420/2443 2527/2432/2455 
f 2530/2435/2458 2520/2425/2448 2521/2426/2449 2526/2431/2454 
f 2532/2437/2460 2519/2424/2447 2520/2425/2448 2530/2435/2458 
f 2533/2438/2461 2532/2437/2460 2530/2435/2458 2529/2434/2457 
f 2534/2439/2462 2533/2438/2461 2529/2434/2457 2528/2433/2456 
f 2535/2440/2463 2534/2439/2462 2528/2433/2456 2536/2441/2464 
f 2536/2441/2464 2528/2433/2456 2522/2427/2450 2537/2442/2465 
f 2537/2442/2465 2522/2427/2450 2525/2430/2453 2531/2436/2459 
f 2538/2443/2466 2539/2444/2467 2540/2445/2468 2541/2446/2469 
f 2539/2444/2467 2542/2447/2470 2543/2448/2471 2540/2445/2468 
f 2544/2449/2472 2545/2450/2473 2539/2444/2467 2538/2443/2466 
f 2545/2450/2473 2546/2451/2474 2542/2447/2470 2539/2444/2467 
f 2547/2452/2475 2541/2446/2469 2402/2329/2322 2403/2330/2323 
f 2541/2446/2469 2540/2445/2468 2401/2328/2321 2402/2329/2322 
f 2540/2445/2468 2543/2448/2471 2400/2327/2320 2401/2328/2321 
f 2543/2448/2471 2531/2436/2459 2387/2314/2307 2400/2327/2320 
f 2542/2447/2470 2537/2442/2465 2531/2436/2459 2543/2448/2471 
f 2546/2451/2474 2536/2441/2464 2537/2442/2465 2542/2447/2470 
f 2548/2453/2476 2535/2440/2463 2536/2441/2464 2546/2451/2474 
f 2549/2454/2477 2548/2453/2476 2546/2451/2474 2545/2450/2473 
f 2550/2455/2478 2549/2454/2477 2545/2450/2473 2544/2449/2472 
f 2551/2456/2479 2550/2455/2478 2544/2449/2472 2552/2457/2480 
f 2552/2457/2480 2544/2449/2472 2538/2443/2466 2553/2458/2481 
f 2553/2458/2481 2538/2443/2466 2541/2446/2469 2547/2452/2475 
f 2554/2459/2482 2555/2460/2483 2556/2461/2484 2557/2462/2485 
f 2555/2460/2483 2558/2463/2486 2559/2464/2487 2556/2461/2484 
f 2560/2465/2488 2561/2466/2489 2555/2460/2483 2554/2459/2482 
f 2561/2466/2489 2562/2467/2490 2558/2463/2486 2555/2460/2483 
f 2470/2388/2394 2557/2462/2485 2418/2345/2338 2419/2346/2339 
f 2557/2462/2485 2556/2461/2484 2417/2344/2337 2418/2345/2338 
f 2556/2461/2484 2559/2464/2487 2416/2343/2336 2417/2344/2337 
f 2559/2464/2487 2547/2452/2475 2403/2330/2323 2416/2343/2336 
f 2558/2463/2486 2553/2458/2481 2547/2452/2475 2559/2464/2487 
f 2562/2467/2490 2552/2457/2480 2553/2458/2481 2558/2463/2486 
f 2563/2468/2491 2551/2456/2479 2552/2457/2480 2562/2467/2490 
f 2564/2469/2492 2563/2468/2491 2562/2467/2490 2561/2466/2489 
f 2565/2470/2493 2564/2469/2492 2561/2466/2489 2560/2465/2488 
f 2474/2392/2398 2565/2470/2493 2560/2465/2488 2472/2390/2396 
f 2472/2390/2396 2560/2465/2488 2554/2459/2482 2471/2389/2395 
f 2471/2389/2395 2554/2459/2482 2557/2462/2485 2470/2388/2394 
f 2566/2471/2494 2567/2472/2495 2568/2473/2496 2569/2474/2497 
f 2568/2473/2496 2567/2472/2495 2570/2475/2498 2571/2476/2499 
f 2572/2477/2500 2573/2478/2501 2567/2472/2495 2566/2471/2494 
f 2573/2478/2501 2574/2479/2502 2570/2475/2498 2567/2472/2495 
f 2575/2480/2503 2569/2474/2497 2518/2423/2446 2519/2424/2447 
f 2569/2474/2497 2568/2473/2496 2517/2422/2445 2518/2423/2446 
f 2517/2422/2445 2568/2473/2496 2571/2476/2499 2516/2421/2444 
f 2516/2421/2444 2571/2476/2499 2576/2481/2504 2504/2409/2432 
f 2571/2476/2499 2570/2475/2498 2577/2482/2505 2576/2481/2504 
f 2574/2479/2502 2578/2483/2506 2577/2482/2505 2570/2475/2498 
f 2579/2484/2507 2580/2485/2508 2578/2483/2506 2574/2479/2502 
f 2581/2486/2509 2579/2484/2507 2574/2479/2502 2573/2478/2501 
f 2582/2487/2510 2581/2486/2509 2573/2478/2501 2572/2477/2500 
f 2583/2488/2511 2582/2487/2510 2572/2477/2500 2584/2489/2512 
f 2584/2489/2512 2572/2477/2500 2566/2471/2494 2585/2490/2513 
f 2585/2490/2513 2566/2471/2494 2569/2474/2497 2575/2480/2503 
f 2586/2491/2514 2587/2492/2515 2588/2493/2516 2589/2494/2517 
f 2587/2492/2515 2590/2495/2518 2591/2496/2519 2588/2493/2516 
f 2592/2497/2520 2593/2498/2521 2587/2492/2515 2586/2491/2514 
f 2593/2498/2521 2594/2499/2522 2590/2495/2518 2587/2492/2515 
f 2595/2500/2523 2589/2494/2517 2534/2439/2462 2535/2440/2463 
f 2589/2494/2517 2588/2493/2516 2533/2438/2461 2534/2439/2462 
f 2588/2493/2516 2591/2496/2519 2532/2437/2460 2533/2438/2461 
f 2591/2496/2519 2575/2480/2503 2519/2424/2447 2532/2437/2460 
f 2590/2495/2518 2585/2490/2513 2575/2480/2503 2591/2496/2519 
f 2594/2499/2522 2584/2489/2512 2585/2490/2513 2590/2495/2518 
f 2596/2501/2524 2583/2488/2511 2584/2489/2512 2594/2499/2522 
f 2597/2502/2525 2596/2501/2524 2594/2499/2522 2593/2498/2521 
f 2598/2503/2526 2597/2502/2525 2593/2498/2521 2592/2497/2520 
f 2599/2504/2527 2598/2503/2526 2592/2497/2520 2600/2505/2528 
f 2600/2505/2528 2592/2497/2520 2586/2491/2514 2601/2506/2529 
f 2601/2506/2529 2586/2491/2514 2589/2494/2517 2595/2500/2523 
f 2602/2507/2530 2603/2508/2531 2604/2509/2532 2605/2510/2533 
f 2603/2508/2531 2606/2511/2534 2607/2512/2535 2604/2509/2532 
f 2608/2513/2536 2609/2514/2537 2603/2508/2531 2602/2507/2530 
f 2609/2514/2537 2610/2515/2538 2606/2511/2534 2603/2508/2531 
f 2611/2516/2539 2605/2510/2533 2550/2455/2478 2551/2456/2479 
f 2605/2510/2533 2604/2509/2532 2549/2454/2477 2550/2455/2478 
f 2604/2509/2532 2607/2512/2535 2548/2453/2476 2549/2454/2477 
f 2607/2512/2535 2595/2500/2523 2535/2440/2463 2548/2453/2476 
f 2606/2511/2534 2601/2506/2529 2595/2500/2523 2607/2512/2535 
f 2610/2515/2538 2600/2505/2528 2601/2506/2529 2606/2511/2534 
f 2612/2517/2540 2599/2504/2527 2600/2505/2528 2610/2515/2538 
f 2613/2518/2541 2612/2517/2540 2610/2515/2538 2609/2514/2537 
f 2614/2519/2542 2613/2518/2541 2609/2514/2537 2608/2513/2536 
f 2615/2520/2543 2614/2519/2542 2608/2513/2536 2616/2521/2544 
f 2616/2521/2544 2608/2513/2536 2602/2507/2530 2617/2522/2545 
f 2617/2522/2545 2602/2507/2530 2605/2510/2533 2611/2516/2539 
f 2618/2523/2546 2619/2524/2547 2620/2525/2548 2621/2526/2549 
f 2619/2524/2547 2622/2527/2550 2623/2528/2551 2620/2525/2548 
f 2624/2529/2552 2625/2530/2553 2619/2524/2547 2618/2523/2546 
f 2625/2530/2553 2626/2531/2554 2622/2527/2550 2619/2524/2547 
f 2627/2532/2555 2621/2526/2549 2565/2470/2493 2474/2392/2398 
f 2621/2526/2549 2620/2525/2548 2564/2469/2492 2565/2470/2493 
f 2620/2525/2548 2623/2528/2551 2563/2468/2491 2564/2469/2492 
f 2623/2528/2551 2611/2516/2539 2551/2456/2479 2563/2468/2491 
f 2622/2527/2550 2617/2522/2545 2611/2516/2539 2623/2528/2551 
f 2626/2531/2554 2616/2521/2544 2617/2522/2545 2622/2527/2550 
f 2628/2533/2556 2615/2520/2543 2616/2521/2544 2626/2531/2554 
f 2629/2534/2557 2628/2533/2556 2626/2531/2554 2625/2530/2553 
f 2630/2535/2558 2629/2534/2557 2625/2530/2553 2624/2529/2552 
f 2631/2536/2559 2630/2535/2558 2624/2529/2552 2632/2537/2560 
f 2632/2537/2560 2624/2529/2552 2618/2523/2546 2633/2538/2561 
f 2633/2538/2561 2618/2523/2546 2621/2526/2549 2627/2532/2555 
f 2634/2539/2562 2635/2540/2563 2636/2541/2564 2637/2542/2565 
f 2635/2540/2563 2638/2543/2566 2639/2544/2567 2636/2541/2564 
f 2640/2545/2568 2641/2546/2569 2635/2540/2563 2634/2539/2562 
f 2641/2546/2569 2642/2547/2570 2638/2543/2566 2635/2540/2563 
f 2643/1189/2571 2637/1188/2565 2476/1187/2400 2477/1186/2401 
f 2637/2542/2565 2636/2541/2564 2475/2393/2399 2476/2394/2400 
f 2636/2541/2564 2639/2544/2567 2473/2391/2397 2475/2393/2399 
f 2639/2544/2567 2627/2532/2555 2474/2392/2398 2473/2391/2397 
f 2638/2543/2566 2633/2538/2561 2627/2532/2555 2639/2544/2567 
f 2642/2547/2570 2632/2537/2560 2633/2538/2561 2638/2543/2566 
f 2644/2548/2572 2631/2536/2559 2632/2537/2560 2642/2547/2570 
f 2645/2549/2573 2644/2548/2572 2642/2547/2570 2641/2546/2569 
f 2646/2550/2574 2645/2549/2573 2641/2546/2569 2640/2545/2568 
f 2647/1044/2575 2646/1045/2574 2640/1182/2568 2648/1181/2576 
f 2648/1181/2576 2640/1182/2568 2634/1190/2562 2649/1191/2577 
f 2649/1191/2577 2634/1190/2562 2637/1188/2565 2643/1189/2571 
f 2650/1192/2578 2651/1193/2579 2652/1199/2580 2653/1198/2581 
f 2651/1193/2579 2654/1196/2582 2655/1200/2583 2652/1199/2580 
f 2656/1195/2584 2657/1194/2585 2651/1193/2579 2650/1192/2578 
f 2657/1194/2585 2658/1197/2586 2654/1196/2582 2651/1193/2579 
f 196/1206/2418 194/1205/2587 2653/1198/2581 2491/1204/2416 
f 2653/1198/2581 2652/1199/2580 2490/1203/2415 2491/1204/2416 
f 2652/1199/2580 2655/1200/2583 2489/1202/2414 2490/1203/2415 
f 2655/1200/2583 2643/1189/2571 2477/1186/2401 2489/1202/2414 
f 2654/1196/2582 2649/1191/2577 2643/1189/2571 2655/1200/2583 
f 2658/1197/2586 2648/1181/2576 2649/1191/2577 2654/1196/2582 
f 2659/1064/2588 2647/1044/2575 2648/1181/2576 2658/1197/2586 
f 2660/1065/2589 2659/1064/2588 2658/1197/2586 2657/1194/2585 
f 2661/1066/2590 2660/1065/2589 2657/1194/2585 2656/1195/2584 
f 339/1201/2591 338/1068/2592 2661/1066/2590 2656/1195/2584 
f 195/1207/2593 339/1201/2591 2656/1195/2584 2650/1192/2578 
f 194/1205/2587 195/1207/2593 2650/1192/2578 2653/1198/2581 
f 2662/2551/2594 2663/2552/2595 2664/2553/2596 2665/2554/2597 
f 2662/2551/2594 2666/2555/2598 2667/2556/2599 2663/2552/2595 
f 2662/2551/2594 2665/2554/2597 2668/2557/2600 2666/2555/2598 
f 2505/2410/2433 2504/2409/2432 2576/2481/2504 2664/2553/2596 
f 2663/2552/2595 2502/2407/2430 2505/2410/2433 2664/2553/2596 
f 2664/2553/2596 2576/2481/2504 2577/2482/2505 2665/2554/2597 
f 2667/2556/2599 2669/2558/2601 1167/1083/178 2501/2406/2429 
f 2670/2559/2602 2669/2558/2601 2667/2556/2599 2666/2555/2598 
f 2667/2556/2599 2501/2406/2429 2502/2407/2430 2663/2552/2595 
f 2668/2557/2600 2578/2483/2506 2580/2485/2508 2671/2560/2603 
f 2665/2554/2597 2577/2482/2505 2578/2483/2506 2668/2557/2600 
f 2666/2555/2598 2668/2557/2600 2671/2560/2603 2670/2559/2602 
f 2672/2561/2604 2673/2562/2605 2674/2563/2606 2675/2564/2607 
f 2673/2562/2605 2676/2565/2608 2677/2566/2609 2674/2563/2606 
f 2678/2567/2610 2679/2568/2611 2673/2562/2605 2672/2561/2604 
f 2679/2568/2611 2680/2569/2612 2676/2565/2608 2673/2562/2605 
f 2681/1047/2613 2675/1046/2607 2646/1045/2574 2647/1044/2575 
f 2675/2564/2607 2674/2563/2606 2645/2549/2573 2646/2550/2574 
f 2674/2563/2606 2677/2566/2609 2644/2548/2572 2645/2549/2573 
f 2677/2566/2609 2682/2570/2614 2631/2536/2559 2644/2548/2572 
f 2676/2565/2608 2683/2571/2615 2682/2570/2614 2677/2566/2609 
f 2680/2569/2612 2684/2572/2616 2683/2571/2615 2676/2565/2608 
f 2685/2573/2617 2686/2574/2618 2684/2572/2616 2680/2569/2612 
f 2687/2575/2619 2685/2573/2617 2680/2569/2612 2679/2568/2611 
f 2688/2576/2620 2687/2575/2619 2679/2568/2611 2678/2567/2610 
f 2689/1037/2621 2688/1036/2620 2678/1035/2610 2690/1034/2622 
f 2690/1034/2622 2678/1035/2610 2672/1048/2604 2691/1049/2623 
f 2691/1049/2623 2672/1048/2604 2675/1046/2607 2681/1047/2613 
f 2692/1050/2624 2693/1051/2625 2694/1057/2626 2695/1056/2627 
f 2693/1051/2625 2696/1054/2628 2697/1058/2629 2694/1057/2626 
f 2698/1053/2630 2699/1052/2631 2693/1051/2625 2692/1050/2624 
f 2699/1052/2631 2700/1055/2632 2696/1054/2628 2693/1051/2625 
f 338/1068/2592 337/1067/2633 2695/1056/2627 2661/1066/2590 
f 2695/1056/2627 2694/1057/2626 2660/1065/2589 2661/1066/2590 
f 2694/1057/2626 2697/1058/2629 2659/1064/2588 2660/1065/2589 
f 2697/1058/2629 2681/1047/2613 2647/1044/2575 2659/1064/2588 
f 2696/1054/2628 2691/1049/2623 2681/1047/2613 2697/1058/2629 
f 2700/1055/2632 2690/1034/2622 2691/1049/2623 2696/1054/2628 
f 2701/1063/2634 2689/1037/2621 2690/1034/2622 2700/1055/2632 
f 2702/1062/2635 2701/1063/2634 2700/1055/2632 2699/1052/2631 
f 2703/1059/2636 2702/1062/2635 2699/1052/2631 2698/1053/2630 
f 2698/1053/2630 335/1061/2637 334/1060/2638 2703/1059/2636 
f 336/1069/2639 335/1061/2637 2698/1053/2630 2692/1050/2624 
f 337/1067/2633 336/1069/2639 2692/1050/2624 2695/1056/2627 
f 2704/2577/2640 2705/2578/2641 2706/2579/2642 2707/2580/2643 
f 2704/2577/2640 2708/2581/2644 2709/2582/2645 2705/2578/2641 
f 2704/2577/2640 2707/2580/2643 2710/2583/2646 2708/2581/2644 
f 2671/2560/2603 2580/2485/2508 2711/2584/2647 2706/2579/2642 
f 2705/2578/2641 2670/2559/2602 2671/2560/2603 2706/2579/2642 
f 2706/2579/2642 2711/2584/2647 2712/2585/2648 2707/2580/2643 
f 2709/2582/2645 2713/2586/2649 1167/1083/178 2669/2558/2601 
f 2714/2587/2650 2713/2586/2649 2709/2582/2645 2708/2581/2644 
f 2709/2582/2645 2669/2558/2601 2670/2559/2602 2705/2578/2641 
f 2710/2583/2646 2715/2588/2651 2716/2589/2652 2717/2590/2653 
f 2707/2580/2643 2712/2585/2648 2715/2588/2651 2710/2583/2646 
f 2708/2581/2644 2710/2583/2646 2717/2590/2653 2714/2587/2650 
f 2718/2591/2654 2719/2592/2655 2720/2593/2656 2721/2594/2657 
f 2720/2593/2656 2719/2592/2655 2722/2595/2658 2723/2596/2659 
f 2724/2597/2660 2725/2598/2661 2719/2592/2655 2718/2591/2654 
f 2725/2598/2661 2726/2599/2662 2722/2595/2658 2719/2592/2655 
f 2727/2600/2663 2721/2594/2657 2582/2487/2510 2583/2488/2511 
f 2721/2594/2657 2720/2593/2656 2581/2486/2509 2582/2487/2510 
f 2581/2486/2509 2720/2593/2656 2723/2596/2659 2579/2484/2507 
f 2579/2484/2507 2723/2596/2659 2711/2584/2647 2580/2485/2508 
f 2723/2596/2659 2722/2595/2658 2712/2585/2648 2711/2584/2647 
f 2726/2599/2662 2715/2588/2651 2712/2585/2648 2722/2595/2658 
f 2728/2601/2664 2716/2589/2652 2715/2588/2651 2726/2599/2662 
f 2729/2602/2665 2728/2601/2664 2726/2599/2662 2725/2598/2661 
f 2730/2603/2666 2729/2602/2665 2725/2598/2661 2724/2597/2660 
f 2731/2604/2667 2730/2603/2666 2724/2597/2660 2732/2605/2668 
f 2732/2605/2668 2724/2597/2660 2718/2591/2654 2733/2606/2669 
f 2733/2606/2669 2718/2591/2654 2721/2594/2657 2727/2600/2663 
f 2734/2607/2670 2735/2608/2671 2736/2609/2672 2737/2610/2673 
f 2735/2608/2671 2738/2611/2674 2739/2612/2675 2736/2609/2672 
f 2740/2613/2676 2741/2614/2677 2735/2608/2671 2734/2607/2670 
f 2741/2614/2677 2742/2615/2678 2738/2611/2674 2735/2608/2671 
f 2743/2616/2679 2737/2610/2673 2598/2503/2526 2599/2504/2527 
f 2737/2610/2673 2736/2609/2672 2597/2502/2525 2598/2503/2526 
f 2736/2609/2672 2739/2612/2675 2596/2501/2524 2597/2502/2525 
f 2739/2612/2675 2727/2600/2663 2583/2488/2511 2596/2501/2524 
f 2738/2611/2674 2733/2606/2669 2727/2600/2663 2739/2612/2675 
f 2742/2615/2678 2732/2605/2668 2733/2606/2669 2738/2611/2674 
f 2744/2617/2680 2731/2604/2667 2732/2605/2668 2742/2615/2678 
f 2745/2618/2681 2744/2617/2680 2742/2615/2678 2741/2614/2677 
f 2746/2619/2682 2745/2618/2681 2741/2614/2677 2740/2613/2676 
f 2747/2620/2683 2746/2619/2682 2740/2613/2676 2748/2621/2684 
f 2748/2621/2684 2740/2613/2676 2734/2607/2670 2749/2622/2685 
f 2749/2622/2685 2734/2607/2670 2737/2610/2673 2743/2616/2679 
f 2750/2623/2686 2751/2624/2687 2752/2625/2688 2753/2626/2689 
f 2751/2624/2687 2754/2627/2690 2755/2628/2691 2752/2625/2688 
f 2756/2629/2692 2757/2630/2693 2751/2624/2687 2750/2623/2686 
f 2757/2630/2693 2758/2631/2694 2754/2627/2690 2751/2624/2687 
f 2759/2632/2695 2753/2626/2689 2614/2519/2542 2615/2520/2543 
f 2753/2626/2689 2752/2625/2688 2613/2518/2541 2614/2519/2542 
f 2752/2625/2688 2755/2628/2691 2612/2517/2540 2613/2518/2541 
f 2755/2628/2691 2743/2616/2679 2599/2504/2527 2612/2517/2540 
f 2754/2627/2690 2749/2622/2685 2743/2616/2679 2755/2628/2691 
f 2758/2631/2694 2748/2621/2684 2749/2622/2685 2754/2627/2690 
f 2760/2633/2696 2747/2620/2683 2748/2621/2684 2758/2631/2694 
f 2761/2634/2697 2760/2633/2696 2758/2631/2694 2757/2630/2693 
f 2762/2635/2698 2761/2634/2697 2757/2630/2693 2756/2629/2692 
f 2763/2636/2699 2762/2635/2698 2756/2629/2692 2764/2637/2700 
f 2764/2637/2700 2756/2629/2692 2750/2623/2686 2765/2638/2701 
f 2765/2638/2701 2750/2623/2686 2753/2626/2689 2759/2632/2695 
f 2766/2639/2702 2767/2640/2703 2768/2641/2704 2769/2642/2705 
f 2767/2640/2703 2770/2643/2706 2771/2644/2707 2768/2641/2704 
f 2772/2645/2708 2773/2646/2709 2767/2640/2703 2766/2639/2702 
f 2773/2646/2709 2774/2647/2710 2770/2643/2706 2767/2640/2703 
f 2682/2570/2614 2769/2642/2705 2630/2535/2558 2631/2536/2559 
f 2769/2642/2705 2768/2641/2704 2629/2534/2557 2630/2535/2558 
f 2768/2641/2704 2771/2644/2707 2628/2533/2556 2629/2534/2557 
f 2771/2644/2707 2759/2632/2695 2615/2520/2543 2628/2533/2556 
f 2770/2643/2706 2765/2638/2701 2759/2632/2695 2771/2644/2707 
f 2774/2647/2710 2764/2637/2700 2765/2638/2701 2770/2643/2706 
f 2775/2648/2711 2763/2636/2699 2764/2637/2700 2774/2647/2710 
f 2776/2649/2712 2775/2648/2711 2774/2647/2710 2773/2646/2709 
f 2777/2650/2713 2776/2649/2712 2773/2646/2709 2772/2645/2708 
f 2686/2574/2618 2777/2650/2713 2772/2645/2708 2684/2572/2616 
f 2684/2572/2616 2772/2645/2708 2766/2639/2702 2683/2571/2615 
f 2683/2571/2615 2766/2639/2702 2769/2642/2705 2682/2570/2614 
f 2778/2651/2714 2779/2652/2715 2780/2653/2716 2781/2654/2717 
f 2779/2652/2715 2782/2655/2718 2783/2656/2719 2780/2653/2716 
f 2784/2657/2720 2785/2658/2721 2779/2652/2715 2778/2651/2714 
f 2785/2658/2721 2786/2659/2722 2782/2655/2718 2779/2652/2715 
f 2787/2660/2723 2781/2654/2717 2746/2619/2682 2747/2620/2683 
f 2781/2654/2717 2780/2653/2716 2745/2618/2681 2746/2619/2682 
f 2780/2653/2716 2783/2656/2719 2744/2617/2680 2745/2618/2681 
f 2783/2656/2719 2788/2661/2724 2731/2604/2667 2744/2617/2680 
f 2782/2655/2718 2789/2662/2725 2788/2661/2724 2783/2656/2719 
f 2786/2659/2722 2790/2663/2726 2789/2662/2725 2782/2655/2718 
f 2791/2664/2727 2792/2665/2728 2790/2663/2726 2786/2659/2722 
f 2793/2666/2729 2791/2664/2727 2786/2659/2722 2785/2658/2721 
f 2794/2667/2730 2793/2666/2729 2785/2658/2721 2784/2657/2720 
f 2795/2668/2731 2794/2667/2730 2784/2657/2720 2796/2669/2732 
f 2796/2669/2732 2784/2657/2720 2778/2651/2714 2797/2670/2733 
f 2797/2670/2733 2778/2651/2714 2781/2654/2717 2787/2660/2723 
f 2798/2671/2734 2799/2672/2735 2800/2673/2736 2801/2674/2737 
f 2799/2672/2735 2802/2675/2738 2803/2676/2739 2800/2673/2736 
f 2804/2677/2740 2805/2678/2741 2799/2672/2735 2798/2671/2734 
f 2805/2678/2741 2806/2679/2742 2802/2675/2738 2799/2672/2735 
f 2807/2680/2743 2801/2674/2737 2762/2635/2698 2763/2636/2699 
f 2801/2674/2737 2800/2673/2736 2761/2634/2697 2762/2635/2698 
f 2800/2673/2736 2803/2676/2739 2760/2633/2696 2761/2634/2697 
f 2803/2676/2739 2787/2660/2723 2747/2620/2683 2760/2633/2696 
f 2802/2675/2738 2797/2670/2733 2787/2660/2723 2803/2676/2739 
f 2806/2679/2742 2796/2669/2732 2797/2670/2733 2802/2675/2738 
f 2808/2681/2744 2795/2668/2731 2796/2669/2732 2806/2679/2742 
f 2809/2682/2745 2808/2681/2744 2806/2679/2742 2805/2678/2741 
f 2810/2683/2746 2809/2682/2745 2805/2678/2741 2804/2677/2740 
f 2811/2684/2747 2810/2683/2746 2804/2677/2740 2812/2685/2748 
f 2812/2685/2748 2804/2677/2740 2798/2671/2734 2813/2686/2749 
f 2813/2686/2749 2798/2671/2734 2801/2674/2737 2807/2680/2743 
f 2814/2687/2750 2815/2688/2751 2816/2689/2752 2817/2690/2753 
f 2815/2688/2751 2818/2691/2754 2819/2692/2755 2816/2689/2752 
f 2820/2693/2756 2821/2694/2757 2815/2688/2751 2814/2687/2750 
f 2821/2694/2757 2822/2695/2758 2818/2691/2754 2815/2688/2751 
f 2823/2696/2759 2817/2690/2753 2777/2650/2713 2686/2574/2618 
f 2817/2690/2753 2816/2689/2752 2776/2649/2712 2777/2650/2713 
f 2816/2689/2752 2819/2692/2755 2775/2648/2711 2776/2649/2712 
f 2819/2692/2755 2807/2680/2743 2763/2636/2699 2775/2648/2711 
f 2818/2691/2754 2813/2686/2749 2807/2680/2743 2819/2692/2755 
f 2822/2695/2758 2812/2685/2748 2813/2686/2749 2818/2691/2754 
f 2824/2697/2760 2811/2684/2747 2812/2685/2748 2822/2695/2758 
f 2825/2698/2761 2824/2697/2760 2822/2695/2758 2821/2694/2757 
f 2826/2699/2762 2825/2698/2761 2821/2694/2757 2820/2693/2756 
f 2827/2700/2763 2826/2699/2762 2820/2693/2756 2828/2701/2764 
f 2828/2701/2764 2820/2693/2756 2814/2687/2750 2829/2702/2765 
f 2829/2702/2765 2814/2687/2750 2817/2690/2753 2823/2696/2759 
f 2830/2703/2766 2831/2704/2767 2832/2705/2768 2833/2706/2769 
f 2831/2704/2767 2834/2707/2770 2835/2708/2771 2832/2705/2768 
f 2836/2709/2772 2837/2710/2773 2831/2704/2767 2830/2703/2766 
f 2837/2710/2773 2838/2711/2774 2834/2707/2770 2831/2704/2767 
f 2839/1910/2775 2833/1911/2769 2688/1036/2620 2689/1037/2621 
f 2833/2706/2769 2832/2705/2768 2687/2575/2619 2688/2576/2620 
f 2832/2705/2768 2835/2708/2771 2685/2573/2617 2687/2575/2619 
f 2835/2708/2771 2823/2696/2759 2686/2574/2618 2685/2573/2617 
f 2834/2707/2770 2829/2702/2765 2823/2696/2759 2835/2708/2771 
f 2838/2711/2774 2828/2701/2764 2829/2702/2765 2834/2707/2770 
f 2840/2712/2776 2827/2700/2763 2828/2701/2764 2838/2711/2774 
f 2841/2713/2777 2840/2712/2776 2838/2711/2774 2837/2710/2773 
f 2842/2714/2778 2841/2713/2777 2837/2710/2773 2836/2709/2772 
f 2843/1915/2779 2842/1916/2778 2836/1917/2772 2844/1918/2780 
f 2844/1918/2780 2836/1917/2772 2830/1919/2766 2845/1920/2781 
f 2845/1920/2781 2830/1919/2766 2833/1911/2769 2839/1910/2775 
f 2846/1921/2782 2847/1922/2783 2848/1923/2784 2849/1924/2785 
f 2847/1922/2783 2850/1925/2786 2851/1926/2787 2848/1923/2784 
f 2852/1927/2788 2853/1928/2789 2847/1922/2783 2846/1921/2782 
f 2853/1928/2789 2854/1929/2790 2850/1925/2786 2847/1922/2783 
f 2703/1059/2636 334/1060/2638 333/2715/2791 2849/1924/2785 
f 2849/1924/2785 2848/1923/2784 2702/1062/2635 2703/1059/2636 
f 2848/1923/2784 2851/1926/2787 2701/1063/2634 2702/1062/2635 
f 2851/1926/2787 2839/1910/2775 2689/1037/2621 2701/1063/2634 
f 2850/1925/2786 2845/1920/2781 2839/1910/2775 2851/1926/2787 
f 2854/1929/2790 2844/1918/2780 2845/1920/2781 2850/1925/2786 
f 2855/1931/2792 2843/1915/2779 2844/1918/2780 2854/1929/2790 
f 2856/1932/2793 2855/1931/2792 2854/1929/2790 2853/1928/2789 
f 2857/1933/2794 2856/1932/2793 2853/1928/2789 2852/1927/2788 
f 2852/1927/2788 331/1934/2795 330/1935/2796 2857/1933/2794 
f 2846/1921/2782 332/1936/2797 331/1934/2795 2852/1927/2788 
f 2849/1924/2785 333/2715/2791 332/1936/2797 2846/1921/2782 
f 2858/2716/2798 2859/2717/2799 2860/2718/2800 2861/2719/2801 
f 2858/2716/2798 2862/2720/2802 2863/2721/2803 2859/2717/2799 
f 2858/2716/2798 2861/2719/2801 2864/2722/2804 2862/2720/2802 
f 2717/2590/2653 2716/2589/2652 2865/2723/2805 2860/2718/2800 
f 2859/2717/2799 2714/2587/2650 2717/2590/2653 2860/2718/2800 
f 2860/2718/2800 2865/2723/2805 2866/2724/2806 2861/2719/2801 
f 2863/2721/2803 2867/2725/2807 1167/1083/178 2713/2586/2649 
f 2868/2726/2808 2867/2725/2807 2863/2721/2803 2862/2720/2802 
f 2863/2721/2803 2713/2586/2649 2714/2587/2650 2859/2717/2799 
f 2864/2722/2804 2869/2727/2809 2870/2728/2810 2871/2729/2811 
f 2861/2719/2801 2866/2724/2806 2869/2727/2809 2864/2722/2804 
f 2862/2720/2802 2864/2722/2804 2871/2729/2811 2868/2726/2808 
f 2872/2730/2812 2873/2731/2813 2874/2732/2814 2875/2733/2815 
f 2874/2732/2814 2873/2731/2813 2876/2734/2816 2877/2735/2817 
f 2878/2736/2818 2879/2737/2819 2873/2731/2813 2872/2730/2812 
f 2879/2737/2819 2880/2738/2820 2876/2734/2816 2873/2731/2813 
f 2788/2661/2724 2875/2733/2815 2730/2603/2666 2731/2604/2667 
f 2875/2733/2815 2874/2732/2814 2729/2602/2665 2730/2603/2666 
f 2729/2602/2665 2874/2732/2814 2877/2735/2817 2728/2601/2664 
f 2728/2601/2664 2877/2735/2817 2865/2723/2805 2716/2589/2652 
f 2877/2735/2817 2876/2734/2816 2866/2724/2806 2865/2723/2805 
f 2880/2738/2820 2869/2727/2809 2866/2724/2806 2876/2734/2816 
f 2881/2739/2821 2870/2728/2810 2869/2727/2809 2880/2738/2820 
f 2882/2740/2822 2881/2739/2821 2880/2738/2820 2879/2737/2819 
f 2883/2741/2823 2882/2740/2822 2879/2737/2819 2878/2736/2818 
f 2792/2665/2728 2883/2741/2823 2878/2736/2818 2790/2663/2726 
f 2790/2663/2726 2878/2736/2818 2872/2730/2812 2789/2662/2725 
f 2789/2662/2725 2872/2730/2812 2875/2733/2815 2788/2661/2724 
f 2884/1977/2824 2885/1978/2825 2886/1979/2826 2887/1980/2827 
f 2885/1978/2825 2888/1981/2828 2889/1982/2829 2886/1979/2826 
f 2890/1983/2830 2891/1984/2831 2885/1978/2825 2884/1977/2824 
f 2891/1984/2831 2892/1985/2832 2888/1981/2828 2885/1978/2825 
f 2857/1933/2794 330/1935/2796 329/2742/2833 2887/1980/2827 
f 2887/1980/2827 2886/1979/2826 2856/1932/2793 2857/1933/2794 
f 2886/1979/2826 2889/1982/2829 2855/1931/2792 2856/1932/2793 
f 2889/1982/2829 2893/1966/2834 2843/1915/2779 2855/1931/2792 
f 2888/1981/2828 2894/1976/2835 2893/1966/2834 2889/1982/2829 
f 2892/1985/2832 2895/1974/2836 2894/1976/2835 2888/1981/2828 
f 2896/1987/2837 2897/1971/2838 2895/1974/2836 2892/1985/2832 
f 2898/1988/2839 2896/1987/2837 2892/1985/2832 2891/1984/2831 
f 2899/1989/2840 2898/1988/2839 2891/1984/2831 2890/1983/2830 
f 2890/1983/2830 328/1990/2841 327/1991/2842 2899/1989/2840 
f 2884/1977/2824 269/1992/2843 328/1990/2841 2890/1983/2830 
f 2887/1980/2827 329/2742/2833 269/1992/2843 2884/1977/2824 
f 2900/2743/2844 2901/2744/2845 2902/2745/2846 2903/2746/2847 
f 2900/2743/2844 2904/2747/2848 2905/2748/2849 2901/2744/2845 
f 2900/2743/2844 2903/2746/2847 2906/2749/2850 2904/2747/2848 
f 2871/2729/2811 2870/2728/2810 2907/2750/2851 2902/2745/2846 
f 2901/2744/2845 2868/2726/2808 2871/2729/2811 2902/2745/2846 
f 2902/2745/2846 2907/2750/2851 2908/2751/2852 2903/2746/2847 
f 2905/2748/2849 2909/2752/2853 1167/1083/178 2867/2725/2807 
f 2910/2753/2854 2909/2752/2853 2905/2748/2849 2904/2747/2848 
f 2905/2748/2849 2867/2725/2807 2868/2726/2808 2901/2744/2845 
f 2906/2749/2850 2911/2754/2855 2912/2755/2856 2913/2756/2857 
f 2903/2746/2847 2908/2751/2852 2911/2754/2855 2906/2749/2850 
f 2904/2747/2848 2906/2749/2850 2913/2756/2857 2910/2753/2854 
f 2914/2757/2858 2915/2758/2859 2916/2759/2860 2917/2760/2861 
f 2916/2759/2860 2915/2758/2859 2918/2761/2862 2919/2762/2863 
f 2920/2763/2864 2921/2764/2865 2915/2758/2859 2914/2757/2858 
f 2921/2764/2865 2922/2765/2866 2918/2761/2862 2915/2758/2859 
f 2923/2766/2867 2917/2760/2861 2883/2741/2823 2792/2665/2728 
f 2917/2760/2861 2916/2759/2860 2882/2740/2822 2883/2741/2823 
f 2882/2740/2822 2916/2759/2860 2919/2762/2863 2881/2739/2821 
f 2881/2739/2821 2919/2762/2863 2907/2750/2851 2870/2728/2810 
f 2919/2762/2863 2918/2761/2862 2908/2751/2852 2907/2750/2851 
f 2922/2765/2866 2911/2754/2855 2908/2751/2852 2918/2761/2862 
f 2924/2767/2868 2912/2755/2856 2911/2754/2855 2922/2765/2866 
f 2925/2768/2869 2924/2767/2868 2922/2765/2866 2921/2764/2865 
f 2926/2769/2870 2925/2768/2869 2921/2764/2865 2920/2763/2864 
f 2927/2770/2871 2926/2769/2870 2920/2763/2864 2928/2771/2872 
f 2928/2771/2872 2920/2763/2864 2914/2757/2858 2929/2772/2873 
f 2929/2772/2873 2914/2757/2858 2917/2760/2861 2923/2766/2867 
f 2930/2773/2874 2931/2774/2875 2932/2775/2876 2933/2776/2877 
f 2931/2774/2875 2934/2777/2878 2935/2778/2879 2932/2775/2876 
f 2936/2779/2880 2937/2780/2881 2931/2774/2875 2930/2773/2874 
f 2937/2780/2881 2938/2781/2882 2934/2777/2878 2931/2774/2875 
f 2939/2782/2883 2933/2776/2877 2794/2667/2730 2795/2668/2731 
f 2933/2776/2877 2932/2775/2876 2793/2666/2729 2794/2667/2730 
f 2932/2775/2876 2935/2778/2879 2791/2664/2727 2793/2666/2729 
f 2935/2778/2879 2923/2766/2867 2792/2665/2728 2791/2664/2727 
f 2934/2777/2878 2929/2772/2873 2923/2766/2867 2935/2778/2879 
f 2938/2781/2882 2928/2771/2872 2929/2772/2873 2934/2777/2878 
f 2940/2783/2884 2927/2770/2871 2928/2771/2872 2938/2781/2882 
f 2941/2784/2885 2940/2783/2884 2938/2781/2882 2937/2780/2881 
f 2942/2785/2886 2941/2784/2885 2937/2780/2881 2936/2779/2880 
f 2943/2786/2887 2942/2785/2886 2936/2779/2880 2944/2787/2888 
f 2944/2787/2888 2936/2779/2880 2930/2773/2874 2945/2788/2889 
f 2945/2788/2889 2930/2773/2874 2933/2776/2877 2939/2782/2883 
f 2946/2789/2890 2947/2790/2891 2948/2791/2892 2949/2792/2893 
f 2947/2790/2891 2950/2793/2894 2951/2794/2895 2948/2791/2892 
f 2952/2795/2896 2953/2796/2897 2947/2790/2891 2946/2789/2890 
f 2953/2796/2897 2954/2797/2898 2950/2793/2894 2947/2790/2891 
f 2955/2798/2899 2949/2792/2893 2810/2683/2746 2811/2684/2747 
f 2949/2792/2893 2948/2791/2892 2809/2682/2745 2810/2683/2746 
f 2948/2791/2892 2951/2794/2895 2808/2681/2744 2809/2682/2745 
f 2951/2794/2895 2939/2782/2883 2795/2668/2731 2808/2681/2744 
f 2950/2793/2894 2945/2788/2889 2939/2782/2883 2951/2794/2895 
f 2954/2797/2898 2944/2787/2888 2945/2788/2889 2950/2793/2894 
f 2956/2799/2900 2943/2786/2887 2944/2787/2888 2954/2797/2898 
f 2957/2800/2901 2956/2799/2900 2954/2797/2898 2953/2796/2897 
f 2958/2801/2902 2957/2800/2901 2953/2796/2897 2952/2795/2896 
f 2959/2802/2903 2958/2801/2902 2952/2795/2896 2960/2803/2904 
f 2960/2803/2904 2952/2795/2896 2946/2789/2890 2961/2804/2905 
f 2961/2804/2905 2946/2789/2890 2949/2792/2893 2955/2798/2899 
f 2962/2805/2906 2963/2806/2907 2964/2807/2908 2965/2808/2909 
f 2963/2806/2907 2966/2809/2910 2967/2810/2911 2964/2807/2908 
f 2968/2811/2912 2969/2812/2913 2963/2806/2907 2962/2805/2906 
f 2969/2812/2913 2970/2813/2914 2966/2809/2910 2963/2806/2907 
f 2971/2814/2915 2965/2808/2909 2826/2699/2762 2827/2700/2763 
f 2965/2808/2909 2964/2807/2908 2825/2698/2761 2826/2699/2762 
f 2964/2807/2908 2967/2810/2911 2824/2697/2760 2825/2698/2761 
f 2967/2810/2911 2955/2798/2899 2811/2684/2747 2824/2697/2760 
f 2966/2809/2910 2961/2804/2905 2955/2798/2899 2967/2810/2911 
f 2970/2813/2914 2960/2803/2904 2961/2804/2905 2966/2809/2910 
f 2972/2815/2916 2959/2802/2903 2960/2803/2904 2970/2813/2914 
f 2973/2816/2917 2972/2815/2916 2970/2813/2914 2969/2812/2913 
f 2974/2817/2918 2973/2816/2917 2969/2812/2913 2968/2811/2912 
f 2975/2818/2919 2974/2817/2918 2968/2811/2912 2976/2819/2920 
f 2976/2819/2920 2968/2811/2912 2962/2805/2906 2977/2820/2921 
f 2977/2820/2921 2962/2805/2906 2965/2808/2909 2971/2814/2915 
f 2978/2821/2922 2979/2822/2923 2980/2823/2924 2981/2824/2925 
f 2979/2822/2923 2982/2825/2926 2983/2826/2927 2980/2823/2924 
f 2984/2827/2928 2985/2828/2929 2979/2822/2923 2978/2821/2922 
f 2985/2828/2929 2986/2829/2930 2982/2825/2926 2979/2822/2923 
f 2893/1966/2834 2981/1967/2925 2842/1916/2778 2843/1915/2779 
f 2981/2824/2925 2980/2823/2924 2841/2713/2777 2842/2714/2778 
f 2980/2823/2924 2983/2826/2927 2840/2712/2776 2841/2713/2777 
f 2983/2826/2927 2971/2814/2915 2827/2700/2763 2840/2712/2776 
f 2982/2825/2926 2977/2820/2921 2971/2814/2915 2983/2826/2927 
f 2986/2829/2930 2976/2819/2920 2977/2820/2921 2982/2825/2926 
f 2987/2830/2931 2975/2818/2919 2976/2819/2920 2986/2829/2930 
f 2988/2831/2932 2987/2830/2931 2986/2829/2930 2985/2828/2929 
f 2989/2832/2933 2988/2831/2932 2985/2828/2929 2984/2827/2928 
f 2897/1971/2838 2989/1972/2933 2984/1973/2928 2895/1974/2836 
f 2895/1974/2836 2984/1973/2928 2978/1975/2922 2894/1976/2835 
f 2894/1976/2835 2978/1975/2922 2981/1967/2925 2893/1966/2834 
f 2990/2833/2934 2991/2834/2935 2992/2835/2936 2993/2836/2937 
f 2991/2834/2935 2994/2837/2938 2995/2838/2939 2992/2835/2936 
f 2996/2839/2940 2997/2840/2941 2991/2834/2935 2990/2833/2934 
f 2997/2840/2941 2998/2841/2942 2994/2837/2938 2991/2834/2935 
f 2999/2842/2943 2993/2836/2937 2958/2801/2902 2959/2802/2903 
f 2993/2836/2937 2992/2835/2936 2957/2800/2901 2958/2801/2902 
f 2992/2835/2936 2995/2838/2939 2956/2799/2900 2957/2800/2901 
f 2995/2838/2939 3000/2843/2944 2943/2786/2887 2956/2799/2900 
f 2994/2837/2938 3001/2844/2945 3000/2843/2944 2995/2838/2939 
f 2998/2841/2942 3002/2845/2946 3001/2844/2945 2994/2837/2938 
f 3003/2846/2947 3004/2847/2948 3002/2845/2946 2998/2841/2942 
f 3005/2848/2949 3003/2846/2947 2998/2841/2942 2997/2840/2941 
f 3006/2849/2950 3005/2848/2949 2997/2840/2941 2996/2839/2940 
f 3007/2850/2951 3006/2849/2950 2996/2839/2940 3008/2851/2952 
f 3008/2851/2952 2996/2839/2940 2990/2833/2934 3009/2852/2953 
f 3009/2852/2953 2990/2833/2934 2993/2836/2937 2999/2842/2943 
f 3010/2853/2954 3011/2854/2955 3012/2855/2956 3013/2856/2957 
f 3011/2854/2955 3014/2857/2958 3015/2858/2959 3012/2855/2956 
f 3016/2859/2960 3017/2860/2961 3011/2854/2955 3010/2853/2954 
f 3017/2860/2961 3018/2861/2962 3014/2857/2958 3011/2854/2955 
f 3019/2862/2963 3013/2856/2957 2974/2817/2918 2975/2818/2919 
f 3013/2856/2957 3012/2855/2956 2973/2816/2917 2974/2817/2918 
f 3012/2855/2956 3015/2858/2959 2972/2815/2916 2973/2816/2917 
f 3015/2858/2959 2999/2842/2943 2959/2802/2903 2972/2815/2916 
f 3014/2857/2958 3009/2852/2953 2999/2842/2943 3015/2858/2959 
f 3018/2861/2962 3008/2851/2952 3009/2852/2953 3014/2857/2958 
f 3020/2863/2964 3007/2850/2951 3008/2851/2952 3018/2861/2962 
f 3021/2864/2965 3020/2863/2964 3018/2861/2962 3017/2860/2961 
f 3022/2865/2966 3021/2864/2965 3017/2860/2961 3016/2859/2960 
f 3023/2866/2967 3022/2865/2966 3016/2859/2960 3024/2867/2968 
f 3024/2867/2968 3016/2859/2960 3010/2853/2954 3025/2868/2969 
f 3025/2868/2969 3010/2853/2954 3013/2856/2957 3019/2862/2963 
f 3026/2869/2970 3027/2870/2971 3028/2871/2972 3029/2872/2973 
f 3027/2870/2971 3030/2873/2974 3031/2874/2975 3028/2871/2972 
f 3032/2875/2976 3033/2876/2977 3027/2870/2971 3026/2869/2970 
f 3033/2876/2977 3034/2877/2978 3030/2873/2974 3027/2870/2971 
f 3035/2138/2979 3029/2139/2973 2989/1972/2933 2897/1971/2838 
f 3029/2872/2973 3028/2871/2972 2988/2831/2932 2989/2832/2933 
f 3028/2871/2972 3031/2874/2975 2987/2830/2931 2988/2831/2932 
f 3031/2874/2975 3019/2862/2963 2975/2818/2919 2987/2830/2931 
f 3030/2873/2974 3025/2868/2969 3019/2862/2963 3031/2874/2975 
f 3034/2877/2978 3024/2867/2968 3025/2868/2969 3030/2873/2974 
f 3036/2878/2980 3023/2866/2967 3024/2867/2968 3034/2877/2978 
f 3037/2879/2981 3036/2878/2980 3034/2877/2978 3033/2876/2977 
f 3038/2880/2982 3037/2879/2981 3033/2876/2977 3032/2875/2976 
f 3039/2881/2983 3038/2880/2982 3032/2875/2976 3040/2882/2984 
f 3040/2882/2984 3032/2875/2976 3026/2869/2970 3041/2883/2985 
f 3041/2883/2985 3026/2869/2970 3029/2872/2973 3035/2884/2979 
f 3042/2147/2986 3043/2148/2987 3044/2149/2988 3045/2150/2989 
f 3043/2148/2987 3046/2151/2990 3047/2152/2991 3044/2149/2988 
f 3048/2885/2992 3049/2154/2993 3043/2148/2987 3042/2147/2986 
f 3049/2154/2993 3050/2155/2994 3046/2151/2990 3043/2148/2987 
f 2899/1989/2840 327/1991/2842 326/2156/2995 3045/2150/2989 
f 3045/2150/2989 3044/2149/2988 2898/1988/2839 2899/1989/2840 
f 3044/2149/2988 3047/2152/2991 2896/1987/2837 2898/1988/2839 
f 3047/2152/2991 3035/2138/2979 2897/1971/2838 2896/1987/2837 
f 3046/2151/2990 3041/2157/2985 3035/2138/2979 3047/2152/2991 
f 3050/2155/2994 3040/2158/2984 3041/2157/2985 3046/2151/2990 
f 3051/2159/2996 3039/2886/2983 3040/2158/2984 3050/2155/2994 
f 3052/2161/2997 3051/2159/2996 3050/2155/2994 3049/2154/2993 
f 3053/2162/2998 3052/2161/2997 3049/2154/2993 3048/2885/2992 
f 3048/2885/2992 324/2163/2999 323/2164/3000 3053/2162/2998 
f 3042/2147/2986 325/2165/3001 324/2163/2999 3048/2885/2992 
f 3045/2150/2989 326/2156/2995 325/2165/3001 3042/2147/2986 
f 3054/2887/3002 3055/2888/3003 3056/2889/3004 3057/2890/3005 
f 3054/2887/3002 3058/2891/3006 3059/2892/3007 3055/2888/3003 
f 3054/2887/3002 3057/2890/3005 3060/2893/3008 3058/2891/3006 
f 2913/2756/2857 2912/2755/2856 3061/2894/3009 3056/2889/3004 
f 3055/2888/3003 2910/2753/2854 2913/2756/2857 3056/2889/3004 
f 3056/2889/3004 3061/2894/3009 3062/2895/3010 3057/2890/3005 
f 3059/2892/3007 3063/2896/3011 1167/1083/178 2909/2752/2853 
f 3064/2897/3012 3063/2896/3011 3059/2892/3007 3058/2891/3006 
f 3059/2892/3007 2909/2752/2853 2910/2753/2854 3055/2888/3003 
f 3060/2893/3008 3065/2898/3013 3066/2899/3014 3067/2900/3015 
f 3057/2890/3005 3062/2895/3010 3065/2898/3013 3060/2893/3008 
f 3058/2891/3006 3060/2893/3008 3067/2900/3015 3064/2897/3012 
f 3068/2901/3016 3069/2902/3017 3070/2903/3018 3071/2904/3019 
f 3070/2903/3018 3069/2902/3017 3072/2905/3020 3073/2906/3021 
f 3074/2907/3022 3075/2908/3023 3069/2902/3017 3068/2901/3016 
f 3075/2908/3023 3076/2909/3024 3072/2905/3020 3069/2902/3017 
f 3077/2910/3025 3071/2904/3019 2926/2769/2870 2927/2770/2871 
f 3071/2904/3019 3070/2903/3018 2925/2768/2869 2926/2769/2870 
f 2925/2768/2869 3070/2903/3018 3073/2906/3021 2924/2767/2868 
f 2924/2767/2868 3073/2906/3021 3061/2894/3009 2912/2755/2856 
f 3073/2906/3021 3072/2905/3020 3062/2895/3010 3061/2894/3009 
f 3076/2909/3024 3065/2898/3013 3062/2895/3010 3072/2905/3020 
f 3078/2911/3026 3066/2899/3014 3065/2898/3013 3076/2909/3024 
f 3079/2912/3027 3078/2911/3026 3076/2909/3024 3075/2908/3023 
f 3080/2913/3028 3079/2912/3027 3075/2908/3023 3074/2907/3022 
f 3081/2914/3029 3080/2913/3028 3074/2907/3022 3082/2915/3030 
f 3082/2915/3030 3074/2907/3022 3068/2901/3016 3083/2916/3031 
f 3083/2916/3031 3068/2901/3016 3071/2904/3019 3077/2910/3025 
f 3084/2917/3032 3085/2918/3033 3086/2919/3034 3087/2920/3035 
f 3085/2918/3033 3088/2921/3036 3089/2922/3037 3086/2919/3034 
f 3090/2923/3038 3091/2924/3039 3085/2918/3033 3084/2917/3032 
f 3091/2924/3039 3092/2925/3040 3088/2921/3036 3085/2918/3033 
f 3000/2843/2944 3087/2920/3035 2942/2785/2886 2943/2786/2887 
f 3087/2920/3035 3086/2919/3034 2941/2784/2885 2942/2785/2886 
f 3086/2919/3034 3089/2922/3037 2940/2783/2884 2941/2784/2885 
f 3089/2922/3037 3077/2910/3025 2927/2770/2871 2940/2783/2884 
f 3088/2921/3036 3083/2916/3031 3077/2910/3025 3089/2922/3037 
f 3092/2925/3040 3082/2915/3030 3083/2916/3031 3088/2921/3036 
f 3093/2926/3041 3081/2914/3029 3082/2915/3030 3092/2925/3040 
f 3094/2927/3042 3093/2926/3041 3092/2925/3040 3091/2924/3039 
f 3095/2928/3043 3094/2927/3042 3091/2924/3039 3090/2923/3038 
f 3004/2847/2948 3095/2928/3043 3090/2923/3038 3002/2845/2946 
f 3002/2845/2946 3090/2923/3038 3084/2917/3032 3001/2844/2945 
f 3001/2844/2945 3084/2917/3032 3087/2920/3035 3000/2843/2944 
f 3096/2929/3044 3097/2930/3045 3098/2931/3046 3099/2932/3047 
f 3096/2929/3044 3100/2933/3048 3101/2934/3049 3097/2930/3045 
f 3096/2929/3044 3099/2932/3047 3102/2935/3050 3100/2933/3048 
f 3067/2900/3015 3066/2899/3014 3103/2936/3051 3098/2931/3046 
f 3097/2930/3045 3064/2897/3012 3067/2900/3015 3098/2931/3046 
f 3098/2931/3046 3103/2936/3051 3104/2937/3052 3099/2932/3047 
f 3101/2934/3049 3105/2938/3053 1167/1083/178 3063/2896/3011 
f 3106/2939/3054 3105/2938/3053 3101/2934/3049 3100/2933/3048 
f 3101/2934/3049 3063/2896/3011 3064/2897/3012 3097/2930/3045 
f 3102/2935/3050 3107/2940/3055 3108/2941/3056 3109/2942/3057 
f 3099/2932/3047 3104/2937/3052 3107/2940/3055 3102/2935/3050 
f 3100/2933/3048 3102/2935/3050 3109/2942/3057 3106/2939/3054 
f 3110/2943/3058 3111/2944/3059 3112/2945/3060 3113/2946/3061 
f 3112/2945/3060 3111/2944/3059 3114/2947/3062 3115/2948/3063 
f 3116/2949/3064 3117/2950/3065 3111/2944/3059 3110/2943/3058 
f 3117/2950/3065 3118/2951/3066 3114/2947/3062 3111/2944/3059 
f 3119/2952/3067 3113/2946/3061 3080/2913/3028 3081/2914/3029 
f 3113/2946/3061 3112/2945/3060 3079/2912/3027 3080/2913/3028 
f 3079/2912/3027 3112/2945/3060 3115/2948/3063 3078/2911/3026 
f 3078/2911/3026 3115/2948/3063 3103/2936/3051 3066/2899/3014 
f 3115/2948/3063 3114/2947/3062 3104/2937/3052 3103/2936/3051 
f 3118/2951/3066 3107/2940/3055 3104/2937/3052 3114/2947/3062 
f 3120/2953/3068 3108/2941/3056 3107/2940/3055 3118/2951/3066 
f 3121/2954/3069 3120/2953/3068 3118/2951/3066 3117/2950/3065 
f 3122/2955/3070 3121/2954/3069 3117/2950/3065 3116/2949/3064 
f 3123/2956/3071 3122/2955/3070 3116/2949/3064 3124/2957/3072 
f 3124/2957/3072 3116/2949/3064 3110/2943/3058 3125/2958/3073 
f 3125/2958/3073 3110/2943/3058 3113/2946/3061 3119/2952/3067 
f 3126/2959/3074 3127/2960/3075 3128/2961/3076 3129/2962/3077 
f 3127/2960/3075 3130/2963/3078 3131/2964/3079 3128/2961/3076 
f 3132/2965/3080 3133/2966/3081 3127/2960/3075 3126/2959/3074 
f 3133/2966/3081 3134/2967/3082 3130/2963/3078 3127/2960/3075 
f 3135/2968/3083 3129/2962/3077 3095/2928/3043 3004/2847/2948 
f 3129/2962/3077 3128/2961/3076 3094/2927/3042 3095/2928/3043 
f 3128/2961/3076 3131/2964/3079 3093/2926/3041 3094/2927/3042 
f 3131/2964/3079 3119/2952/3067 3081/2914/3029 3093/2926/3041 
f 3130/2963/3078 3125/2958/3073 3119/2952/3067 3131/2964/3079 
f 3134/2967/3082 3124/2957/3072 3125/2958/3073 3130/2963/3078 
f 3136/2969/3084 3123/2956/3071 3124/2957/3072 3134/2967/3082 
f 3137/2970/3085 3136/2969/3084 3134/2967/3082 3133/2966/3081 
f 3138/2971/3086 3137/2970/3085 3133/2966/3081 3132/2965/3080 
f 3139/2972/3087 3138/2971/3086 3132/2965/3080 3140/2973/3088 
f 3140/2973/3088 3132/2965/3080 3126/2959/3074 3141/2974/3089 
f 3141/2974/3089 3126/2959/3074 3129/2962/3077 3135/2968/3083 
f 3142/2975/3090 3143/2976/3091 3144/2977/3092 3145/2978/3093 
f 3143/2976/3091 3146/2979/3094 3147/2980/3095 3144/2977/3092 
f 3148/2981/3096 3149/2982/3097 3143/2976/3091 3142/2975/3090 
f 3149/2982/3097 3150/2983/3098 3146/2979/3094 3143/2976/3091 
f 3151/2984/3099 3145/2978/3093 3006/2849/2950 3007/2850/2951 
f 3145/2978/3093 3144/2977/3092 3005/2848/2949 3006/2849/2950 
f 3144/2977/3092 3147/2980/3095 3003/2846/2947 3005/2848/2949 
f 3147/2980/3095 3135/2968/3083 3004/2847/2948 3003/2846/2947 
f 3146/2979/3094 3141/2974/3089 3135/2968/3083 3147/2980/3095 
f 3150/2983/3098 3140/2973/3088 3141/2974/3089 3146/2979/3094 
f 3152/2985/3100 3139/2972/3087 3140/2973/3088 3150/2983/3098 
f 3153/2986/3101 3152/2985/3100 3150/2983/3098 3149/2982/3097 
f 3154/2987/3102 3153/2986/3101 3149/2982/3097 3148/2981/3096 
f 3155/2988/3103 3154/2987/3102 3148/2981/3096 3156/2989/3104 
f 3156/2989/3104 3148/2981/3096 3142/2975/3090 3157/2990/3105 
f 3157/2990/3105 3142/2975/3090 3145/2978/3093 3151/2984/3099 
f 3158/2991/3106 3159/2992/3107 3160/2993/3108 3161/2994/3109 
f 3159/2992/3107 3162/2995/3110 3163/2996/3111 3160/2993/3108 
f 3164/2997/3112 3165/2998/3113 3159/2992/3107 3158/2991/3106 
f 3165/2998/3113 3166/2999/3114 3162/2995/3110 3159/2992/3107 
f 3167/3000/3115 3161/2994/3109 3022/2865/2966 3023/2866/2967 
f 3161/2994/3109 3160/2993/3108 3021/2864/2965 3022/2865/2966 
f 3160/2993/3108 3163/2996/3111 3020/2863/2964 3021/2864/2965 
f 3163/2996/3111 3151/2984/3099 3007/2850/2951 3020/2863/2964 
f 3162/2995/3110 3157/2990/3105 3151/2984/3099 3163/2996/3111 
f 3166/2999/3114 3156/2989/3104 3157/2990/3105 3162/2995/3110 
f 3168/3001/3116 3155/2988/3103 3156/2989/3104 3166/2999/3114 
f 3169/3002/3117 3168/3001/3116 3166/2999/3114 3165/2998/3113 
f 3170/3003/3118 3169/3002/3117 3165/2998/3113 3164/2997/3112 
f 3171/3004/3119 3170/3003/3118 3164/2997/3112 3172/3005/3120 
f 3172/3005/3120 3164/2997/3112 3158/2991/3106 3173/3006/3121 
f 3173/3006/3121 3158/2991/3106 3161/2994/3109 3167/3000/3115 
f 3174/3007/3122 3175/3008/3123 3176/3009/3124 3177/3010/3125 
f 3175/3008/3123 3178/3011/3126 3179/3012/3127 3176/3009/3124 
f 3180/3013/3128 3181/3014/3129 3175/3008/3123 3174/3007/3122 
f 3181/3014/3129 3182/3015/3130 3178/3011/3126 3175/3008/3123 
f 3183/3016/3131 3177/3010/3125 3038/2880/2982 3039/2881/2983 
f 3177/3010/3125 3176/3009/3124 3037/2879/2981 3038/2880/2982 
f 3176/3009/3124 3179/3012/3127 3036/2878/2980 3037/2879/2981 
f 3179/3012/3127 3167/3000/3115 3023/2866/2967 3036/2878/2980 
f 3178/3011/3126 3173/3006/3121 3167/3000/3115 3179/3012/3127 
f 3182/3015/3130 3172/3005/3120 3173/3006/3121 3178/3011/3126 
f 3184/3017/3132 3171/3004/3119 3172/3005/3120 3182/3015/3130 
f 3185/3018/3133 3184/3017/3132 3182/3015/3130 3181/3014/3129 
f 3186/3019/3134 3185/3018/3133 3181/3014/3129 3180/3013/3128 
f 3187/3020/3135 3186/3019/3134 3180/3013/3128 3188/3021/3136 
f 3188/3021/3136 3180/3013/3128 3174/3007/3122 3189/3022/3137 
f 3189/3022/3137 3174/3007/3122 3177/3010/3125 3183/3016/3131 
f 3190/2202/3138 3191/2203/3139 3192/2204/3140 3193/2205/3141 
f 3191/2203/3139 3194/2206/3142 3195/2207/3143 3192/2204/3140 
f 3196/2208/3144 3197/2209/3145 3191/2203/3139 3190/2202/3138 
f 3197/2209/3145 3198/2210/3146 3194/2206/3142 3191/2203/3139 
f 3053/2162/2998 323/2164/3000 322/2211/3147 3193/2205/3141 
f 3193/2205/3141 3192/2204/3140 3052/2161/2997 3053/2162/2998 
f 3192/2204/3140 3195/2207/3143 3051/2159/2996 3052/2161/2997 
f 3195/2207/3143 3183/2212/3131 3039/2886/2983 3051/2159/2996 
f 3194/3023/3142 3189/3022/3137 3183/3016/3131 3195/3024/3143 
f 3198/3025/3146 3188/3021/3136 3189/3022/3137 3194/3023/3142 
f 3199/3026/3148 3187/3020/3135 3188/3021/3136 3198/3025/3146 
f 3200/2217/3149 3199/2218/3148 3198/2210/3146 3197/2209/3145 
f 3201/2219/3150 3200/2217/3149 3197/2209/3145 3196/2208/3144 
f 3196/2208/3144 320/2220/3151 319/2221/3152 3201/2219/3150 
f 3190/2202/3138 321/2222/3153 320/2220/3151 3196/2208/3144 
f 3193/2205/3141 322/2211/3147 321/2222/3153 3190/2202/3138 
f 3202/3027/3154 3203/3028/3155 3204/3029/3156 3205/3030/3157 
f 3203/3028/3155 3206/3031/3158 3207/3032/3159 3204/3029/3156 
f 3208/3033/3160 3209/3034/3161 3203/3028/3155 3202/3027/3154 
f 3209/3034/3161 3210/3035/3162 3206/3031/3158 3203/3028/3155 
f 3211/3036/3163 3205/3030/3157 3154/2987/3102 3155/2988/3103 
f 3205/3030/3157 3204/3029/3156 3153/2986/3101 3154/2987/3102 
f 3204/3029/3156 3207/3032/3159 3152/2985/3100 3153/2986/3101 
f 3207/3032/3159 3212/3037/3164 3139/2972/3087 3152/2985/3100 
f 3206/3031/3158 3213/3038/3165 3212/3037/3164 3207/3032/3159 
f 3210/3035/3162 3214/3039/3166 3213/3038/3165 3206/3031/3158 
f 3215/3040/3167 3216/3041/3168 3214/3039/3166 3210/3035/3162 
f 3217/3042/3169 3215/3040/3167 3210/3035/3162 3209/3034/3161 
f 3218/3043/3170 3217/3042/3169 3209/3034/3161 3208/3033/3160 
f 3219/3044/3171 3218/3043/3170 3208/3033/3160 3220/3045/3172 
f 3220/3045/3172 3208/3033/3160 3202/3027/3154 3221/3046/3173 
f 3221/3046/3173 3202/3027/3154 3205/3030/3157 3211/3036/3163 
f 3222/3047/3174 3223/3048/3175 3224/3049/3176 3225/3050/3177 
f 3223/3048/3175 3226/3051/3178 3227/3052/3179 3224/3049/3176 
f 3228/3053/3180 3229/3054/3181 3223/3048/3175 3222/3047/3174 
f 3229/3054/3181 3230/3055/3182 3226/3051/3178 3223/3048/3175 
f 3231/3056/3183 3225/3050/3177 3170/3003/3118 3171/3004/3119 
f 3225/3050/3177 3224/3049/3176 3169/3002/3117 3170/3003/3118 
f 3224/3049/3176 3227/3052/3179 3168/3001/3116 3169/3002/3117 
f 3227/3052/3179 3211/3036/3163 3155/2988/3103 3168/3001/3116 
f 3226/3051/3178 3221/3046/3173 3211/3036/3163 3227/3052/3179 
f 3230/3055/3182 3220/3045/3172 3221/3046/3173 3226/3051/3178 
f 3232/3057/3184 3219/3044/3171 3220/3045/3172 3230/3055/3182 
f 3233/3058/3185 3232/3057/3184 3230/3055/3182 3229/3054/3181 
f 3234/3059/3186 3233/3058/3185 3229/3054/3181 3228/3053/3180 
f 3235/3060/3187 3234/3059/3186 3228/3053/3180 3236/3061/3188 
f 3236/3061/3188 3228/3053/3180 3222/3047/3174 3237/3062/3189 
f 3237/3062/3189 3222/3047/3174 3225/3050/3177 3231/3056/3183 
f 3238/3063/3190 3239/3064/3191 3240/3065/3192 3241/3066/3193 
f 3239/3064/3191 3242/3067/3194 3243/3068/3195 3240/3065/3192 
f 3244/3069/3196 3245/3070/3197 3239/3064/3191 3238/3063/3190 
f 3245/3070/3197 3246/3071/3198 3242/3067/3194 3239/3064/3191 
f 3247/3072/3199 3241/3066/3193 3186/3019/3134 3187/3020/3135 
f 3241/3066/3193 3240/3065/3192 3185/3018/3133 3186/3019/3134 
f 3240/3065/3192 3243/3068/3195 3184/3017/3132 3185/3018/3133 
f 3243/3068/3195 3231/3056/3183 3171/3004/3119 3184/3017/3132 
f 3242/3067/3194 3237/3062/3189 3231/3056/3183 3243/3068/3195 
f 3246/3071/3198 3236/3061/3188 3237/3062/3189 3242/3067/3194 
f 3248/3073/3200 3235/3060/3187 3236/3061/3188 3246/3071/3198 
f 3249/3074/3201 3248/3073/3200 3246/3071/3198 3245/3070/3197 
f 3250/3075/3202 3249/3074/3201 3245/3070/3197 3244/3069/3196 
f 3251/3076/3203 3250/3075/3202 3244/3069/3196 3252/3077/3204 
f 3252/3077/3204 3244/3069/3196 3238/3063/3190 3253/3078/3205 
f 3253/3078/3205 3238/3063/3190 3241/3066/3193 3247/3072/3199 
f 3254/2202/3206 3255/2203/3207 3256/2209/3208 3257/2208/3209 
f 3255/2203/3207 3258/2206/3210 3259/2210/3211 3256/2209/3208 
f 3260/2205/3212 3261/2204/3213 3255/2203/3207 3254/2202/3206 
f 3261/2204/3213 3262/2207/3214 3258/2206/3210 3255/2203/3207 
f 3201/2219/3150 319/2221/3152 318/2220/3215 3257/2208/3209 
f 3257/2208/3209 3256/2209/3208 3200/2217/3149 3201/2219/3150 
f 3256/2209/3208 3259/2210/3211 3199/2218/3148 3200/2217/3149 
f 3259/3079/3211 3247/3072/3199 3187/3020/3135 3199/3026/3148 
f 3258/3080/3210 3253/3078/3205 3247/3072/3199 3259/3079/3211 
f 3262/3081/3214 3252/3077/3204 3253/3078/3205 3258/3080/3210 
f 3263/2159/3216 3251/2160/3203 3252/2212/3204 3262/2207/3214 
f 3264/2161/3217 3263/2159/3216 3262/2207/3214 3261/2204/3213 
f 3265/2162/3218 3264/2161/3217 3261/2204/3213 3260/2205/3212 
f 3260/2205/3212 316/2211/3219 315/2164/3220 3265/2162/3218 
f 3254/2202/3206 317/2222/3221 316/2211/3219 3260/2205/3212 
f 3257/2208/3209 318/2220/3215 317/2222/3221 3254/2202/3206 
f 3266/3082/3222 3267/3083/3223 3268/3084/3224 3269/3085/3225 
f 3266/3082/3222 3270/3086/3226 3271/3087/3227 3267/3083/3223 
f 3266/3082/3222 3269/3085/3225 3272/3088/3228 3270/3086/3226 
f 3109/2942/3057 3108/2941/3056 3273/3089/3229 3268/3084/3224 
f 3267/3083/3223 3106/2939/3054 3109/2942/3057 3268/3084/3224 
f 3268/3084/3224 3273/3089/3229 3274/3090/3230 3269/3085/3225 
f 3271/3087/3227 3275/3091/3231 1167/1083/178 3105/2938/3053 
f 3276/3092/3232 3275/3091/3231 3271/3087/3227 3270/3086/3226 
f 3271/3087/3227 3105/2938/3053 3106/2939/3054 3267/3083/3223 
f 3272/3088/3228 3277/3093/3233 3278/3094/3234 3279/3095/3235 
f 3269/3085/3225 3274/3090/3230 3277/3093/3233 3272/3088/3228 
f 3270/3086/3226 3272/3088/3228 3279/3095/3235 3276/3092/3232 
f 3280/3096/3236 3281/3097/3237 3282/3098/3238 3283/3099/3239 
f 3282/3098/3238 3281/3097/3237 3284/3100/3240 3285/3101/3241 
f 3286/3102/3242 3287/3103/3243 3281/3097/3237 3280/3096/3236 
f 3287/3103/3243 3288/3104/3244 3284/3100/3240 3281/3097/3237 
f 3289/3105/3245 3283/3099/3239 3122/2955/3070 3123/2956/3071 
f 3283/3099/3239 3282/3098/3238 3121/2954/3069 3122/2955/3070 
f 3121/2954/3069 3282/3098/3238 3285/3101/3241 3120/2953/3068 
f 3120/2953/3068 3285/3101/3241 3273/3089/3229 3108/2941/3056 
f 3285/3101/3241 3284/3100/3240 3274/3090/3230 3273/3089/3229 
f 3288/3104/3244 3277/3093/3233 3274/3090/3230 3284/3100/3240 
f 3290/3106/3246 3278/3094/3234 3277/3093/3233 3288/3104/3244 
f 3291/3107/3247 3290/3106/3246 3288/3104/3244 3287/3103/3243 
f 3292/3108/3248 3291/3107/3247 3287/3103/3243 3286/3102/3242 
f 3293/3109/3249 3292/3108/3248 3286/3102/3242 3294/3110/3250 
f 3294/3110/3250 3286/3102/3242 3280/3096/3236 3295/3111/3251 
f 3295/3111/3251 3280/3096/3236 3283/3099/3239 3289/3105/3245 
f 3296/3112/3252 3297/3113/3253 3298/3114/3254 3299/3115/3255 
f 3297/3113/3253 3300/3116/3256 3301/3117/3257 3298/3114/3254 
f 3302/3118/3258 3303/3119/3259 3297/3113/3253 3296/3112/3252 
f 3303/3119/3259 3304/3120/3260 3300/3116/3256 3297/3113/3253 
f 3212/3037/3164 3299/3115/3255 3138/2971/3086 3139/2972/3087 
f 3299/3115/3255 3298/3114/3254 3137/2970/3085 3138/2971/3086 
f 3298/3114/3254 3301/3117/3257 3136/2969/3084 3137/2970/3085 
f 3301/3117/3257 3289/3105/3245 3123/2956/3071 3136/2969/3084 
f 3300/3116/3256 3295/3111/3251 3289/3105/3245 3301/3117/3257 
f 3304/3120/3260 3294/3110/3250 3295/3111/3251 3300/3116/3256 
f 3305/3121/3261 3293/3109/3249 3294/3110/3250 3304/3120/3260 
f 3306/3122/3262 3305/3121/3261 3304/3120/3260 3303/3119/3259 
f 3307/3123/3263 3306/3122/3262 3303/3119/3259 3302/3118/3258 
f 3216/3041/3168 3307/3123/3263 3302/3118/3258 3214/3039/3166 
f 3214/3039/3166 3302/3118/3258 3296/3112/3252 3213/3038/3165 
f 3213/3038/3165 3296/3112/3252 3299/3115/3255 3212/3037/3164 
f 3308/3124/3264 3309/3125/3265 3310/3126/3266 3311/3127/3267 
f 3308/3124/3264 3312/3128/3268 3313/3129/3269 3309/3125/3265 
f 3308/3124/3264 3311/3127/3267 3314/3130/3270 3312/3128/3268 
f 3279/3095/3235 3278/3094/3234 3315/3131/3271 3310/3126/3266 
f 3309/3125/3265 3276/3092/3232 3279/3095/3235 3310/3126/3266 
f 3310/3126/3266 3315/3131/3271 3316/3132/3272 3311/3127/3267 
f 3313/3129/3269 3317/3133/3273 1167/1083/178 3275/3091/3231 
f 3318/3134/3274 3317/3133/3273 3313/3129/3269 3312/3128/3268 
f 3313/3129/3269 3275/3091/3231 3276/3092/3232 3309/3125/3265 
f 3314/3130/3270 3319/3135/3275 3320/3136/3276 3321/3137/3277 
f 3311/3127/3267 3316/3132/3272 3319/3135/3275 3314/3130/3270 
f 3312/3128/3268 3314/3130/3270 3321/3137/3277 3318/3134/3274 
f 3322/3138/3278 3323/3139/3279 3324/3140/3280 3325/3141/3281 
f 3324/3140/3280 3323/3139/3279 3326/3142/3282 3327/3143/3283 
f 3328/3144/3284 3329/3145/3285 3323/3139/3279 3322/3138/3278 
f 3329/3145/3285 3330/3146/3286 3326/3142/3282 3323/3139/3279 
f 3331/3147/3287 3325/3141/3281 3292/3108/3248 3293/3109/3249 
f 3325/3141/3281 3324/3140/3280 3291/3107/3247 3292/3108/3248 
f 3291/3107/3247 3324/3140/3280 3327/3143/3283 3290/3106/3246 
f 3290/3106/3246 3327/3143/3283 3315/3131/3271 3278/3094/3234 
f 3327/3143/3283 3326/3142/3282 3316/3132/3272 3315/3131/3271 
f 3330/3146/3286 3319/3135/3275 3316/3132/3272 3326/3142/3282 
f 3332/3148/3288 3320/3136/3276 3319/3135/3275 3330/3146/3286 
f 3333/3149/3289 3332/3148/3288 3330/3146/3286 3329/3145/3285 
f 3334/3150/3290 3333/3149/3289 3329/3145/3285 3328/3144/3284 
f 3335/3151/3291 3334/3150/3290 3328/3144/3284 3336/3152/3292 
f 3336/3152/3292 3328/3144/3284 3322/3138/3278 3337/3153/3293 
f 3337/3153/3293 3322/3138/3278 3325/3141/3281 3331/3147/3287 
f 3338/3154/3294 3339/3155/3295 3340/3156/3296 3341/3157/3297 
f 3339/3155/3295 3342/3158/3298 3343/3159/3299 3340/3156/3296 
f 3344/3160/3300 3345/3161/3301 3339/3155/3295 3338/3154/3294 
f 3345/3161/3301 3346/3162/3302 3342/3158/3298 3339/3155/3295 
f 3347/3163/3303 3341/3157/3297 3307/3123/3263 3216/3041/3168 
f 3341/3157/3297 3340/3156/3296 3306/3122/3262 3307/3123/3263 
f 3340/3156/3296 3343/3159/3299 3305/3121/3261 3306/3122/3262 
f 3343/3159/3299 3331/3147/3287 3293/3109/3249 3305/3121/3261 
f 3342/3158/3298 3337/3153/3293 3331/3147/3287 3343/3159/3299 
f 3346/3162/3302 3336/3152/3292 3337/3153/3293 3342/3158/3298 
f 3348/3164/3304 3335/3151/3291 3336/3152/3292 3346/3162/3302 
f 3349/3165/3305 3348/3164/3304 3346/3162/3302 3345/3161/3301 
f 3350/3166/3306 3349/3165/3305 3345/3161/3301 3344/3160/3300 
f 3351/3167/3307 3350/3166/3306 3344/3160/3300 3352/3168/3308 
f 3352/3168/3308 3344/3160/3300 3338/3154/3294 3353/3169/3309 
f 3353/3169/3309 3338/3154/3294 3341/3157/3297 3347/3163/3303 
f 3354/3170/3310 3355/3171/3311 3356/3172/3312 3357/3173/3313 
f 3355/3171/3311 3358/3174/3314 3359/3175/3315 3356/3172/3312 
f 3360/3176/3316 3361/3177/3317 3355/3171/3311 3354/3170/3310 
f 3361/3177/3317 3362/3178/3318 3358/3174/3314 3355/3171/3311 
f 3363/3179/3319 3357/3173/3313 3218/3043/3170 3219/3044/3171 
f 3357/3173/3313 3356/3172/3312 3217/3042/3169 3218/3043/3170 
f 3356/3172/3312 3359/3175/3315 3215/3040/3167 3217/3042/3169 
f 3359/3175/3315 3347/3163/3303 3216/3041/3168 3215/3040/3167 
f 3358/3174/3314 3353/3169/3309 3347/3163/3303 3359/3175/3315 
f 3362/3178/3318 3352/3168/3308 3353/3169/3309 3358/3174/3314 
f 3364/3180/3320 3351/3167/3307 3352/3168/3308 3362/3178/3318 
f 3365/3181/3321 3364/3180/3320 3362/3178/3318 3361/3177/3317 
f 3366/3182/3322 3365/3181/3321 3361/3177/3317 3360/3176/3316 
f 3367/3183/3323 3366/3182/3322 3360/3176/3316 3368/3184/3324 
f 3368/3184/3324 3360/3176/3316 3354/3170/3310 3369/3185/3325 
f 3369/3185/3325 3354/3170/3310 3357/3173/3313 3363/3179/3319 
f 3370/3186/3326 3371/3187/3327 3372/3188/3328 3373/3189/3329 
f 3371/3187/3327 3374/3190/3330 3375/3191/3331 3372/3188/3328 
f 3376/3192/3332 3377/3193/3333 3371/3187/3327 3370/3186/3326 
f 3377/3193/3333 3378/3194/3334 3374/3190/3330 3371/3187/3327 
f 3379/3195/3335 3373/3189/3329 3234/3059/3186 3235/3060/3187 
f 3373/3189/3329 3372/3188/3328 3233/3058/3185 3234/3059/3186 
f 3372/3188/3328 3375/3191/3331 3232/3057/3184 3233/3058/3185 
f 3375/3191/3331 3363/3179/3319 3219/3044/3171 3232/3057/3184 
f 3374/3190/3330 3369/3185/3325 3363/3179/3319 3375/3191/3331 
f 3378/3194/3334 3368/3184/3324 3369/3185/3325 3374/3190/3330 
f 3380/3196/3336 3367/3183/3323 3368/3184/3324 3378/3194/3334 
f 3381/3197/3337 3380/3196/3336 3378/3194/3334 3377/3193/3333 
f 3382/3198/3338 3381/3197/3337 3377/3193/3333 3376/3192/3332 
f 3383/3199/3339 3382/3198/3338 3376/3192/3332 3384/3200/3340 
f 3384/3200/3340 3376/3192/3332 3370/3186/3326 3385/3201/3341 
f 3385/3201/3341 3370/3186/3326 3373/3189/3329 3379/3195/3335 
f 3386/3202/3342 3387/3203/3343 3388/3204/3344 3389/3205/3345 
f 3387/3203/3343 3390/3206/3346 3391/3207/3347 3388/3204/3344 
f 3392/3208/3348 3393/3209/3349 3387/3203/3343 3386/3202/3342 
f 3393/3209/3349 3394/3210/3350 3390/3206/3346 3387/3203/3343 
f 3395/3211/3351 3389/3205/3345 3250/3075/3202 3251/3076/3203 
f 3389/3205/3345 3388/3204/3344 3249/3074/3201 3250/3075/3202 
f 3388/3204/3344 3391/3207/3347 3248/3073/3200 3249/3074/3201 
f 3391/3207/3347 3379/3195/3335 3235/3060/3187 3248/3073/3200 
f 3390/3206/3346 3385/3201/3341 3379/3195/3335 3391/3207/3347 
f 3394/3210/3350 3384/3200/3340 3385/3201/3341 3390/3206/3346 
f 3396/3212/3352 3383/3199/3339 3384/3200/3340 3394/3210/3350 
f 3397/3213/3353 3396/3212/3352 3394/3210/3350 3393/3209/3349 
f 3398/3214/3354 3397/3213/3353 3393/3209/3349 3392/3208/3348 
f 3399/1971/3355 3398/1972/3354 3392/2139/3348 3400/2138/3356 
f 3400/3215/3356 3392/3208/3348 3386/3202/3342 3401/3216/3357 
f 3401/3216/3357 3386/3202/3342 3389/3205/3345 3395/3211/3351 
f 3402/2147/3358 3403/2148/3359 3404/2154/3360 3405/2153/3361 
f 3403/2148/3359 3406/2151/3362 3407/2155/3363 3404/2154/3360 
f 3408/2150/3364 3409/2149/3365 3403/2148/3359 3402/2147/3358 
f 3409/2149/3365 3410/2152/3366 3406/2151/3362 3403/2148/3359 
f 3265/2162/3218 315/2164/3220 314/2163/3367 3405/2153/3361 
f 3405/2153/3361 3404/2154/3360 3264/2161/3217 3265/2162/3218 
f 3404/2154/3360 3407/2155/3363 3263/2159/3216 3264/2161/3217 
f 3407/2155/3363 3395/2158/3351 3251/2160/3203 3263/2159/3216 
f 3406/2151/3362 3401/2157/3357 3395/2158/3351 3407/2155/3363 
f 3410/2152/3366 3400/2138/3356 3401/2157/3357 3406/2151/3362 
f 3411/1987/3368 3399/1971/3355 3400/2138/3356 3410/2152/3366 
f 3412/1988/3369 3411/1987/3368 3410/2152/3366 3409/2149/3365 
f 3413/1989/3370 3412/1988/3369 3409/2149/3365 3408/2150/3364 
f 3408/2150/3364 312/2156/3371 311/1991/3372 3413/1989/3370 
f 3402/2147/3358 313/2165/3373 312/2156/3371 3408/2150/3364 
f 3405/2153/3361 314/2163/3367 313/2165/3373 3402/2147/3358 
f 3414/3217/3374 3415/3218/3375 3416/3219/3376 3417/3220/3377 
f 3415/3218/3375 3418/3221/3378 3419/3222/3379 3416/3219/3376 
f 3420/3223/3380 3421/3224/3381 3415/3218/3375 3414/3217/3374 
f 3421/3224/3381 3422/3225/3382 3418/3221/3378 3415/3218/3375 
f 3423/3226/3383 3417/3220/3377 3382/3198/3338 3383/3199/3339 
f 3417/3220/3377 3416/3219/3376 3381/3197/3337 3382/3198/3338 
f 3416/3219/3376 3419/3222/3379 3380/3196/3336 3381/3197/3337 
f 3419/3222/3379 3424/3227/3384 3367/3183/3323 3380/3196/3336 
f 3418/3221/3378 3425/3228/3385 3424/3227/3384 3419/3222/3379 
f 3422/3225/3382 3426/3229/3386 3425/3228/3385 3418/3221/3378 
f 3427/3230/3387 3428/3231/3388 3426/3229/3386 3422/3225/3382 
f 3429/3232/3389 3427/3230/3387 3422/3225/3382 3421/3224/3381 
f 3430/3233/3390 3429/3232/3389 3421/3224/3381 3420/3223/3380 
f 3431/3234/3391 3430/3233/3390 3420/3223/3380 3432/3235/3392 
f 3432/3235/3392 3420/3223/3380 3414/3217/3374 3433/3236/3393 
f 3433/3236/3393 3414/3217/3374 3417/3220/3377 3423/3226/3383 
f 3434/3237/3394 3435/3238/3395 3436/3239/3396 3437/3240/3397 
f 3435/3238/3395 3438/3241/3398 3439/3242/3399 3436/3239/3396 
f 3440/3243/3400 3441/3244/3401 3435/3238/3395 3434/3237/3394 
f 3441/3244/3401 3442/3245/3402 3438/3241/3398 3435/3238/3395 
f 3443/1974/3403 3437/1973/3397 3398/1972/3354 3399/1971/3355 
f 3437/3240/3397 3436/3239/3396 3397/3213/3353 3398/3214/3354 
f 3436/3239/3396 3439/3242/3399 3396/3212/3352 3397/3213/3353 
f 3439/3242/3399 3423/3226/3383 3383/3199/3339 3396/3212/3352 
f 3438/3241/3398 3433/3236/3393 3423/3226/3383 3439/3242/3399 
f 3442/3245/3402 3432/3235/3392 3433/3236/3393 3438/3241/3398 
f 3444/3246/3404 3431/3234/3391 3432/3235/3392 3442/3245/3402 
f 3445/3247/3405 3444/3246/3404 3442/3245/3402 3441/3244/3401 
f 3446/3248/3406 3445/3247/3405 3441/3244/3401 3440/3243/3400 
f 3447/1915/3407 3446/1916/3406 3440/1967/3400 3448/1966/3408 
f 3448/1966/3408 3440/1967/3400 3434/1975/3394 3449/1976/3409 
f 3449/1976/3409 3434/1975/3394 3437/1973/3397 3443/1974/3403 
f 3450/1977/3410 3451/1978/3411 3452/1984/3412 3453/1983/3413 
f 3451/1978/3411 3454/1981/3414 3455/1985/3415 3452/1984/3412 
f 3456/1980/3416 3457/1979/3417 3451/1978/3411 3450/1977/3410 
f 3457/1979/3417 3458/1982/3418 3454/1981/3414 3451/1978/3411 
f 3413/1989/3370 311/1991/3372 310/1990/3419 3453/1983/3413 
f 3453/1983/3413 3452/1984/3412 3412/1988/3369 3413/1989/3370 
f 3452/1984/3412 3455/1985/3415 3411/1987/3368 3412/1988/3369 
f 3455/1985/3415 3443/1974/3403 3399/1971/3355 3411/1987/3368 
f 3454/1981/3414 3449/1976/3409 3443/1974/3403 3455/1985/3415 
f 3458/1982/3418 3448/1966/3408 3449/1976/3409 3454/1981/3414 
f 3459/1931/3420 3447/1915/3407 3448/1966/3408 3458/1982/3418 
f 3460/1932/3421 3459/1931/3420 3458/1982/3418 3457/1979/3417 
f 3461/1933/3422 3460/1932/3421 3457/1979/3417 3456/1980/3416 
f 3456/1980/3416 308/1986/3423 307/1935/3424 3461/1933/3422 
f 3450/1977/3410 309/1992/3425 308/1986/3423 3456/1980/3416 
f 3453/1983/3413 310/1990/3419 309/1992/3425 3450/1977/3410 
f 3462/3249/3426 3463/3250/3427 3464/3251/3428 3465/3252/3429 
f 3462/3249/3426 3466/3253/3430 3467/3254/3431 3463/3250/3427 
f 3462/3249/3426 3465/3252/3429 3468/3255/3432 3466/3253/3430 
f 3321/3137/3277 3320/3136/3276 3469/3256/3433 3464/3251/3428 
f 3463/3250/3427 3318/3134/3274 3321/3137/3277 3464/3251/3428 
f 3464/3251/3428 3469/3256/3433 3470/3257/3434 3465/3252/3429 
f 3467/3254/3431 3471/3258/3435 1167/1083/178 3317/3133/3273 
f 3472/3259/3436 3471/3258/3435 3467/3254/3431 3466/3253/3430 
f 3467/3254/3431 3317/3133/3273 3318/3134/3274 3463/3250/3427 
f 3468/3255/3432 3473/3260/3437 3474/3261/3438 3475/3262/3439 
f 3465/3252/3429 3470/3257/3434 3473/3260/3437 3468/3255/3432 
f 3466/3253/3430 3468/3255/3432 3475/3262/3439 3472/3259/3436 
f 3476/3263/3440 3477/3264/3441 3478/3265/3442 3479/3266/3443 
f 3478/3265/3442 3477/3264/3441 3480/3267/3444 3481/3268/3445 
f 3482/3269/3446 3483/3270/3447 3477/3264/3441 3476/3263/3440 
f 3483/3270/3447 3484/3271/3448 3480/3267/3444 3477/3264/3441 
f 3485/3272/3449 3479/3266/3443 3334/3150/3290 3335/3151/3291 
f 3479/3266/3443 3478/3265/3442 3333/3149/3289 3334/3150/3290 
f 3333/3149/3289 3478/3265/3442 3481/3268/3445 3332/3148/3288 
f 3332/3148/3288 3481/3268/3445 3469/3256/3433 3320/3136/3276 
f 3481/3268/3445 3480/3267/3444 3470/3257/3434 3469/3256/3433 
f 3484/3271/3448 3473/3260/3437 3470/3257/3434 3480/3267/3444 
f 3486/3273/3450 3474/3261/3438 3473/3260/3437 3484/3271/3448 
f 3487/3274/3451 3486/3273/3450 3484/3271/3448 3483/3270/3447 
f 3488/3275/3452 3487/3274/3451 3483/3270/3447 3482/3269/3446 
f 3489/3276/3453 3488/3275/3452 3482/3269/3446 3490/3277/3454 
f 3490/3277/3454 3482/3269/3446 3476/3263/3440 3491/3278/3455 
f 3491/3278/3455 3476/3263/3440 3479/3266/3443 3485/3272/3449 
f 3492/3279/3456 3493/3280/3457 3494/3281/3458 3495/3282/3459 
f 3493/3280/3457 3496/3283/3460 3497/3284/3461 3494/3281/3458 
f 3498/3285/3462 3499/3286/3463 3493/3280/3457 3492/3279/3456 
f 3499/3286/3463 3500/3287/3464 3496/3283/3460 3493/3280/3457 
f 3501/3288/3465 3495/3282/3459 3350/3166/3306 3351/3167/3307 
f 3495/3282/3459 3494/3281/3458 3349/3165/3305 3350/3166/3306 
f 3494/3281/3458 3497/3284/3461 3348/3164/3304 3349/3165/3305 
f 3497/3284/3461 3485/3272/3449 3335/3151/3291 3348/3164/3304 
f 3496/3283/3460 3491/3278/3455 3485/3272/3449 3497/3284/3461 
f 3500/3287/3464 3490/3277/3454 3491/3278/3455 3496/3283/3460 
f 3502/3289/3466 3489/3276/3453 3490/3277/3454 3500/3287/3464 
f 3503/3290/3467 3502/3289/3466 3500/3287/3464 3499/3286/3463 
f 3504/3291/3468 3503/3290/3467 3499/3286/3463 3498/3285/3462 
f 3505/3292/3469 3504/3291/3468 3498/3285/3462 3506/3293/3470 
f 3506/3293/3470 3498/3285/3462 3492/3279/3456 3507/3294/3471 
f 3507/3294/3471 3492/3279/3456 3495/3282/3459 3501/3288/3465 
f 3508/3295/3472 3509/3296/3473 3510/3297/3474 3511/3298/3475 
f 3509/3296/3473 3512/3299/3476 3513/3300/3477 3510/3297/3474 
f 3514/3301/3478 3515/3302/3479 3509/3296/3473 3508/3295/3472 
f 3515/3302/3479 3516/3303/3480 3512/3299/3476 3509/3296/3473 
f 3424/3227/3384 3511/3298/3475 3366/3182/3322 3367/3183/3323 
f 3511/3298/3475 3510/3297/3474 3365/3181/3321 3366/3182/3322 
f 3510/3297/3474 3513/3300/3477 3364/3180/3320 3365/3181/3321 
f 3513/3300/3477 3501/3288/3465 3351/3167/3307 3364/3180/3320 
f 3512/3299/3476 3507/3294/3471 3501/3288/3465 3513/3300/3477 
f 3516/3303/3480 3506/3293/3470 3507/3294/3471 3512/3299/3476 
f 3517/3304/3481 3505/3292/3469 3506/3293/3470 3516/3303/3480 
f 3518/3305/3482 3517/3304/3481 3516/3303/3480 3515/3302/3479 
f 3519/3306/3483 3518/3305/3482 3515/3302/3479 3514/3301/3478 
f 3428/3231/3388 3519/3306/3483 3514/3301/3478 3426/3229/3386 
f 3426/3229/3386 3514/3301/3478 3508/3295/3472 3425/3228/3385 
f 3425/3228/3385 3508/3295/3472 3511/3298/3475 3424/3227/3384 
f 3520/3307/3484 3521/3308/3485 3522/3309/3486 3523/3310/3487 
f 3520/3307/3484 3524/3311/3488 3525/3312/3489 3521/3308/3485 
f 3520/3307/3484 3523/3310/3487 3526/3313/3490 3524/3311/3488 
f 3475/3262/3439 3474/3261/3438 3527/3314/3491 3522/3309/3486 
f 3521/3308/3485 3472/3259/3436 3475/3262/3439 3522/3309/3486 
f 3522/3309/3486 3527/3314/3491 3528/3315/3492 3523/3310/3487 
f 3525/3312/3489 3529/3316/3493 1167/1083/178 3471/3258/3435 
f 3530/3317/3494 3529/3316/3493 3525/3312/3489 3524/3311/3488 
f 3525/3312/3489 3471/3258/3435 3472/3259/3436 3521/3308/3485 
f 3526/3313/3490 3531/3318/3495 3532/3319/3496 3533/3320/3497 
f 3523/3310/3487 3528/3315/3492 3531/3318/3495 3526/3313/3490 
f 3524/3311/3488 3526/3313/3490 3533/3320/3497 3530/3317/3494 
f 3534/3321/3498 3535/3322/3499 3536/3323/3500 3537/3324/3501 
f 3536/3323/3500 3535/3322/3499 3538/3325/3502 3539/3326/3503 
f 3540/3327/3504 3541/3328/3505 3535/3322/3499 3534/3321/3498 
f 3541/3328/3505 3542/3329/3506 3538/3325/3502 3535/3322/3499 
f 3543/3330/3507 3537/3324/3501 3488/3275/3452 3489/3276/3453 
f 3537/3324/3501 3536/3323/3500 3487/3274/3451 3488/3275/3452 
f 3487/3274/3451 3536/3323/3500 3539/3326/3503 3486/3273/3450 
f 3486/3273/3450 3539/3326/3503 3527/3314/3491 3474/3261/3438 
f 3539/3326/3503 3538/3325/3502 3528/3315/3492 3527/3314/3491 
f 3542/3329/3506 3531/3318/3495 3528/3315/3492 3538/3325/3502 
f 3544/3331/3508 3532/3319/3496 3531/3318/3495 3542/3329/3506 
f 3545/3332/3509 3544/3331/3508 3542/3329/3506 3541/3328/3505 
f 3546/3333/3510 3545/3332/3509 3541/3328/3505 3540/3327/3504 
f 3547/3334/3511 3546/3333/3510 3540/3327/3504 3548/3335/3512 
f 3548/3335/3512 3540/3327/3504 3534/3321/3498 3549/3336/3513 
f 3549/3336/3513 3534/3321/3498 3537/3324/3501 3543/3330/3507 
f 3550/3337/3514 3551/3338/3515 3552/3339/3516 3553/3340/3517 
f 3551/3338/3515 3554/3341/3518 3555/3342/3519 3552/3339/3516 
f 3556/3343/3520 3557/3344/3521 3551/3338/3515 3550/3337/3514 
f 3557/3344/3521 3558/3345/3522 3554/3341/3518 3551/3338/3515 
f 3559/3346/3523 3553/3340/3517 3504/3291/3468 3505/3292/3469 
f 3553/3340/3517 3552/3339/3516 3503/3290/3467 3504/3291/3468 
f 3552/3339/3516 3555/3342/3519 3502/3289/3466 3503/3290/3467 
f 3555/3342/3519 3543/3330/3507 3489/3276/3453 3502/3289/3466 
f 3554/3341/3518 3549/3336/3513 3543/3330/3507 3555/3342/3519 
f 3558/3345/3522 3548/3335/3512 3549/3336/3513 3554/3341/3518 
f 3560/3347/3524 3547/3334/3511 3548/3335/3512 3558/3345/3522 
f 3561/3348/3525 3560/3347/3524 3558/3345/3522 3557/3344/3521 
f 3562/3349/3526 3561/3348/3525 3557/3344/3521 3556/3343/3520 
f 3563/3350/3527 3562/3349/3526 3556/3343/3520 3564/3351/3528 
f 3564/3351/3528 3556/3343/3520 3550/3337/3514 3565/3352/3529 
f 3565/3352/3529 3550/3337/3514 3553/3340/3517 3559/3346/3523 
f 3566/3353/3530 3567/3354/3531 3568/3355/3532 3569/3356/3533 
f 3567/3354/3531 3570/3357/3534 3571/3358/3535 3568/3355/3532 
f 3572/3359/3536 3573/3360/3537 3567/3354/3531 3566/3353/3530 
f 3573/3360/3537 3574/3361/3538 3570/3357/3534 3567/3354/3531 
f 3575/3362/3539 3569/3356/3533 3519/3306/3483 3428/3231/3388 
f 3569/3356/3533 3568/3355/3532 3518/3305/3482 3519/3306/3483 
f 3568/3355/3532 3571/3358/3535 3517/3304/3481 3518/3305/3482 
f 3571/3358/3535 3559/3346/3523 3505/3292/3469 3517/3304/3481 
f 3570/3357/3534 3565/3352/3529 3559/3346/3523 3571/3358/3535 
f 3574/3361/3538 3564/3351/3528 3565/3352/3529 3570/3357/3534 
f 3576/3363/3540 3563/3350/3527 3564/3351/3528 3574/3361/3538 
f 3577/3364/3541 3576/3363/3540 3574/3361/3538 3573/3360/3537 
f 3578/3365/3542 3577/3364/3541 3573/3360/3537 3572/3359/3536 
f 3579/3366/3543 3578/3365/3542 3572/3359/3536 3580/3367/3544 
f 3580/3367/3544 3572/3359/3536 3566/3353/3530 3581/3368/3545 
f 3581/3368/3545 3566/3353/3530 3569/3356/3533 3575/3362/3539 
f 3582/3369/3546 3583/3370/3547 3584/3371/3548 3585/3372/3549 
f 3583/3370/3547 3586/3373/3550 3587/3374/3551 3584/3371/3548 
f 3588/3375/3552 3589/3376/3553 3583/3370/3547 3582/3369/3546 
f 3589/3376/3553 3590/3377/3554 3586/3373/3550 3583/3370/3547 
f 3591/3378/3555 3585/3372/3549 3430/3233/3390 3431/3234/3391 
f 3585/3372/3549 3584/3371/3548 3429/3232/3389 3430/3233/3390 
f 3584/3371/3548 3587/3374/3551 3427/3230/3387 3429/3232/3389 
f 3587/3374/3551 3575/3362/3539 3428/3231/3388 3427/3230/3387 
f 3586/3373/3550 3581/3368/3545 3575/3362/3539 3587/3374/3551 
f 3590/3377/3554 3580/3367/3544 3581/3368/3545 3586/3373/3550 
f 3592/3379/3556 3579/3366/3543 3580/3367/3544 3590/3377/3554 
f 3593/3380/3557 3592/3379/3556 3590/3377/3554 3589/3376/3553 
f 3594/3381/3558 3593/3380/3557 3589/3376/3553 3588/3375/3552 
f 3595/3382/3559 3594/3381/3558 3588/3375/3552 3596/3383/3560 
f 3596/3383/3560 3588/3375/3552 3582/3369/3546 3597/3384/3561 
f 3597/3384/3561 3582/3369/3546 3585/3372/3549 3591/3378/3555 
f 3598/3385/3562 3599/3386/3563 3600/3387/3564 3601/3388/3565 
f 3599/3386/3563 3602/3389/3566 3603/3390/3567 3600/3387/3564 
f 3604/3391/3568 3605/3392/3569 3599/3386/3563 3598/3385/3562 
f 3605/3392/3569 3606/3393/3570 3602/3389/3566 3599/3386/3563 
f 3607/1918/3571 3601/1917/3565 3446/1916/3406 3447/1915/3407 
f 3601/3388/3565 3600/3387/3564 3445/3247/3405 3446/3248/3406 
f 3600/3387/3564 3603/3390/3567 3444/3246/3404 3445/3247/3405 
f 3603/3390/3567 3591/3378/3555 3431/3234/3391 3444/3246/3404 
f 3602/3389/3566 3597/3384/3561 3591/3378/3555 3603/3390/3567 
f 3606/3393/3570 3596/3383/3560 3597/3384/3561 3602/3389/3566 
f 3608/3394/3572 3595/3382/3559 3596/3383/3560 3606/3393/3570 
f 3609/3395/3573 3608/3394/3572 3606/3393/3570 3605/3392/3569 
f 3610/3396/3574 3609/3395/3573 3605/3392/3569 3604/3391/3568 
f 3611/1037/3575 3610/1036/3574 3604/1911/3568 3612/1910/3576 
f 3612/1910/3576 3604/1911/3568 3598/1919/3562 3613/1920/3577 
f 3613/1920/3577 3598/1919/3562 3601/1917/3565 3607/1918/3571 
f 3614/1921/3578 3615/1922/3579 3616/1928/3580 3617/1927/3581 
f 3615/1922/3579 3618/1925/3582 3619/1929/3583 3616/1928/3580 
f 3620/1924/3584 3621/1923/3585 3615/1922/3579 3614/1921/3578 
f 3621/1923/3585 3622/1926/3586 3618/1925/3582 3615/1922/3579 
f 3461/1933/3422 307/1935/3424 306/1934/3587 3617/1927/3581 
f 3617/1927/3581 3616/1928/3580 3460/1932/3421 3461/1933/3422 
f 3616/1928/3580 3619/1929/3583 3459/1931/3420 3460/1932/3421 
f 3619/1929/3583 3607/1918/3571 3447/1915/3407 3459/1931/3420 
f 3618/1925/3582 3613/1920/3577 3607/1918/3571 3619/1929/3583 
f 3622/1926/3586 3612/1910/3576 3613/1920/3577 3618/1925/3582 
f 3623/1063/3588 3611/1037/3575 3612/1910/3576 3622/1926/3586 
f 3624/1062/3589 3623/1063/3588 3622/1926/3586 3621/1923/3585 
f 3625/1059/3590 3624/1062/3589 3621/1923/3585 3620/1924/3584 
f 3620/1924/3584 278/1930/3591 304/1060/3592 3625/1059/3590 
f 3614/1921/3578 305/1936/3593 278/1930/3591 3620/1924/3584 
f 3617/1927/3581 306/1934/3587 305/1936/3593 3614/1921/3578 
f 3626/3397/3594 3627/3398/3595 3628/3399/3596 3629/3400/3597 
f 3627/3398/3595 3630/3401/3598 3631/3402/3599 3628/3399/3596 
f 3632/3403/3600 3633/3404/3601 3627/3398/3595 3626/3397/3594 
f 3633/3404/3601 3634/3405/3602 3630/3401/3598 3627/3398/3595 
f 3635/3406/3603 3629/3400/3597 3594/3381/3558 3595/3382/3559 
f 3629/3400/3597 3628/3399/3596 3593/3380/3557 3594/3381/3558 
f 3628/3399/3596 3631/3402/3599 3592/3379/3556 3593/3380/3557 
f 3631/3402/3599 3636/3407/3604 3579/3366/3543 3592/3379/3556 
f 3630/3401/3598 3637/3408/3605 3636/3407/3604 3631/3402/3599 
f 3634/3405/3602 3638/3409/3606 3637/3408/3605 3630/3401/3598 
f 3639/3410/3607 3640/3411/3608 3638/3409/3606 3634/3405/3602 
f 3641/3412/3609 3639/3410/3607 3634/3405/3602 3633/3404/3601 
f 3642/3413/3610 3641/3412/3609 3633/3404/3601 3632/3403/3600 
f 3643/3414/3611 3642/3413/3610 3632/3403/3600 3644/3415/3612 
f 3644/3415/3612 3632/3403/3600 3626/3397/3594 3645/3416/3613 
f 3645/3416/3613 3626/3397/3594 3629/3400/3597 3635/3406/3603 
f 3646/3417/3614 3647/3418/3615 3648/3419/3616 3649/3420/3617 
f 3647/3418/3615 3650/3421/3618 3651/3422/3619 3648/3419/3616 
f 3652/3423/3620 3653/3424/3621 3647/3418/3615 3646/3417/3614 
f 3653/3424/3621 3654/3425/3622 3650/3421/3618 3647/3418/3615 
f 3655/1034/3623 3649/1035/3617 3610/1036/3574 3611/1037/3575 
f 3649/3420/3617 3648/3419/3616 3609/3395/3573 3610/3396/3574 
f 3648/3419/3616 3651/3422/3619 3608/3394/3572 3609/3395/3573 
f 3651/3422/3619 3635/3406/3603 3595/3382/3559 3608/3394/3572 
f 3650/3421/3618 3645/3416/3613 3635/3406/3603 3651/3422/3619 
f 3654/3425/3622 3644/3415/3612 3645/3416/3613 3650/3421/3618 
f 3656/3426/3624 3643/3414/3611 3644/3415/3612 3654/3425/3622 
f 3657/3427/3625 3656/3426/3624 3654/3425/3622 3653/3424/3621 
f 3658/3428/3626 3657/3427/3625 3653/3424/3621 3652/3423/3620 
f 3659/1641/3627 3658/1045/3626 3652/1046/3620 3660/1047/3628 
f 3660/1047/3628 3652/1046/3620 3646/1048/3614 3661/1049/3629 
f 3661/1049/3629 3646/1048/3614 3649/1035/3617 3655/1034/3623 
f 3662/1050/3630 3663/1051/3631 3664/1052/3632 3665/1053/3633 
f 3663/1051/3631 3666/1054/3634 3667/1055/3635 3664/1052/3632 
f 3668/1056/3636 3669/1057/3637 3663/1051/3631 3662/1050/3630 
f 3669/1057/3637 3670/1058/3638 3666/1054/3634 3663/1051/3631 
f 3625/1059/3590 304/1060/3592 303/1061/3639 3665/1053/3633 
f 3665/1053/3633 3664/1052/3632 3624/1062/3589 3625/1059/3590 
f 3664/1052/3632 3667/1055/3635 3623/1063/3588 3624/1062/3589 
f 3667/1055/3635 3655/1034/3623 3611/1037/3575 3623/1063/3588 
f 3666/1054/3634 3661/1049/3629 3655/1034/3623 3667/1055/3635 
f 3670/1058/3638 3660/1047/3628 3661/1049/3629 3666/1054/3634 
f 3671/1064/3640 3659/1641/3627 3660/1047/3628 3670/1058/3638 
f 3672/1065/3641 3671/1064/3640 3670/1058/3638 3669/1057/3637 
f 3673/1066/3642 3672/1065/3641 3669/1057/3637 3668/1056/3636 
f 3668/1056/3636 301/1067/3643 300/1068/3644 3673/1066/3642 
f 3662/1050/3630 302/1780/3645 301/1067/3643 3668/1056/3636 
f 3665/1053/3633 303/1061/3639 302/1780/3645 3662/1050/3630 
f 3674/3429/3646 3675/3430/3647 3676/3431/3648 3677/3432/3649 
f 3674/3429/3646 3678/3433/3650 3679/3434/3651 3675/3430/3647 
f 3674/3429/3646 3677/3432/3649 3680/3435/3652 3678/3433/3650 
f 3533/3320/3497 3532/3319/3496 3681/3436/3653 3676/3431/3648 
f 3675/3430/3647 3530/3317/3494 3533/3320/3497 3676/3431/3648 
f 3676/3431/3648 3681/3436/3653 3682/3437/3654 3677/3432/3649 
f 3679/3434/3651 3683/3438/3655 1167/1083/178 3529/3316/3493 
f 3684/3439/3656 3683/3438/3655 3679/3434/3651 3678/3433/3650 
f 3679/3434/3651 3529/3316/3493 3530/3317/3494 3675/3430/3647 
f 3680/3435/3652 3685/3440/3657 3686/3441/3658 3687/3442/3659 
f 3677/3432/3649 3682/3437/3654 3685/3440/3657 3680/3435/3652 
f 3678/3433/3650 3680/3435/3652 3687/3442/3659 3684/3439/3656 
f 3688/3443/3660 3689/3444/3661 3690/3445/3662 3691/3446/3663 
f 3690/3445/3662 3689/3444/3661 3692/3447/3664 3693/3448/3665 
f 3694/3449/3666 3695/3450/3667 3689/3444/3661 3688/3443/3660 
f 3695/3450/3667 3696/3451/3668 3692/3447/3664 3689/3444/3661 
f 3697/3452/3669 3691/3446/3663 3546/3333/3510 3547/3334/3511 
f 3691/3446/3663 3690/3445/3662 3545/3332/3509 3546/3333/3510 
f 3545/3332/3509 3690/3445/3662 3693/3448/3665 3544/3331/3508 
f 3544/3331/3508 3693/3448/3665 3681/3436/3653 3532/3319/3496 
f 3693/3448/3665 3692/3447/3664 3682/3437/3654 3681/3436/3653 
f 3696/3451/3668 3685/3440/3657 3682/3437/3654 3692/3447/3664 
f 3698/3453/3670 3686/3441/3658 3685/3440/3657 3696/3451/3668 
f 3699/3454/3671 3698/3453/3670 3696/3451/3668 3695/3450/3667 
f 3700/3455/3672 3699/3454/3671 3695/3450/3667 3694/3449/3666 
f 3701/3456/3673 3700/3455/3672 3694/3449/3666 3702/3457/3674 
f 3702/3457/3674 3694/3449/3666 3688/3443/3660 3703/3458/3675 
f 3703/3458/3675 3688/3443/3660 3691/3446/3663 3697/3452/3669 
f 3704/3459/3676 3705/3460/3677 3706/3461/3678 3707/3462/3679 
f 3705/3460/3677 3708/3463/3680 3709/3464/3681 3706/3461/3678 
f 3710/3465/3682 3711/3466/3683 3705/3460/3677 3704/3459/3676 
f 3711/3466/3683 3712/3467/3684 3708/3463/3680 3705/3460/3677 
f 3713/3468/3685 3707/3462/3679 3562/3349/3526 3563/3350/3527 
f 3707/3462/3679 3706/3461/3678 3561/3348/3525 3562/3349/3526 
f 3706/3461/3678 3709/3464/3681 3560/3347/3524 3561/3348/3525 
f 3709/3464/3681 3697/3452/3669 3547/3334/3511 3560/3347/3524 
f 3708/3463/3680 3703/3458/3675 3697/3452/3669 3709/3464/3681 
f 3712/3467/3684 3702/3457/3674 3703/3458/3675 3708/3463/3680 
f 3714/3469/3686 3701/3456/3673 3702/3457/3674 3712/3467/3684 
f 3715/3470/3687 3714/3469/3686 3712/3467/3684 3711/3466/3683 
f 3716/3471/3688 3715/3470/3687 3711/3466/3683 3710/3465/3682 
f 3717/3472/3689 3716/3471/3688 3710/3465/3682 3718/3473/3690 
f 3718/3473/3690 3710/3465/3682 3704/3459/3676 3719/3474/3691 
f 3719/3474/3691 3704/3459/3676 3707/3462/3679 3713/3468/3685 
f 3720/3475/3692 3721/3476/3693 3722/3477/3694 3723/3478/3695 
f 3721/3476/3693 3724/3479/3696 3725/3480/3697 3722/3477/3694 
f 3726/3481/3698 3727/3482/3699 3721/3476/3693 3720/3475/3692 
f 3727/3482/3699 3728/3483/3700 3724/3479/3696 3721/3476/3693 
f 3636/3407/3604 3723/3478/3695 3578/3365/3542 3579/3366/3543 
f 3723/3478/3695 3722/3477/3694 3577/3364/3541 3578/3365/3542 
f 3722/3477/3694 3725/3480/3697 3576/3363/3540 3577/3364/3541 
f 3725/3480/3697 3713/3468/3685 3563/3350/3527 3576/3363/3540 
f 3724/3479/3696 3719/3474/3691 3713/3468/3685 3725/3480/3697 
f 3728/3483/3700 3718/3473/3690 3719/3474/3691 3724/3479/3696 
f 3729/3484/3701 3717/3472/3689 3718/3473/3690 3728/3483/3700 
f 3730/3485/3702 3729/3484/3701 3728/3483/3700 3727/3482/3699 
f 3731/3486/3703 3730/3485/3702 3727/3482/3699 3726/3481/3698 
f 3640/3411/3608 3731/3486/3703 3726/3481/3698 3638/3409/3606 
f 3638/3409/3606 3726/3481/3698 3720/3475/3692 3637/3408/3605 
f 3637/3408/3605 3720/3475/3692 3723/3478/3695 3636/3407/3604 
f 3732/3487/3704 3733/3488/3705 3734/3489/3706 3735/3490/3707 
f 3734/3489/3706 3733/3488/3705 3736/3491/3708 3737/3492/3709 
f 3738/3493/3710 3739/3494/3711 3733/3488/3705 3732/3487/3704 
f 3739/3494/3711 3740/3495/3712 3736/3491/3708 3733/3488/3705 
f 3741/3496/3713 3735/3490/3707 3700/3455/3672 3701/3456/3673 
f 3735/3490/3707 3734/3489/3706 3699/3454/3671 3700/3455/3672 
f 3699/3454/3671 3734/3489/3706 3737/3492/3709 3698/3453/3670 
f 3698/3453/3670 3737/3492/3709 3742/3497/3714 3686/3441/3658 
f 3737/3492/3709 3736/3491/3708 3743/3498/3715 3742/3497/3714 
f 3740/3495/3712 3744/3499/3716 3743/3498/3715 3736/3491/3708 
f 3745/3500/3717 3746/3501/3718 3744/3499/3716 3740/3495/3712 
f 3747/3502/3719 3745/3500/3717 3740/3495/3712 3739/3494/3711 
f 3748/3503/3720 3747/3502/3719 3739/3494/3711 3738/3493/3710 
f 3749/3504/3721 3748/3503/3720 3738/3493/3710 3750/3505/3722 
f 3750/3505/3722 3738/3493/3710 3732/3487/3704 3751/3506/3723 
f 3751/3506/3723 3732/3487/3704 3735/3490/3707 3741/3496/3713 
f 3752/3507/3724 3753/3508/3725 3754/3509/3726 3755/3510/3727 
f 3753/3508/3725 3756/3511/3728 3757/3512/3729 3754/3509/3726 
f 3758/3513/3730 3759/3514/3731 3753/3508/3725 3752/3507/3724 
f 3759/3514/3731 3760/3515/3732 3756/3511/3728 3753/3508/3725 
f 3761/3516/3733 3755/3510/3727 3716/3471/3688 3717/3472/3689 
f 3755/3510/3727 3754/3509/3726 3715/3470/3687 3716/3471/3688 
f 3754/3509/3726 3757/3512/3729 3714/3469/3686 3715/3470/3687 
f 3757/3512/3729 3741/3496/3713 3701/3456/3673 3714/3469/3686 
f 3756/3511/3728 3751/3506/3723 3741/3496/3713 3757/3512/3729 
f 3760/3515/3732 3750/3505/3722 3751/3506/3723 3756/3511/3728 
f 3762/3517/3734 3749/3504/3721 3750/3505/3722 3760/3515/3732 
f 3763/3518/3735 3762/3517/3734 3760/3515/3732 3759/3514/3731 
f 3764/3519/3736 3763/3518/3735 3759/3514/3731 3758/3513/3730 
f 3765/3520/3737 3764/3519/3736 3758/3513/3730 3766/3521/3738 
f 3766/3521/3738 3758/3513/3730 3752/3507/3724 3767/3522/3739 
f 3767/3522/3739 3752/3507/3724 3755/3510/3727 3761/3516/3733 
f 3768/3523/3740 3769/3524/3741 3770/3525/3742 3771/3526/3743 
f 3769/3524/3741 3772/3527/3744 3773/3528/3745 3770/3525/3742 
f 3774/3529/3746 3775/3530/3747 3769/3524/3741 3768/3523/3740 
f 3775/3530/3747 3776/3531/3748 3772/3527/3744 3769/3524/3741 
f 3777/3532/3749 3771/3526/3743 3731/3486/3703 3640/3411/3608 
f 3771/3526/3743 3770/3525/3742 3730/3485/3702 3731/3486/3703 
f 3770/3525/3742 3773/3528/3745 3729/3484/3701 3730/3485/3702 
f 3773/3528/3745 3761/3516/3733 3717/3472/3689 3729/3484/3701 
f 3772/3527/3744 3767/3522/3739 3761/3516/3733 3773/3528/3745 
f 3776/3531/3748 3766/3521/3738 3767/3522/3739 3772/3527/3744 
f 3778/3533/3750 3765/3520/3737 3766/3521/3738 3776/3531/3748 
f 3779/3534/3751 3778/3533/3750 3776/3531/3748 3775/3530/3747 
f 3780/3535/3752 3779/3534/3751 3775/3530/3747 3774/3529/3746 
f 3781/3536/3753 3780/3535/3752 3774/3529/3746 3782/3537/3754 
f 3782/3537/3754 3774/3529/3746 3768/3523/3740 3783/3538/3755 
f 3783/3538/3755 3768/3523/3740 3771/3526/3743 3777/3532/3749 
f 3784/3539/3756 3785/3540/3757 3786/3541/3758 3787/3542/3759 
f 3785/3540/3757 3788/3543/3760 3789/3544/3761 3786/3541/3758 
f 3790/3545/3762 3791/3546/3763 3785/3540/3757 3784/3539/3756 
f 3791/3546/3763 3792/3547/3764 3788/3543/3760 3785/3540/3757 
f 3793/3548/3765 3787/3542/3759 3642/3413/3610 3643/3414/3611 
f 3787/3542/3759 3786/3541/3758 3641/3412/3609 3642/3413/3610 
f 3786/3541/3758 3789/3544/3761 3639/3410/3607 3641/3412/3609 
f 3789/3544/3761 3777/3532/3749 3640/3411/3608 3639/3410/3607 
f 3788/3543/3760 3783/3538/3755 3777/3532/3749 3789/3544/3761 
f 3792/3547/3764 3782/3537/3754 3783/3538/3755 3788/3543/3760 
f 3794/3549/3766 3781/3536/3753 3782/3537/3754 3792/3547/3764 
f 3795/3550/3767 3794/3549/3766 3792/3547/3764 3791/3546/3763 
f 3796/3551/3768 3795/3550/3767 3791/3546/3763 3790/3545/3762 
f 3797/3552/3769 3796/3551/3768 3790/3545/3762 3798/3553/3770 
f 3798/3553/3770 3790/3545/3762 3784/3539/3756 3799/3554/3771 
f 3799/3554/3771 3784/3539/3756 3787/3542/3759 3793/3548/3765 
f 3800/3555/3772 3801/3556/3773 3802/3557/3774 3803/3558/3775 
f 3801/3556/3773 3804/3559/3776 3805/3560/3777 3802/3557/3774 
f 3806/3561/3778 3807/3562/3779 3801/3556/3773 3800/3555/3772 
f 3807/3562/3779 3808/3563/3780 3804/3559/3776 3801/3556/3773 
f 3809/1181/3781 3803/1182/3775 3658/1045/3626 3659/1641/3627 
f 3803/3558/3775 3802/3557/3774 3657/3427/3625 3658/3428/3626 
f 3802/3557/3774 3805/3560/3777 3656/3426/3624 3657/3427/3625 
f 3805/3560/3777 3793/3548/3765 3643/3414/3611 3656/3426/3624 
f 3804/3559/3776 3799/3554/3771 3793/3548/3765 3805/3560/3777 
f 3808/3563/3780 3798/3553/3770 3799/3554/3771 3804/3559/3776 
f 3810/3564/3782 3797/3552/3769 3798/3553/3770 3808/3563/3780 
f 3811/3565/3783 3810/3564/3782 3808/3563/3780 3807/3562/3779 
f 3812/3566/3784 3811/3565/3783 3807/3562/3779 3806/3561/3778 
f 3813/1186/3785 3812/1187/3784 3806/1188/3778 3814/1189/3786 
f 3814/1189/3786 3806/1188/3778 3800/1190/3772 3815/1191/3787 
f 3815/1191/3787 3800/1190/3772 3803/1182/3775 3809/1181/3781 
f 3816/1639/3788 3817/1193/3789 3818/1194/3790 3819/1195/3791 
f 3817/1193/3789 3820/1196/3792 3821/1197/3793 3818/1194/3790 
f 3822/1198/3794 3823/1199/3795 3817/1193/3789 3816/1639/3788 
f 3823/1199/3795 3824/1640/3796 3820/1196/3792 3817/1193/3789 
f 3673/1066/3642 300/1068/3644 299/1201/3797 3819/1195/3791 
f 3819/1195/3791 3818/1194/3790 3672/1065/3641 3673/1066/3642 
f 3818/1194/3790 3821/1197/3793 3671/1064/3640 3672/1065/3641 
f 3821/1197/3793 3809/1181/3781 3659/1641/3627 3671/1064/3640 
f 3820/1196/3792 3815/1191/3787 3809/1181/3781 3821/1197/3793 
f 3824/1640/3796 3814/1189/3786 3815/1191/3787 3820/1196/3792 
f 3825/1202/3798 3813/1186/3785 3814/1189/3786 3824/1640/3796 
f 3826/1203/3799 3825/1202/3798 3824/1640/3796 3823/1199/3795 
f 3827/1204/3800 3826/1203/3799 3823/1199/3795 3822/1198/3794 
f 3822/1198/3794 297/1205/3801 296/1206/3802 3827/1204/3800 
f 3816/1639/3788 298/1207/3803 297/1205/3801 3822/1198/3794 
f 3819/1195/3791 299/1201/3797 298/1207/3803 3816/1639/3788 
f 3828/3567/3804 3829/3568/3805 3830/3569/3806 3831/3570/3807 
f 3828/3567/3804 3832/3571/3808 3833/3572/3809 3829/3568/3805 
f 3828/3567/3804 3831/3570/3807 3834/3573/3810 3832/3571/3808 
f 3687/3442/3659 3686/3441/3658 3742/3497/3714 3830/3569/3806 
f 3829/3568/3805 3684/3439/3656 3687/3442/3659 3830/3569/3806 
f 3830/3569/3806 3742/3497/3714 3743/3498/3715 3831/3570/3807 
f 3833/3572/3809 3835/3574/3811 1167/1083/178 3683/3438/3655 
f 3836/3575/3812 3835/3574/3811 3833/3572/3809 3832/3571/3808 
f 3833/3572/3809 3683/3438/3655 3684/3439/3656 3829/3568/3805 
f 3834/3573/3810 3744/3499/3716 3746/3501/3718 3837/3576/3813 
f 3831/3570/3807 3743/3498/3715 3744/3499/3716 3834/3573/3810 
f 3832/3571/3808 3834/3573/3810 3837/3576/3813 3836/3575/3812 
f 3838/3577/3814 3839/3578/3815 3840/3579/3816 3841/3580/3817 
f 3839/3578/3815 3842/3581/3818 3843/3582/3819 3840/3579/3816 
f 3844/3583/3820 3845/3584/3821 3839/3578/3815 3838/3577/3814 
f 3845/3584/3821 3846/3585/3822 3842/3581/3818 3839/3578/3815 
f 3847/1227/3823 3841/1228/3817 3812/1187/3784 3813/1186/3785 
f 3841/3580/3817 3840/3579/3816 3811/3565/3783 3812/3566/3784 
f 3840/3579/3816 3843/3582/3819 3810/3564/3782 3811/3565/3783 
f 3843/3582/3819 3848/3586/3824 3797/3552/3769 3810/3564/3782 
f 3842/3581/3818 3849/3587/3825 3848/3586/3824 3843/3582/3819 
f 3846/3585/3822 3850/3588/3826 3849/3587/3825 3842/3581/3818 
f 3851/3589/3827 3852/3590/3828 3850/3588/3826 3846/3585/3822 
f 3853/3591/3829 3851/3589/3827 3846/3585/3822 3845/3584/3821 
f 3854/3592/3830 3853/3591/3829 3845/3584/3821 3844/3583/3820 
f 3855/3593/3831 3854/3592/3830 3844/3583/3820 3856/3594/3832 
f 3856/3594/3832 3844/3583/3820 3838/3577/3814 3857/3595/3833 
f 3857/3595/3833 3838/3577/3814 3841/3580/3817 3847/3596/3823 
f 3858/1240/3834 3859/1241/3835 3860/1242/3836 3861/1243/3837 
f 3859/1241/3835 3862/1244/3838 3863/1245/3839 3860/1242/3836 
f 3864/1246/3840 3865/1247/3841 3859/1241/3835 3858/1240/3834 
f 3865/1247/3841 3866/1248/3842 3862/1244/3838 3859/1241/3835 
f 3827/1204/3800 296/1206/3802 295/1249/3843 3861/1243/3837 
f 3861/1243/3837 3860/1242/3836 3826/1203/3799 3827/1204/3800 
f 3860/1242/3836 3863/1245/3839 3825/1202/3798 3826/1203/3799 
f 3863/1245/3839 3847/1227/3823 3813/1186/3785 3825/1202/3798 
f 3862/1244/3838 3857/1250/3833 3847/1227/3823 3863/1245/3839 
f 3866/1248/3842 3856/1251/3832 3857/1250/3833 3862/1244/3838 
f 3867/1252/3844 3855/1253/3831 3856/1251/3832 3866/1248/3842 
f 3868/1254/3845 3867/1252/3844 3866/1248/3842 3865/1247/3841 
f 3869/1255/3846 3868/1254/3845 3865/1247/3841 3864/1246/3840 
f 3864/1246/3840 293/1256/3847 292/1257/3848 3869/1255/3846 
f 3858/1240/3834 294/1258/3849 293/1256/3847 3864/1246/3840 
f 3861/1243/3837 295/1249/3843 294/1258/3849 3858/1240/3834 
f 3870/3597/3850 3871/3598/3851 3872/3599/3852 3873/3600/3853 
f 3870/3597/3850 3874/3601/3854 3875/3602/3855 3871/3598/3851 
f 3870/3597/3850 3873/3600/3853 3876/3603/3856 3874/3601/3854 
f 3837/3576/3813 3746/3501/3718 3877/3604/3857 3872/3599/3852 
f 3871/3598/3851 3836/3575/3812 3837/3576/3813 3872/3599/3852 
f 3872/3599/3852 3877/3604/3857 3878/3605/3858 3873/3600/3853 
f 3875/3602/3855 3879/3606/3859 1167/1083/178 3835/3574/3811 
f 3880/3607/3860 3879/3606/3859 3875/3602/3855 3874/3601/3854 
f 3875/3602/3855 3835/3574/3811 3836/3575/3812 3871/3598/3851 
f 3876/3603/3856 3881/3608/3861 3882/3609/3862 3883/3610/3863 
f 3873/3600/3853 3878/3605/3858 3881/3608/3861 3876/3603/3856 
f 3874/3601/3854 3876/3603/3856 3883/3610/3863 3880/3607/3860 
f 3884/3611/3864 3885/3612/3865 3886/3613/3866 3887/3614/3867 
f 3886/3613/3866 3885/3612/3865 3888/3615/3868 3889/3616/3869 
f 3890/3617/3870 3891/3618/3871 3885/3612/3865 3884/3611/3864 
f 3891/3618/3871 3892/3619/3872 3888/3615/3868 3885/3612/3865 
f 3893/3620/3873 3887/3614/3867 3748/3503/3720 3749/3504/3721 
f 3887/3614/3867 3886/3613/3866 3747/3502/3719 3748/3503/3720 
f 3747/3502/3719 3886/3613/3866 3889/3616/3869 3745/3500/3717 
f 3745/3500/3717 3889/3616/3869 3877/3604/3857 3746/3501/3718 
f 3889/3616/3869 3888/3615/3868 3878/3605/3858 3877/3604/3857 
f 3892/3619/3872 3881/3608/3861 3878/3605/3858 3888/3615/3868 
f 3894/3621/3874 3882/3609/3862 3881/3608/3861 3892/3619/3872 
f 3895/3622/3875 3894/3621/3874 3892/3619/3872 3891/3618/3871 
f 3896/3623/3876 3895/3622/3875 3891/3618/3871 3890/3617/3870 
f 3897/3624/3877 3896/3623/3876 3890/3617/3870 3898/3625/3878 
f 3898/3625/3878 3890/3617/3870 3884/3611/3864 3899/3626/3879 
f 3899/3626/3879 3884/3611/3864 3887/3614/3867 3893/3620/3873 
f 3900/3627/3880 3901/3628/3881 3902/3629/3882 3903/3630/3883 
f 3901/3628/3881 3904/3631/3884 3905/3632/3885 3902/3629/3882 
f 3906/3633/3886 3907/3634/3887 3901/3628/3881 3900/3627/3880 
f 3907/3634/3887 3908/3635/3888 3904/3631/3884 3901/3628/3881 
f 3909/3636/3889 3903/3630/3883 3764/3519/3736 3765/3520/3737 
f 3903/3630/3883 3902/3629/3882 3763/3518/3735 3764/3519/3736 
f 3902/3629/3882 3905/3632/3885 3762/3517/3734 3763/3518/3735 
f 3905/3632/3885 3893/3620/3873 3749/3504/3721 3762/3517/3734 
f 3904/3631/3884 3899/3626/3879 3893/3620/3873 3905/3632/3885 
f 3908/3635/3888 3898/3625/3878 3899/3626/3879 3904/3631/3884 
f 3910/3637/3890 3897/3624/3877 3898/3625/3878 3908/3635/3888 
f 3911/3638/3891 3910/3637/3890 3908/3635/3888 3907/3634/3887 
f 3912/3639/3892 3911/3638/3891 3907/3634/3887 3906/3633/3886 
f 3913/3640/3893 3912/3639/3892 3906/3633/3886 3914/3641/3894 
f 3914/3641/3894 3906/3633/3886 3900/3627/3880 3915/3642/3895 
f 3915/3642/3895 3900/3627/3880 3903/3630/3883 3909/3636/3889 
f 3916/3643/3896 3917/3644/3897 3918/3645/3898 3919/3646/3899 
f 3917/3644/3897 3920/3647/3900 3921/3648/3901 3918/3645/3898 
f 3922/3649/3902 3923/3650/3903 3917/3644/3897 3916/3643/3896 
f 3923/3650/3903 3924/3651/3904 3920/3647/3900 3917/3644/3897 
f 3925/3652/3905 3919/3646/3899 3780/3535/3752 3781/3536/3753 
f 3919/3646/3899 3918/3645/3898 3779/3534/3751 3780/3535/3752 
f 3918/3645/3898 3921/3648/3901 3778/3533/3750 3779/3534/3751 
f 3921/3648/3901 3909/3636/3889 3765/3520/3737 3778/3533/3750 
f 3920/3647/3900 3915/3642/3895 3909/3636/3889 3921/3648/3901 
f 3924/3651/3904 3914/3641/3894 3915/3642/3895 3920/3647/3900 
f 3926/3653/3906 3913/3640/3893 3914/3641/3894 3924/3651/3904 
f 3927/3654/3907 3926/3653/3906 3924/3651/3904 3923/3650/3903 
f 3928/3655/3908 3927/3654/3907 3923/3650/3903 3922/3649/3902 
f 3929/3656/3909 3928/3655/3908 3922/3649/3902 3930/3657/3910 
f 3930/3657/3910 3922/3649/3902 3916/3643/3896 3931/3658/3911 
f 3931/3658/3911 3916/3643/3896 3919/3646/3899 3925/3652/3905 
f 3932/3659/3912 3933/3660/3913 3934/3661/3914 3935/3662/3915 
f 3933/3660/3913 3936/3663/3916 3937/3664/3917 3934/3661/3914 
f 3938/3665/3918 3939/3666/3919 3933/3660/3913 3932/3659/3912 
f 3939/3666/3919 3940/3667/3920 3936/3663/3916 3933/3660/3913 
f 3848/3586/3824 3935/3662/3915 3796/3551/3768 3797/3552/3769 
f 3935/3662/3915 3934/3661/3914 3795/3550/3767 3796/3551/3768 
f 3934/3661/3914 3937/3664/3917 3794/3549/3766 3795/3550/3767 
f 3937/3664/3917 3925/3652/3905 3781/3536/3753 3794/3549/3766 
f 3936/3663/3916 3931/3658/3911 3925/3652/3905 3937/3664/3917 
f 3940/3667/3920 3930/3657/3910 3931/3658/3911 3936/3663/3916 
f 3941/3668/3921 3929/3656/3909 3930/3657/3910 3940/3667/3920 
f 3942/3669/3922 3941/3668/3921 3940/3667/3920 3939/3666/3919 
f 3943/3670/3923 3942/3669/3922 3939/3666/3919 3938/3665/3918 
f 3852/3590/3828 3943/3670/3923 3938/3665/3918 3850/3588/3826 
f 3850/3588/3826 3938/3665/3918 3932/3659/3912 3849/3587/3825 
f 3849/3587/3825 3932/3659/3912 3935/3662/3915 3848/3586/3824 
f 3944/3671/3924 3945/3672/3925 3946/3673/3926 3947/3674/3927 
f 3945/3672/3925 3948/3675/3928 3949/3676/3929 3946/3673/3926 
f 3950/3677/3930 3951/3678/3931 3945/3672/3925 3944/3671/3924 
f 3951/3678/3931 3952/3679/3932 3948/3675/3928 3945/3672/3925 
f 3953/3680/3933 3947/3674/3927 3912/3639/3892 3913/3640/3893 
f 3947/3674/3927 3946/3673/3926 3911/3638/3891 3912/3639/3892 
f 3946/3673/3926 3949/3676/3929 3910/3637/3890 3911/3638/3891 
f 3949/3676/3929 3954/3681/3934 3897/3624/3877 3910/3637/3890 
f 3948/3675/3928 3955/3682/3935 3954/3681/3934 3949/3676/3929 
f 3952/3679/3932 3956/3683/3936 3955/3682/3935 3948/3675/3928 
f 3957/3684/3937 3958/3685/3938 3956/3683/3936 3952/3679/3932 
f 3959/3686/3939 3957/3684/3937 3952/3679/3932 3951/3678/3931 
f 3960/3687/3940 3959/3686/3939 3951/3678/3931 3950/3677/3930 
f 3961/3688/3941 3960/3687/3940 3950/3677/3930 3962/3689/3942 
f 3962/3689/3942 3950/3677/3930 3944/3671/3924 3963/3690/3943 
f 3963/3690/3943 3944/3671/3924 3947/3674/3927 3953/3680/3933 
f 3964/3691/3944 3965/3692/3945 3966/3693/3946 3967/3694/3947 
f 3965/3692/3945 3968/3695/3948 3969/3696/3949 3966/3693/3946 
f 3970/3697/3950 3971/3698/3951 3965/3692/3945 3964/3691/3944 
f 3971/3698/3951 3972/3699/3952 3968/3695/3948 3965/3692/3945 
f 3973/3700/3953 3967/3694/3947 3928/3655/3908 3929/3656/3909 
f 3967/3694/3947 3966/3693/3946 3927/3654/3907 3928/3655/3908 
f 3966/3693/3946 3969/3696/3949 3926/3653/3906 3927/3654/3907 
f 3969/3696/3949 3953/3680/3933 3913/3640/3893 3926/3653/3906 
f 3968/3695/3948 3963/3690/3943 3953/3680/3933 3969/3696/3949 
f 3972/3699/3952 3962/3689/3942 3963/3690/3943 3968/3695/3948 
f 3974/3701/3954 3961/3688/3941 3962/3689/3942 3972/3699/3952 
f 3975/3702/3955 3974/3701/3954 3972/3699/3952 3971/3698/3951 
f 3976/3703/3956 3975/3702/3955 3971/3698/3951 3970/3697/3950 
f 3977/3704/3957 3976/3703/3956 3970/3697/3950 3978/3705/3958 
f 3978/3705/3958 3970/3697/3950 3964/3691/3944 3979/3706/3959 
f 3979/3706/3959 3964/3691/3944 3967/3694/3947 3973/3700/3953 
f 3980/3707/3960 3981/3708/3961 3982/3709/3962 3983/3710/3963 
f 3981/3708/3961 3984/3711/3964 3985/3712/3965 3982/3709/3962 
f 3986/3713/3966 3987/3714/3967 3981/3708/3961 3980/3707/3960 
f 3987/3714/3967 3988/3715/3968 3984/3711/3964 3981/3708/3961 
f 3989/3716/3969 3983/3710/3963 3943/3670/3923 3852/3590/3828 
f 3983/3710/3963 3982/3709/3962 3942/3669/3922 3943/3670/3923 
f 3982/3709/3962 3985/3712/3965 3941/3668/3921 3942/3669/3922 
f 3985/3712/3965 3973/3700/3953 3929/3656/3909 3941/3668/3921 
f 3984/3711/3964 3979/3706/3959 3973/3700/3953 3985/3712/3965 
f 3988/3715/3968 3978/3705/3958 3979/3706/3959 3984/3711/3964 
f 3990/3717/3970 3977/3704/3957 3978/3705/3958 3988/3715/3968 
f 3991/3718/3971 3990/3717/3970 3988/3715/3968 3987/3714/3967 
f 3992/3719/3972 3991/3718/3971 3987/3714/3967 3986/3713/3966 
f 3993/3720/3973 3992/3719/3972 3986/3713/3966 3994/3721/3974 
f 3994/3721/3974 3986/3713/3966 3980/3707/3960 3995/3722/3975 
f 3995/3722/3975 3980/3707/3960 3983/3710/3963 3989/3716/3969 
f 3996/3723/3976 3997/3724/3977 3998/3725/3978 3999/3726/3979 
f 3997/3724/3977 4000/3727/3980 4001/3728/3981 3998/3725/3978 
f 4002/3729/3982 4003/3730/3983 3997/3724/3977 3996/3723/3976 
f 4003/3730/3983 4004/3731/3984 4000/3727/3980 3997/3724/3977 
f 4005/3732/3985 3999/3726/3979 3854/3592/3830 3855/3593/3831 
f 3999/3726/3979 3998/3725/3978 3853/3591/3829 3854/3592/3830 
f 3998/3725/3978 4001/3728/3981 3851/3589/3827 3853/3591/3829 
f 4001/3728/3981 3989/3716/3969 3852/3590/3828 3851/3589/3827 
f 4000/3727/3980 3995/3722/3975 3989/3716/3969 4001/3728/3981 
f 4004/3731/3984 3994/3721/3974 3995/3722/3975 4000/3727/3980 
f 4006/3733/3986 3993/3720/3973 3994/3721/3974 4004/3731/3984 
f 4007/3734/3987 4006/3733/3986 4004/3731/3984 4003/3730/3983 
f 4008/3735/3988 4007/3734/3987 4003/3730/3983 4002/3729/3982 
f 4009/3736/3989 4008/3735/3988 4002/3729/3982 4010/3737/3990 
f 4010/3737/3990 4002/3729/3982 3996/3723/3976 4011/3738/3991 
f 4011/3738/3991 3996/3723/3976 3999/3726/3979 4005/3732/3985 
f 4012/1401/3992 4013/1402/3993 4014/1403/3994 4015/1404/3995 
f 4013/1402/3993 4016/1405/3996 4017/1406/3997 4014/1403/3994 
f 4018/1407/3998 4019/1408/3999 4013/1402/3993 4012/1401/3992 
f 4019/1408/3999 4020/1409/4000 4016/1405/3996 4013/1402/3993 
f 3869/1255/3846 292/1257/3848 291/1410/4001 4015/1404/3995 
f 4015/1404/3995 4014/1403/3994 3868/1254/3845 3869/1255/3846 
f 4014/1403/3994 4017/1406/3997 3867/1252/3844 3868/1254/3845 
f 4017/1406/3997 4005/1411/3985 3855/1253/3831 3867/1252/3844 
f 4016/3739/3996 4011/3738/3991 4005/3732/3985 4017/3740/3997 
f 4020/3741/4000 4010/3737/3990 4011/3738/3991 4016/3739/3996 
f 4021/3742/4002 4009/3736/3989 4010/3737/3990 4020/3741/4000 
f 4022/1416/4003 4021/1417/4002 4020/1409/4000 4019/1408/3999 
f 4023/1418/4004 4022/1416/4003 4019/1408/3999 4018/1407/3998 
f 4018/1407/3998 289/1448/4005 288/1420/4006 4023/1418/4004 
f 4012/1401/3992 290/1421/4007 289/1448/4005 4018/1407/3998 
f 4015/1404/3995 291/1410/4001 290/1421/4007 4012/1401/3992 
f 4024/3743/4008 4025/3744/4009 4026/3745/4010 4027/3746/4011 
f 4024/3743/4008 4028/3747/4012 4029/3748/4013 4025/3744/4009 
f 4024/3743/4008 4027/3746/4011 4030/3749/4014 4028/3747/4012 
f 3883/3610/3863 3882/3609/3862 4031/3750/4015 4026/3745/4010 
f 4025/3744/4009 3880/3607/3860 3883/3610/3863 4026/3745/4010 
f 4026/3745/4010 4031/3750/4015 4032/3751/4016 4027/3746/4011 
f 4029/3748/4013 4033/3752/4017 1167/1083/178 3879/3606/3859 
f 4034/3753/4018 4033/3752/4017 4029/3748/4013 4028/3747/4012 
f 4029/3748/4013 3879/3606/3859 3880/3607/3860 4025/3744/4009 
f 4030/3749/4014 4035/3754/4019 4036/3755/4020 4037/3756/4021 
f 4027/3746/4011 4032/3751/4016 4035/3754/4019 4030/3749/4014 
f 4028/3747/4012 4030/3749/4014 4037/3756/4021 4034/3753/4018 
f 4038/3757/4022 4039/3758/4023 4040/3759/4024 4041/3760/4025 
f 4040/3759/4024 4039/3758/4023 4042/3761/4026 4043/3762/4027 
f 4044/3763/4028 4045/3764/4029 4039/3758/4023 4038/3757/4022 
f 4045/3764/4029 4046/3765/4030 4042/3761/4026 4039/3758/4023 
f 3954/3681/3934 4041/3760/4025 3896/3623/3876 3897/3624/3877 
f 4041/3760/4025 4040/3759/4024 3895/3622/3875 3896/3623/3876 
f 3895/3622/3875 4040/3759/4024 4043/3762/4027 3894/3621/3874 
f 3894/3621/3874 4043/3762/4027 4031/3750/4015 3882/3609/3862 
f 4043/3762/4027 4042/3761/4026 4032/3751/4016 4031/3750/4015 
f 4046/3765/4030 4035/3754/4019 4032/3751/4016 4042/3761/4026 
f 4047/3766/4031 4036/3755/4020 4035/3754/4019 4046/3765/4030 
f 4048/3767/4032 4047/3766/4031 4046/3765/4030 4045/3764/4029 
f 4049/3768/4033 4048/3767/4032 4045/3764/4029 4044/3763/4028 
f 3958/3685/3938 4049/3768/4033 4044/3763/4028 3956/3683/3936 
f 3956/3683/3936 4044/3763/4028 4038/3757/4022 3955/3682/3935 
f 3955/3682/3935 4038/3757/4022 4041/3760/4025 3954/3681/3934 
f 4050/2202/4034 4051/2203/4035 4052/2209/4036 4053/2208/4037 
f 4051/2203/4035 4054/2206/4038 4055/2210/4039 4052/2209/4036 
f 4056/2205/4040 4057/2204/4041 4051/2203/4035 4050/2202/4034 
f 4057/2204/4041 4058/2207/4042 4054/2206/4038 4051/2203/4035 
f 4023/2219/4004 288/2221/4006 287/2220/4043 4053/2208/4037 
f 4053/2208/4037 4052/2209/4036 4022/2217/4003 4023/2219/4004 
f 4052/2209/4036 4055/2210/4039 4021/2218/4002 4022/2217/4003 
f 4055/3769/4039 4059/3770/4044 4009/3736/3989 4021/3742/4002 
f 4054/3771/4038 4060/3772/4045 4059/3770/4044 4055/3769/4039 
f 4058/3773/4042 4061/3774/4046 4060/3772/4045 4054/3771/4038 
f 4062/2159/4047 4063/2886/4048 4061/2212/4046 4058/2207/4042 
f 4064/2161/4049 4062/2159/4047 4058/2207/4042 4057/2204/4041 
f 4065/2162/4050 4064/2161/4049 4057/2204/4041 4056/2205/4040 
f 4056/2205/4040 285/2211/4051 284/2164/4052 4065/2162/4050 
f 4050/2202/4034 286/2222/4053 285/2211/4051 4056/2205/4040 
f 4053/2208/4037 287/2220/4043 286/2222/4053 4050/2202/4034 
f 4066/3775/4054 4067/3776/4055 4068/3777/4056 4069/3778/4057 
f 4066/3775/4054 4070/3779/4058 4071/3780/4059 4067/3776/4055 
f 4066/3775/4054 4069/3778/4057 4072/3781/4060 4070/3779/4058 
f 4037/3756/4021 4036/3755/4020 4073/3782/4061 4068/3777/4056 
f 4067/3776/4055 4034/3753/4018 4037/3756/4021 4068/3777/4056 
f 4068/3777/4056 4073/3782/4061 4074/3783/4062 4069/3778/4057 
f 4071/3780/4059 4075/3784/4063 1167/1083/178 4033/3752/4017 
f 4076/3785/4064 4075/3784/4063 4071/3780/4059 4070/3779/4058 
f 4071/3780/4059 4033/3752/4017 4034/3753/4018 4067/3776/4055 
f 4072/3781/4060 4077/3786/4065 4078/3787/4066 4079/3788/4067 
f 4069/3778/4057 4074/3783/4062 4077/3786/4065 4072/3781/4060 
f 4070/3779/4058 4072/3781/4060 4079/3788/4067 4076/3785/4064 
f 4080/3789/4068 4081/3790/4069 4082/3791/4070 4083/3792/4071 
f 4082/3791/4070 4081/3790/4069 4084/3793/4072 4085/3794/4073 
f 4086/3795/4074 4087/3796/4075 4081/3790/4069 4080/3789/4068 
f 4087/3796/4075 4088/3797/4076 4084/3793/4072 4081/3790/4069 
f 4089/3798/4077 4083/3792/4071 4049/3768/4033 3958/3685/3938 
f 4083/3792/4071 4082/3791/4070 4048/3767/4032 4049/3768/4033 
f 4048/3767/4032 4082/3791/4070 4085/3794/4073 4047/3766/4031 
f 4047/3766/4031 4085/3794/4073 4073/3782/4061 4036/3755/4020 
f 4085/3794/4073 4084/3793/4072 4074/3783/4062 4073/3782/4061 
f 4088/3797/4076 4077/3786/4065 4074/3783/4062 4084/3793/4072 
f 4090/3799/4078 4078/3787/4066 4077/3786/4065 4088/3797/4076 
f 4091/3800/4079 4090/3799/4078 4088/3797/4076 4087/3796/4075 
f 4092/3801/4080 4091/3800/4079 4087/3796/4075 4086/3795/4074 
f 4093/3802/4081 4092/3801/4080 4086/3795/4074 4094/3803/4082 
f 4094/3803/4082 4086/3795/4074 4080/3789/4068 4095/3804/4083 
f 4095/3804/4083 4080/3789/4068 4083/3792/4071 4089/3798/4077 
f 4096/3805/4084 4097/3806/4085 4098/3807/4086 4099/3808/4087 
f 4097/3806/4085 4100/3809/4088 4101/3810/4089 4098/3807/4086 
f 4102/3811/4090 4103/3812/4091 4097/3806/4085 4096/3805/4084 
f 4103/3812/4091 4104/3813/4092 4100/3809/4088 4097/3806/4085 
f 4105/3814/4093 4099/3808/4087 3960/3687/3940 3961/3688/3941 
f 4099/3808/4087 4098/3807/4086 3959/3686/3939 3960/3687/3940 
f 4098/3807/4086 4101/3810/4089 3957/3684/3937 3959/3686/3939 
f 4101/3810/4089 4089/3798/4077 3958/3685/3938 3957/3684/3937 
f 4100/3809/4088 4095/3804/4083 4089/3798/4077 4101/3810/4089 
f 4104/3813/4092 4094/3803/4082 4095/3804/4083 4100/3809/4088 
f 4106/3815/4094 4093/3802/4081 4094/3803/4082 4104/3813/4092 
f 4107/3816/4095 4106/3815/4094 4104/3813/4092 4103/3812/4091 
f 4108/3817/4096 4107/3816/4095 4103/3812/4091 4102/3811/4090 
f 4109/3818/4097 4108/3817/4096 4102/3811/4090 4110/3819/4098 
f 4110/3819/4098 4102/3811/4090 4096/3805/4084 4111/3820/4099 
f 4111/3820/4099 4096/3805/4084 4099/3808/4087 4105/3814/4093 
f 4112/3821/4100 4113/3822/4101 4114/3823/4102 4115/3824/4103 
f 4113/3822/4101 4116/3825/4104 4117/3826/4105 4114/3823/4102 
f 4118/3827/4106 4119/3828/4107 4113/3822/4101 4112/3821/4100 
f 4119/3828/4107 4120/3829/4108 4116/3825/4104 4113/3822/4101 
f 4121/3830/4109 4115/3824/4103 3976/3703/3956 3977/3704/3957 
f 4115/3824/4103 4114/3823/4102 3975/3702/3955 3976/3703/3956 
f 4114/3823/4102 4117/3826/4105 3974/3701/3954 3975/3702/3955 
f 4117/3826/4105 4105/3814/4093 3961/3688/3941 3974/3701/3954 
f 4116/3825/4104 4111/3820/4099 4105/3814/4093 4117/3826/4105 
f 4120/3829/4108 4110/3819/4098 4111/3820/4099 4116/3825/4104 
f 4122/3831/4110 4109/3818/4097 4110/3819/4098 4120/3829/4108 
f 4123/3832/4111 4122/3831/4110 4120/3829/4108 4119/3828/4107 
f 4124/3833/4112 4123/3832/4111 4119/3828/4107 4118/3827/4106 
f 4125/3834/4113 4124/3833/4112 4118/3827/4106 4126/3835/4114 
f 4126/3835/4114 4118/3827/4106 4112/3821/4100 4127/3836/4115 
f 4127/3836/4115 4112/3821/4100 4115/3824/4103 4121/3830/4109 
f 4128/3837/4116 4129/3838/4117 4130/3839/4118 4131/3840/4119 
f 4129/3838/4117 4132/3841/4120 4133/3842/4121 4130/3839/4118 
f 4134/3843/4122 4135/3844/4123 4129/3838/4117 4128/3837/4116 
f 4135/3844/4123 4136/3845/4124 4132/3841/4120 4129/3838/4117 
f 4137/3846/4125 4131/3840/4119 3992/3719/3972 3993/3720/3973 
f 4131/3840/4119 4130/3839/4118 3991/3718/3971 3992/3719/3972 
f 4130/3839/4118 4133/3842/4121 3990/3717/3970 3991/3718/3971 
f 4133/3842/4121 4121/3830/4109 3977/3704/3957 3990/3717/3970 
f 4132/3841/4120 4127/3836/4115 4121/3830/4109 4133/3842/4121 
f 4136/3845/4124 4126/3835/4114 4127/3836/4115 4132/3841/4120 
f 4138/3847/4126 4125/3834/4113 4126/3835/4114 4136/3845/4124 
f 4139/3848/4127 4138/3847/4126 4136/3845/4124 4135/3844/4123 
f 4140/3849/4128 4139/3848/4127 4135/3844/4123 4134/3843/4122 
f 4141/3850/4129 4140/3849/4128 4134/3843/4122 4142/3851/4130 
f 4142/3851/4130 4134/3843/4122 4128/3837/4116 4143/3852/4131 
f 4143/3852/4131 4128/3837/4116 4131/3840/4119 4137/3846/4125 
f 4144/3853/4132 4145/3854/4133 4146/3855/4134 4147/3856/4135 
f 4145/3854/4133 4148/3857/4136 4149/3858/4137 4146/3855/4134 
f 4150/3859/4138 4151/3860/4139 4145/3854/4133 4144/3853/4132 
f 4151/3860/4139 4152/3861/4140 4148/3857/4136 4145/3854/4133 
f 4059/3770/4044 4147/3856/4135 4008/3735/3988 4009/3736/3989 
f 4147/3856/4135 4146/3855/4134 4007/3734/3987 4008/3735/3988 
f 4146/3855/4134 4149/3858/4137 4006/3733/3986 4007/3734/3987 
f 4149/3858/4137 4137/3846/4125 3993/3720/3973 4006/3733/3986 
f 4148/3857/4136 4143/3852/4131 4137/3846/4125 4149/3858/4137 
f 4152/3861/4140 4142/3851/4130 4143/3852/4131 4148/3857/4136 
f 4153/3862/4141 4141/3850/4129 4142/3851/4130 4152/3861/4140 
f 4154/3863/4142 4153/3862/4141 4152/3861/4140 4151/3860/4139 
f 4155/3864/4143 4154/3863/4142 4151/3860/4139 4150/3859/4138 
f 4063/3865/4048 4155/3864/4143 4150/3859/4138 4061/3774/4046 
f 4061/3774/4046 4150/3859/4138 4144/3853/4132 4060/3772/4045 
f 4060/3772/4045 4144/3853/4132 4147/3856/4135 4059/3770/4044 
f 4156/3866/4144 4157/3867/4145 4158/3868/4146 4159/3869/4147 
f 4157/3867/4145 4160/3870/4148 4161/3871/4149 4158/3868/4146 
f 4162/3872/4150 4163/3873/4151 4157/3867/4145 4156/3866/4144 
f 4163/3873/4151 4164/3874/4152 4160/3870/4148 4157/3867/4145 
f 4165/3875/4153 4159/3869/4147 4108/3817/4096 4109/3818/4097 
f 4159/3869/4147 4158/3868/4146 4107/3816/4095 4108/3817/4096 
f 4158/3868/4146 4161/3871/4149 4106/3815/4094 4107/3816/4095 
f 4161/3871/4149 4166/3876/4154 4093/3802/4081 4106/3815/4094 
f 4160/3870/4148 4167/3877/4155 4166/3876/4154 4161/3871/4149 
f 4164/3874/4152 4168/3878/4156 4167/3877/4155 4160/3870/4148 
f 4169/3879/4157 4170/3880/4158 4168/3878/4156 4164/3874/4152 
f 4171/3881/4159 4169/3879/4157 4164/3874/4152 4163/3873/4151 
f 4172/3882/4160 4171/3881/4159 4163/3873/4151 4162/3872/4150 
f 4173/3883/4161 4172/3882/4160 4162/3872/4150 4174/3884/4162 
f 4174/3884/4162 4162/3872/4150 4156/3866/4144 4175/3885/4163 
f 4175/3885/4163 4156/3866/4144 4159/3869/4147 4165/3875/4153 
f 4176/3886/4164 4177/3887/4165 4178/3888/4166 4179/3889/4167 
f 4177/3887/4165 4180/3890/4168 4181/3891/4169 4178/3888/4166 
f 4182/3892/4170 4183/3893/4171 4177/3887/4165 4176/3886/4164 
f 4183/3893/4171 4184/3894/4172 4180/3890/4168 4177/3887/4165 
f 4185/3895/4173 4179/3889/4167 4124/3833/4112 4125/3834/4113 
f 4179/3889/4167 4178/3888/4166 4123/3832/4111 4124/3833/4112 
f 4178/3888/4166 4181/3891/4169 4122/3831/4110 4123/3832/4111 
f 4181/3891/4169 4165/3875/4153 4109/3818/4097 4122/3831/4110 
f 4180/3890/4168 4175/3885/4163 4165/3875/4153 4181/3891/4169 
f 4184/3894/4172 4174/3884/4162 4175/3885/4163 4180/3890/4168 
f 4186/3896/4174 4173/3883/4161 4174/3884/4162 4184/3894/4172 
f 4187/3897/4175 4186/3896/4174 4184/3894/4172 4183/3893/4171 
f 4188/3898/4176 4187/3897/4175 4183/3893/4171 4182/3892/4170 
f 4189/3899/4177 4188/3898/4176 4182/3892/4170 4190/3900/4178 
f 4190/3900/4178 4182/3892/4170 4176/3886/4164 4191/3901/4179 
f 4191/3901/4179 4176/3886/4164 4179/3889/4167 4185/3895/4173 
f 4192/3902/4180 4193/3903/4181 4194/3904/4182 4195/3905/4183 
f 4193/3903/4181 4196/3906/4184 4197/3907/4185 4194/3904/4182 
f 4198/3908/4186 4199/3909/4187 4193/3903/4181 4192/3902/4180 
f 4199/3909/4187 4200/3910/4188 4196/3906/4184 4193/3903/4181 
f 4201/3911/4189 4195/3905/4183 4140/3849/4128 4141/3850/4129 
f 4195/3905/4183 4194/3904/4182 4139/3848/4127 4140/3849/4128 
f 4194/3904/4182 4197/3907/4185 4138/3847/4126 4139/3848/4127 
f 4197/3907/4185 4185/3895/4173 4125/3834/4113 4138/3847/4126 
f 4196/3906/4184 4191/3901/4179 4185/3895/4173 4197/3907/4185 
f 4200/3910/4188 4190/3900/4178 4191/3901/4179 4196/3906/4184 
f 4202/3912/4190 4189/3899/4177 4190/3900/4178 4200/3910/4188 
f 4203/3913/4191 4202/3912/4190 4200/3910/4188 4199/3909/4187 
f 4204/3914/4192 4203/3913/4191 4199/3909/4187 4198/3908/4186 
f 4205/3915/4193 4204/3914/4192 4198/3908/4186 4206/3916/4194 
f 4206/3916/4194 4198/3908/4186 4192/3902/4180 4207/3917/4195 
f 4207/3917/4195 4192/3902/4180 4195/3905/4183 4201/3911/4189 
f 4208/3918/4196 4209/3919/4197 4210/3920/4198 4211/3921/4199 
f 4209/3919/4197 4212/3922/4200 4213/3923/4201 4210/3920/4198 
f 4214/3924/4202 4215/3925/4203 4209/3919/4197 4208/3918/4196 
f 4215/3925/4203 4216/3926/4204 4212/3922/4200 4209/3919/4197 
f 4217/3927/4205 4211/3921/4199 4155/3864/4143 4063/3865/4048 
f 4211/3921/4199 4210/3920/4198 4154/3863/4142 4155/3864/4143 
f 4210/3920/4198 4213/3923/4201 4153/3862/4141 4154/3863/4142 
f 4213/3923/4201 4201/3911/4189 4141/3850/4129 4153/3862/4141 
f 4212/3922/4200 4207/3917/4195 4201/3911/4189 4213/3923/4201 
f 4216/3926/4204 4206/3916/4194 4207/3917/4195 4212/3922/4200 
f 4218/3928/4206 4205/3915/4193 4206/3916/4194 4216/3926/4204 
f 4219/3929/4207 4218/3928/4206 4216/3926/4204 4215/3925/4203 
f 4220/3930/4208 4219/3929/4207 4215/3925/4203 4214/3924/4202 
f 4221/1971/4209 4220/1972/4208 4214/2139/4202 4222/2138/4210 
f 4222/3931/4210 4214/3924/4202 4208/3918/4196 4223/3932/4211 
f 4223/3932/4211 4208/3918/4196 4211/3921/4199 4217/3927/4205 
f 4224/2147/4212 4225/2148/4213 4226/2154/4214 4227/2885/4215 
f 4225/2148/4213 4228/2151/4216 4229/2155/4217 4226/2154/4214 
f 4230/2150/4218 4231/2149/4219 4225/2148/4213 4224/2147/4212 
f 4231/2149/4219 4232/2152/4220 4228/2151/4216 4225/2148/4213 
f 4065/2162/4050 284/2164/4052 283/2163/4221 4227/2885/4215 
f 4227/2885/4215 4226/2154/4214 4064/2161/4049 4065/2162/4050 
f 4226/2154/4214 4229/2155/4217 4062/2159/4047 4064/2161/4049 
f 4229/2155/4217 4217/2158/4205 4063/2886/4048 4062/2159/4047 
f 4228/2151/4216 4223/2157/4211 4217/2158/4205 4229/2155/4217 
f 4232/2152/4220 4222/2138/4210 4223/2157/4211 4228/2151/4216 
f 4233/1987/4222 4221/1971/4209 4222/2138/4210 4232/2152/4220 
f 4234/1988/4223 4233/1987/4222 4232/2152/4220 4231/2149/4219 
f 4235/1989/4224 4234/1988/4223 4231/2149/4219 4230/2150/4218 
f 4230/2150/4218 259/2156/4225 258/1991/4226 4235/1989/4224 
f 260/3933/4227 259/2156/4225 4230/2150/4218 4224/2147/4212 
f 260/3933/4227 4224/2147/4212 282/2165/4228 
f 4227/2885/4215 283/2163/4221 282/2165/4228 4224/2147/4212 
f 4236/3934/4229 4237/3935/4230 4238/3936/4231 4239/3937/4232 
f 4236/3934/4229 4240/3938/4233 4241/3939/4234 4237/3935/4230 
f 4236/3934/4229 4239/3937/4232 4242/3940/4235 4240/3938/4233 
f 4079/3788/4067 4078/3787/4066 4243/3941/4236 4238/3936/4231 
f 4237/3935/4230 4076/3785/4064 4079/3788/4067 4238/3936/4231 
f 4238/3936/4231 4243/3941/4236 4244/3942/4237 4239/3937/4232 
f 4241/3939/4234 4245/3943/4238 1167/1083/178 4075/3784/4063 
f 4246/3944/4239 4245/3943/4238 4241/3939/4234 4240/3938/4233 
f 4241/3939/4234 4075/3784/4063 4076/3785/4064 4237/3935/4230 
f 4242/3940/4235 4247/3945/4240 4248/3946/4241 4249/3947/4242 
f 4239/3937/4232 4244/3942/4237 4247/3945/4240 4242/3940/4235 
f 4240/3938/4233 4242/3940/4235 4249/3947/4242 4246/3944/4239 
f 4250/3948/4243 4251/3949/4244 4252/3950/4245 4253/3951/4246 
f 4252/3950/4245 4251/3949/4244 4254/3952/4247 4255/3953/4248 
f 4256/3954/4249 4257/3955/4250 4251/3949/4244 4250/3948/4243 
f 4257/3955/4250 4258/3956/4251 4254/3952/4247 4251/3949/4244 
f 4166/3876/4154 4253/3951/4246 4092/3801/4080 4093/3802/4081 
f 4253/3951/4246 4252/3950/4245 4091/3800/4079 4092/3801/4080 
f 4091/3800/4079 4252/3950/4245 4255/3953/4248 4090/3799/4078 
f 4090/3799/4078 4255/3953/4248 4243/3941/4236 4078/3787/4066 
f 4255/3953/4248 4254/3952/4247 4244/3942/4237 4243/3941/4236 
f 4258/3956/4251 4247/3945/4240 4244/3942/4237 4254/3952/4247 
f 4259/3957/4252 4248/3946/4241 4247/3945/4240 4258/3956/4251 
f 4260/3958/4253 4259/3957/4252 4258/3956/4251 4257/3955/4250 
f 4261/3959/4254 4260/3958/4253 4257/3955/4250 4256/3954/4249 
f 4170/3880/4158 4261/3959/4254 4256/3954/4249 4168/3878/4156 
f 4168/3878/4156 4256/3954/4249 4250/3948/4243 4167/3877/4155 
f 4167/3877/4155 4250/3948/4243 4253/3951/4246 4166/3876/4154 
f 4262/1977/4255 4263/1978/4256 4264/1984/4257 4265/1983/4258 
f 4263/1978/4256 4266/1981/4259 4267/1985/4260 4264/1984/4257 
f 4268/1980/4261 4269/1979/4262 4263/1978/4256 4262/1977/4255 
f 4269/1979/4262 4270/1982/4263 4266/1981/4259 4263/1978/4256 
f 4235/1989/4224 258/1991/4226 257/1990/4264 4265/1983/4258 
f 4265/1983/4258 4264/1984/4257 4234/1988/4223 4235/1989/4224 
f 4264/1984/4257 4267/1985/4260 4233/1987/4222 4234/1988/4223 
f 4267/1985/4260 4271/1974/4265 4221/1971/4209 4233/1987/4222 
f 4266/1981/4259 4272/1976/4266 4271/1974/4265 4267/1985/4260 
f 4270/1982/4263 4273/1966/4267 4272/1976/4266 4266/1981/4259 
f 4274/1931/4268 4275/1915/4269 4273/1966/4267 4270/1982/4263 
f 4276/1932/4270 4274/1931/4268 4270/1982/4263 4269/1979/4262 
f 4277/1933/4271 4276/1932/4270 4269/1979/4262 4268/1980/4261 
f 4268/1980/4261 255/2742/4272 254/1935/4273 4277/1933/4271 
f 4262/1977/4255 256/1992/4274 255/2742/4272 4268/1980/4261 
f 4265/1983/4258 257/1990/4264 256/1992/4274 4262/1977/4255 
f 4278/3960/4275 4279/3961/4276 4280/3962/4277 4281/3963/4278 
f 4278/3960/4275 4282/3964/4279 4283/3965/4280 4279/3961/4276 
f 4278/3960/4275 4281/3963/4278 4284/3966/4281 4282/3964/4279 
f 4249/3947/4242 4248/3946/4241 4285/3967/4282 4280/3962/4277 
f 4279/3961/4276 4246/3944/4239 4249/3947/4242 4280/3962/4277 
f 4280/3962/4277 4285/3967/4282 4286/3968/4283 4281/3963/4278 
f 4283/3965/4280 4287/3969/4284 1167/1083/178 4245/3943/4238 
f 4288/3970/4285 4287/3969/4284 4283/3965/4280 4282/3964/4279 
f 4283/3965/4280 4245/3943/4238 4246/3944/4239 4279/3961/4276 
f 4284/3966/4281 4289/3971/4286 4290/3972/4287 4291/3973/4288 
f 4281/3963/4278 4286/3968/4283 4289/3971/4286 4284/3966/4281 
f 4282/3964/4279 4284/3966/4281 4291/3973/4288 4288/3970/4285 
f 4292/3974/4289 4293/3975/4290 4294/3976/4291 4295/3977/4292 
f 4294/3976/4291 4293/3975/4290 4296/3978/4293 4297/3979/4294 
f 4298/3980/4295 4299/3981/4296 4293/3975/4290 4292/3974/4289 
f 4299/3981/4296 4300/3982/4297 4296/3978/4293 4293/3975/4290 
f 4301/3983/4298 4295/3977/4292 4261/3959/4254 4170/3880/4158 
f 4295/3977/4292 4294/3976/4291 4260/3958/4253 4261/3959/4254 
f 4260/3958/4253 4294/3976/4291 4297/3979/4294 4259/3957/4252 
f 4259/3957/4252 4297/3979/4294 4285/3967/4282 4248/3946/4241 
f 4297/3979/4294 4296/3978/4293 4286/3968/4283 4285/3967/4282 
f 4300/3982/4297 4289/3971/4286 4286/3968/4283 4296/3978/4293 
f 4302/3984/4299 4290/3972/4287 4289/3971/4286 4300/3982/4297 
f 4303/3985/4300 4302/3984/4299 4300/3982/4297 4299/3981/4296 
f 4304/3986/4301 4303/3985/4300 4299/3981/4296 4298/3980/4295 
f 4305/3987/4302 4304/3986/4301 4298/3980/4295 4306/3988/4303 
f 4306/3988/4303 4298/3980/4295 4292/3974/4289 4307/3989/4304 
f 4307/3989/4304 4292/3974/4289 4295/3977/4292 4301/3983/4298 
f 4308/3990/4305 4309/3991/4306 4310/3992/4307 4311/3993/4308 
f 4309/3991/4306 4312/3994/4309 4313/3995/4310 4310/3992/4307 
f 4314/3996/4311 4315/3997/4312 4309/3991/4306 4308/3990/4305 
f 4315/3997/4312 4316/3998/4313 4312/3994/4309 4309/3991/4306 
f 4317/3999/4314 4311/3993/4308 4172/3882/4160 4173/3883/4161 
f 4311/3993/4308 4310/3992/4307 4171/3881/4159 4172/3882/4160 
f 4310/3992/4307 4313/3995/4310 4169/3879/4157 4171/3881/4159 
f 4313/3995/4310 4301/3983/4298 4170/3880/4158 4169/3879/4157 
f 4312/3994/4309 4307/3989/4304 4301/3983/4298 4313/3995/4310 
f 4316/3998/4313 4306/3988/4303 4307/3989/4304 4312/3994/4309 
f 4318/4000/4315 4305/3987/4302 4306/3988/4303 4316/3998/4313 
f 4319/4001/4316 4318/4000/4315 4316/3998/4313 4315/3997/4312 
f 4320/4002/4317 4319/4001/4316 4315/3997/4312 4314/3996/4311 
f 4321/4003/4318 4320/4002/4317 4314/3996/4311 4322/4004/4319 
f 4322/4004/4319 4314/3996/4311 4308/3990/4305 4323/4005/4320 
f 4323/4005/4320 4308/3990/4305 4311/3993/4308 4317/3999/4314 
f 4324/4006/4321 4325/4007/4322 4326/4008/4323 4327/4009/4324 
f 4325/4007/4322 4328/4010/4325 4329/4011/4326 4326/4008/4323 
f 4330/4012/4327 4331/4013/4328 4325/4007/4322 4324/4006/4321 
f 4331/4013/4328 4332/4014/4329 4328/4010/4325 4325/4007/4322 
f 4333/4015/4330 4327/4009/4324 4188/3898/4176 4189/3899/4177 
f 4327/4009/4324 4326/4008/4323 4187/3897/4175 4188/3898/4176 
f 4326/4008/4323 4329/4011/4326 4186/3896/4174 4187/3897/4175 
f 4329/4011/4326 4317/3999/4314 4173/3883/4161 4186/3896/4174 
f 4328/4010/4325 4323/4005/4320 4317/3999/4314 4329/4011/4326 
f 4332/4014/4329 4322/4004/4319 4323/4005/4320 4328/4010/4325 
f 4334/4016/4331 4321/4003/4318 4322/4004/4319 4332/4014/4329 
f 4335/4017/4332 4334/4016/4331 4332/4014/4329 4331/4013/4328 
f 4336/4018/4333 4335/4017/4332 4331/4013/4328 4330/4012/4327 
f 4337/4019/4334 4336/4018/4333 4330/4012/4327 4338/4020/4335 
f 4338/4020/4335 4330/4012/4327 4324/4006/4321 4339/4021/4336 
f 4339/4021/4336 4324/4006/4321 4327/4009/4324 4333/4015/4330 
f 4340/4022/4337 4341/4023/4338 4342/4024/4339 4343/4025/4340 
f 4341/4023/4338 4344/4026/4341 4345/4027/4342 4342/4024/4339 
f 4346/4028/4343 4347/4029/4344 4341/4023/4338 4340/4022/4337 
f 4347/4029/4344 4348/4030/4345 4344/4026/4341 4341/4023/4338 
f 4349/4031/4346 4343/4025/4340 4204/3914/4192 4205/3915/4193 
f 4343/4025/4340 4342/4024/4339 4203/3913/4191 4204/3914/4192 
f 4342/4024/4339 4345/4027/4342 4202/3912/4190 4203/3913/4191 
f 4345/4027/4342 4333/4015/4330 4189/3899/4177 4202/3912/4190 
f 4344/4026/4341 4339/4021/4336 4333/4015/4330 4345/4027/4342 
f 4348/4030/4345 4338/4020/4335 4339/4021/4336 4344/4026/4341 
f 4350/4032/4347 4337/4019/4334 4338/4020/4335 4348/4030/4345 
f 4351/4033/4348 4350/4032/4347 4348/4030/4345 4347/4029/4344 
f 4352/4034/4349 4351/4033/4348 4347/4029/4344 4346/4028/4343 
f 4353/4035/4350 4352/4034/4349 4346/4028/4343 4354/4036/4351 
f 4354/4036/4351 4346/4028/4343 4340/4022/4337 4355/4037/4352 
f 4355/4037/4352 4340/4022/4337 4343/4025/4340 4349/4031/4346 
f 4356/4038/4353 4357/4039/4354 4358/4040/4355 4359/4041/4356 
f 4357/4039/4354 4360/4042/4357 4361/4043/4358 4358/4040/4355 
f 4362/4044/4359 4363/4045/4360 4357/4039/4354 4356/4038/4353 
f 4363/4045/4360 4364/4046/4361 4360/4042/4357 4357/4039/4354 
f 4271/1974/4265 4359/1973/4356 4220/1972/4208 4221/1971/4209 
f 4359/4041/4356 4358/4040/4355 4219/3929/4207 4220/3930/4208 
f 4358/4040/4355 4361/4043/4358 4218/3928/4206 4219/3929/4207 
f 4361/4043/4358 4349/4031/4346 4205/3915/4193 4218/3928/4206 
f 4360/4042/4357 4355/4037/4352 4349/4031/4346 4361/4043/4358 
f 4364/4046/4361 4354/4036/4351 4355/4037/4352 4360/4042/4357 
f 4365/4047/4362 4353/4035/4350 4354/4036/4351 4364/4046/4361 
f 4366/4048/4363 4365/4047/4362 4364/4046/4361 4363/4045/4360 
f 4367/4049/4364 4366/4048/4363 4363/4045/4360 4362/4044/4359 
f 4275/1915/4269 4367/1916/4364 4362/1967/4359 4273/1966/4267 
f 4273/1966/4267 4362/1967/4359 4356/1975/4353 4272/1976/4266 
f 4272/1976/4266 4356/1975/4353 4359/1973/4356 4271/1974/4265 
f 4368/4050/4365 4369/4051/4366 4370/4052/4367 4371/4053/4368 
f 4369/4051/4366 4372/4054/4369 4373/4055/4370 4370/4052/4367 
f 4374/4056/4371 4375/4057/4372 4369/4051/4366 4368/4050/4365 
f 4375/4057/4372 4376/4058/4373 4372/4054/4369 4369/4051/4366 
f 4377/4059/4374 4371/4053/4368 4336/4018/4333 4337/4019/4334 
f 4371/4053/4368 4370/4052/4367 4335/4017/4332 4336/4018/4333 
f 4370/4052/4367 4373/4055/4370 4334/4016/4331 4335/4017/4332 
f 4373/4055/4370 4378/4060/4375 4321/4003/4318 4334/4016/4331 
f 4372/4054/4369 4379/4061/4376 4378/4060/4375 4373/4055/4370 
f 4376/4058/4373 4380/4062/4377 4379/4061/4376 4372/4054/4369 
f 1092/998/964 1065/971/937 4380/4062/4377 4376/4058/4373 
f 1091/997/963 1092/998/964 4376/4058/4373 4375/4057/4372 
f 1089/995/961 1091/997/963 4375/4057/4372 4374/4056/4371 
f 1090/996/962 1089/995/961 4374/4056/4371 4381/4063/4378 
f 4381/4063/4378 4374/4056/4371 4368/4050/4365 4382/4064/4379 
f 4382/4064/4379 4368/4050/4365 4371/4053/4368 4377/4059/4374 
f 4383/4065/4380 4384/4066/4381 4385/4067/4382 4386/4068/4383 
f 4384/4066/4381 4387/4069/4384 4388/4070/4385 4385/4067/4382 
f 4389/4071/4386 4390/4072/4387 4384/4066/4381 4383/4065/4380 
f 4390/4072/4387 4391/4073/4388 4387/4069/4384 4384/4066/4381 
f 4392/4074/4389 4386/4068/4383 4352/4034/4349 4353/4035/4350 
f 4386/4068/4383 4385/4067/4382 4351/4033/4348 4352/4034/4349 
f 4385/4067/4382 4388/4070/4385 4350/4032/4347 4351/4033/4348 
f 4388/4070/4385 4377/4059/4374 4337/4019/4334 4350/4032/4347 
f 4387/4069/4384 4382/4064/4379 4377/4059/4374 4388/4070/4385 
f 4391/4073/4388 4381/4063/4378 4382/4064/4379 4387/4069/4384 
f 1112/1018/984 1090/996/962 4381/4063/4378 4391/4073/4388 
f 1111/1017/983 1112/1018/984 4391/4073/4388 4390/4072/4387 
f 1109/1015/981 1111/1017/983 4390/4072/4387 4389/4071/4386 
f 1110/1016/982 1109/1015/981 4389/4071/4386 4393/4075/4390 
f 4393/4075/4390 4389/4071/4386 4383/4065/4380 4394/4076/4391 
f 4394/4076/4391 4383/4065/4380 4386/4068/4383 4392/4074/4389 
f 4395/4077/4392 4396/4078/4393 4397/4079/4394 4398/4080/4395 
f 4396/4078/4393 4399/4081/4396 4400/4082/4397 4397/4079/4394 
f 4401/4083/4398 4402/4084/4399 4396/4078/4393 4395/4077/4392 
f 4402/4084/4399 4403/4085/4400 4399/4081/4396 4396/4078/4393 
f 4404/1918/4401 4398/1917/4395 4367/1916/4364 4275/1915/4269 
f 4398/4080/4395 4397/4079/4394 4366/4048/4363 4367/4049/4364 
f 4397/4079/4394 4400/4082/4397 4365/4047/4362 4366/4048/4363 
f 4400/4082/4397 4392/4074/4389 4353/4035/4350 4365/4047/4362 
f 4399/4081/4396 4394/4076/4391 4392/4074/4389 4400/4082/4397 
f 4403/4085/4400 4393/4075/4390 4394/4076/4391 4399/4081/4396 
f 1132/1040/1004 1110/1016/982 4393/4075/4390 4403/4085/4400 
f 1131/1038/1003 1132/1040/1004 4403/4085/4400 4402/4084/4399 
f 1129/1039/1001 1131/1038/1003 4402/4084/4399 4401/4083/4398 
f 1130/1037/1002 1129/1036/1001 4401/1911/4398 4405/1910/4402 
f 4405/1910/4402 4401/1911/4398 4395/1919/4392 4406/1920/4403 
f 4406/1920/4403 4395/1919/4392 4398/1917/4395 4404/1918/4401 
f 4407/1921/4404 4408/1922/4405 4409/1928/4406 4410/1927/4407 
f 4408/1922/4405 4411/1925/4408 4412/1929/4409 4409/1928/4406 
f 4413/1924/4410 4414/1923/4411 4408/1922/4405 4407/1921/4404 
f 4414/1923/4411 4415/1926/4412 4411/1925/4408 4408/1922/4405 
f 4277/1933/4271 254/1935/4273 253/1934/4413 4410/1927/4407 
f 4410/1927/4407 4409/1928/4406 4276/1932/4270 4277/1933/4271 
f 4409/1928/4406 4412/1929/4409 4274/1931/4268 4276/1932/4270 
f 4412/1929/4409 4404/1918/4401 4275/1915/4269 4274/1931/4268 
f 4411/1925/4408 4406/1920/4403 4404/1918/4401 4412/1929/4409 
f 4415/1926/4412 4405/1910/4402 4406/1920/4403 4411/1925/4408 
f 1150/1063/1024 1130/1037/1002 4405/1910/4402 4415/1926/4412 
f 1149/1062/1023 1150/1063/1024 4415/1926/4412 4414/1923/4411 
f 1148/1059/1020 1149/1062/1023 4414/1923/4411 4413/1924/4410 
f 4413/1924/4410 251/2715/4414 250/1060/1021 1148/1059/1020 
f 4407/1921/4404 252/1936/4415 251/2715/4414 4413/1924/4410 
f 4410/1927/4407 253/1934/4413 252/1936/4415 4407/1921/4404 
f 4416/4086/4416 4417/4087/4417 4418/4088/4418 4419/4089/4419 
f 4416/4086/4416 4420/4090/4420 4421/4091/4421 4417/4087/4417 
f 4416/4086/4416 4419/4089/4419 4422/4092/4422 4420/4090/4420 
f 4291/3973/4288 4290/3972/4287 4423/4093/4423 4418/4088/4418 
f 4417/4087/4417 4288/3970/4285 4291/3973/4288 4418/4088/4418 
f 4418/4088/4418 4423/4093/4423 4424/4094/4424 4419/4089/4419 
f 4421/4091/4421 1168/1084/1044 1167/1083/178 4287/3969/4284 
f 1164/1080/1041 1168/1084/1044 4421/4091/4421 4420/4090/4420 
f 4421/4091/4421 4287/3969/4284 4288/3970/4285 4417/4087/4417 
f 4422/4092/4422 4425/4095/4425 1162/1078/1039 1161/1077/1038 
f 4419/4089/4419 4424/4094/4424 4425/4095/4425 4422/4092/4422 
f 4420/4090/4420 4422/4092/4422 1161/1077/1038 1164/1080/1041 
f 4426/4096/4426 4427/4097/4427 4428/4098/4428 4429/4099/4429 
f 4428/4098/4428 4427/4097/4427 4430/4100/4430 4431/4101/4431 
f 4432/4102/4432 4433/4103/4433 4427/4097/4427 4426/4096/4426 
f 4433/4103/4433 4434/4104/4434 4430/4100/4430 4427/4097/4427 
f 4435/4105/4435 4429/4099/4429 4304/3986/4301 4305/3987/4302 
f 4429/4099/4429 4428/4098/4428 4303/3985/4300 4304/3986/4301 
f 4303/3985/4300 4428/4098/4428 4431/4101/4431 4302/3984/4299 
f 4302/3984/4299 4431/4101/4431 4423/4093/4423 4290/3972/4287 
f 4431/4101/4431 4430/4100/4430 4424/4094/4424 4423/4093/4423 
f 4434/4104/4434 4425/4095/4425 4424/4094/4424 4430/4100/4430 
f 1184/1100/1060 1162/1078/1039 4425/4095/4425 4434/4104/4434 
f 1183/1099/1059 1184/1100/1060 4434/4104/4434 4433/4103/4433 
f 1182/1098/1058 1183/1099/1059 4433/4103/4433 4432/4102/4432 
f 1069/975/941 1182/1098/1058 4432/4102/4432 4436/4106/4436 
f 4436/4106/4436 4432/4102/4432 4426/4096/4426 4437/4107/4437 
f 4437/4107/4437 4426/4096/4426 4429/4099/4429 4435/4105/4435 
f 4438/4108/4438 4439/4109/4439 4440/4110/4440 4441/4111/4441 
f 4439/4109/4439 4442/4112/4442 4443/4113/4443 4440/4110/4440 
f 4444/4114/4444 4445/4115/4445 4439/4109/4439 4438/4108/4438 
f 4445/4115/4445 4446/4116/4446 4442/4112/4442 4439/4109/4439 
f 4378/4060/4375 4441/4111/4441 4320/4002/4317 4321/4003/4318 
f 4441/4111/4441 4440/4110/4440 4319/4001/4316 4320/4002/4317 
f 4440/4110/4440 4443/4113/4443 4318/4000/4315 4319/4001/4316 
f 4443/4113/4443 4435/4105/4435 4305/3987/4302 4318/4000/4315 
f 4442/4112/4442 4437/4107/4437 4435/4105/4435 4443/4113/4443 
f 4446/4116/4446 4436/4106/4436 4437/4107/4437 4442/4112/4442 
f 1067/973/939 1069/975/941 4436/4106/4436 4446/4116/4446 
f 1066/972/938 1067/973/939 4446/4116/4446 4445/4115/4445 
f 1064/970/936 1066/972/938 4445/4115/4445 4444/4114/4444 
f 1065/971/937 1064/970/936 4444/4114/4444 4380/4062/4377 
f 4380/4062/4377 4444/4114/4444 4438/4108/4438 4379/4061/4376 
f 4379/4061/4376 4438/4108/4438 4441/4111/4441 4378/4060/4375 
f 858/760/730 4447/4117/4447 4448/4118/4448 860/762/732 
f 4447/4117/4447 4449/4119/4449 4450/4120/4450 4448/4118/4448 
f 4449/4119/4449 4451/4121/4451 4452/4122/4452 4450/4120/4450 
f 4451/4121/4451 4453/4123/4453 4454/4124/4454 4452/4122/4452 
f 4453/4123/4453 4455/4125/4455 4456/4126/4456 4454/4124/4454 
f 4455/4125/4455 4457/4127/4457 4458/4128/4458 4456/4126/4456 
f 4457/4127/4457 4459/4129/4459 4460/4130/4460 4458/4128/4458 
f 4459/4129/4459 4461/4131/4461 4462/4132/4462 4460/4130/4460 
f 4461/4131/4461 4463/4133/4463 4464/4134/4464 4462/4132/4462 
f 4463/4135/4463 4465/4136/4465 4466/4137/4466 4464/4138/4464 
f 4465/4136/4465 4467/4139/4467 4468/4140/4468 4466/4137/4466 
f 4467/4139/4467 4469/4141/4469 4470/4142/4470 4468/4140/4468 
f 4469/4141/4469 4471/4143/4471 4472/4144/4472 4470/4142/4470 
f 4471/4143/4471 4473/4145/4473 4474/4146/4474 4472/4144/4472 
f 4473/4145/4473 4475/4147/4475 4476/4148/4476 4474/4146/4474 
f 4475/4147/4475 4477/4149/4477 4478/4150/4478 4476/4148/4476 
f 4477/4149/4477 4479/4151/4479 4480/4152/4480 4478/4150/4478 
f 4479/4151/4479 4481/4153/4481 4482/4154/4482 4480/4152/4480 
f 4481/4153/4481 115/75/115 114/74/114 4482/4154/4482 
f 857/759/729 4483/4155/4483 4447/4117/4447 858/760/730 
f 4483/4155/4483 4484/4156/4484 4449/4119/4449 4447/4117/4447 
f 4484/4156/4484 4485/4157/4485 4451/4121/4451 4449/4119/4449 
f 4485/4157/4485 4486/4158/4486 4453/4123/4453 4451/4121/4451 
f 4486/4158/4486 4487/4159/4487 4455/4125/4455 4453/4123/4453 
f 4487/4159/4487 4488/4160/4488 4457/4127/4457 4455/4125/4455 
f 4488/4160/4488 4489/4161/4489 4459/4129/4459 4457/4127/4457 
f 4489/4161/4489 4490/4162/4490 4461/4131/4461 4459/4129/4459 
f 4490/4162/4490 4491/4163/4491 4463/4164/4463 4461/4131/4461 
f 4491/4165/4491 4492/4166/4492 4465/4167/4465 4463/4168/4463 
f 4492/4166/4492 4493/4169/4493 4467/4170/4467 4465/4167/4465 
f 4493/4169/4493 4494/4171/4494 4469/4172/4469 4467/4170/4467 
f 4494/4171/4494 4495/4173/4495 4471/4174/4471 4469/4172/4469 
f 4495/4173/4495 4496/4175/4496 4473/4176/4473 4471/4174/4471 
f 4496/4175/4496 4497/4177/4497 4475/4178/4475 4473/4176/4473 
f 4497/4177/4497 4498/4179/4498 4477/4180/4477 4475/4178/4475 
f 4498/4179/4498 4499/4181/4499 4479/4182/4479 4477/4180/4477 
f 4499/4181/4499 4500/4183/4500 4481/4153/4481 4479/4182/4479 
f 4500/4183/4500 134/82/134 115/75/115 4481/4153/4481 
f 872/774/744 4501/4184/4501 4502/4185/4502 881/783/753 
f 4501/4184/4501 4503/4186/4503 4504/4187/4504 4502/4185/4502 
f 4503/4186/4503 4505/4188/4505 4506/4189/4506 4504/4187/4504 
f 4505/4188/4505 4507/4190/4507 4508/4191/4508 4506/4189/4506 
f 4507/4190/4507 4509/4192/4509 4510/4193/4510 4508/4191/4508 
f 4509/4192/4509 4511/4194/4511 4512/4195/4512 4510/4193/4510 
f 4511/4194/4511 4513/4196/4513 4514/4197/4514 4512/4195/4512 
f 4513/4196/4513 4515/4198/4515 4516/4199/4516 4514/4197/4514 
f 4515/4198/4515 4517/4200/4517 4518/4201/4518 4516/4199/4516 
f 4517/4202/4517 4519/4203/4519 4520/4204/4520 4518/4205/4518 
f 4519/4203/4519 4521/4206/4521 4522/4207/4522 4520/4204/4520 
f 4521/4206/4521 4523/4208/4523 4524/4209/4524 4522/4207/4522 
f 4523/4208/4523 4525/4210/4525 4526/4211/4526 4524/4209/4524 
f 4525/4210/4525 4527/4212/4527 4528/4213/4528 4526/4211/4526 
f 4527/4212/4527 4529/4214/4529 4530/4215/4530 4528/4213/4528 
f 4529/4214/4529 4531/4216/4531 4532/4217/4532 4530/4215/4530 
f 4531/4216/4531 4533/4218/4533 4534/4219/4534 4532/4217/4532 
f 4533/4218/4533 4535/4183/4535 4536/4220/4536 4534/4219/4534 
f 4535/4183/4535 123/82/123 122/81/122 4536/4220/4536 
f 867/769/739 4537/4221/4537 4538/4222/4538 866/768/738 
f 4537/4221/4537 4539/4223/4539 4540/4224/4540 4538/4222/4538 
f 4539/4223/4539 4541/4225/4541 4542/4226/4542 4540/4224/4540 
f 4541/4225/4541 4543/4227/4543 4544/4228/4544 4542/4226/4542 
f 4543/4227/4543 4545/4229/4545 4546/4230/4546 4544/4228/4544 
f 4545/4229/4545 4547/4231/4547 4548/4232/4548 4546/4230/4546 
f 4547/4231/4547 4549/4233/4549 4550/4234/4550 4548/4232/4548 
f 4549/4233/4549 4551/4235/4551 4552/4236/4552 4550/4234/4550 
f 4551/4235/4551 4553/4237/4553 4554/4238/4554 4552/4236/4552 
f 4553/4239/4553 4555/4240/4555 4556/4241/4556 4554/4242/4554 
f 4555/4240/4555 4557/4243/4557 4558/4244/4558 4556/4241/4556 
f 4557/4243/4557 4559/4245/4559 4560/4246/4560 4558/4244/4558 
f 4559/4245/4559 4561/4247/4561 4562/4248/4562 4560/4246/4560 
f 4561/4247/4561 4563/4249/4563 4564/4250/4564 4562/4248/4562 
f 4563/4249/4563 4565/4251/4565 4566/4252/4566 4564/4250/4564 
f 4565/4251/4565 4567/4253/4567 4568/4254/4568 4566/4252/4566 
f 4567/4253/4567 4569/4255/4569 4570/4256/4570 4568/4254/4568 
f 4569/4255/4569 4571/4257/4571 4572/4258/4572 4570/4256/4570 
f 4571/4257/4571 167/94/167 107/67/107 4572/4258/4572 
f 123/82/123 4535/4183/4535 4573/4153/4573 340/75/212 
f 4535/4183/4535 4533/4181/4533 4574/4182/4574 4573/4153/4573 
f 4533/4181/4533 4531/4179/4531 4575/4180/4575 4574/4182/4574 
f 4531/4179/4531 4529/4177/4529 4576/4178/4576 4575/4180/4575 
f 4529/4177/4529 4527/4175/4527 4577/4176/4577 4576/4178/4576 
f 4527/4175/4527 4525/4173/4525 4578/4174/4578 4577/4176/4577 
f 4525/4173/4525 4523/4171/4523 4579/4172/4579 4578/4174/4578 
f 4523/4171/4523 4521/4169/4521 4580/4170/4580 4579/4172/4579 
f 4521/4169/4521 4519/4166/4519 4581/4167/4581 4580/4170/4580 
f 4519/4166/4519 4517/4165/4517 4582/4168/4582 4581/4167/4581 
f 4517/4259/4517 4515/4198/4515 4583/4260/4583 4582/4261/4582 
f 4515/4198/4515 4513/4196/4513 4584/4262/4584 4583/4260/4583 
f 4513/4196/4513 4511/4194/4511 4585/4263/4585 4584/4262/4584 
f 4511/4194/4511 4509/4192/4509 4586/4264/4586 4585/4263/4585 
f 4509/4192/4509 4507/4190/4507 4587/4265/4587 4586/4264/4586 
f 4507/4190/4507 4505/4188/4505 4588/4266/4588 4587/4265/4587 
f 4505/4188/4505 4503/4186/4503 4589/4267/4589 4588/4266/4588 
f 4503/4186/4503 4501/4184/4501 4590/4268/4590 4589/4267/4589 
f 4501/4184/4501 872/774/744 879/781/751 4590/4268/4590 
f 853/755/725 4591/4269/4591 4592/4270/4592 855/757/727 
f 4591/4269/4591 4593/4271/4593 4594/4272/4594 4592/4270/4592 
f 4593/4271/4593 4595/4273/4595 4596/4274/4596 4594/4272/4594 
f 4595/4273/4595 4597/4275/4597 4598/4276/4598 4596/4274/4596 
f 4597/4275/4597 4599/4277/4599 4600/4278/4600 4598/4276/4598 
f 4599/4277/4599 4601/4279/4601 4602/4280/4602 4600/4278/4600 
f 4601/4279/4601 4603/4281/4603 4604/4282/4604 4602/4280/4602 
f 4603/4281/4603 4605/4283/4605 4606/4284/4606 4604/4282/4604 
f 4605/4283/4605 4607/4285/4607 4608/4286/4608 4606/4284/4606 
f 4607/4287/4607 4609/4288/4609 4610/4289/4610 4608/4290/4608 
f 4609/4288/4609 4611/4291/4611 4612/4292/4612 4610/4289/4610 
f 4611/4291/4611 4613/4293/4613 4614/4294/4614 4612/4292/4612 
f 4613/4293/4613 4615/4295/4615 4616/4296/4616 4614/4294/4614 
f 4615/4295/4615 4617/4297/4617 4618/4298/4618 4616/4296/4616 
f 4617/4297/4617 4619/4299/4619 4620/4300/4620 4618/4298/4618 
f 4619/4299/4619 4621/4301/4621 4622/4302/4622 4620/4300/4620 
f 4621/4301/4621 4623/4303/4623 4624/4304/4624 4622/4302/4622 
f 4623/4303/4623 4625/4305/4625 4626/4306/4626 4624/4304/4624 
f 4625/4305/4625 119/78/119 118/77/118 4626/4306/4626 
f 865/767/737 4627/4307/4627 4537/4221/4537 867/769/739 
f 4627/4307/4627 4628/4308/4628 4539/4223/4539 4537/4221/4537 
f 4628/4308/4628 4629/4309/4629 4541/4225/4541 4539/4223/4539 
f 4629/4309/4629 4630/4310/4630 4543/4227/4543 4541/4225/4541 
f 4630/4310/4630 4631/4311/4631 4545/4229/4545 4543/4227/4543 
f 4631/4311/4631 4632/4312/4632 4547/4231/4547 4545/4229/4545 
f 4632/4312/4632 4633/4313/4633 4549/4233/4549 4547/4231/4547 
f 4633/4313/4633 4634/4314/4634 4551/4235/4551 4549/4233/4549 
f 4634/4314/4634 4635/4315/4635 4553/4316/4553 4551/4235/4551 
f 4635/4317/4635 4636/4318/4636 4555/4319/4555 4553/4320/4553 
f 4636/4318/4636 4637/4321/4637 4557/4322/4557 4555/4319/4555 
f 4637/4321/4637 4638/4323/4638 4559/4324/4559 4557/4322/4557 
f 4638/4323/4638 4639/4325/4639 4561/4326/4561 4559/4324/4559 
f 4639/4325/4639 4640/4327/4640 4563/4328/4563 4561/4326/4561 
f 4640/4327/4640 4641/4329/4641 4565/4330/4565 4563/4328/4563 
f 4641/4329/4641 4642/4331/4642 4567/4332/4567 4565/4330/4565 
f 4642/4331/4642 4643/4333/4643 4569/4334/4569 4567/4332/4567 
f 4643/4333/4643 4644/4335/4644 4571/4257/4571 4569/4334/4569 
f 4644/4335/4644 166/92/166 167/94/167 4571/4257/4571 
f 864/766/736 4645/4336/4645 4627/4307/4627 865/767/737 
f 4645/4336/4645 4646/4337/4646 4628/4308/4628 4627/4307/4627 
f 4646/4337/4646 4647/4338/4647 4629/4309/4629 4628/4308/4628 
f 4647/4338/4647 4648/4339/4648 4630/4310/4630 4629/4309/4629 
f 4648/4339/4648 4649/4340/4649 4631/4311/4631 4630/4310/4630 
f 4649/4340/4649 4650/4341/4650 4632/4312/4632 4631/4311/4631 
f 4650/4341/4650 4651/4342/4651 4633/4313/4633 4632/4312/4632 
f 4651/4342/4651 4652/4343/4652 4634/4314/4634 4633/4313/4633 
f 4652/4343/4652 4653/4344/4653 4635/4345/4635 4634/4314/4634 
f 4653/4346/4653 4654/4347/4654 4636/4348/4636 4635/4349/4635 
f 4654/4347/4654 4655/4350/4655 4637/4351/4637 4636/4348/4636 
f 4655/4350/4655 4656/4352/4656 4638/4353/4638 4637/4351/4637 
f 4656/4352/4656 4657/4354/4657 4639/4355/4639 4638/4353/4638 
f 4657/4354/4657 4658/4356/4658 4640/4357/4640 4639/4355/4639 
f 4658/4356/4658 4659/4358/4659 4641/4359/4641 4640/4357/4640 
f 4659/4358/4659 4660/4360/4660 4642/4361/4642 4641/4359/4641 
f 4660/4360/4660 4661/4362/4661 4643/4363/4643 4642/4361/4642 
f 4661/4362/4661 4662/4364/4662 4644/4335/4644 4643/4363/4643 
f 4662/4364/4662 132/89/132 166/92/166 4644/4335/4644 
f 883/785/755 4663/4365/4663 4664/4366/4664 880/782/752 
f 4663/4365/4663 4665/4367/4665 4666/4368/4666 4664/4366/4664 
f 4665/4367/4665 4667/4369/4667 4668/4370/4668 4666/4368/4666 
f 4667/4369/4667 4669/4371/4669 4670/4372/4670 4668/4370/4668 
f 4669/4371/4669 4671/4373/4671 4672/4374/4672 4670/4372/4670 
f 4671/4373/4671 4673/4375/4673 4674/4376/4674 4672/4374/4672 
f 4673/4375/4673 4675/4377/4675 4676/4378/4676 4674/4376/4674 
f 4675/4377/4675 4677/4379/4677 4678/4380/4678 4676/4378/4676 
f 4677/4379/4677 4679/4381/4679 4680/4382/4680 4678/4380/4678 
f 4679/4383/4679 4681/4384/4681 4682/4385/4682 4680/4386/4680 
f 4681/4384/4681 4683/4387/4683 4684/4388/4684 4682/4385/4682 
f 4683/4387/4683 4685/4389/4685 4686/4390/4686 4684/4388/4684 
f 4685/4389/4685 4687/4391/4687 4688/4392/4688 4686/4390/4686 
f 4687/4391/4687 4689/4393/4689 4690/4394/4690 4688/4392/4688 
f 4689/4393/4689 4691/4395/4691 4692/4396/4692 4690/4394/4690 
f 4691/4395/4691 4693/4397/4693 4694/4398/4694 4692/4396/4692 
f 4693/4397/4693 4695/4303/4695 4696/4399/4696 4694/4398/4694 
f 4695/4303/4695 4697/4400/4697 4698/4401/4698 4696/4399/4696 
f 4697/4400/4697 139/78/139 138/91/138 4698/4401/4698 
f 868/770/740 4699/4402/4699 4700/4403/4700 869/771/741 
f 4699/4402/4699 4701/4404/4701 4702/4405/4702 4700/4403/4700 
f 4701/4404/4701 4703/4406/4703 4704/4407/4704 4702/4405/4702 
f 4703/4406/4703 4705/4408/4705 4706/4409/4706 4704/4407/4704 
f 4705/4408/4705 4707/4410/4707 4708/4411/4708 4706/4409/4706 
f 4707/4410/4707 4709/4412/4709 4710/4413/4710 4708/4411/4708 
f 4709/4412/4709 4711/4414/4711 4712/4415/4712 4710/4413/4710 
f 4711/4414/4711 4713/4416/4713 4714/4417/4714 4712/4415/4712 
f 4713/4416/4713 4715/4418/4715 4716/4419/4716 4714/4417/4714 
f 4715/4420/4715 4717/4421/4717 4718/4422/4718 4716/4423/4716 
f 4717/4421/4717 4719/4424/4719 4720/4425/4720 4718/4422/4718 
f 4719/4424/4719 4721/4426/4721 4722/4427/4722 4720/4425/4720 
f 4721/4426/4721 4723/4428/4723 4724/4429/4724 4722/4427/4722 
f 4723/4428/4723 4725/4430/4725 4726/4431/4726 4724/4429/4724 
f 4725/4430/4725 4727/4432/4727 4728/4433/4728 4726/4431/4726 
f 4727/4432/4727 4729/4434/4729 4730/4435/4730 4728/4433/4728 
f 4729/4434/4729 4731/4436/4731 4732/4437/4732 4730/4435/4730 
f 4731/4436/4731 4733/4438/4733 4734/4439/4734 4732/4437/4732 
f 4733/4438/4733 105/65/105 103/63/103 4734/4439/4734 
f 340/75/212 4573/4153/4573 4735/4154/4735 343/74/215 
f 4573/4153/4573 4574/4151/4574 4736/4152/4736 4735/4154/4735 
f 4574/4151/4574 4575/4149/4575 4737/4150/4737 4736/4152/4736 
f 4575/4149/4575 4576/4147/4576 4738/4148/4738 4737/4150/4737 
f 4576/4147/4576 4577/4145/4577 4739/4146/4739 4738/4148/4738 
f 4577/4145/4577 4578/4143/4578 4740/4144/4740 4739/4146/4739 
f 4578/4143/4578 4579/4141/4579 4741/4142/4741 4740/4144/4740 
f 4579/4141/4579 4580/4139/4580 4742/4140/4742 4741/4142/4741 
f 4580/4139/4580 4581/4136/4581 4743/4137/4743 4742/4140/4742 
f 4581/4136/4581 4582/4135/4582 4744/4138/4744 4743/4137/4743 
f 4582/4440/4582 4583/4260/4583 4745/4441/4745 4744/4442/4744 
f 4583/4260/4583 4584/4262/4584 4746/4443/4746 4745/4441/4745 
f 4584/4262/4584 4585/4263/4585 4747/4444/4747 4746/4443/4746 
f 4585/4263/4585 4586/4264/4586 4748/4445/4748 4747/4444/4747 
f 4586/4264/4586 4587/4265/4587 4749/4446/4749 4748/4445/4748 
f 4587/4265/4587 4588/4266/4588 4750/4447/4750 4749/4446/4749 
f 4588/4266/4588 4589/4267/4589 4751/4448/4751 4750/4447/4750 
f 4589/4267/4589 4590/4268/4590 4752/4449/4752 4751/4448/4751 
f 4590/4268/4590 879/781/751 878/780/750 4752/4449/4752 
f 874/776/746 4753/4450/4753 4754/4451/4754 876/778/748 
f 4753/4450/4753 4755/4452/4755 4756/4453/4756 4754/4451/4754 
f 4755/4452/4755 4757/4454/4757 4758/4455/4758 4756/4453/4756 
f 4757/4454/4757 4759/4456/4759 4760/4457/4760 4758/4455/4758 
f 4759/4456/4759 4761/4458/4761 4762/4459/4762 4760/4457/4760 
f 4761/4458/4761 4763/4460/4763 4764/4461/4764 4762/4459/4762 
f 4763/4460/4763 4765/4462/4765 4766/4463/4766 4764/4461/4764 
f 4765/4462/4765 4767/4464/4767 4768/4465/4768 4766/4463/4766 
f 4767/4464/4767 4769/4466/4769 4770/4467/4770 4768/4465/4768 
f 4769/4468/4769 4771/4469/4771 4772/4470/4772 4770/4471/4770 
f 4771/4469/4771 4773/4472/4773 4774/4473/4774 4772/4470/4772 
f 4773/4472/4773 4775/4474/4775 4776/4475/4776 4774/4473/4774 
f 4775/4474/4775 4777/4476/4777 4778/4477/4778 4776/4475/4776 
f 4777/4476/4777 4779/4478/4779 4780/4479/4780 4778/4477/4778 
f 4779/4478/4779 4781/4480/4781 4782/4481/4782 4780/4479/4780 
f 4781/4480/4781 4783/4482/4783 4784/4483/4784 4782/4481/4782 
f 4783/4482/4783 4785/4484/4785 4786/4485/4786 4784/4483/4784 
f 4785/4484/4785 4787/4486/4787 4788/4487/4788 4786/4485/4786 
f 4787/4486/4787 95/53/95 94/52/94 4788/4487/4788 
f 863/765/735 4789/4488/4789 4790/4489/4790 856/758/728 
f 4789/4488/4789 4791/4490/4791 4792/4491/4792 4790/4489/4790 
f 4791/4490/4791 4793/4492/4793 4794/4493/4794 4792/4491/4792 
f 4793/4492/4793 4795/4494/4795 4796/4495/4796 4794/4493/4794 
f 4795/4494/4795 4797/4496/4797 4798/4497/4798 4796/4495/4796 
f 4797/4496/4797 4799/4498/4799 4800/4499/4800 4798/4497/4798 
f 4799/4498/4799 4801/4500/4801 4802/4501/4802 4800/4499/4800 
f 4801/4500/4801 4803/4502/4803 4804/4503/4804 4802/4501/4802 
f 4803/4502/4803 4805/4504/4805 4806/4505/4806 4804/4503/4804 
f 4805/4506/4805 4807/4507/4807 4808/4508/4808 4806/4509/4806 
f 4807/4507/4807 4809/4510/4809 4810/4511/4810 4808/4508/4808 
f 4809/4510/4809 4811/4512/4811 4812/4513/4812 4810/4511/4810 
f 4811/4512/4811 4813/4514/4813 4814/4515/4814 4812/4513/4812 
f 4813/4514/4813 4815/4516/4815 4816/4517/4816 4814/4515/4814 
f 4815/4516/4815 4817/4518/4817 4818/4519/4818 4816/4517/4816 
f 4817/4518/4817 4819/4520/4819 4820/4521/4820 4818/4519/4818 
f 4819/4520/4819 4821/4522/4821 4822/4523/4822 4820/4521/4820 
f 4821/4522/4821 4823/4524/4823 4824/4525/4824 4822/4523/4822 
f 4823/4524/4823 111/71/111 110/70/110 4824/4525/4824 
f 849/751/721 4825/4526/4825 4826/4527/4826 851/753/723 
f 4825/4526/4825 4827/4528/4827 4828/4529/4828 4826/4527/4826 
f 4827/4528/4827 4829/4530/4829 4830/4531/4830 4828/4529/4828 
f 4829/4530/4829 4831/4532/4831 4832/4533/4832 4830/4531/4830 
f 4831/4532/4831 4833/4534/4833 4834/4535/4834 4832/4533/4832 
f 4833/4534/4833 4835/4536/4835 4836/4537/4836 4834/4535/4834 
f 4835/4536/4835 4837/4538/4837 4838/4539/4838 4836/4537/4836 
f 4837/4538/4837 4839/4540/4839 4840/4541/4840 4838/4539/4838 
f 4839/4540/4839 4841/4542/4841 4842/4543/4842 4840/4541/4840 
f 4841/4349/4841 4843/4348/4843 4844/4347/4844 4842/4346/4842 
f 4843/4348/4843 4845/4351/4845 4846/4350/4846 4844/4347/4844 
f 4845/4351/4845 4847/4353/4847 4848/4352/4848 4846/4350/4846 
f 4847/4353/4847 4849/4355/4849 4850/4354/4850 4848/4352/4848 
f 4849/4355/4849 4851/4357/4851 4852/4356/4852 4850/4354/4850 
f 4851/4357/4851 4853/4359/4853 4854/4358/4854 4852/4356/4852 
f 4853/4359/4853 4855/4361/4855 4856/4360/4856 4854/4358/4854 
f 4855/4361/4855 4857/4363/4857 4858/4362/4858 4856/4360/4856 
f 4857/4363/4857 4859/4335/4859 4860/4364/4860 4858/4362/4858 
f 4859/4335/4859 147/92/147 146/89/146 4860/4364/4860 
f 884/786/756 4861/4544/4861 4862/4545/4862 847/749/719 
f 4861/4544/4861 4863/4546/4863 4864/4547/4864 4862/4545/4862 
f 4863/4546/4863 4865/4548/4865 4866/4549/4866 4864/4547/4864 
f 4865/4548/4865 4867/4550/4867 4868/4551/4868 4866/4549/4866 
f 4867/4550/4867 4869/4552/4869 4870/4553/4870 4868/4551/4868 
f 4869/4552/4869 4871/4554/4871 4872/4555/4872 4870/4553/4870 
f 4871/4554/4871 4873/4556/4873 4874/4557/4874 4872/4555/4872 
f 4873/4556/4873 4875/4558/4875 4876/4559/4876 4874/4557/4874 
f 4875/4558/4875 4877/4560/4877 4878/4561/4878 4876/4559/4876 
f 4877/4562/4877 4879/4563/4879 4880/4564/4880 4878/4565/4878 
f 4879/4563/4879 4881/4566/4881 4882/4567/4882 4880/4564/4880 
f 4881/4566/4881 4883/4568/4883 4884/4569/4884 4882/4567/4882 
f 4883/4568/4883 4885/4570/4885 4886/4571/4886 4884/4569/4884 
f 4885/4570/4885 4887/4572/4887 4888/4573/4888 4886/4571/4886 
f 4887/4572/4887 4889/4574/4889 4890/4575/4890 4888/4573/4888 
f 4889/4574/4889 4891/4576/4891 4892/4577/4892 4890/4575/4890 
f 4891/4576/4891 4893/4578/4893 4894/4579/4894 4892/4577/4892 
f 4893/4578/4893 4895/4580/4895 4896/4581/4896 4894/4579/4894 
f 4895/4580/4895 161/57/161 160/60/160 4896/4581/4896 
f 871/773/743 4897/4582/4897 4898/4583/4898 870/772/742 
f 4897/4582/4897 4899/4584/4899 4900/4585/4900 4898/4583/4898 
f 4899/4584/4899 4901/4586/4901 4902/4587/4902 4900/4585/4900 
f 4901/4586/4901 4903/4588/4903 4904/4589/4904 4902/4587/4902 
f 4903/4588/4903 4905/4590/4905 4906/4591/4906 4904/4589/4904 
f 4905/4590/4905 4907/4592/4907 4908/4593/4908 4906/4591/4906 
f 4907/4592/4907 4909/4594/4909 4910/4595/4910 4908/4593/4908 
f 4909/4594/4909 4911/4596/4911 4912/4597/4912 4910/4595/4910 
f 4911/4596/4911 4913/4598/4913 4914/4599/4914 4912/4597/4912 
f 4913/4600/4913 4915/4601/4915 4916/4602/4916 4914/4603/4914 
f 4915/4601/4915 4917/4604/4917 4918/4605/4918 4916/4602/4916 
f 4917/4604/4917 4919/4606/4919 4920/4607/4920 4918/4605/4918 
f 4919/4606/4919 4921/4608/4921 4922/4609/4922 4920/4607/4920 
f 4921/4608/4921 4923/4610/4923 4924/4611/4924 4922/4609/4922 
f 4923/4610/4923 4925/4612/4925 4926/4613/4926 4924/4611/4924 
f 4925/4612/4925 4927/4614/4927 4928/4615/4928 4926/4613/4926 
f 4927/4614/4927 4929/4616/4929 4930/4617/4930 4928/4615/4928 
f 4929/4616/4929 4931/4618/4931 4932/4581/4932 4930/4617/4930 
f 4931/4618/4931 101/61/101 100/60/100 4932/4581/4932 
f 869/771/741 4700/4403/4700 4897/4582/4897 871/773/743 
f 4700/4403/4700 4702/4405/4702 4899/4584/4899 4897/4582/4897 
f 4702/4405/4702 4704/4407/4704 4901/4586/4901 4899/4584/4899 
f 4704/4407/4704 4706/4409/4706 4903/4588/4903 4901/4586/4901 
f 4706/4409/4706 4708/4411/4708 4905/4590/4905 4903/4588/4903 
f 4708/4411/4708 4710/4413/4710 4907/4592/4907 4905/4590/4905 
f 4710/4413/4710 4712/4415/4712 4909/4594/4909 4907/4592/4907 
f 4712/4415/4712 4714/4417/4714 4911/4596/4911 4909/4594/4909 
f 4714/4417/4714 4716/4619/4716 4913/4620/4913 4911/4596/4911 
f 4716/4621/4716 4718/4622/4718 4915/4623/4915 4913/4624/4913 
f 4718/4622/4718 4720/4625/4720 4917/4626/4917 4915/4623/4915 
f 4720/4625/4720 4722/4627/4722 4919/4628/4919 4917/4626/4917 
f 4722/4627/4722 4724/4629/4724 4921/4630/4921 4919/4628/4919 
f 4724/4629/4724 4726/4631/4726 4923/4632/4923 4921/4630/4921 
f 4726/4631/4726 4728/4633/4728 4925/4634/4925 4923/4632/4923 
f 4728/4633/4728 4730/4635/4730 4927/4636/4927 4925/4634/4925 
f 4730/4635/4730 4732/4637/4732 4929/4638/4929 4927/4636/4927 
f 4732/4637/4732 4734/4439/4734 4931/4618/4931 4929/4638/4929 
f 4734/4439/4734 103/63/103 101/61/101 4931/4618/4931 
f 859/761/731 4933/4639/4933 4934/4640/4934 861/763/733 
f 4933/4639/4933 4935/4641/4935 4936/4642/4936 4934/4640/4934 
f 4935/4641/4935 4937/4643/4937 4938/4644/4938 4936/4642/4936 
f 4937/4643/4937 4939/4645/4939 4940/4646/4940 4938/4644/4938 
f 4939/4645/4939 4941/4647/4941 4942/4648/4942 4940/4646/4940 
f 4941/4647/4941 4943/4649/4943 4944/4650/4944 4942/4648/4942 
f 4943/4649/4943 4945/4651/4945 4946/4652/4946 4944/4650/4944 
f 4945/4651/4945 4947/4653/4947 4948/4654/4948 4946/4652/4946 
f 4947/4653/4947 4949/4655/4949 4950/4656/4950 4948/4654/4948 
f 4949/4657/4949 4951/4658/4951 4952/4659/4952 4950/4660/4950 
f 4951/4658/4951 4953/4661/4953 4954/4662/4954 4952/4659/4952 
f 4953/4661/4953 4955/4663/4955 4956/4664/4956 4954/4662/4954 
f 4955/4663/4955 4957/4665/4957 4958/4666/4958 4956/4664/4956 
f 4957/4665/4957 4959/4667/4959 4960/4668/4960 4958/4666/4958 
f 4959/4667/4959 4961/4669/4961 4962/4670/4962 4960/4668/4960 
f 4961/4669/4961 4963/4671/4963 4964/4672/4964 4962/4670/4962 
f 4963/4671/4963 4965/4673/4965 4966/4674/4966 4964/4672/4964 
f 4965/4673/4965 4967/4675/4967 4968/4676/4968 4966/4674/4966 
f 4967/4675/4967 85/49/85 84/48/84 4968/4676/4968 
f 866/768/738 4538/4222/4538 4699/4402/4699 868/770/740 
f 4538/4222/4538 4540/4224/4540 4701/4404/4701 4699/4402/4699 
f 4540/4224/4540 4542/4226/4542 4703/4406/4703 4701/4404/4701 
f 4542/4226/4542 4544/4228/4544 4705/4408/4705 4703/4406/4703 
f 4544/4228/4544 4546/4230/4546 4707/4410/4707 4705/4408/4705 
f 4546/4230/4546 4548/4232/4548 4709/4412/4709 4707/4410/4707 
f 4548/4232/4548 4550/4234/4550 4711/4414/4711 4709/4412/4709 
f 4550/4234/4550 4552/4236/4552 4713/4416/4713 4711/4414/4711 
f 4552/4236/4552 4554/4677/4554 4715/4678/4715 4713/4416/4713 
f 4554/4679/4554 4556/4680/4556 4717/4681/4717 4715/4682/4715 
f 4556/4680/4556 4558/4683/4558 4719/4684/4719 4717/4681/4717 
f 4558/4683/4558 4560/4685/4560 4721/4686/4721 4719/4684/4719 
f 4560/4685/4560 4562/4687/4562 4723/4688/4723 4721/4686/4721 
f 4562/4687/4562 4564/4689/4564 4725/4690/4725 4723/4688/4723 
f 4564/4689/4564 4566/4691/4566 4727/4692/4727 4725/4690/4725 
f 4566/4691/4566 4568/4693/4568 4729/4694/4729 4727/4692/4727 
f 4568/4693/4568 4570/4695/4570 4731/4696/4731 4729/4694/4729 
f 4570/4695/4570 4572/4258/4572 4733/4438/4733 4731/4696/4731 
f 4572/4258/4572 107/67/107 105/65/105 4733/4438/4733 
f 846/748/718 4969/4697/4969 4970/4698/4970 848/750/720 
f 4969/4697/4969 4971/4699/4971 4972/4700/4972 4970/4698/4970 
f 4971/4699/4971 4973/4701/4973 4974/4702/4974 4972/4700/4972 
f 4973/4701/4973 4975/4703/4975 4976/4704/4976 4974/4702/4974 
f 4975/4703/4975 4977/4705/4977 4978/4706/4978 4976/4704/4976 
f 4977/4705/4977 4979/4707/4979 4980/4708/4980 4978/4706/4978 
f 4979/4707/4979 4981/4709/4981 4982/4710/4982 4980/4708/4980 
f 4981/4709/4981 4983/4711/4983 4984/4712/4984 4982/4710/4982 
f 4983/4711/4983 4985/4713/4985 4986/4714/4986 4984/4712/4984 
f 4985/4242/4985 4987/4241/4987 4988/4240/4988 4986/4239/4986 
f 4987/4241/4987 4989/4244/4989 4990/4243/4990 4988/4240/4988 
f 4989/4244/4989 4991/4246/4991 4992/4245/4992 4990/4243/4990 
f 4991/4246/4991 4993/4248/4993 4994/4247/4994 4992/4245/4992 
f 4993/4248/4993 4995/4250/4995 4996/4249/4996 4994/4247/4994 
f 4995/4250/4995 4997/4252/4997 4998/4251/4998 4996/4249/4996 
f 4997/4252/4997 4999/4254/4999 5000/4253/5000 4998/4251/4998 
f 4999/4254/4999 5001/4256/5001 5002/4255/5002 5000/4253/5000 
f 5001/4256/5001 5003/4258/5003 5004/4257/5004 5002/4255/5002 
f 5003/4258/5003 151/67/151 149/94/149 5004/4257/5004 
f 882/784/754 5005/4715/5005 4663/4365/4663 883/785/755 
f 5005/4715/5005 5006/4716/5006 4665/4367/4665 4663/4365/4663 
f 5006/4716/5006 5007/4717/5007 4667/4369/4667 4665/4367/4665 
f 5007/4717/5007 5008/4718/5008 4669/4371/4669 4667/4369/4667 
f 5008/4718/5008 5009/4719/5009 4671/4373/4671 4669/4371/4669 
f 5009/4719/5009 5010/4720/5010 4673/4375/4673 4671/4373/4671 
f 5010/4720/5010 5011/4721/5011 4675/4377/4675 4673/4375/4673 
f 5011/4721/5011 5012/4722/5012 4677/4379/4677 4675/4377/4675 
f 5012/4722/5012 5013/4723/5013 4679/4724/4679 4677/4379/4677 
f 5013/4290/5013 5014/4289/5014 4681/4288/4681 4679/4287/4679 
f 5014/4289/5014 5015/4292/5015 4683/4291/4683 4681/4288/4681 
f 5015/4292/5015 5016/4294/5016 4685/4293/4685 4683/4291/4683 
f 5016/4294/5016 5017/4296/5017 4687/4295/4687 4685/4293/4685 
f 5017/4296/5017 5018/4298/5018 4689/4297/4689 4687/4295/4687 
f 5018/4298/5018 5019/4300/5019 4691/4299/4691 4689/4297/4689 
f 5019/4300/5019 5020/4302/5020 4693/4301/4693 4691/4299/4691 
f 5020/4302/5020 5021/4304/5021 4695/4303/4695 4693/4301/4693 
f 5021/4304/5021 5022/4306/5022 4697/4305/4697 4695/4303/4695 
f 5022/4306/5022 163/77/163 139/78/139 4697/4305/4697 
f 877/779/749 5023/4725/5023 4752/4449/4752 878/780/750 
f 5023/4725/5023 5024/4726/5024 4751/4448/4751 4752/4449/4752 
f 5024/4726/5024 5025/4727/5025 4750/4447/4750 4751/4448/4751 
f 5025/4727/5025 5026/4728/5026 4749/4446/4749 4750/4447/4750 
f 5026/4728/5026 5027/4729/5027 4748/4445/4748 4749/4446/4749 
f 5027/4729/5027 5028/4730/5028 4747/4444/4747 4748/4445/4748 
f 5028/4730/5028 5029/4731/5029 4746/4443/4746 4747/4444/4747 
f 5029/4731/5029 5030/4732/5030 4745/4441/4745 4746/4443/4746 
f 5030/4732/5030 5031/4733/5031 4744/4734/4744 4745/4441/4745 
f 5031/4735/5031 5032/4736/5032 4743/4737/4743 4744/4738/4744 
f 5032/4736/5032 5033/4739/5033 4742/4740/4742 4743/4737/4743 
f 5033/4739/5033 5034/4741/5034 4741/4742/4741 4742/4740/4742 
f 5034/4741/5034 5035/4743/5035 4740/4744/4740 4741/4742/4741 
f 5035/4743/5035 5036/4745/5036 4739/4746/4739 4740/4744/4740 
f 5036/4745/5036 5037/4747/5037 4738/4748/4738 4739/4746/4739 
f 5037/4747/5037 5038/4749/5038 4737/4750/4737 4738/4748/4738 
f 5038/4749/5038 5039/4751/5039 4736/4752/4736 4737/4750/4737 
f 5039/4751/5039 5040/4675/5040 4735/4154/4735 4736/4752/4736 
f 5040/4675/5040 90/49/90 343/74/215 4735/4154/4735 
f 845/747/717 5041/4753/5041 4969/4697/4969 846/748/718 
f 5041/4753/5041 5042/4754/5042 4971/4699/4971 4969/4697/4969 
f 5042/4754/5042 5043/4755/5043 4973/4701/4973 4971/4699/4971 
f 5043/4755/5043 5044/4756/5044 4975/4703/4975 4973/4701/4973 
f 5044/4756/5044 5045/4757/5045 4977/4705/4977 4975/4703/4975 
f 5045/4757/5045 5046/4758/5046 4979/4707/4979 4977/4705/4977 
f 5046/4758/5046 5047/4759/5047 4981/4709/4981 4979/4707/4979 
f 5047/4759/5047 5048/4760/5048 4983/4711/4983 4981/4709/4981 
f 5048/4760/5048 5049/4761/5049 4985/4762/4985 4983/4711/4983 
f 5049/4682/5049 5050/4681/5050 4987/4680/4987 4985/4679/4985 
f 5050/4681/5050 5051/4684/5051 4989/4683/4989 4987/4680/4987 
f 5051/4684/5051 5052/4686/5052 4991/4685/4991 4989/4683/4989 
f 5052/4686/5052 5053/4688/5053 4993/4687/4993 4991/4685/4991 
f 5053/4688/5053 5054/4690/5054 4995/4689/4995 4993/4687/4993 
f 5054/4690/5054 5055/4692/5055 4997/4691/4997 4995/4689/4995 
f 5055/4692/5055 5056/4694/5056 4999/4693/4999 4997/4691/4997 
f 5056/4694/5056 5057/4696/5057 5001/4695/5001 4999/4693/4999 
f 5057/4696/5057 5058/4438/5058 5003/4258/5003 5001/4695/5001 
f 5058/4438/5058 153/65/153 151/67/151 5003/4258/5003 
f 856/758/728 4790/4489/4790 4645/4336/4645 864/766/736 
f 4790/4489/4790 4792/4491/4792 4646/4337/4646 4645/4336/4645 
f 4792/4491/4792 4794/4493/4794 4647/4338/4647 4646/4337/4646 
f 4794/4493/4794 4796/4495/4796 4648/4339/4648 4647/4338/4647 
f 4796/4495/4796 4798/4497/4798 4649/4340/4649 4648/4339/4648 
f 4798/4497/4798 4800/4499/4800 4650/4341/4650 4649/4340/4649 
f 4800/4499/4800 4802/4501/4802 4651/4342/4651 4650/4341/4650 
f 4802/4501/4802 4804/4503/4804 4652/4343/4652 4651/4342/4651 
f 4804/4503/4804 4806/4763/4806 4653/4764/4653 4652/4343/4652 
f 4806/4765/4806 4808/4766/4808 4654/4767/4654 4653/4768/4653 
f 4808/4766/4808 4810/4769/4810 4655/4770/4655 4654/4767/4654 
f 4810/4769/4810 4812/4771/4812 4656/4772/4656 4655/4770/4655 
f 4812/4771/4812 4814/4773/4814 4657/4774/4657 4656/4772/4656 
f 4814/4773/4814 4816/4775/4816 4658/4776/4658 4657/4774/4657 
f 4816/4775/4816 4818/4777/4818 4659/4778/4659 4658/4776/4658 
f 4818/4777/4818 4820/4779/4820 4660/4780/4660 4659/4778/4659 
f 4820/4779/4820 4822/4781/4822 4661/4782/4661 4660/4780/4660 
f 4822/4781/4822 4824/4525/4824 4662/4364/4662 4661/4782/4661 
f 4824/4525/4824 110/70/110 132/89/132 4662/4364/4662 
f 881/783/753 4502/4185/4502 5005/4715/5005 882/784/754 
f 4502/4185/4502 4504/4187/4504 5006/4716/5006 5005/4715/5005 
f 4504/4187/4504 4506/4189/4506 5007/4717/5007 5006/4716/5006 
f 4506/4189/4506 4508/4191/4508 5008/4718/5008 5007/4717/5007 
f 4508/4191/4508 4510/4193/4510 5009/4719/5009 5008/4718/5008 
f 4510/4193/4510 4512/4195/4512 5010/4720/5010 5009/4719/5009 
f 4512/4195/4512 4514/4197/4514 5011/4721/5011 5010/4720/5010 
f 4514/4197/4514 4516/4199/4516 5012/4722/5012 5011/4721/5011 
f 4516/4199/4516 4518/4783/4518 5013/4784/5013 5012/4722/5012 
f 4518/4785/4518 4520/4786/4520 5014/4787/5014 5013/4788/5013 
f 4520/4786/4520 4522/4789/4522 5015/4790/5015 5014/4787/5014 
f 4522/4789/4522 4524/4791/4524 5016/4792/5016 5015/4790/5015 
f 4524/4791/4524 4526/4793/4526 5017/4794/5017 5016/4792/5016 
f 4526/4793/4526 4528/4795/4528 5018/4796/5018 5017/4794/5017 
f 4528/4795/4528 4530/4797/4530 5019/4798/5019 5018/4796/5018 
f 4530/4797/4530 4532/4799/4532 5020/4800/5020 5019/4798/5019 
f 4532/4799/4532 4534/4801/4534 5021/4802/5021 5020/4800/5020 
f 4534/4801/4534 4536/4220/4536 5022/4803/5022 5021/4802/5021 
f 4536/4220/4536 122/81/122 163/77/163 5022/4803/5022 
f 854/756/726 5059/4804/5059 4483/4155/4483 857/759/729 
f 5059/4804/5059 5060/4805/5060 4484/4156/4484 4483/4155/4483 
f 5060/4805/5060 5061/4806/5061 4485/4157/4485 4484/4156/4484 
f 5061/4806/5061 5062/4807/5062 4486/4158/4486 4485/4157/4485 
f 5062/4807/5062 5063/4808/5063 4487/4159/4487 4486/4158/4486 
f 5063/4808/5063 5064/4809/5064 4488/4160/4488 4487/4159/4487 
f 5064/4809/5064 5065/4810/5065 4489/4161/4489 4488/4160/4488 
f 5065/4810/5065 5066/4811/5066 4490/4162/4490 4489/4161/4489 
f 5066/4811/5066 5067/4812/5067 4491/4813/4491 4490/4162/4490 
f 5067/4205/5067 5068/4204/5068 4492/4203/4492 4491/4202/4491 
f 5068/4204/5068 5069/4207/5069 4493/4206/4493 4492/4203/4492 
f 5069/4207/5069 5070/4209/5070 4494/4208/4494 4493/4206/4493 
f 5070/4209/5070 5071/4211/5071 4495/4210/4495 4494/4208/4494 
f 5071/4211/5071 5072/4213/5072 4496/4212/4496 4495/4210/4495 
f 5072/4213/5072 5073/4215/5073 4497/4214/4497 4496/4212/4496 
f 5073/4215/5073 5074/4217/5074 4498/4216/4498 4497/4214/4497 
f 5074/4217/5074 5075/4219/5075 4499/4218/4499 4498/4216/4498 
f 5075/4219/5075 5076/4220/5076 4500/4183/4500 4499/4218/4499 
f 5076/4220/5076 135/81/135 134/82/134 4500/4183/4500 
f 844/746/716 5077/4814/5077 5041/4753/5041 845/747/717 
f 5077/4814/5077 5078/4815/5078 5042/4754/5042 5041/4753/5041 
f 5078/4815/5078 5079/4816/5079 5043/4755/5043 5042/4754/5042 
f 5079/4816/5079 5080/4817/5080 5044/4756/5044 5043/4755/5043 
f 5080/4817/5080 5081/4818/5081 5045/4757/5045 5044/4756/5044 
f 5081/4818/5081 5082/4819/5082 5046/4758/5046 5045/4757/5045 
f 5082/4819/5082 5083/4820/5083 5047/4759/5047 5046/4758/5046 
f 5083/4820/5083 5084/4821/5084 5048/4760/5048 5047/4759/5047 
f 5084/4821/5084 5085/4822/5085 5049/4823/5049 5048/4760/5048 
f 5085/4423/5085 5086/4422/5086 5050/4421/5050 5049/4420/5049 
f 5086/4422/5086 5087/4425/5087 5051/4424/5051 5050/4421/5050 
f 5087/4425/5087 5088/4427/5088 5052/4426/5052 5051/4424/5051 
f 5088/4427/5088 5089/4429/5089 5053/4428/5053 5052/4426/5052 
f 5089/4429/5089 5090/4431/5090 5054/4430/5054 5053/4428/5053 
f 5090/4431/5090 5091/4433/5091 5055/4432/5055 5054/4430/5054 
f 5091/4433/5091 5092/4435/5092 5056/4434/5056 5055/4432/5055 
f 5092/4435/5092 5093/4437/5093 5057/4436/5057 5056/4434/5056 
f 5093/4437/5093 5094/4439/5094 5058/4438/5058 5057/4436/5057 
f 5094/4439/5094 155/63/155 153/65/153 5058/4438/5058 
f 873/775/745 5095/4824/5095 4753/4450/4753 874/776/746 
f 5095/4824/5095 5096/4825/5096 4755/4452/4755 4753/4450/4753 
f 5096/4825/5096 5097/4826/5097 4757/4454/4757 4755/4452/4755 
f 5097/4826/5097 5098/4827/5098 4759/4456/4759 4757/4454/4757 
f 5098/4827/5098 5099/4828/5099 4761/4458/4761 4759/4456/4759 
f 5099/4828/5099 5100/4829/5100 4763/4460/4763 4761/4458/4761 
f 5100/4829/5100 5101/4830/5101 4765/4462/4765 4763/4460/4763 
f 5101/4830/5101 5102/4831/5102 4767/4464/4767 4765/4462/4765 
f 5102/4831/5102 5103/4832/5103 4769/4833/4769 4767/4464/4767 
f 5103/4834/5103 5104/4835/5104 4771/4836/4771 4769/4837/4769 
f 5104/4835/5104 5105/4838/5105 4773/4839/4773 4771/4836/4771 
f 5105/4838/5105 5106/4840/5106 4775/4841/4775 4773/4839/4773 
f 5106/4840/5106 5107/4842/5107 4777/4843/4777 4775/4841/4775 
f 5107/4842/5107 5108/4844/5108 4779/4845/4779 4777/4843/4777 
f 5108/4844/5108 5109/4846/5109 4781/4847/4781 4779/4845/4779 
f 5109/4846/5109 5110/4848/5110 4783/4849/4783 4781/4847/4781 
f 5110/4848/5110 5111/4850/5111 4785/4851/4785 4783/4849/4783 
f 5111/4850/5111 5112/4580/5112 4787/4852/4787 4785/4851/4785 
f 5112/4580/5112 97/57/97 95/56/95 4787/4852/4787 
f 851/753/723 4826/4527/4826 5113/4853/5113 850/752/722 
f 4826/4527/4826 4828/4529/4828 5114/4854/5114 5113/4853/5113 
f 4828/4529/4828 4830/4531/4830 5115/4855/5115 5114/4854/5114 
f 4830/4531/4830 4832/4533/4832 5116/4856/5116 5115/4855/5115 
f 4832/4533/4832 4834/4535/4834 5117/4857/5117 5116/4856/5116 
f 4834/4535/4834 4836/4537/4836 5118/4858/5118 5117/4857/5117 
f 4836/4537/4836 4838/4539/4838 5119/4859/5119 5118/4858/5118 
f 4838/4539/4838 4840/4541/4840 5120/4860/5120 5119/4859/5119 
f 4840/4541/4840 4842/4861/4842 5121/4862/5121 5120/4860/5120 
f 4842/4768/4842 4844/4767/4844 5122/4766/5122 5121/4765/5121 
f 4844/4767/4844 4846/4770/4846 5123/4769/5123 5122/4766/5122 
f 4846/4770/4846 4848/4772/4848 5124/4771/5124 5123/4769/5123 
f 4848/4772/4848 4850/4774/4850 5125/4773/5125 5124/4771/5124 
f 4850/4774/4850 4852/4776/4852 5126/4775/5126 5125/4773/5125 
f 4852/4776/4852 4854/4778/4854 5127/4777/5127 5126/4775/5126 
f 4854/4778/4854 4856/4780/4856 5128/4779/5128 5127/4777/5127 
f 4856/4780/4856 4858/4782/4858 5129/4781/5129 5128/4779/5128 
f 4858/4782/4858 4860/4364/4860 5130/4525/5130 5129/4781/5129 
f 4860/4364/4860 146/89/146 143/70/143 5130/4525/5130 
f 855/757/727 4592/4270/4592 5059/4804/5059 854/756/726 
f 4592/4270/4592 4594/4272/4594 5060/4805/5060 5059/4804/5059 
f 4594/4272/4594 4596/4274/4596 5061/4806/5061 5060/4805/5060 
f 4596/4274/4596 4598/4276/4598 5062/4807/5062 5061/4806/5061 
f 4598/4276/4598 4600/4278/4600 5063/4808/5063 5062/4807/5062 
f 4600/4278/4600 4602/4280/4602 5064/4809/5064 5063/4808/5063 
f 4602/4280/4602 4604/4282/4604 5065/4810/5065 5064/4809/5064 
f 4604/4282/4604 4606/4284/4606 5066/4811/5066 5065/4810/5065 
f 4606/4284/4606 4608/4863/4608 5067/4864/5067 5066/4811/5066 
f 4608/4788/4608 4610/4787/4610 5068/4786/5068 5067/4785/5067 
f 4610/4787/4610 4612/4790/4612 5069/4789/5069 5068/4786/5068 
f 4612/4790/4612 4614/4792/4614 5070/4791/5070 5069/4789/5069 
f 4614/4792/4614 4616/4794/4616 5071/4793/5071 5070/4791/5070 
f 4616/4794/4616 4618/4796/4618 5072/4795/5072 5071/4793/5071 
f 4618/4796/4618 4620/4798/4620 5073/4797/5073 5072/4795/5072 
f 4620/4798/4620 4622/4800/4622 5074/4799/5074 5073/4797/5073 
f 4622/4800/4622 4624/4802/4624 5075/4801/5075 5074/4799/5074 
f 4624/4802/4624 4626/4803/4626 5076/4220/5076 5075/4801/5075 
f 4626/4803/4626 118/77/118 135/81/135 5076/4220/5076 
f 885/787/757 5131/4865/5131 5077/4814/5077 844/746/716 
f 5131/4865/5131 5132/4866/5132 5078/4815/5078 5077/4814/5077 
f 5132/4866/5132 5133/4867/5133 5079/4816/5079 5078/4815/5078 
f 5133/4867/5133 5134/4868/5134 5080/4817/5080 5079/4816/5079 
f 5134/4868/5134 5135/4869/5135 5081/4818/5081 5080/4817/5080 
f 5135/4869/5135 5136/4870/5136 5082/4819/5082 5081/4818/5081 
f 5136/4870/5136 5137/4871/5137 5083/4820/5083 5082/4819/5082 
f 5137/4871/5137 5138/4872/5138 5084/4821/5084 5083/4820/5083 
f 5138/4872/5138 5139/4873/5139 5085/4874/5085 5084/4821/5084 
f 5139/4624/5139 5140/4623/5140 5086/4622/5086 5085/4621/5085 
f 5140/4623/5140 5141/4626/5141 5087/4625/5087 5086/4622/5086 
f 5141/4626/5141 5142/4628/5142 5088/4627/5088 5087/4625/5087 
f 5142/4628/5142 5143/4630/5143 5089/4629/5089 5088/4627/5088 
f 5143/4630/5143 5144/4632/5144 5090/4631/5090 5089/4629/5089 
f 5144/4632/5144 5145/4634/5145 5091/4633/5091 5090/4631/5090 
f 5145/4634/5145 5146/4636/5146 5092/4635/5092 5091/4633/5091 
f 5146/4636/5146 5147/4638/5147 5093/4637/5093 5092/4635/5092 
f 5147/4638/5147 5148/4618/5148 5094/4439/5094 5093/4637/5093 
f 5148/4618/5148 157/61/157 155/63/155 5094/4439/5094 
f 847/749/719 4862/4545/4862 5131/4865/5131 885/787/757 
f 4862/4545/4862 4864/4547/4864 5132/4866/5132 5131/4865/5131 
f 4864/4547/4864 4866/4549/4866 5133/4867/5133 5132/4866/5132 
f 4866/4549/4866 4868/4551/4868 5134/4868/5134 5133/4867/5133 
f 4868/4551/4868 4870/4553/4870 5135/4869/5135 5134/4868/5134 
f 4870/4553/4870 4872/4555/4872 5136/4870/5136 5135/4869/5135 
f 4872/4555/4872 4874/4557/4874 5137/4871/5137 5136/4870/5136 
f 4874/4557/4874 4876/4559/4876 5138/4872/5138 5137/4871/5137 
f 4876/4559/4876 4878/4875/4878 5139/4876/5139 5138/4872/5138 
f 4878/4603/4878 4880/4602/4880 5140/4601/5140 5139/4600/5139 
f 4880/4602/4880 4882/4605/4882 5141/4604/5141 5140/4601/5140 
f 4882/4605/4882 4884/4607/4884 5142/4606/5142 5141/4604/5141 
f 4884/4607/4884 4886/4609/4886 5143/4608/5143 5142/4606/5142 
f 4886/4609/4886 4888/4611/4888 5144/4610/5144 5143/4608/5143 
f 4888/4611/4888 4890/4613/4890 5145/4612/5145 5144/4610/5144 
f 4890/4613/4890 4892/4615/4892 5146/4614/5146 5145/4612/5145 
f 4892/4615/4892 4894/4617/4894 5147/4616/5147 5146/4614/5146 
f 4894/4617/4894 4896/4581/4896 5148/4618/5148 5147/4616/5147 
f 4896/4581/4896 160/60/160 157/61/157 5148/4618/5148 
f 870/772/742 4898/4583/4898 5095/4824/5095 873/775/745 
f 4898/4583/4898 4900/4585/4900 5096/4825/5096 5095/4824/5095 
f 4900/4585/4900 4902/4587/4902 5097/4826/5097 5096/4825/5096 
f 4902/4587/4902 4904/4589/4904 5098/4827/5098 5097/4826/5097 
f 4904/4589/4904 4906/4591/4906 5099/4828/5099 5098/4827/5098 
f 4906/4591/4906 4908/4593/4908 5100/4829/5100 5099/4828/5099 
f 4908/4593/4908 4910/4595/4910 5101/4830/5101 5100/4829/5100 
f 4910/4595/4910 4912/4597/4912 5102/4831/5102 5101/4830/5101 
f 4912/4597/4912 4914/4877/4914 5103/4878/5103 5102/4831/5102 
f 4914/4565/4914 4916/4564/4916 5104/4563/5104 5103/4562/5103 
f 4916/4564/4916 4918/4567/4918 5105/4566/5105 5104/4563/5104 
f 4918/4567/4918 4920/4569/4920 5106/4568/5106 5105/4566/5105 
f 4920/4569/4920 4922/4571/4922 5107/4570/5107 5106/4568/5106 
f 4922/4571/4922 4924/4573/4924 5108/4572/5108 5107/4570/5107 
f 4924/4573/4924 4926/4575/4926 5109/4574/5109 5108/4572/5108 
f 4926/4575/4926 4928/4577/4928 5110/4576/5110 5109/4574/5109 
f 4928/4577/4928 4930/4579/4930 5111/4578/5111 5110/4576/5110 
f 4930/4579/4930 4932/4581/4932 5112/4580/5112 5111/4578/5111 
f 4932/4581/4932 100/60/100 97/57/97 5112/4580/5112 
f 862/764/734 5149/4879/5149 4789/4488/4789 863/765/735 
f 5149/4879/5149 5150/4880/5150 4791/4490/4791 4789/4488/4789 
f 5150/4880/5150 5151/4881/5151 4793/4492/4793 4791/4490/4791 
f 5151/4881/5151 5152/4882/5152 4795/4494/4795 4793/4492/4793 
f 5152/4882/5152 5153/4883/5153 4797/4496/4797 4795/4494/4795 
f 5153/4883/5153 5154/4884/5154 4799/4498/4799 4797/4496/4797 
f 5154/4884/5154 5155/4885/5155 4801/4500/4801 4799/4498/4799 
f 5155/4885/5155 5156/4886/5156 4803/4502/4803 4801/4500/4801 
f 5156/4886/5156 5157/4887/5157 4805/4888/4805 4803/4502/4803 
f 5157/4471/5157 5158/4470/5158 4807/4469/4807 4805/4468/4805 
f 5158/4470/5158 5159/4473/5159 4809/4472/4809 4807/4469/4807 
f 5159/4473/5159 5160/4475/5160 4811/4474/4811 4809/4472/4809 
f 5160/4475/5160 5161/4477/5161 4813/4476/4813 4811/4474/4811 
f 5161/4477/5161 5162/4479/5162 4815/4478/4815 4813/4476/4813 
f 5162/4479/5162 5163/4481/5163 4817/4480/4817 4815/4478/4815 
f 5163/4481/5163 5164/4483/5164 4819/4482/4819 4817/4480/4817 
f 5164/4483/5164 5165/4485/5165 4821/4484/4821 4819/4482/4819 
f 5165/4485/5165 5166/4487/5166 4823/4486/4823 4821/4484/4821 
f 5166/4487/5166 125/52/125 111/53/111 4823/4486/4823 
f 875/777/747 5167/4889/5167 5023/4725/5023 877/779/749 
f 5167/4889/5167 5168/4890/5168 5024/4726/5024 5023/4725/5023 
f 5168/4890/5168 5169/4891/5169 5025/4727/5025 5024/4726/5024 
f 5169/4891/5169 5170/4892/5170 5026/4728/5026 5025/4727/5025 
f 5170/4892/5170 5171/4893/5171 5027/4729/5027 5026/4728/5026 
f 5171/4893/5171 5172/4894/5172 5028/4730/5028 5027/4729/5027 
f 5172/4894/5172 5173/4895/5173 5029/4731/5029 5028/4730/5028 
f 5173/4895/5173 5174/4896/5174 5030/4732/5030 5029/4731/5029 
f 5174/4896/5174 5175/4897/5175 5031/4898/5031 5030/4732/5030 
f 5175/4660/5175 5176/4659/5176 5032/4658/5032 5031/4657/5031 
f 5176/4659/5176 5177/4662/5177 5033/4661/5033 5032/4658/5032 
f 5177/4662/5177 5178/4664/5178 5034/4663/5034 5033/4661/5033 
f 5178/4664/5178 5179/4666/5179 5035/4665/5035 5034/4663/5034 
f 5179/4666/5179 5180/4668/5180 5036/4667/5036 5035/4665/5035 
f 5180/4668/5180 5181/4670/5181 5037/4669/5037 5036/4667/5036 
f 5181/4670/5181 5182/4672/5182 5038/4671/5038 5037/4669/5037 
f 5182/4672/5182 5183/4674/5183 5039/4673/5039 5038/4671/5038 
f 5183/4674/5183 5184/4676/5184 5040/4675/5040 5039/4673/5039 
f 5184/4676/5184 91/48/91 90/49/90 5040/4675/5040 
f 852/754/724 5185/4899/5185 4591/4269/4591 853/755/725 
f 5185/4899/5185 5186/4900/5186 4593/4271/4593 4591/4269/4591 
f 5186/4900/5186 5187/4901/5187 4595/4273/4595 4593/4271/4593 
f 5187/4901/5187 5188/4902/5188 4597/4275/4597 4595/4273/4595 
f 5188/4902/5188 5189/4903/5189 4599/4277/4599 4597/4275/4597 
f 5189/4903/5189 5190/4904/5190 4601/4279/4601 4599/4277/4599 
f 5190/4904/5190 5191/4905/5191 4603/4281/4603 4601/4279/4601 
f 5191/4905/5191 5192/4906/5192 4605/4283/4605 4603/4281/4603 
f 5192/4906/5192 5193/4907/5193 4607/4908/4607 4605/4283/4605 
f 5193/4386/5193 5194/4385/5194 4609/4384/4609 4607/4383/4607 
f 5194/4385/5194 5195/4388/5195 4611/4387/4611 4609/4384/4609 
f 5195/4388/5195 5196/4390/5196 4613/4389/4613 4611/4387/4611 
f 5196/4390/5196 5197/4392/5197 4615/4391/4615 4613/4389/4613 
f 5197/4392/5197 5198/4394/5198 4617/4393/4617 4615/4391/4615 
f 5198/4394/5198 5199/4396/5199 4619/4395/4619 4617/4393/4617 
f 5199/4396/5199 5200/4398/5200 4621/4397/4621 4619/4395/4619 
f 5200/4398/5200 5201/4399/5201 4623/4303/4623 4621/4397/4621 
f 5201/4399/5201 5202/4401/5202 4625/4400/4625 4623/4303/4623 
f 5202/4401/5202 141/91/141 119/78/119 4625/4400/4625 
f 861/763/733 4934/4640/4934 5149/4879/5149 862/764/734 
f 4934/4640/4934 4936/4642/4936 5150/4880/5150 5149/4879/5149 
f 4936/4642/4936 4938/4644/4938 5151/4881/5151 5150/4880/5150 
f 4938/4644/4938 4940/4646/4940 5152/4882/5152 5151/4881/5151 
f 4940/4646/4940 4942/4648/4942 5153/4883/5153 5152/4882/5152 
f 4942/4648/4942 4944/4650/4944 5154/4884/5154 5153/4883/5153 
f 4944/4650/4944 4946/4652/4946 5155/4885/5155 5154/4884/5154 
f 4946/4652/4946 4948/4654/4948 5156/4886/5156 5155/4885/5155 
f 4948/4654/4948 4950/4909/4950 5157/4910/5157 5156/4886/5156 
f 4950/4911/4950 4952/4912/4952 5158/4913/5158 5157/4914/5157 
f 4952/4912/4952 4954/4915/4954 5159/4916/5159 5158/4913/5158 
f 4954/4915/4954 4956/4917/4956 5160/4918/5160 5159/4916/5159 
f 4956/4917/4956 4958/4919/4958 5161/4920/5161 5160/4918/5160 
f 4958/4919/4958 4960/4921/4960 5162/4922/5162 5161/4920/5161 
f 4960/4921/4960 4962/4923/4962 5163/4924/5163 5162/4922/5162 
f 4962/4923/4962 4964/4925/4964 5164/4926/5164 5163/4924/5163 
f 4964/4925/4964 4966/4927/4966 5165/4928/5165 5164/4926/5164 
f 4966/4927/4966 4968/4929/4968 5166/4930/5166 5165/4928/5165 
f 4968/4929/4968 84/48/84 125/52/125 5166/4930/5166 
f 876/778/748 4754/4451/4754 5167/4889/5167 875/777/747 
f 4754/4451/4754 4756/4453/4756 5168/4890/5168 5167/4889/5167 
f 4756/4453/4756 4758/4455/4758 5169/4891/5169 5168/4890/5168 
f 4758/4455/4758 4760/4457/4760 5170/4892/5170 5169/4891/5169 
f 4760/4457/4760 4762/4459/4762 5171/4893/5171 5170/4892/5170 
f 4762/4459/4762 4764/4461/4764 5172/4894/5172 5171/4893/5171 
f 4764/4461/4764 4766/4463/4766 5173/4895/5173 5172/4894/5172 
f 4766/4463/4766 4768/4465/4768 5174/4896/5174 5173/4895/5173 
f 4768/4465/4768 4770/4931/4770 5175/4932/5175 5174/4896/5174 
f 4770/4914/4770 4772/4913/4772 5176/4912/5176 5175/4911/5175 
f 4772/4913/4772 4774/4916/4774 5177/4915/5177 5176/4912/5176 
f 4774/4916/4774 4776/4918/4776 5178/4917/5178 5177/4915/5177 
f 4776/4918/4776 4778/4920/4778 5179/4919/5179 5178/4917/5178 
f 4778/4920/4778 4780/4922/4780 5180/4921/5180 5179/4919/5179 
f 4780/4922/4780 4782/4924/4782 5181/4923/5181 5180/4921/5180 
f 4782/4924/4782 4784/4926/4784 5182/4925/5182 5181/4923/5181 
f 4784/4926/4784 4786/4928/4786 5183/4927/5183 5182/4925/5182 
f 4786/4928/4786 4788/4930/4788 5184/4929/5184 5183/4927/5183 
f 4788/4930/4788 94/52/94 91/48/91 5184/4929/5184 
f 880/782/752 4664/4366/4664 4861/4544/4861 884/786/756 
f 4664/4366/4664 4666/4368/4666 4863/4546/4863 4861/4544/4861 
f 4666/4368/4666 4668/4370/4668 4865/4548/4865 4863/4546/4863 
f 4668/4370/4668 4670/4372/4670 4867/4550/4867 4865/4548/4865 
f 4670/4372/4670 4672/4374/4672 4869/4552/4869 4867/4550/4867 
f 4672/4374/4672 4674/4376/4674 4871/4554/4871 4869/4552/4869 
f 4674/4376/4674 4676/4378/4676 4873/4556/4873 4871/4554/4871 
f 4676/4378/4676 4678/4380/4678 4875/4558/4875 4873/4556/4873 
f 4678/4380/4678 4680/4933/4680 4877/4934/4877 4875/4558/4875 
f 4680/4837/4680 4682/4836/4682 4879/4835/4879 4877/4834/4877 
f 4682/4836/4682 4684/4839/4684 4881/4838/4881 4879/4835/4879 
f 4684/4839/4684 4686/4841/4686 4883/4840/4883 4881/4838/4881 
f 4686/4841/4686 4688/4843/4688 4885/4842/4885 4883/4840/4883 
f 4688/4843/4688 4690/4845/4690 4887/4844/4887 4885/4842/4885 
f 4690/4845/4690 4692/4847/4692 4889/4846/4889 4887/4844/4887 
f 4692/4847/4692 4694/4849/4694 4891/4848/4891 4889/4846/4889 
f 4694/4849/4694 4696/4851/4696 4893/4850/4893 4891/4848/4891 
f 4696/4851/4696 4698/4852/4698 4895/4580/4895 4893/4850/4893 
f 4698/4852/4698 138/56/138 161/57/161 4895/4580/4895 
f 848/750/720 4970/4698/4970 4825/4526/4825 849/751/721 
f 4970/4698/4970 4972/4700/4972 4827/4528/4827 4825/4526/4825 
f 4972/4700/4972 4974/4702/4974 4829/4530/4829 4827/4528/4827 
f 4974/4702/4974 4976/4704/4976 4831/4532/4831 4829/4530/4829 
f 4976/4704/4976 4978/4706/4978 4833/4534/4833 4831/4532/4831 
f 4978/4706/4978 4980/4708/4980 4835/4536/4835 4833/4534/4833 
f 4980/4708/4980 4982/4710/4982 4837/4538/4837 4835/4536/4835 
f 4982/4710/4982 4984/4712/4984 4839/4540/4839 4837/4538/4837 
f 4984/4712/4984 4986/4935/4986 4841/4936/4841 4839/4540/4839 
f 4986/4320/4986 4988/4319/4988 4843/4318/4843 4841/4317/4841 
f 4988/4319/4988 4990/4322/4990 4845/4321/4845 4843/4318/4843 
f 4990/4322/4990 4992/4324/4992 4847/4323/4847 4845/4321/4845 
f 4992/4324/4992 4994/4326/4994 4849/4325/4849 4847/4323/4847 
f 4994/4326/4994 4996/4328/4996 4851/4327/4851 4849/4325/4849 
f 4996/4328/4996 4998/4330/4998 4853/4329/4853 4851/4327/4851 
f 4998/4330/4998 5000/4332/5000 4855/4331/4855 4853/4329/4853 
f 5000/4332/5000 5002/4334/5002 4857/4333/4857 4855/4331/4855 
f 5002/4334/5002 5004/4257/5004 4859/4335/4859 4857/4333/4857 
f 5004/4257/5004 149/94/149 147/92/147 4859/4335/4859 
f 850/752/722 5113/4853/5113 5185/4899/5185 852/754/724 
f 5113/4853/5113 5114/4854/5114 5186/4900/5186 5185/4899/5185 
f 5114/4854/5114 5115/4855/5115 5187/4901/5187 5186/4900/5186 
f 5115/4855/5115 5116/4856/5116 5188/4902/5188 5187/4901/5187 
f 5116/4856/5116 5117/4857/5117 5189/4903/5189 5188/4902/5188 
f 5117/4857/5117 5118/4858/5118 5190/4904/5190 5189/4903/5189 
f 5118/4858/5118 5119/4859/5119 5191/4905/5191 5190/4904/5190 
f 5119/4859/5119 5120/4860/5120 5192/4906/5192 5191/4905/5191 
f 5120/4860/5120 5121/4937/5121 5193/4938/5193 5192/4906/5192 
f 5121/4509/5121 5122/4508/5122 5194/4507/5194 5193/4506/5193 
f 5122/4508/5122 5123/4511/5123 5195/4510/5195 5194/4507/5194 
f 5123/4511/5123 5124/4513/5124 5196/4512/5196 5195/4510/5195 
f 5124/4513/5124 5125/4515/5125 5197/4514/5197 5196/4512/5196 
f 5125/4515/5125 5126/4517/5126 5198/4516/5198 5197/4514/5197 
f 5126/4517/5126 5127/4519/5127 5199/4518/5199 5198/4516/5198 
f 5127/4519/5127 5128/4521/5128 5200/4520/5200 5199/4518/5199 
f 5128/4521/5128 5129/4523/5129 5201/4522/5201 5200/4520/5200 
f 5129/4523/5129 5130/4525/5130 5202/4524/5202 5201/4522/5201 
f 5130/4525/5130 143/70/143 141/71/141 5202/4524/5202 
f 860/762/732 4448/4118/4448 4933/4639/4933 859/761/731 
f 4448/4118/4448 4450/4120/4450 4935/4641/4935 4933/4639/4933 
f 4450/4120/4450 4452/4122/4452 4937/4643/4937 4935/4641/4935 
f 4452/4122/4452 4454/4124/4454 4939/4645/4939 4937/4643/4937 
f 4454/4124/4454 4456/4126/4456 4941/4647/4941 4939/4645/4939 
f 4456/4126/4456 4458/4128/4458 4943/4649/4943 4941/4647/4941 
f 4458/4128/4458 4460/4130/4460 4945/4651/4945 4943/4649/4943 
f 4460/4130/4460 4462/4132/4462 4947/4653/4947 4945/4651/4945 
f 4462/4132/4462 4464/4939/4464 4949/4940/4949 4947/4653/4947 
f 4464/4738/4464 4466/4737/4466 4951/4736/4951 4949/4735/4949 
f 4466/4737/4466 4468/4740/4468 4953/4739/4953 4951/4736/4951 
f 4468/4740/4468 4470/4742/4470 4955/4741/4955 4953/4739/4953 
f 4470/4742/4470 4472/4744/4472 4957/4743/4957 4955/4741/4955 
f 4472/4744/4472 4474/4746/4474 4959/4745/4959 4957/4743/4957 
f 4474/4746/4474 4476/4748/4476 4961/4747/4961 4959/4745/4959 
f 4476/4748/4476 4478/4750/4478 4963/4749/4963 4961/4747/4961 
f 4478/4750/4478 4480/4752/4480 4965/4751/4965 4963/4749/4963 
f 4480/4752/4480 4482/4154/4482 4967/4675/4967 4965/4751/4965 
f 4482/4154/4482 114/74/114 85/49/85 4967/4675/4967 
f 341/35/213 340/75/212 343/74/215 342/73/214 
# 5186 polygons - 28 triangles

